ISO-10303-21;
HEADER;
FILE_DESCRIPTION(('CAD model exported by cadmpeg'),'2;1');
FILE_NAME('cadmpeg_model','1970-01-01T00:00:00',(''),(''),'cadmpeg-step','cadmpeg','');
FILE_SCHEMA(('AUTOMOTIVE_DESIGN { 1 0 10303 214 1 1 1 1 }'));
ENDSEC;
DATA;
#1 = ( LENGTH_UNIT() NAMED_UNIT(*) SI_UNIT(.MILLI.,.METRE.) );
#2 = ( NAMED_UNIT(*) PLANE_ANGLE_UNIT() SI_UNIT($,.RADIAN.) );
#3 = ( NAMED_UNIT(*) SI_UNIT($,.STERADIAN.) SOLID_ANGLE_UNIT() );
#4 = UNCERTAINTY_MEASURE_WITH_UNIT(LENGTH_MEASURE(0.000001),#1,'distance_accuracy_value','maximum model space distance');
#5 = ( GEOMETRIC_REPRESENTATION_CONTEXT(3) GLOBAL_UNCERTAINTY_ASSIGNED_CONTEXT((#4)) GLOBAL_UNIT_ASSIGNED_CONTEXT((#1,#2,#3)) REPRESENTATION_CONTEXT('Context','3D') );
#6 = CARTESIAN_POINT('',(0.,0.,40.));
#7 = DIRECTION('',(0.,0.,1.));
#8 = DIRECTION('',(1.,0.,-0.));
#9 = AXIS2_PLACEMENT_3D('',#6,#7,#8);
#10 = PLANE('',#9);
#11 = CARTESIAN_POINT('',(9.999999999999998,0.,40.));
#12 = VERTEX_POINT('',#11);
#13 = AXIS2_PLACEMENT_3D('',#6,#7,#8);
#14 = CIRCLE('',#13,9.999999999999998);
#15 = CARTESIAN_POINT('',(0.,0.));
#16 = DIRECTION('',(1.,0.));
#17 = AXIS2_PLACEMENT_2D('',#15,#16);
#18 = CIRCLE('',#17,9.999999999999998);
#19 = ( GEOMETRIC_REPRESENTATION_CONTEXT(2) PARAMETRIC_REPRESENTATION_CONTEXT() REPRESENTATION_CONTEXT('uv','2D') );
#20 = DEFINITIONAL_REPRESENTATION('',(#18),#19);
#21 = PCURVE('',#10,#20);
#22 = DIRECTION('',(-0.,-0.,-1.));
#23 = DIRECTION('',(-1.,0.,0.));
#24 = AXIS2_PLACEMENT_3D('',#6,#22,#23);
#25 = CYLINDRICAL_SURFACE('',#24,9.999999999999998);
#26 = CARTESIAN_POINT('',(3.141592653589793,-0.));
#27 = DIRECTION('',(-1.,0.));
#28 = VECTOR('',#27,1.);
#29 = LINE('',#26,#28);
#30 = DEFINITIONAL_REPRESENTATION('',(#29),#19);
#31 = PCURVE('',#25,#30);
#32 = SURFACE_CURVE('',#14,(#21,#31),.CURVE_3D.);
#33 = EDGE_CURVE('',#12,#12,#32,.T.);
#34 = ORIENTED_EDGE('',*,*,#33,.T.);
#35 = EDGE_LOOP('',(#34));
#36 = FACE_OUTER_BOUND('',#35,.T.);
#37 = ADVANCED_FACE('',(#36),#10,.F.);
#38 = CARTESIAN_POINT('',(0.,0.,0.));
#39 = AXIS2_PLACEMENT_3D('',#38,#7,#8);
#40 = PLANE('',#39);
#41 = CARTESIAN_POINT('',(9.999999999999998,0.,0.));
#42 = VERTEX_POINT('',#41);
#43 = AXIS2_PLACEMENT_3D('',#38,#7,#8);
#44 = CIRCLE('',#43,9.999999999999998);
#45 = CARTESIAN_POINT('',(3.141592653589793,40.));
#46 = VECTOR('',#27,1.);
#47 = LINE('',#45,#46);
#48 = DEFINITIONAL_REPRESENTATION('',(#47),#19);
#49 = PCURVE('',#25,#48);
#50 = AXIS2_PLACEMENT_2D('',#15,#16);
#51 = CIRCLE('',#50,9.999999999999998);
#52 = DEFINITIONAL_REPRESENTATION('',(#51),#19);
#53 = PCURVE('',#40,#52);
#54 = SURFACE_CURVE('',#44,(#49,#53),.CURVE_3D.);
#55 = EDGE_CURVE('',#42,#42,#54,.T.);
#56 = ORIENTED_EDGE('',*,*,#55,.F.);
#57 = EDGE_LOOP('',(#56));
#58 = FACE_OUTER_BOUND('',#57,.T.);
#59 = ADVANCED_FACE('',(#58),#40,.F.);
#60 = ORIENTED_EDGE('',*,*,#33,.F.);
#61 = DIRECTION('',(0.,0.,-1.));
#62 = VECTOR('',#61,1.);
#63 = LINE('',#11,#62);
#64 = DIRECTION('',(0.,1.));
#65 = VECTOR('',#64,1.);
#66 = LINE('',#26,#65);
#67 = DEFINITIONAL_REPRESENTATION('',(#66),#19);
#68 = PCURVE('',#25,#67);
#69 = VECTOR('',#64,1.);
#70 = LINE('',#26,#69);
#71 = DEFINITIONAL_REPRESENTATION('',(#70),#19);
#72 = PCURVE('',#25,#71);
#73 = SURFACE_CURVE('',#63,(#68,#72),.CURVE_3D.);
#74 = EDGE_CURVE('',#12,#42,#73,.T.);
#75 = ORIENTED_EDGE('',*,*,#74,.T.);
#76 = ORIENTED_EDGE('',*,*,#55,.T.);
#77 = ORIENTED_EDGE('',*,*,#74,.F.);
#78 = EDGE_LOOP('',(#60,#75,#76,#77));
#79 = FACE_OUTER_BOUND('',#78,.T.);
#80 = ADVANCED_FACE('',(#79),#25,.F.);
#81 = CLOSED_SHELL('',(#37,#59,#80));
#82 = CARTESIAN_POINT('',(0.,0.,20.));
#83 = AXIS2_PLACEMENT_3D('',#82,#22,#23);
#84 = CYLINDRICAL_SURFACE('',#83,5.5);
#85 = CARTESIAN_POINT('',(3.7126232770961876,-4.057884720191488,20.));
#86 = VERTEX_POINT('',#85);
#87 = CARTESIAN_POINT('',(2.4259354705262473,-4.936075069611745,19.919833936284867));
#88 = VERTEX_POINT('',#87);
#89 = CARTESIAN_POINT('',(-5.5,0.,50.8556624327026));
#90 = CARTESIAN_POINT('',(-5.499999999999999,1.7870583292809845,50.7681624327026));
#91 = CARTESIAN_POINT('',(-4.4495934690622105,3.232818887608602,50.6806624327026));
#92 = CARTESIAN_POINT('',(-3.399186938124421,4.678579445936219,50.5931624327026));
#93 = CARTESIAN_POINT('',(-1.699593469062211,5.230810839623344,50.50566243270259));
#94 = CARTESIAN_POINT('',(-0.00000000000000035410920801788126,5.783042233310469,50.4181624327026));
#95 = CARTESIAN_POINT('',(1.69959346906221,5.230810839623345,50.33066243270261));
#96 = CARTESIAN_POINT('',(3.3991869381244206,4.678579445936219,50.24316243270259));
#97 = CARTESIAN_POINT('',(4.44959346906221,3.2328188876086026,50.1556624327026));
#98 = CARTESIAN_POINT('',(5.499999999999999,1.7870583292809854,50.06816243270259));
#99 = CARTESIAN_POINT('',(5.5,0.0000000000000006735557395310442,49.9806624327026));
#100 = CARTESIAN_POINT('',(5.500000000000001,-1.7870583292809836,49.8931624327026));
#101 = CARTESIAN_POINT('',(4.4495934690622105,-3.2328188876086017,49.8056624327026));
#102 = CARTESIAN_POINT('',(3.3991869381244215,-4.678579445936219,49.7181624327026));
#103 = CARTESIAN_POINT('',(1.6995934690622114,-5.230810839623344,49.6306624327026));
#104 = CARTESIAN_POINT('',(0.0000000000000010623276240536439,-5.783042233310469,49.543162432702594));
#105 = CARTESIAN_POINT('',(-1.6995934690622096,-5.230810839623345,49.45566243270261));
#106 = CARTESIAN_POINT('',(-3.3991869381244197,-4.67857944593622,49.36816243270259));
#107 = CARTESIAN_POINT('',(-4.44959346906221,-3.232818887608604,49.2806624327026));
#108 = CARTESIAN_POINT('',(-5.499999999999999,-1.787058329280986,49.19316243270259));
#109 = CARTESIAN_POINT('',(-5.5,0.,49.1056624327026));
#110 = CARTESIAN_POINT('',(-5.499999999999999,1.7870583292809845,49.0181624327026));
#111 = CARTESIAN_POINT('',(-4.4495934690622105,3.232818887608602,48.9306624327026));
#112 = CARTESIAN_POINT('',(-3.399186938124421,4.678579445936219,48.84316243270259));
#113 = CARTESIAN_POINT('',(-1.699593469062211,5.230810839623344,48.75566243270261));
#114 = CARTESIAN_POINT('',(-0.00000000000000035410920801788126,5.783042233310469,48.66816243270259));
#115 = CARTESIAN_POINT('',(1.69959346906221,5.230810839623345,48.5806624327026));
#116 = CARTESIAN_POINT('',(3.3991869381244206,4.678579445936219,48.4931624327026));
#117 = CARTESIAN_POINT('',(4.44959346906221,3.2328188876086026,48.405662432702606));
#118 = CARTESIAN_POINT('',(5.499999999999999,1.7870583292809854,48.3181624327026));
#119 = CARTESIAN_POINT('',(5.5,0.0000000000000006735557395310442,48.230662432702594));
#120 = CARTESIAN_POINT('',(5.500000000000001,-1.7870583292809836,48.143162432702596));
#121 = CARTESIAN_POINT('',(4.4495934690622105,-3.2328188876086017,48.055662432702604));
#122 = CARTESIAN_POINT('',(3.3991869381244215,-4.678579445936219,47.96816243270259));
#123 = CARTESIAN_POINT('',(1.6995934690622114,-5.230810839623344,47.8806624327026));
#124 = CARTESIAN_POINT('',(0.0000000000000010623276240536439,-5.783042233310469,47.79316243270259));
#125 = CARTESIAN_POINT('',(-1.6995934690622096,-5.230810839623345,47.705662432702596));
#126 = CARTESIAN_POINT('',(-3.3991869381244197,-4.67857944593622,47.6181624327026));
#127 = CARTESIAN_POINT('',(-4.44959346906221,-3.232818887608604,47.5306624327026));
#128 = CARTESIAN_POINT('',(-5.499999999999999,-1.787058329280986,47.4431624327026));
#129 = CARTESIAN_POINT('',(-5.5,0.,47.355662432702594));
#130 = CARTESIAN_POINT('',(-5.499999999999999,1.7870583292809845,47.268162432702596));
#131 = CARTESIAN_POINT('',(-4.4495934690622105,3.232818887608602,47.180662432702604));
#132 = CARTESIAN_POINT('',(-3.399186938124421,4.678579445936219,47.09316243270259));
#133 = CARTESIAN_POINT('',(-1.699593469062211,5.230810839623344,47.0056624327026));
#134 = CARTESIAN_POINT('',(-0.00000000000000035410920801788126,5.783042233310469,46.918162432702594));
#135 = CARTESIAN_POINT('',(1.69959346906221,5.230810839623345,46.830662432702596));
#136 = CARTESIAN_POINT('',(3.3991869381244206,4.678579445936219,46.7431624327026));
#137 = CARTESIAN_POINT('',(4.44959346906221,3.2328188876086026,46.6556624327026));
#138 = CARTESIAN_POINT('',(5.499999999999999,1.7870583292809854,46.5681624327026));
#139 = CARTESIAN_POINT('',(5.5,0.0000000000000006735557395310442,46.4806624327026));
#140 = CARTESIAN_POINT('',(5.500000000000001,-1.7870583292809836,46.393162432702596));
#141 = CARTESIAN_POINT('',(4.4495934690622105,-3.2328188876086017,46.305662432702604));
#142 = CARTESIAN_POINT('',(3.3991869381244215,-4.678579445936219,46.21816243270259));
#143 = CARTESIAN_POINT('',(1.6995934690622114,-5.230810839623344,46.1306624327026));
#144 = CARTESIAN_POINT('',(0.0000000000000010623276240536439,-5.783042233310469,46.043162432702594));
#145 = CARTESIAN_POINT('',(-1.6995934690622096,-5.230810839623345,45.9556624327026));
#146 = CARTESIAN_POINT('',(-3.3991869381244197,-4.67857944593622,45.8681624327026));
#147 = CARTESIAN_POINT('',(-4.44959346906221,-3.232818887608604,45.780662432702606));
#148 = CARTESIAN_POINT('',(-5.499999999999999,-1.787058329280986,45.6931624327026));
#149 = CARTESIAN_POINT('',(-5.5,0.,45.6056624327026));
#150 = CARTESIAN_POINT('',(-5.499999999999999,1.7870583292809845,45.518162432702596));
#151 = CARTESIAN_POINT('',(-4.4495934690622105,3.232818887608602,45.430662432702604));
#152 = CARTESIAN_POINT('',(-3.399186938124421,4.678579445936219,45.3431624327026));
#153 = CARTESIAN_POINT('',(-1.699593469062211,5.230810839623344,45.2556624327026));
#154 = CARTESIAN_POINT('',(-0.00000000000000035410920801788126,5.783042233310469,45.168162432702594));
#155 = CARTESIAN_POINT('',(1.69959346906221,5.230810839623345,45.0806624327026));
#156 = CARTESIAN_POINT('',(3.3991869381244206,4.678579445936219,44.9931624327026));
#157 = CARTESIAN_POINT('',(4.44959346906221,3.2328188876086026,44.9056624327026));
#158 = CARTESIAN_POINT('',(5.499999999999999,1.7870583292809854,44.8181624327026));
#159 = CARTESIAN_POINT('',(5.5,0.0000000000000006735557395310442,44.73066243270261));
#160 = CARTESIAN_POINT('',(5.500000000000001,-1.7870583292809836,44.643162432702596));
#161 = CARTESIAN_POINT('',(4.4495934690622105,-3.2328188876086017,44.5556624327026));
#162 = CARTESIAN_POINT('',(3.3991869381244215,-4.678579445936219,44.4681624327026));
#163 = CARTESIAN_POINT('',(1.6995934690622114,-5.230810839623344,44.38066243270261));
#164 = CARTESIAN_POINT('',(0.0000000000000010623276240536439,-5.783042233310469,44.2931624327026));
#165 = CARTESIAN_POINT('',(-1.6995934690622096,-5.230810839623345,44.2056624327026));
#166 = CARTESIAN_POINT('',(-3.3991869381244197,-4.67857944593622,44.1181624327026));
#167 = CARTESIAN_POINT('',(-4.44959346906221,-3.232818887608604,44.0306624327026));
#168 = CARTESIAN_POINT('',(-5.499999999999999,-1.787058329280986,43.94316243270259));
#169 = CARTESIAN_POINT('',(-5.5,0.,43.8556624327026));
#170 = CARTESIAN_POINT('',(-5.499999999999999,1.7870583292809845,43.76816243270259));
#171 = CARTESIAN_POINT('',(-4.4495934690622105,3.232818887608602,43.6806624327026));
#172 = CARTESIAN_POINT('',(-3.399186938124421,4.678579445936219,43.59316243270259));
#173 = CARTESIAN_POINT('',(-1.699593469062211,5.230810839623344,43.50566243270259));
#174 = CARTESIAN_POINT('',(-0.00000000000000035410920801788126,5.783042233310469,43.418162432702594));
#175 = CARTESIAN_POINT('',(1.69959346906221,5.230810839623345,43.3306624327026));
#176 = CARTESIAN_POINT('',(3.3991869381244206,4.678579445936219,43.24316243270259));
#177 = CARTESIAN_POINT('',(4.44959346906221,3.2328188876086026,43.1556624327026));
#178 = CARTESIAN_POINT('',(5.499999999999999,1.7870583292809854,43.068162432702586));
#179 = CARTESIAN_POINT('',(5.5,0.0000000000000006735557395310442,42.9806624327026));
#180 = CARTESIAN_POINT('',(5.500000000000001,-1.7870583292809836,42.893162432702596));
#181 = CARTESIAN_POINT('',(4.4495934690622105,-3.2328188876086017,42.8056624327026));
#182 = CARTESIAN_POINT('',(3.3991869381244215,-4.678579445936219,42.71816243270259));
#183 = CARTESIAN_POINT('',(1.6995934690622114,-5.230810839623344,42.6306624327026));
#184 = CARTESIAN_POINT('',(0.0000000000000010623276240536439,-5.783042233310469,42.5431624327026));
#185 = CARTESIAN_POINT('',(-1.6995934690622096,-5.230810839623345,42.4556624327026));
#186 = CARTESIAN_POINT('',(-3.3991869381244197,-4.67857944593622,42.36816243270259));
#187 = CARTESIAN_POINT('',(-4.44959346906221,-3.232818887608604,42.2806624327026));
#188 = CARTESIAN_POINT('',(-5.499999999999999,-1.787058329280986,42.19316243270259));
#189 = CARTESIAN_POINT('',(-5.5,0.,42.1056624327026));
#190 = CARTESIAN_POINT('',(-5.499999999999999,1.7870583292809845,42.0181624327026));
#191 = CARTESIAN_POINT('',(-4.4495934690622105,3.232818887608602,41.9306624327026));
#192 = CARTESIAN_POINT('',(-3.399186938124421,4.678579445936219,41.84316243270259));
#193 = CARTESIAN_POINT('',(-1.699593469062211,5.230810839623344,41.7556624327026));
#194 = CARTESIAN_POINT('',(-0.00000000000000035410920801788126,5.783042233310469,41.668162432702594));
#195 = CARTESIAN_POINT('',(1.69959346906221,5.230810839623345,41.5806624327026));
#196 = CARTESIAN_POINT('',(3.3991869381244206,4.678579445936219,41.4931624327026));
#197 = CARTESIAN_POINT('',(4.44959346906221,3.2328188876086026,41.405662432702606));
#198 = CARTESIAN_POINT('',(5.499999999999999,1.7870583292809854,41.3181624327026));
#199 = CARTESIAN_POINT('',(5.5,0.0000000000000006735557395310442,41.230662432702594));
#200 = CARTESIAN_POINT('',(5.500000000000001,-1.7870583292809836,41.1431624327026));
#201 = CARTESIAN_POINT('',(4.4495934690622105,-3.2328188876086017,41.055662432702604));
#202 = CARTESIAN_POINT('',(3.3991869381244215,-4.678579445936219,40.9681624327026));
#203 = CARTESIAN_POINT('',(1.6995934690622114,-5.230810839623344,40.8806624327026));
#204 = CARTESIAN_POINT('',(0.0000000000000010623276240536439,-5.783042233310469,40.793162432702594));
#205 = CARTESIAN_POINT('',(-1.6995934690622096,-5.230810839623345,40.7056624327026));
#206 = CARTESIAN_POINT('',(-3.3991869381244197,-4.67857944593622,40.6181624327026));
#207 = CARTESIAN_POINT('',(-4.44959346906221,-3.232818887608604,40.5306624327026));
#208 = CARTESIAN_POINT('',(-5.499999999999999,-1.787058329280986,40.44316243270259));
#209 = CARTESIAN_POINT('',(-5.5,0.,40.355662432702594));
#210 = CARTESIAN_POINT('',(-5.499999999999999,1.7870583292809845,40.268162432702596));
#211 = CARTESIAN_POINT('',(-4.4495934690622105,3.232818887608602,40.180662432702604));
#212 = CARTESIAN_POINT('',(-3.399186938124421,4.678579445936219,40.09316243270259));
#213 = CARTESIAN_POINT('',(-1.699593469062211,5.230810839623344,40.0056624327026));
#214 = CARTESIAN_POINT('',(-0.00000000000000035410920801788126,5.783042233310469,39.918162432702594));
#215 = CARTESIAN_POINT('',(1.69959346906221,5.230810839623345,39.830662432702596));
#216 = CARTESIAN_POINT('',(3.3991869381244206,4.678579445936219,39.7431624327026));
#217 = CARTESIAN_POINT('',(4.44959346906221,3.2328188876086026,39.6556624327026));
#218 = CARTESIAN_POINT('',(5.499999999999999,1.7870583292809854,39.56816243270259));
#219 = CARTESIAN_POINT('',(5.5,0.0000000000000006735557395310442,39.4806624327026));
#220 = CARTESIAN_POINT('',(5.500000000000001,-1.7870583292809836,39.39316243270259));
#221 = CARTESIAN_POINT('',(4.4495934690622105,-3.2328188876086017,39.305662432702604));
#222 = CARTESIAN_POINT('',(3.3991869381244215,-4.678579445936219,39.21816243270259));
#223 = CARTESIAN_POINT('',(1.6995934690622114,-5.230810839623344,39.1306624327026));
#224 = CARTESIAN_POINT('',(0.0000000000000010623276240536439,-5.783042233310469,39.043162432702594));
#225 = CARTESIAN_POINT('',(-1.6995934690622096,-5.230810839623345,38.955662432702596));
#226 = CARTESIAN_POINT('',(-3.3991869381244197,-4.67857944593622,38.8681624327026));
#227 = CARTESIAN_POINT('',(-4.44959346906221,-3.232818887608604,38.7806624327026));
#228 = CARTESIAN_POINT('',(-5.499999999999999,-1.787058329280986,38.69316243270259));
#229 = CARTESIAN_POINT('',(-5.5,0.,38.6056624327026));
#230 = CARTESIAN_POINT('',(-5.499999999999999,1.7870583292809845,38.518162432702596));
#231 = CARTESIAN_POINT('',(-4.4495934690622105,3.232818887608602,38.4306624327026));
#232 = CARTESIAN_POINT('',(-3.399186938124421,4.678579445936219,38.343162432702606));
#233 = CARTESIAN_POINT('',(-1.699593469062211,5.230810839623344,38.2556624327026));
#234 = CARTESIAN_POINT('',(-0.00000000000000035410920801788126,5.783042233310469,38.168162432702594));
#235 = CARTESIAN_POINT('',(1.69959346906221,5.230810839623345,38.080662432702596));
#236 = CARTESIAN_POINT('',(3.3991869381244206,4.678579445936219,37.9931624327026));
#237 = CARTESIAN_POINT('',(4.44959346906221,3.2328188876086026,37.905662432702606));
#238 = CARTESIAN_POINT('',(5.499999999999999,1.7870583292809854,37.81816243270259));
#239 = CARTESIAN_POINT('',(5.5,0.0000000000000006735557395310442,37.73066243270261));
#240 = CARTESIAN_POINT('',(5.500000000000001,-1.7870583292809836,37.643162432702596));
#241 = CARTESIAN_POINT('',(4.4495934690622105,-3.2328188876086017,37.5556624327026));
#242 = CARTESIAN_POINT('',(3.3991869381244215,-4.678579445936219,37.468162432702606));
#243 = CARTESIAN_POINT('',(1.6995934690622114,-5.230810839623344,37.38066243270261));
#244 = CARTESIAN_POINT('',(0.0000000000000010623276240536439,-5.783042233310469,37.293162432702594));
#245 = CARTESIAN_POINT('',(-1.6995934690622096,-5.230810839623345,37.205662432702596));
#246 = CARTESIAN_POINT('',(-3.3991869381244197,-4.67857944593622,37.1181624327026));
#247 = CARTESIAN_POINT('',(-4.44959346906221,-3.232818887608604,37.0306624327026));
#248 = CARTESIAN_POINT('',(-5.499999999999999,-1.787058329280986,36.94316243270259));
#249 = CARTESIAN_POINT('',(-5.5,0.,36.8556624327026));
#250 = CARTESIAN_POINT('',(-5.499999999999999,1.7870583292809845,36.768162432702596));
#251 = CARTESIAN_POINT('',(-4.4495934690622105,3.232818887608602,36.6806624327026));
#252 = CARTESIAN_POINT('',(-3.399186938124421,4.678579445936219,36.5931624327026));
#253 = CARTESIAN_POINT('',(-1.699593469062211,5.230810839623344,36.5056624327026));
#254 = CARTESIAN_POINT('',(-0.00000000000000035410920801788126,5.783042233310469,36.4181624327026));
#255 = CARTESIAN_POINT('',(1.69959346906221,5.230810839623345,36.3306624327026));
#256 = CARTESIAN_POINT('',(3.3991869381244206,4.678579445936219,36.2431624327026));
#257 = CARTESIAN_POINT('',(4.44959346906221,3.2328188876086026,36.1556624327026));
#258 = CARTESIAN_POINT('',(5.499999999999999,1.7870583292809854,36.0681624327026));
#259 = CARTESIAN_POINT('',(5.5,0.0000000000000006735557395310442,35.9806624327026));
#260 = CARTESIAN_POINT('',(5.500000000000001,-1.7870583292809836,35.893162432702596));
#261 = CARTESIAN_POINT('',(4.4495934690622105,-3.2328188876086017,35.8056624327026));
#262 = CARTESIAN_POINT('',(3.3991869381244215,-4.678579445936219,35.7181624327026));
#263 = CARTESIAN_POINT('',(1.6995934690622114,-5.230810839623344,35.63066243270259));
#264 = CARTESIAN_POINT('',(0.0000000000000010623276240536439,-5.783042233310469,35.5431624327026));
#265 = CARTESIAN_POINT('',(-1.6995934690622096,-5.230810839623345,35.4556624327026));
#266 = CARTESIAN_POINT('',(-3.3991869381244197,-4.67857944593622,35.3681624327026));
#267 = CARTESIAN_POINT('',(-4.44959346906221,-3.232818887608604,35.2806624327026));
#268 = CARTESIAN_POINT('',(-5.499999999999999,-1.787058329280986,35.19316243270259));
#269 = CARTESIAN_POINT('',(-5.5,0.,35.1056624327026));
#270 = CARTESIAN_POINT('',(-5.499999999999999,1.7870583292809845,35.018162432702596));
#271 = CARTESIAN_POINT('',(-4.4495934690622105,3.232818887608602,34.930662432702604));
#272 = CARTESIAN_POINT('',(-3.399186938124421,4.678579445936219,34.8431624327026));
#273 = CARTESIAN_POINT('',(-1.699593469062211,5.230810839623344,34.7556624327026));
#274 = CARTESIAN_POINT('',(-0.00000000000000035410920801788126,5.783042233310469,34.6681624327026));
#275 = CARTESIAN_POINT('',(1.69959346906221,5.230810839623345,34.5806624327026));
#276 = CARTESIAN_POINT('',(3.3991869381244206,4.678579445936219,34.4931624327026));
#277 = CARTESIAN_POINT('',(4.44959346906221,3.2328188876086026,34.4056624327026));
#278 = CARTESIAN_POINT('',(5.499999999999999,1.7870583292809854,34.3181624327026));
#279 = CARTESIAN_POINT('',(5.5,0.0000000000000006735557395310442,34.2306624327026));
#280 = CARTESIAN_POINT('',(5.500000000000001,-1.7870583292809836,34.1431624327026));
#281 = CARTESIAN_POINT('',(4.4495934690622105,-3.2328188876086017,34.055662432702604));
#282 = CARTESIAN_POINT('',(3.3991869381244215,-4.678579445936219,33.9681624327026));
#283 = CARTESIAN_POINT('',(1.6995934690622114,-5.230810839623344,33.88066243270259));
#284 = CARTESIAN_POINT('',(0.0000000000000010623276240536439,-5.783042233310469,33.793162432702594));
#285 = CARTESIAN_POINT('',(-1.6995934690622096,-5.230810839623345,33.7056624327026));
#286 = CARTESIAN_POINT('',(-3.3991869381244197,-4.67857944593622,33.6181624327026));
#287 = CARTESIAN_POINT('',(-4.44959346906221,-3.232818887608604,33.5306624327026));
#288 = CARTESIAN_POINT('',(-5.499999999999999,-1.787058329280986,33.4431624327026));
#289 = CARTESIAN_POINT('',(-5.5,0.,33.3556624327026));
#290 = CARTESIAN_POINT('',(-5.499999999999999,1.7870583292809845,33.26816243270261));
#291 = CARTESIAN_POINT('',(-4.4495934690622105,3.232818887608602,33.180662432702604));
#292 = CARTESIAN_POINT('',(-3.399186938124421,4.678579445936219,33.09316243270259));
#293 = CARTESIAN_POINT('',(-1.699593469062211,5.230810839623344,33.0056624327026));
#294 = CARTESIAN_POINT('',(-0.00000000000000035410920801788126,5.783042233310469,32.9181624327026));
#295 = CARTESIAN_POINT('',(1.69959346906221,5.230810839623345,32.8306624327026));
#296 = CARTESIAN_POINT('',(3.3991869381244206,4.678579445936219,32.7431624327026));
#297 = CARTESIAN_POINT('',(4.44959346906221,3.2328188876086026,32.6556624327026));
#298 = CARTESIAN_POINT('',(5.499999999999999,1.7870583292809854,32.56816243270259));
#299 = CARTESIAN_POINT('',(5.5,0.0000000000000006735557395310442,32.4806624327026));
#300 = CARTESIAN_POINT('',(5.500000000000001,-1.7870583292809836,32.39316243270259));
#301 = CARTESIAN_POINT('',(4.4495934690622105,-3.2328188876086017,32.305662432702604));
#302 = CARTESIAN_POINT('',(3.3991869381244215,-4.678579445936219,32.21816243270259));
#303 = CARTESIAN_POINT('',(1.6995934690622114,-5.230810839623344,32.1306624327026));
#304 = CARTESIAN_POINT('',(0.0000000000000010623276240536439,-5.783042233310469,32.043162432702594));
#305 = CARTESIAN_POINT('',(-1.6995934690622096,-5.230810839623345,31.9556624327026));
#306 = CARTESIAN_POINT('',(-3.3991869381244197,-4.67857944593622,31.868162432702594));
#307 = CARTESIAN_POINT('',(-4.44959346906221,-3.232818887608604,31.780662432702606));
#308 = CARTESIAN_POINT('',(-5.499999999999999,-1.787058329280986,31.693162432702593));
#309 = CARTESIAN_POINT('',(-5.5,0.,31.605662432702594));
#310 = CARTESIAN_POINT('',(-5.499999999999999,1.7870583292809845,31.518162432702592));
#311 = CARTESIAN_POINT('',(-4.4495934690622105,3.232818887608602,31.4306624327026));
#312 = CARTESIAN_POINT('',(-3.399186938124421,4.678579445936219,31.34316243270259));
#313 = CARTESIAN_POINT('',(-1.699593469062211,5.230810839623344,31.2556624327026));
#314 = CARTESIAN_POINT('',(-0.00000000000000035410920801788126,5.783042233310469,31.168162432702598));
#315 = CARTESIAN_POINT('',(1.69959346906221,5.230810839623345,31.0806624327026));
#316 = CARTESIAN_POINT('',(3.3991869381244206,4.678579445936219,30.9931624327026));
#317 = CARTESIAN_POINT('',(4.44959346906221,3.2328188876086026,30.9056624327026));
#318 = CARTESIAN_POINT('',(5.499999999999999,1.7870583292809854,30.8181624327026));
#319 = CARTESIAN_POINT('',(5.5,0.0000000000000006735557395310442,30.730662432702598));
#320 = CARTESIAN_POINT('',(5.500000000000001,-1.7870583292809836,30.643162432702596));
#321 = CARTESIAN_POINT('',(4.4495934690622105,-3.2328188876086017,30.5556624327026));
#322 = CARTESIAN_POINT('',(3.3991869381244215,-4.678579445936219,30.4681624327026));
#323 = CARTESIAN_POINT('',(1.6995934690622114,-5.230810839623344,30.3806624327026));
#324 = CARTESIAN_POINT('',(0.0000000000000010623276240536439,-5.783042233310469,30.293162432702598));
#325 = CARTESIAN_POINT('',(-1.6995934690622096,-5.230810839623345,30.205662432702603));
#326 = CARTESIAN_POINT('',(-3.3991869381244197,-4.67857944593622,30.1181624327026));
#327 = CARTESIAN_POINT('',(-4.44959346906221,-3.232818887608604,30.030662432702602));
#328 = CARTESIAN_POINT('',(-5.499999999999999,-1.787058329280986,29.943162432702596));
#329 = CARTESIAN_POINT('',(-5.5,0.,29.8556624327026));
#330 = CARTESIAN_POINT('',(-5.499999999999999,1.7870583292809845,29.768162432702596));
#331 = CARTESIAN_POINT('',(-4.4495934690622105,3.232818887608602,29.680662432702604));
#332 = CARTESIAN_POINT('',(-3.399186938124421,4.678579445936219,29.593162432702595));
#333 = CARTESIAN_POINT('',(-1.699593469062211,5.230810839623344,29.5056624327026));
#334 = CARTESIAN_POINT('',(-0.00000000000000035410920801788126,5.783042233310469,29.418162432702598));
#335 = CARTESIAN_POINT('',(1.69959346906221,5.230810839623345,29.3306624327026));
#336 = CARTESIAN_POINT('',(3.3991869381244206,4.678579445936219,29.2431624327026));
#337 = CARTESIAN_POINT('',(4.44959346906221,3.2328188876086026,29.1556624327026));
#338 = CARTESIAN_POINT('',(5.499999999999999,1.7870583292809854,29.068162432702593));
#339 = CARTESIAN_POINT('',(5.5,0.0000000000000006735557395310442,28.9806624327026));
#340 = CARTESIAN_POINT('',(5.500000000000001,-1.7870583292809836,28.893162432702596));
#341 = CARTESIAN_POINT('',(4.4495934690622105,-3.2328188876086017,28.805662432702597));
#342 = CARTESIAN_POINT('',(3.3991869381244215,-4.678579445936219,28.718162432702595));
#343 = CARTESIAN_POINT('',(1.6995934690622114,-5.230810839623344,28.630662432702604));
#344 = CARTESIAN_POINT('',(0.0000000000000010623276240536439,-5.783042233310469,28.543162432702598));
#345 = CARTESIAN_POINT('',(-1.6995934690622096,-5.230810839623345,28.455662432702603));
#346 = CARTESIAN_POINT('',(-3.3991869381244197,-4.67857944593622,28.368162432702594));
#347 = CARTESIAN_POINT('',(-4.44959346906221,-3.232818887608604,28.280662432702602));
#348 = CARTESIAN_POINT('',(-5.499999999999999,-1.787058329280986,28.193162432702596));
#349 = CARTESIAN_POINT('',(-5.5,0.,28.105662432702598));
#350 = CARTESIAN_POINT('',(-5.499999999999999,1.7870583292809845,28.018162432702596));
#351 = CARTESIAN_POINT('',(-4.4495934690622105,3.232818887608602,27.930662432702597));
#352 = CARTESIAN_POINT('',(-3.399186938124421,4.678579445936219,27.8431624327026));
#353 = CARTESIAN_POINT('',(-1.699593469062211,5.230810839623344,27.7556624327026));
#354 = CARTESIAN_POINT('',(-0.00000000000000035410920801788126,5.783042233310469,27.668162432702594));
#355 = CARTESIAN_POINT('',(1.69959346906221,5.230810839623345,27.5806624327026));
#356 = CARTESIAN_POINT('',(3.3991869381244206,4.678579445936219,27.493162432702594));
#357 = CARTESIAN_POINT('',(4.44959346906221,3.2328188876086026,27.4056624327026));
#358 = CARTESIAN_POINT('',(5.499999999999999,1.7870583292809854,27.318162432702596));
#359 = CARTESIAN_POINT('',(5.5,0.0000000000000006735557395310442,27.230662432702598));
#360 = CARTESIAN_POINT('',(5.500000000000001,-1.7870583292809836,27.143162432702596));
#361 = CARTESIAN_POINT('',(4.4495934690622105,-3.2328188876086017,27.0556624327026));
#362 = CARTESIAN_POINT('',(3.3991869381244215,-4.678579445936219,26.968162432702595));
#363 = CARTESIAN_POINT('',(1.6995934690622114,-5.230810839623344,26.8806624327026));
#364 = CARTESIAN_POINT('',(0.0000000000000010623276240536439,-5.783042233310469,26.793162432702598));
#365 = CARTESIAN_POINT('',(-1.6995934690622096,-5.230810839623345,26.705662432702596));
#366 = CARTESIAN_POINT('',(-3.3991869381244197,-4.67857944593622,26.618162432702597));
#367 = CARTESIAN_POINT('',(-4.44959346906221,-3.232818887608604,26.5306624327026));
#368 = CARTESIAN_POINT('',(-5.499999999999999,-1.787058329280986,26.443162432702596));
#369 = CARTESIAN_POINT('',(-5.5,0.,26.355662432702598));
#370 = CARTESIAN_POINT('',(-5.499999999999999,1.7870583292809845,26.268162432702596));
#371 = CARTESIAN_POINT('',(-4.4495934690622105,3.232818887608602,26.1806624327026));
#372 = CARTESIAN_POINT('',(-3.399186938124421,4.678579445936219,26.0931624327026));
#373 = CARTESIAN_POINT('',(-1.699593469062211,5.230810839623344,26.0056624327026));
#374 = CARTESIAN_POINT('',(-0.00000000000000035410920801788126,5.783042233310469,25.918162432702598));
#375 = CARTESIAN_POINT('',(1.69959346906221,5.230810839623345,25.830662432702603));
#376 = CARTESIAN_POINT('',(3.3991869381244206,4.678579445936219,25.7431624327026));
#377 = CARTESIAN_POINT('',(4.44959346906221,3.2328188876086026,25.655662432702602));
#378 = CARTESIAN_POINT('',(5.499999999999999,1.7870583292809854,25.568162432702596));
#379 = CARTESIAN_POINT('',(5.5,0.0000000000000006735557395310442,25.4806624327026));
#380 = CARTESIAN_POINT('',(5.500000000000001,-1.7870583292809836,25.3931624327026));
#381 = CARTESIAN_POINT('',(4.4495934690622105,-3.2328188876086017,25.3056624327026));
#382 = CARTESIAN_POINT('',(3.3991869381244215,-4.678579445936219,25.2181624327026));
#383 = CARTESIAN_POINT('',(1.6995934690622114,-5.230810839623344,25.130662432702596));
#384 = CARTESIAN_POINT('',(0.0000000000000010623276240536439,-5.783042233310469,25.043162432702598));
#385 = CARTESIAN_POINT('',(-1.6995934690622096,-5.230810839623345,24.9556624327026));
#386 = CARTESIAN_POINT('',(-3.3991869381244197,-4.67857944593622,24.868162432702597));
#387 = CARTESIAN_POINT('',(-4.44959346906221,-3.232818887608604,24.7806624327026));
#388 = CARTESIAN_POINT('',(-5.499999999999999,-1.787058329280986,24.6931624327026));
#389 = CARTESIAN_POINT('',(-5.5,0.,24.605662432702605));
#390 = CARTESIAN_POINT('',(-5.499999999999999,1.7870583292809845,24.518162432702596));
#391 = CARTESIAN_POINT('',(-4.4495934690622105,3.232818887608602,24.4306624327026));
#392 = CARTESIAN_POINT('',(-3.399186938124421,4.678579445936219,24.343162432702595));
#393 = CARTESIAN_POINT('',(-1.699593469062211,5.230810839623344,24.2556624327026));
#394 = CARTESIAN_POINT('',(-0.00000000000000035410920801788126,5.783042233310469,24.168162432702594));
#395 = CARTESIAN_POINT('',(1.69959346906221,5.230810839623345,24.0806624327026));
#396 = CARTESIAN_POINT('',(3.3991869381244206,4.678579445936219,23.993162432702594));
#397 = CARTESIAN_POINT('',(4.44959346906221,3.2328188876086026,23.905662432702602));
#398 = CARTESIAN_POINT('',(5.499999999999999,1.7870583292809854,23.818162432702596));
#399 = CARTESIAN_POINT('',(5.5,0.0000000000000006735557395310442,23.730662432702598));
#400 = CARTESIAN_POINT('',(5.500000000000001,-1.7870583292809836,23.643162432702596));
#401 = CARTESIAN_POINT('',(4.4495934690622105,-3.2328188876086017,23.555662432702597));
#402 = CARTESIAN_POINT('',(3.3991869381244215,-4.678579445936219,23.468162432702595));
#403 = CARTESIAN_POINT('',(1.6995934690622114,-5.230810839623344,23.3806624327026));
#404 = CARTESIAN_POINT('',(0.0000000000000010623276240536439,-5.783042233310469,23.293162432702594));
#405 = CARTESIAN_POINT('',(-1.6995934690622096,-5.230810839623345,23.2056624327026));
#406 = CARTESIAN_POINT('',(-3.3991869381244197,-4.67857944593622,23.118162432702597));
#407 = CARTESIAN_POINT('',(-4.44959346906221,-3.232818887608604,23.0306624327026));
#408 = CARTESIAN_POINT('',(-5.499999999999999,-1.787058329280986,22.943162432702596));
#409 = CARTESIAN_POINT('',(-5.5,0.,22.855662432702598));
#410 = CARTESIAN_POINT('',(-5.499999999999999,1.7870583292809845,22.768162432702596));
#411 = CARTESIAN_POINT('',(-4.4495934690622105,3.232818887608602,22.6806624327026));
#412 = CARTESIAN_POINT('',(-3.399186938124421,4.678579445936219,22.59316243270259));
#413 = CARTESIAN_POINT('',(-1.699593469062211,5.230810839623344,22.5056624327026));
#414 = CARTESIAN_POINT('',(-0.00000000000000035410920801788126,5.783042233310469,22.418162432702594));
#415 = CARTESIAN_POINT('',(1.69959346906221,5.230810839623345,22.3306624327026));
#416 = CARTESIAN_POINT('',(3.3991869381244206,4.678579445936219,22.243162432702597));
#417 = CARTESIAN_POINT('',(4.44959346906221,3.2328188876086026,22.1556624327026));
#418 = CARTESIAN_POINT('',(5.499999999999999,1.7870583292809854,22.068162432702596));
#419 = CARTESIAN_POINT('',(5.5,0.0000000000000006735557395310442,21.980662432702598));
#420 = CARTESIAN_POINT('',(5.500000000000001,-1.7870583292809836,21.893162432702596));
#421 = CARTESIAN_POINT('',(4.4495934690622105,-3.2328188876086017,21.805662432702604));
#422 = CARTESIAN_POINT('',(3.3991869381244215,-4.678579445936219,21.7181624327026));
#423 = CARTESIAN_POINT('',(1.6995934690622114,-5.230810839623344,21.6306624327026));
#424 = CARTESIAN_POINT('',(0.0000000000000010623276240536439,-5.783042233310469,21.543162432702598));
#425 = CARTESIAN_POINT('',(-1.6995934690622096,-5.230810839623345,21.4556624327026));
#426 = CARTESIAN_POINT('',(-3.3991869381244197,-4.67857944593622,21.368162432702597));
#427 = CARTESIAN_POINT('',(-4.44959346906221,-3.232818887608604,21.2806624327026));
#428 = CARTESIAN_POINT('',(-5.499999999999999,-1.787058329280986,21.193162432702596));
#429 = CARTESIAN_POINT('',(-5.5,0.,21.1056624327026));
#430 = CARTESIAN_POINT('',(-5.499999999999999,1.7870583292809845,21.0181624327026));
#431 = CARTESIAN_POINT('',(-4.4495934690622105,3.232818887608602,20.930662432702597));
#432 = CARTESIAN_POINT('',(-3.399186938124421,4.678579445936219,20.8431624327026));
#433 = CARTESIAN_POINT('',(-1.699593469062211,5.230810839623344,20.7556624327026));
#434 = CARTESIAN_POINT('',(-0.00000000000000035410920801788126,5.783042233310469,20.6681624327026));
#435 = CARTESIAN_POINT('',(1.69959346906221,5.230810839623345,20.5806624327026));
#436 = CARTESIAN_POINT('',(3.3991869381244206,4.678579445936219,20.493162432702597));
#437 = CARTESIAN_POINT('',(4.44959346906221,3.2328188876086026,20.4056624327026));
#438 = CARTESIAN_POINT('',(5.499999999999999,1.7870583292809854,20.3181624327026));
#439 = CARTESIAN_POINT('',(5.5,0.0000000000000006735557395310442,20.230662432702598));
#440 = CARTESIAN_POINT('',(5.500000000000001,-1.7870583292809836,20.1431624327026));
#441 = CARTESIAN_POINT('',(4.4495934690622105,-3.2328188876086017,20.055662432702597));
#442 = CARTESIAN_POINT('',(3.3991869381244215,-4.678579445936219,19.968162432702602));
#443 = CARTESIAN_POINT('',(1.6995934690622114,-5.230810839623344,19.8806624327026));
#444 = CARTESIAN_POINT('',(1.464667501577006,-5.307142913615858,19.868567762695246));
#445 = CARTESIAN_POINT('',(1.2238447132532202,-5.362108178491193,19.856169507252456));
#446 = ( BOUNDED_CURVE() B_SPLINE_CURVE(2,(#89,#90,#91,#92,#93,#94,#95,#96,#97,#98,#99,#100,#101,#102,#103,#104,#105,#106,#107,#108,#109,#110,#111,#112,#113,#114,#115,#116,#117,#118,#119,#120,#121,#122,#123,#124,#125,#126,#127,#128,#129,#130,#131,#132,#133,#134,#135,#136,#137,#138,#139,#140,#141,#142,#143,#144,#145,#146,#147,#148,#149,#150,#151,#152,#153,#154,#155,#156,#157,#158,#159,#160,#161,#162,#163,#164,#165,#166,#167,#168,#169,#170,#171,#172,#173,#174,#175,#176,#177,#178,#179,#180,#181,#182,#183,#184,#185,#186,#187,#188,#189,#190,#191,#192,#193,#194,#195,#196,#197,#198,#199,#200,#201,#202,#203,#204,#205,#206,#207,#208,#209,#210,#211,#212,#213,#214,#215,#216,#217,#218,#219,#220,#221,#222,#223,#224,#225,#226,#227,#228,#229,#230,#231,#232,#233,#234,#235,#236,#237,#238,#239,#240,#241,#242,#243,#244,#245,#246,#247,#248,#249,#250,#251,#252,#253,#254,#255,#256,#257,#258,#259,#260,#261,#262,#263,#264,#265,#266,#267,#268,#269,#270,#271,#272,#273,#274,#275,#276,#277,#278,#279,#280,#281,#282,#283,#284,#285,#286,#287,#288,#289,#290,#291,#292,#293,#294,#295,#296,#297,#298,#299,#300,#301,#302,#303,#304,#305,#306,#307,#308,#309,#310,#311,#312,#313,#314,#315,#316,#317,#318,#319,#320,#321,#322,#323,#324,#325,#326,#327,#328,#329,#330,#331,#332,#333,#334,#335,#336,#337,#338,#339,#340,#341,#342,#343,#344,#345,#346,#347,#348,#349,#350,#351,#352,#353,#354,#355,#356,#357,#358,#359,#360,#361,#362,#363,#364,#365,#366,#367,#368,#369,#370,#371,#372,#373,#374,#375,#376,#377,#378,#379,#380,#381,#382,#383,#384,#385,#386,#387,#388,#389,#390,#391,#392,#393,#394,#395,#396,#397,#398,#399,#400,#401,#402,#403,#404,#405,#406,#407,#408,#409,#410,#411,#412,#413,#414,#415,#416,#417,#418,#419,#420,#421,#422,#423,#424,#425,#426,#427,#428,#429,#430,#431,#432,#433,#434,#435,#436,#437,#438,#439,#440,#441,#442,#443,#444,#445),.UNSPECIFIED.,.F.,.U.) B_SPLINE_CURVE_WITH_KNOTS((3,2,2,2,2,2,2,2,2,2,2,2,2,2,2,2,2,2,2,2,2,2,2,2,2,2,2,2,2,2,2,2,2,2,2,2,2,2,2,2,2,2,2,2,2,2,2,2,2,2,2,2,2,2,2,2,2,2,2,2,2,2,2,2,2,2,2,2,2,2,2,2,2,2,2,2,2,2,2,2,2,2,2,2,2,2,2,2,2,2,2,2,2,2,2,2,2,2,2,2,2,2,2,2,2,2,2,2,2,2,2,2,2,2,2,2,2,2,2,2,2,2,2,2,2,2,2,2,2,2,2,2,2,2,2,2,2,2,2,2,2,2,2,2,2,2,2,2,2,2,2,2,2,2,2,2,2,2,2,2,2,2,2,2,2,2,2,2,2,2,2,2,2,2,2,2,2,2,3),(0.,0.005555555555555556,0.011111111111111112,0.016666666666666666,0.022222222222222223,0.027777777777777776,0.03333333333333333,0.03888888888888889,0.044444444444444446,0.05,0.05555555555555555,0.06111111111111111,0.06666666666666667,0.07222222222222222,0.07777777777777778,0.08333333333333333,0.08888888888888889,0.09444444444444444,0.1,0.10555555555555556,0.1111111111111111,0.11666666666666667,0.12222222222222222,0.12777777777777777,0.13333333333333333,0.1388888888888889,0.14444444444444443,0.15,0.15555555555555556,0.16111111111111112,0.16666666666666666,0.17222222222222222,0.17777777777777778,0.18333333333333332,0.18888888888888888,0.19444444444444445,0.2,0.20555555555555555,0.2111111111111111,0.21666666666666667,0.2222222222222222,0.22777777777777777,0.23333333333333334,0.2388888888888889,0.24444444444444444,0.25,0.25555555555555554,0.2611111111111111,0.26666666666666666,0.2722222222222222,0.2777777777777778,0.2833333333333333,0.28888888888888886,0.29444444444444445,0.3,0.3055555555555556,0.3111111111111111,0.31666666666666665,0.32222222222222224,0.3277777777777778,0.3333333333333333,0.3388888888888889,0.34444444444444444,0.35,0.35555555555555557,0.3611111111111111,0.36666666666666664,0.37222222222222223,0.37777777777777777,0.38333333333333336,0.3888888888888889,0.39444444444444443,0.4,0.40555555555555556,0.4111111111111111,0.4166666666666667,0.4222222222222222,0.42777777777777776,0.43333333333333335,0.4388888888888889,0.4444444444444444,0.45,0.45555555555555555,0.46111111111111114,0.4666666666666667,0.4722222222222222,0.4777777777777778,0.48333333333333334,0.4888888888888889,0.49444444444444446,0.5,0.5055555555555555,0.5111111111111111,0.5166666666666667,0.5222222222222223,0.5277777777777778,0.5333333333333333,0.5388888888888889,0.5444444444444444,0.55,0.5555555555555556,0.5611111111111111,0.5666666666666667,0.5722222222222222,0.5777777777777777,0.5833333333333334,0.5888888888888889,0.5944444444444444,0.6,0.6055555555555555,0.6111111111111112,0.6166666666666667,0.6222222222222222,0.6277777777777778,0.6333333333333333,0.6388888888888888,0.6444444444444445,0.65,0.6555555555555556,0.6611111111111111,0.6666666666666666,0.6722222222222223,0.6777777777777778,0.6833333333333333,0.6888888888888889,0.6944444444444444,0.7,0.7055555555555556,0.7111111111111111,0.7166666666666667,0.7222222222222222,0.7277777777777777,0.7333333333333333,0.7388888888888889,0.7444444444444445,0.75,0.7555555555555555,0.7611111111111111,0.7666666666666667,0.7722222222222223,0.7777777777777778,0.7833333333333333,0.7888888888888889,0.7944444444444444,0.8,0.8055555555555556,0.8111111111111111,0.8166666666666667,0.8222222222222222,0.8277777777777777,0.8333333333333334,0.8388888888888889,0.8444444444444444,0.85,0.8555555555555555,0.8611111111111112,0.8666666666666667,0.8722222222222222,0.8777777777777778,0.8833333333333333,0.8888888888888888,0.8944444444444445,0.9,0.9055555555555556,0.9111111111111111,0.9166666666666666,0.9222222222222223,0.9277777777777778,0.9333333333333333,0.9388888888888889,0.9444444444444444,0.95,0.9555555555555556,0.9611111111111111,0.9666666666666667,0.9722222222222222,0.9777777777777777,0.9833333333333333,0.9841350645327328),.UNSPECIFIED.) CURVE() GEOMETRIC_REPRESENTATION_ITEM() RATIONAL_B_SPLINE_CURVE((1.,0.9510565162951536,1.,0.9510565162951536,1.,0.9510565162951536,1.,0.9510565162951536,1.,0.9510565162951536,1.,0.9510565162951536,1.,0.9510565162951536,1.,0.9510565162951536,1.,0.9510565162951536,1.,0.9510565162951536,1.,0.9510565162951536,1.,0.9510565162951536,1.,0.9510565162951536,1.,0.9510565162951536,1.,0.9510565162951536,1.,0.9510565162951536,1.,0.9510565162951536,1.,0.9510565162951536,1.,0.9510565162951536,1.,0.9510565162951536,1.,0.9510565162951536,1.,0.9510565162951536,1.,0.9510565162951536,1.,0.9510565162951536,1.,0.9510565162951536,1.,0.9510565162951536,1.,0.9510565162951536,1.,0.9510565162951536,1.,0.9510565162951536,1.,0.9510565162951536,1.,0.9510565162951536,1.,0.9510565162951536,1.,0.9510565162951536,1.,0.9510565162951536,1.,0.9510565162951536,1.,0.9510565162951536,1.,0.9510565162951536,1.,0.9510565162951536,1.,0.9510565162951536,1.,0.9510565162951536,1.,0.9510565162951536,1.,0.9510565162951536,1.,0.9510565162951536,1.,0.9510565162951536,1.,0.9510565162951536,1.,0.9510565162951536,1.,0.9510565162951536,1.,0.9510565162951536,1.,0.9510565162951536,1.,0.9510565162951536,1.,0.9510565162951536,1.,0.9510565162951536,1.,0.9510565162951536,1.,0.9510565162951536,1.,0.9510565162951536,1.,0.9510565162951536,1.,0.9510565162951536,1.,0.9510565162951536,1.,0.9510565162951536,1.,0.9510565162951536,1.,0.9510565162951536,1.,0.9510565162951536,1.,0.9510565162951536,1.,0.9510565162951536,1.,0.9510565162951536,1.,0.9510565162951536,1.,0.9510565162951536,1.,0.9510565162951536,1.,0.9510565162951536,1.,0.9510565162951536,1.,0.9510565162951536,1.,0.9510565162951536,1.,0.9510565162951536,1.,0.9510565162951536,1.,0.9510565162951536,1.,0.9510565162951536,1.,0.9510565162951536,1.,0.9510565162951536,1.,0.9510565162951536,1.,0.9510565162951536,1.,0.9510565162951536,1.,0.9510565162951536,1.,0.9510565162951536,1.,0.9510565162951536,1.,0.9510565162951536,1.,0.9510565162951536,1.,0.9510565162951536,1.,0.9510565162951536,1.,0.9510565162951536,1.,0.9510565162951536,1.,0.9510565162951536,1.,0.9510565162951536,1.,0.9510565162951536,1.,0.9510565162951536,1.,0.9510565162951536,1.,0.9510565162951536,1.,0.9510565162951536,1.,0.9510565162951536,1.,0.9510565162951536,1.,0.9510565162951536,1.,0.9510565162951536,1.,0.9510565162951536,1.,0.9510565162951536,1.,0.9510565162951536,1.,0.9510565162951536,1.,0.9510565162951536,1.,0.9510565162951536,1.,0.9510565162951536,1.,0.9510565162951536,1.,0.9510565162951536,1.,0.9510565162951536,1.,0.9510565162951536,1.,0.9510565162951536,1.,0.9510565162951536,1.,0.9510565162951536,1.,0.9510565162951536,1.,0.9510565162951536,1.,0.9510565162951536,1.,0.9510565162951536,1.,0.9510565162951536,1.,0.9510565162951536,1.,0.9510565162951536,1.,0.9510565162951536,1.,0.9510565162951536,1.,0.9510565162951536,1.,0.9510565162951536,1.,0.9510565162951536,1.,0.9510565162951536,1.,0.9510565162951536,1.,0.9510565162951536,1.,0.9510565162951536,1.,0.9510565162951536,1.,0.9510565162951536,1.,0.9510565162951536,1.,0.9510565162951536,1.,0.9510565162951536,1.,0.9510565162951536,1.,0.9510565162951536,1.,0.9510565162951536,1.,0.9510565162951536,1.,0.9510565162951536,1.,0.9510565162951536,1.,0.9510565162951536,1.,0.9510565162951536,1.,0.9510565162951536,1.,0.9510565162951536,1.,0.9510565162951536,1.,0.9510565162951536,1.,0.9510565162951536,1.,0.9510565162951536,1.,0.9510565162951536,1.,0.9510565162951536,1.,0.9510565162951536,1.,0.9510565162951536,1.,0.9510565162951536,1.,0.9510565162951536,1.,0.9510565162951536,1.,0.9510565162951536,1.,0.9510565162951536,1.,0.9510565162951536,1.,0.9510565162951536,1.,0.9510565162951536,1.,0.9510565162951536,1.,0.9510565162951536,1.,0.9510565162951536,1.,0.9510565162951536,1.,0.9510565162951536,1.,0.9510565162951536,1.,0.9510565162951536,1.,0.9510565162951536,1.,0.9510565162951536,1.,0.9510565162951536,1.,0.9510565162951536,1.,0.9510565162951536,1.,0.9510565162951536,1.,0.9510565162951536,1.,0.9510565162951536,1.,0.9929368867791741,0.9879123521225982)) REPRESENTATION_ITEM('') );
#447 = EDGE_CURVE('',#86,#88,#446,.T.);
#448 = ORIENTED_EDGE('',*,*,#447,.F.);
#449 = CARTESIAN_POINT('',(0.24057542345945937,-5.494735977790679,19.999999999999957));
#450 = VERTEX_POINT('',#449);
#451 = DIRECTION('',(-1.,0.,-0.));
#452 = AXIS2_PLACEMENT_3D('',#82,#61,#451);
#453 = CIRCLE('',#452,5.5);
#454 = CARTESIAN_POINT('',(0.,-0.));
#455 = VECTOR('',#16,1.);
#456 = LINE('',#454,#455);
#457 = DEFINITIONAL_REPRESENTATION('',(#456),#19);
#458 = PCURVE('',#84,#457);
#459 = AXIS2_PLACEMENT_3D('',#82,#61,#451);
#460 = PLANE('',#459);
#461 = AXIS2_PLACEMENT_2D('',#15,#16);
#462 = CIRCLE('',#461,5.5);
#463 = DEFINITIONAL_REPRESENTATION('',(#462),#19);
#464 = PCURVE('',#460,#463);
#465 = SURFACE_CURVE('',#453,(#458,#464),.CURVE_3D.);
#466 = EDGE_CURVE('',#450,#86,#465,.T.);
#467 = ORIENTED_EDGE('',*,*,#466,.F.);
#468 = CARTESIAN_POINT('',(-3.869270576004058,-3.9088035521971696,-0.4116346117120767));
#469 = CARTESIAN_POINT('',(-5.4883500199762585,-2.306099203125129,-0.3360096117120767));
#470 = CARTESIAN_POINT('',(-5.499928960622732,-0.027954035546635593,-0.26038461171207683));
#471 = CARTESIAN_POINT('',(-5.51150790126921,2.2501911320318575,-0.18475961171207664));
#472 = CARTESIAN_POINT('',(-3.9088035521971696,3.869270576004058,-0.10913461171207668));
#473 = CARTESIAN_POINT('',(-2.306099203125129,5.488350019976256,-0.033509611712076726));
#474 = CARTESIAN_POINT('',(-0.0279540355466361,5.499928960622734,0.04211538828792323));
#475 = CARTESIAN_POINT('',(2.2501911320318606,5.51150790126921,0.1177403882879233));
#476 = CARTESIAN_POINT('',(3.869270576004058,3.9088035521971696,0.1933653882879232));
#477 = CARTESIAN_POINT('',(5.488350019976255,2.306099203125132,0.26899038828792315));
#478 = CARTESIAN_POINT('',(5.499928960622732,0.027954035546636533,0.34461538828792326));
#479 = CARTESIAN_POINT('',(5.51150790126921,-2.250191132031859,0.42024038828792326));
#480 = CARTESIAN_POINT('',(3.9088035521971705,-3.869270576004058,0.49586538828792315));
#481 = CARTESIAN_POINT('',(2.3060992031251324,-5.488350019976255,0.5714903882879232));
#482 = CARTESIAN_POINT('',(0.027954035546636967,-5.499928960622732,0.6471153882879231));
#483 = CARTESIAN_POINT('',(-2.250191132031859,-5.51150790126921,0.7227403882879231));
#484 = CARTESIAN_POINT('',(-3.869270576004058,-3.9088035521971696,0.7983653882879232));
#485 = CARTESIAN_POINT('',(-5.4883500199762585,-2.306099203125129,0.8739903882879232));
#486 = CARTESIAN_POINT('',(-5.499928960622732,-0.027954035546635593,0.9496153882879231));
#487 = CARTESIAN_POINT('',(-5.51150790126921,2.2501911320318575,1.0252403882879233));
#488 = CARTESIAN_POINT('',(-3.9088035521971696,3.869270576004058,1.1008653882879231));
#489 = CARTESIAN_POINT('',(-2.306099203125129,5.488350019976256,1.1764903882879232));
#490 = CARTESIAN_POINT('',(-0.0279540355466361,5.499928960622734,1.2521153882879232));
#491 = CARTESIAN_POINT('',(2.2501911320318606,5.51150790126921,1.3277403882879233));
#492 = CARTESIAN_POINT('',(3.869270576004058,3.9088035521971696,1.4033653882879233));
#493 = CARTESIAN_POINT('',(5.488350019976255,2.306099203125132,1.4789903882879232));
#494 = CARTESIAN_POINT('',(5.499928960622732,0.027954035546636533,1.5546153882879232));
#495 = CARTESIAN_POINT('',(5.51150790126921,-2.250191132031859,1.6302403882879233));
#496 = CARTESIAN_POINT('',(3.9088035521971705,-3.869270576004058,1.7058653882879231));
#497 = CARTESIAN_POINT('',(2.3060992031251324,-5.488350019976255,1.781490388287923));
#498 = CARTESIAN_POINT('',(0.027954035546636967,-5.499928960622732,1.857115388287923));
#499 = CARTESIAN_POINT('',(-2.250191132031859,-5.51150790126921,1.9327403882879233));
#500 = CARTESIAN_POINT('',(-3.869270576004058,-3.9088035521971696,2.008365388287923));
#501 = CARTESIAN_POINT('',(-5.4883500199762585,-2.306099203125129,2.083990388287923));
#502 = CARTESIAN_POINT('',(-5.499928960622732,-0.027954035546635593,2.1596153882879228));
#503 = CARTESIAN_POINT('',(-5.51150790126921,2.2501911320318575,2.235240388287923));
#504 = CARTESIAN_POINT('',(-3.9088035521971696,3.869270576004058,2.3108653882879233));
#505 = CARTESIAN_POINT('',(-2.306099203125129,5.488350019976256,2.3864903882879234));
#506 = CARTESIAN_POINT('',(-0.0279540355466361,5.499928960622734,2.462115388287923));
#507 = CARTESIAN_POINT('',(2.2501911320318606,5.51150790126921,2.5377403882879226));
#508 = CARTESIAN_POINT('',(3.869270576004058,3.9088035521971696,2.613365388287923));
#509 = CARTESIAN_POINT('',(5.488350019976255,2.306099203125132,2.688990388287923));
#510 = CARTESIAN_POINT('',(5.499928960622732,0.027954035546636533,2.7646153882879227));
#511 = CARTESIAN_POINT('',(5.51150790126921,-2.250191132031859,2.8402403882879232));
#512 = CARTESIAN_POINT('',(3.9088035521971705,-3.869270576004058,2.9158653882879233));
#513 = CARTESIAN_POINT('',(2.3060992031251324,-5.488350019976255,2.991490388287923));
#514 = CARTESIAN_POINT('',(0.027954035546636967,-5.499928960622732,3.067115388287923));
#515 = CARTESIAN_POINT('',(-2.250191132031859,-5.51150790126921,3.142740388287923));
#516 = CARTESIAN_POINT('',(-3.869270576004058,-3.9088035521971696,3.218365388287923));
#517 = CARTESIAN_POINT('',(-5.4883500199762585,-2.306099203125129,3.293990388287923));
#518 = CARTESIAN_POINT('',(-5.499928960622732,-0.027954035546635593,3.3696153882879227));
#519 = CARTESIAN_POINT('',(-5.51150790126921,2.2501911320318575,3.4452403882879232));
#520 = CARTESIAN_POINT('',(-3.9088035521971696,3.869270576004058,3.520865388287923));
#521 = CARTESIAN_POINT('',(-2.306099203125129,5.488350019976256,3.596490388287923));
#522 = CARTESIAN_POINT('',(-0.0279540355466361,5.499928960622734,3.6721153882879234));
#523 = CARTESIAN_POINT('',(2.2501911320318606,5.51150790126921,3.7477403882879234));
#524 = CARTESIAN_POINT('',(3.869270576004058,3.9088035521971696,3.823365388287923));
#525 = CARTESIAN_POINT('',(5.488350019976255,2.306099203125132,3.898990388287922));
#526 = CARTESIAN_POINT('',(5.499928960622732,0.027954035546636533,3.9746153882879236));
#527 = CARTESIAN_POINT('',(5.51150790126921,-2.250191132031859,4.050240388287923));
#528 = CARTESIAN_POINT('',(3.9088035521971705,-3.869270576004058,4.125865388287923));
#529 = CARTESIAN_POINT('',(2.3060992031251324,-5.488350019976255,4.201490388287923));
#530 = CARTESIAN_POINT('',(0.027954035546636967,-5.499928960622732,4.277115388287922));
#531 = CARTESIAN_POINT('',(-2.250191132031859,-5.51150790126921,4.352740388287923));
#532 = CARTESIAN_POINT('',(-3.869270576004058,-3.9088035521971696,4.428365388287923));
#533 = CARTESIAN_POINT('',(-5.4883500199762585,-2.306099203125129,4.503990388287923));
#534 = CARTESIAN_POINT('',(-5.499928960622732,-0.027954035546635593,4.579615388287923));
#535 = CARTESIAN_POINT('',(-5.51150790126921,2.2501911320318575,4.655240388287923));
#536 = CARTESIAN_POINT('',(-3.9088035521971696,3.869270576004058,4.730865388287923));
#537 = CARTESIAN_POINT('',(-2.306099203125129,5.488350019976256,4.806490388287923));
#538 = CARTESIAN_POINT('',(-0.0279540355466361,5.499928960622734,4.8821153882879225));
#539 = CARTESIAN_POINT('',(2.2501911320318606,5.51150790126921,4.957740388287923));
#540 = CARTESIAN_POINT('',(3.869270576004058,3.9088035521971696,5.0333653882879235));
#541 = CARTESIAN_POINT('',(5.488350019976255,2.306099203125132,5.108990388287922));
#542 = CARTESIAN_POINT('',(5.499928960622732,0.027954035546636533,5.184615388287923));
#543 = CARTESIAN_POINT('',(5.51150790126921,-2.250191132031859,5.260240388287923));
#544 = CARTESIAN_POINT('',(3.9088035521971705,-3.869270576004058,5.335865388287923));
#545 = CARTESIAN_POINT('',(2.3060992031251324,-5.488350019976255,5.411490388287923));
#546 = CARTESIAN_POINT('',(0.027954035546636967,-5.499928960622732,5.487115388287924));
#547 = CARTESIAN_POINT('',(-2.250191132031859,-5.51150790126921,5.5627403882879225));
#548 = CARTESIAN_POINT('',(-3.869270576004058,-3.9088035521971696,5.638365388287923));
#549 = CARTESIAN_POINT('',(-5.4883500199762585,-2.306099203125129,5.713990388287923));
#550 = CARTESIAN_POINT('',(-5.499928960622732,-0.027954035546635593,5.789615388287923));
#551 = CARTESIAN_POINT('',(-5.51150790126921,2.2501911320318575,5.865240388287924));
#552 = CARTESIAN_POINT('',(-3.9088035521971696,3.869270576004058,5.940865388287922));
#553 = CARTESIAN_POINT('',(-2.306099203125129,5.488350019976256,6.016490388287923));
#554 = CARTESIAN_POINT('',(-0.0279540355466361,5.499928960622734,6.092115388287923));
#555 = CARTESIAN_POINT('',(2.2501911320318606,5.51150790126921,6.167740388287923));
#556 = CARTESIAN_POINT('',(3.869270576004058,3.9088035521971696,6.243365388287923));
#557 = CARTESIAN_POINT('',(5.488350019976255,2.306099203125132,6.318990388287923));
#558 = CARTESIAN_POINT('',(5.499928960622732,0.027954035546636533,6.394615388287923));
#559 = CARTESIAN_POINT('',(5.51150790126921,-2.250191132031859,6.470240388287923));
#560 = CARTESIAN_POINT('',(3.9088035521971705,-3.869270576004058,6.545865388287923));
#561 = CARTESIAN_POINT('',(2.3060992031251324,-5.488350019976255,6.621490388287922));
#562 = CARTESIAN_POINT('',(0.027954035546636967,-5.499928960622732,6.697115388287923));
#563 = CARTESIAN_POINT('',(-2.250191132031859,-5.51150790126921,6.7727403882879225));
#564 = CARTESIAN_POINT('',(-3.869270576004058,-3.9088035521971696,6.848365388287923));
#565 = CARTESIAN_POINT('',(-5.4883500199762585,-2.306099203125129,6.9239903882879235));
#566 = CARTESIAN_POINT('',(-5.499928960622732,-0.027954035546635593,6.999615388287923));
#567 = CARTESIAN_POINT('',(-5.51150790126921,2.2501911320318575,7.075240388287923));
#568 = CARTESIAN_POINT('',(-3.9088035521971696,3.869270576004058,7.150865388287923));
#569 = CARTESIAN_POINT('',(-2.306099203125129,5.488350019976256,7.226490388287923));
#570 = CARTESIAN_POINT('',(-0.0279540355466361,5.499928960622734,7.302115388287923));
#571 = CARTESIAN_POINT('',(2.2501911320318606,5.51150790126921,7.377740388287923));
#572 = CARTESIAN_POINT('',(3.869270576004058,3.9088035521971696,7.4533653882879225));
#573 = CARTESIAN_POINT('',(5.488350019976255,2.306099203125132,7.528990388287924));
#574 = CARTESIAN_POINT('',(5.499928960622732,0.027954035546636533,7.604615388287923));
#575 = CARTESIAN_POINT('',(5.51150790126921,-2.250191132031859,7.680240388287922));
#576 = CARTESIAN_POINT('',(3.9088035521971705,-3.869270576004058,7.755865388287922));
#577 = CARTESIAN_POINT('',(2.3060992031251324,-5.488350019976255,7.831490388287922));
#578 = CARTESIAN_POINT('',(0.027954035546636967,-5.499928960622732,7.907115388287924));
#579 = CARTESIAN_POINT('',(-2.250191132031859,-5.51150790126921,7.982740388287923));
#580 = CARTESIAN_POINT('',(-3.869270576004058,-3.9088035521971696,8.058365388287923));
#581 = CARTESIAN_POINT('',(-5.4883500199762585,-2.306099203125129,8.133990388287922));
#582 = CARTESIAN_POINT('',(-5.499928960622732,-0.027954035546635593,8.209615388287922));
#583 = CARTESIAN_POINT('',(-5.51150790126921,2.2501911320318575,8.285240388287924));
#584 = CARTESIAN_POINT('',(-3.9088035521971696,3.869270576004058,8.360865388287923));
#585 = CARTESIAN_POINT('',(-2.306099203125129,5.488350019976256,8.436490388287922));
#586 = CARTESIAN_POINT('',(-0.0279540355466361,5.499928960622734,8.512115388287922));
#587 = CARTESIAN_POINT('',(2.2501911320318606,5.51150790126921,8.587740388287923));
#588 = CARTESIAN_POINT('',(3.869270576004058,3.9088035521971696,8.663365388287922));
#589 = CARTESIAN_POINT('',(5.488350019976255,2.306099203125132,8.738990388287922));
#590 = CARTESIAN_POINT('',(5.499928960622732,0.027954035546636533,8.814615388287923));
#591 = CARTESIAN_POINT('',(5.51150790126921,-2.250191132031859,8.890240388287923));
#592 = CARTESIAN_POINT('',(3.9088035521971705,-3.869270576004058,8.965865388287922));
#593 = CARTESIAN_POINT('',(2.3060992031251324,-5.488350019976255,9.041490388287922));
#594 = CARTESIAN_POINT('',(0.027954035546636967,-5.499928960622732,9.117115388287923));
#595 = CARTESIAN_POINT('',(-2.250191132031859,-5.51150790126921,9.192740388287923));
#596 = CARTESIAN_POINT('',(-3.869270576004058,-3.9088035521971696,9.268365388287924));
#597 = CARTESIAN_POINT('',(-5.4883500199762585,-2.306099203125129,9.343990388287922));
#598 = CARTESIAN_POINT('',(-5.499928960622732,-0.027954035546635593,9.419615388287921));
#599 = CARTESIAN_POINT('',(-5.51150790126921,2.2501911320318575,9.495240388287923));
#600 = CARTESIAN_POINT('',(-3.9088035521971696,3.869270576004058,9.570865388287924));
#601 = CARTESIAN_POINT('',(-2.306099203125129,5.488350019976256,9.646490388287923));
#602 = CARTESIAN_POINT('',(-0.0279540355466361,5.499928960622734,9.722115388287923));
#603 = CARTESIAN_POINT('',(2.2501911320318606,5.51150790126921,9.797740388287922));
#604 = CARTESIAN_POINT('',(3.869270576004058,3.9088035521971696,9.873365388287922));
#605 = CARTESIAN_POINT('',(5.488350019976255,2.306099203125132,9.948990388287923));
#606 = CARTESIAN_POINT('',(5.499928960622732,0.027954035546636533,10.024615388287923));
#607 = CARTESIAN_POINT('',(5.51150790126921,-2.250191132031859,10.100240388287924));
#608 = CARTESIAN_POINT('',(3.9088035521971705,-3.869270576004058,10.175865388287923));
#609 = CARTESIAN_POINT('',(2.3060992031251324,-5.488350019976255,10.251490388287923));
#610 = CARTESIAN_POINT('',(0.027954035546636967,-5.499928960622732,10.327115388287924));
#611 = CARTESIAN_POINT('',(-2.250191132031859,-5.51150790126921,10.402740388287924));
#612 = CARTESIAN_POINT('',(-3.869270576004058,-3.9088035521971696,10.478365388287923));
#613 = CARTESIAN_POINT('',(-5.4883500199762585,-2.306099203125129,10.553990388287922));
#614 = CARTESIAN_POINT('',(-5.499928960622732,-0.027954035546635593,10.629615388287922));
#615 = CARTESIAN_POINT('',(-5.51150790126921,2.2501911320318575,10.705240388287923));
#616 = CARTESIAN_POINT('',(-3.9088035521971696,3.869270576004058,10.780865388287923));
#617 = CARTESIAN_POINT('',(-2.306099203125129,5.488350019976256,10.856490388287922));
#618 = CARTESIAN_POINT('',(-0.0279540355466361,5.499928960622734,10.932115388287922));
#619 = CARTESIAN_POINT('',(2.2501911320318606,5.51150790126921,11.007740388287925));
#620 = CARTESIAN_POINT('',(3.869270576004058,3.9088035521971696,11.083365388287923));
#621 = CARTESIAN_POINT('',(5.488350019976255,2.306099203125132,11.158990388287924));
#622 = CARTESIAN_POINT('',(5.499928960622732,0.027954035546636533,11.234615388287922));
#623 = CARTESIAN_POINT('',(5.51150790126921,-2.250191132031859,11.310240388287921));
#624 = CARTESIAN_POINT('',(3.9088035521971705,-3.869270576004058,11.385865388287923));
#625 = CARTESIAN_POINT('',(2.3060992031251324,-5.488350019976255,11.461490388287922));
#626 = CARTESIAN_POINT('',(0.027954035546636967,-5.499928960622732,11.537115388287923));
#627 = CARTESIAN_POINT('',(-2.250191132031859,-5.51150790126921,11.612740388287923));
#628 = CARTESIAN_POINT('',(-3.869270576004058,-3.9088035521971696,11.688365388287922));
#629 = CARTESIAN_POINT('',(-5.4883500199762585,-2.306099203125129,11.763990388287922));
#630 = CARTESIAN_POINT('',(-5.499928960622732,-0.027954035546635593,11.839615388287925));
#631 = CARTESIAN_POINT('',(-5.51150790126921,2.2501911320318575,11.915240388287923));
#632 = CARTESIAN_POINT('',(-3.9088035521971696,3.869270576004058,11.990865388287922));
#633 = CARTESIAN_POINT('',(-2.306099203125129,5.488350019976256,12.06649038828792));
#634 = CARTESIAN_POINT('',(-0.0279540355466361,5.499928960622734,12.142115388287923));
#635 = CARTESIAN_POINT('',(2.2501911320318606,5.51150790126921,12.217740388287924));
#636 = CARTESIAN_POINT('',(3.869270576004058,3.9088035521971696,12.293365388287922));
#637 = CARTESIAN_POINT('',(5.488350019976255,2.306099203125132,12.368990388287923));
#638 = CARTESIAN_POINT('',(5.499928960622732,0.027954035546636533,12.444615388287922));
#639 = CARTESIAN_POINT('',(5.51150790126921,-2.250191132031859,12.520240388287922));
#640 = CARTESIAN_POINT('',(3.9088035521971705,-3.869270576004058,12.595865388287924));
#641 = CARTESIAN_POINT('',(2.3060992031251324,-5.488350019976255,12.671490388287923));
#642 = CARTESIAN_POINT('',(0.027954035546636967,-5.499928960622732,12.747115388287922));
#643 = CARTESIAN_POINT('',(-2.250191132031859,-5.51150790126921,12.822740388287922));
#644 = CARTESIAN_POINT('',(-3.869270576004058,-3.9088035521971696,12.898365388287923));
#645 = CARTESIAN_POINT('',(-5.4883500199762585,-2.306099203125129,12.973990388287922));
#646 = CARTESIAN_POINT('',(-5.499928960622732,-0.027954035546635593,13.049615388287924));
#647 = CARTESIAN_POINT('',(-5.51150790126921,2.2501911320318575,13.125240388287922));
#648 = CARTESIAN_POINT('',(-3.9088035521971696,3.869270576004058,13.200865388287921));
#649 = CARTESIAN_POINT('',(-2.306099203125129,5.488350019976256,13.276490388287923));
#650 = CARTESIAN_POINT('',(-0.0279540355466361,5.499928960622734,13.352115388287924));
#651 = CARTESIAN_POINT('',(2.2501911320318606,5.51150790126921,13.427740388287923));
#652 = CARTESIAN_POINT('',(3.869270576004058,3.9088035521971696,13.503365388287923));
#653 = CARTESIAN_POINT('',(5.488350019976255,2.306099203125132,13.578990388287922));
#654 = CARTESIAN_POINT('',(5.499928960622732,0.027954035546636533,13.654615388287922));
#655 = CARTESIAN_POINT('',(5.51150790126921,-2.250191132031859,13.730240388287923));
#656 = CARTESIAN_POINT('',(3.9088035521971705,-3.869270576004058,13.805865388287923));
#657 = CARTESIAN_POINT('',(2.3060992031251324,-5.488350019976255,13.881490388287924));
#658 = CARTESIAN_POINT('',(0.027954035546636967,-5.499928960622732,13.95711538828792));
#659 = CARTESIAN_POINT('',(-2.250191132031859,-5.51150790126921,14.032740388287923));
#660 = CARTESIAN_POINT('',(-3.869270576004058,-3.9088035521971696,14.108365388287924));
#661 = CARTESIAN_POINT('',(-5.4883500199762585,-2.306099203125129,14.183990388287922));
#662 = CARTESIAN_POINT('',(-5.499928960622732,-0.027954035546635593,14.259615388287923));
#663 = CARTESIAN_POINT('',(-5.51150790126921,2.2501911320318575,14.33524038828792));
#664 = CARTESIAN_POINT('',(-3.9088035521971696,3.869270576004058,14.410865388287922));
#665 = CARTESIAN_POINT('',(-2.306099203125129,5.488350019976256,14.486490388287923));
#666 = CARTESIAN_POINT('',(-0.0279540355466361,5.499928960622734,14.562115388287923));
#667 = CARTESIAN_POINT('',(2.2501911320318606,5.51150790126921,14.637740388287922));
#668 = CARTESIAN_POINT('',(3.869270576004058,3.9088035521971696,14.713365388287922));
#669 = CARTESIAN_POINT('',(5.488350019976255,2.306099203125132,14.788990388287923));
#670 = CARTESIAN_POINT('',(5.499928960622732,0.027954035546636533,14.864615388287923));
#671 = CARTESIAN_POINT('',(5.51150790126921,-2.250191132031859,14.940240388287924));
#672 = CARTESIAN_POINT('',(3.9088035521971705,-3.869270576004058,15.015865388287922));
#673 = CARTESIAN_POINT('',(2.3060992031251324,-5.488350019976255,15.091490388287923));
#674 = CARTESIAN_POINT('',(0.027954035546636967,-5.499928960622732,15.167115388287923));
#675 = CARTESIAN_POINT('',(-2.250191132031859,-5.51150790126921,15.242740388287922));
#676 = CARTESIAN_POINT('',(-3.869270576004058,-3.9088035521971696,15.318365388287921));
#677 = CARTESIAN_POINT('',(-5.4883500199762585,-2.306099203125129,15.393990388287923));
#678 = CARTESIAN_POINT('',(-5.499928960622732,-0.027954035546635593,15.46961538828792));
#679 = CARTESIAN_POINT('',(-5.51150790126921,2.2501911320318575,15.545240388287924));
#680 = CARTESIAN_POINT('',(-3.9088035521971696,3.869270576004058,15.620865388287923));
#681 = CARTESIAN_POINT('',(-2.306099203125129,5.488350019976256,15.696490388287923));
#682 = CARTESIAN_POINT('',(-0.0279540355466361,5.499928960622734,15.772115388287926));
#683 = CARTESIAN_POINT('',(2.2501911320318606,5.51150790126921,15.847740388287919));
#684 = CARTESIAN_POINT('',(3.869270576004058,3.9088035521971696,15.923365388287921));
#685 = CARTESIAN_POINT('',(5.488350019976255,2.306099203125132,15.99899038828792));
#686 = CARTESIAN_POINT('',(5.499928960622732,0.027954035546636533,16.074615388287924));
#687 = CARTESIAN_POINT('',(5.51150790126921,-2.250191132031859,16.150240388287926));
#688 = CARTESIAN_POINT('',(3.9088035521971705,-3.869270576004058,16.225865388287918));
#689 = CARTESIAN_POINT('',(2.3060992031251324,-5.488350019976255,16.301490388287924));
#690 = CARTESIAN_POINT('',(0.027954035546636967,-5.499928960622732,16.377115388287923));
#691 = CARTESIAN_POINT('',(-2.250191132031859,-5.51150790126921,16.45274038828792));
#692 = CARTESIAN_POINT('',(-3.869270576004058,-3.9088035521971696,16.52836538828792));
#693 = CARTESIAN_POINT('',(-5.4883500199762585,-2.306099203125129,16.603990388287922));
#694 = CARTESIAN_POINT('',(-5.499928960622732,-0.027954035546635593,16.67961538828792));
#695 = CARTESIAN_POINT('',(-5.51150790126921,2.2501911320318575,16.755240388287923));
#696 = CARTESIAN_POINT('',(-3.9088035521971696,3.869270576004058,16.830865388287922));
#697 = CARTESIAN_POINT('',(-2.306099203125129,5.488350019976256,16.90649038828792));
#698 = CARTESIAN_POINT('',(-0.0279540355466361,5.499928960622734,16.982115388287923));
#699 = CARTESIAN_POINT('',(2.2501911320318606,5.51150790126921,17.057740388287925));
#700 = CARTESIAN_POINT('',(3.869270576004058,3.9088035521971696,17.133365388287924));
#701 = CARTESIAN_POINT('',(5.488350019976255,2.306099203125132,17.208990388287923));
#702 = CARTESIAN_POINT('',(5.499928960622732,0.027954035546636533,17.284615388287918));
#703 = CARTESIAN_POINT('',(5.51150790126921,-2.250191132031859,17.36024038828792));
#704 = CARTESIAN_POINT('',(3.9088035521971705,-3.869270576004058,17.435865388287922));
#705 = CARTESIAN_POINT('',(2.3060992031251324,-5.488350019976255,17.511490388287925));
#706 = CARTESIAN_POINT('',(0.027954035546636967,-5.499928960622732,17.587115388287923));
#707 = CARTESIAN_POINT('',(-2.250191132031859,-5.51150790126921,17.662740388287922));
#708 = CARTESIAN_POINT('',(-3.869270576004058,-3.9088035521971696,17.73836538828792));
#709 = CARTESIAN_POINT('',(-5.4883500199762585,-2.306099203125129,17.813990388287923));
#710 = CARTESIAN_POINT('',(-5.499928960622732,-0.027954035546635593,17.889615388287925));
#711 = CARTESIAN_POINT('',(-5.51150790126921,2.2501911320318575,17.965240388287924));
#712 = CARTESIAN_POINT('',(-3.9088035521971696,3.869270576004058,18.04086538828792));
#713 = CARTESIAN_POINT('',(-2.306099203125129,5.488350019976256,18.11649038828792));
#714 = CARTESIAN_POINT('',(-0.0279540355466361,5.499928960622734,18.19211538828792));
#715 = CARTESIAN_POINT('',(2.2501911320318606,5.51150790126921,18.267740388287923));
#716 = CARTESIAN_POINT('',(3.869270576004058,3.9088035521971696,18.34336538828792));
#717 = CARTESIAN_POINT('',(5.488350019976255,2.306099203125132,18.418990388287924));
#718 = CARTESIAN_POINT('',(5.499928960622732,0.027954035546636533,18.494615388287922));
#719 = CARTESIAN_POINT('',(5.51150790126921,-2.250191132031859,18.57024038828792));
#720 = CARTESIAN_POINT('',(3.9088035521971705,-3.869270576004058,18.645865388287923));
#721 = CARTESIAN_POINT('',(2.3060992031251324,-5.488350019976255,18.721490388287922));
#722 = CARTESIAN_POINT('',(0.027954035546636967,-5.499928960622732,18.797115388287917));
#723 = CARTESIAN_POINT('',(-2.250191132031859,-5.51150790126921,18.872740388287923));
#724 = CARTESIAN_POINT('',(-3.869270576004058,-3.9088035521971696,18.948365388287925));
#725 = CARTESIAN_POINT('',(-5.4883500199762585,-2.306099203125129,19.02399038828792));
#726 = CARTESIAN_POINT('',(-5.499928960622732,-0.027954035546635593,19.099615388287923));
#727 = CARTESIAN_POINT('',(-5.51150790126921,2.2501911320318575,19.175240388287918));
#728 = CARTESIAN_POINT('',(-3.9088035521971696,3.869270576004058,19.25086538828792));
#729 = CARTESIAN_POINT('',(-2.306099203125129,5.488350019976256,19.326490388287922));
#730 = CARTESIAN_POINT('',(-0.0279540355466361,5.499928960622734,19.40211538828792));
#731 = CARTESIAN_POINT('',(2.2501911320318606,5.51150790126921,19.47774038828792));
#732 = CARTESIAN_POINT('',(3.869270576004058,3.9088035521971696,19.553365388287922));
#733 = CARTESIAN_POINT('',(5.488350019976255,2.306099203125132,19.62899038828792));
#734 = CARTESIAN_POINT('',(5.499928960622732,0.027954035546636533,19.704615388287923));
#735 = CARTESIAN_POINT('',(5.51150790126921,-2.250191132031859,19.780240388287922));
#736 = CARTESIAN_POINT('',(3.9088035521971705,-3.869270576004058,19.855865388287924));
#737 = CARTESIAN_POINT('',(2.3060992031251324,-5.488350019976255,19.93149038828792));
#738 = CARTESIAN_POINT('',(0.027954035546636967,-5.499928960622732,20.00711538828792));
#739 = CARTESIAN_POINT('',(-2.250191132031859,-5.51150790126921,20.082740388287924));
#740 = CARTESIAN_POINT('',(-3.869270576004058,-3.9088035521971696,20.15836538828792));
#741 = CARTESIAN_POINT('',(-5.4883500199762585,-2.306099203125129,20.233990388287918));
#742 = CARTESIAN_POINT('',(-5.499928960622732,-0.027954035546635593,20.309615388287924));
#743 = CARTESIAN_POINT('',(-5.51150790126921,2.2501911320318575,20.385240388287926));
#744 = CARTESIAN_POINT('',(-3.9088035521971696,3.869270576004058,20.460865388287925));
#745 = CARTESIAN_POINT('',(-2.306099203125129,5.488350019976256,20.536490388287923));
#746 = CARTESIAN_POINT('',(-0.0279540355466361,5.499928960622734,20.612115388287922));
#747 = CARTESIAN_POINT('',(2.2501911320318606,5.51150790126921,20.68774038828792));
#748 = CARTESIAN_POINT('',(3.869270576004058,3.9088035521971696,20.763365388287923));
#749 = CARTESIAN_POINT('',(4.225462374238319,3.5562142174000555,20.78000262300902));
#750 = CARTESIAN_POINT('',(4.51205678375177,3.1450506482725555,20.79761144239145));
#751 = ( BOUNDED_CURVE() B_SPLINE_CURVE(2,(#468,#469,#470,#471,#472,#473,#474,#475,#476,#477,#478,#479,#480,#481,#482,#483,#484,#485,#486,#487,#488,#489,#490,#491,#492,#493,#494,#495,#496,#497,#498,#499,#500,#501,#502,#503,#504,#505,#506,#507,#508,#509,#510,#511,#512,#513,#514,#515,#516,#517,#518,#519,#520,#521,#522,#523,#524,#525,#526,#527,#528,#529,#530,#531,#532,#533,#534,#535,#536,#537,#538,#539,#540,#541,#542,#543,#544,#545,#546,#547,#548,#549,#550,#551,#552,#553,#554,#555,#556,#557,#558,#559,#560,#561,#562,#563,#564,#565,#566,#567,#568,#569,#570,#571,#572,#573,#574,#575,#576,#577,#578,#579,#580,#581,#582,#583,#584,#585,#586,#587,#588,#589,#590,#591,#592,#593,#594,#595,#596,#597,#598,#599,#600,#601,#602,#603,#604,#605,#606,#607,#608,#609,#610,#611,#612,#613,#614,#615,#616,#617,#618,#619,#620,#621,#622,#623,#624,#625,#626,#627,#628,#629,#630,#631,#632,#633,#634,#635,#636,#637,#638,#639,#640,#641,#642,#643,#644,#645,#646,#647,#648,#649,#650,#651,#652,#653,#654,#655,#656,#657,#658,#659,#660,#661,#662,#663,#664,#665,#666,#667,#668,#669,#670,#671,#672,#673,#674,#675,#676,#677,#678,#679,#680,#681,#682,#683,#684,#685,#686,#687,#688,#689,#690,#691,#692,#693,#694,#695,#696,#697,#698,#699,#700,#701,#702,#703,#704,#705,#706,#707,#708,#709,#710,#711,#712,#713,#714,#715,#716,#717,#718,#719,#720,#721,#722,#723,#724,#725,#726,#727,#728,#729,#730,#731,#732,#733,#734,#735,#736,#737,#738,#739,#740,#741,#742,#743,#744,#745,#746,#747,#748,#749,#750),.UNSPECIFIED.,.F.,.U.) B_SPLINE_CURVE_WITH_KNOTS((3,2,2,2,2,2,2,2,2,2,2,2,2,2,2,2,2,2,2,2,2,2,2,2,2,2,2,2,2,2,2,2,2,2,2,2,2,2,2,2,2,2,2,2,2,2,2,2,2,2,2,2,2,2,2,2,2,2,2,2,2,2,2,2,2,2,2,2,2,2,2,2,2,2,2,2,2,2,2,2,2,2,2,2,2,2,2,2,2,2,2,2,2,2,2,2,2,2,2,2,2,2,2,2,2,2,2,2,2,2,2,2,2,2,2,2,2,2,2,2,2,2,2,2,2,2,2,2,2,2,2,2,2,2,2,2,2,2,2,2,2,3),(0.,0.006944444444444444,0.013888888888888888,0.020833333333333332,0.027777777777777776,0.034722222222222224,0.041666666666666664,0.04861111111111111,0.05555555555555555,0.0625,0.06944444444444445,0.0763888888888889,0.08333333333333333,0.09027777777777778,0.09722222222222222,0.10416666666666667,0.1111111111111111,0.11805555555555555,0.125,0.13194444444444445,0.1388888888888889,0.14583333333333334,0.1527777777777778,0.1597222222222222,0.16666666666666666,0.1736111111111111,0.18055555555555555,0.1875,0.19444444444444445,0.2013888888888889,0.20833333333333334,0.2152777777777778,0.2222222222222222,0.22916666666666666,0.2361111111111111,0.24305555555555555,0.25,0.2569444444444444,0.2638888888888889,0.2708333333333333,0.2777777777777778,0.2847222222222222,0.2916666666666667,0.2986111111111111,0.3055555555555556,0.3125,0.3194444444444444,0.3263888888888889,0.3333333333333333,0.3402777777777778,0.3472222222222222,0.3541666666666667,0.3611111111111111,0.3680555555555556,0.375,0.3819444444444444,0.3888888888888889,0.3958333333333333,0.4027777777777778,0.4097222222222222,0.4166666666666667,0.4236111111111111,0.4305555555555556,0.4375,0.4444444444444444,0.4513888888888889,0.4583333333333333,0.4652777777777778,0.4722222222222222,0.4791666666666667,0.4861111111111111,0.4930555555555556,0.5,0.5069444444444444,0.5138888888888888,0.5208333333333334,0.5277777777777778,0.5347222222222222,0.5416666666666666,0.5486111111111112,0.5555555555555556,0.5625,0.5694444444444444,0.5763888888888888,0.5833333333333334,0.5902777777777778,0.5972222222222222,0.6041666666666666,0.6111111111111112,0.6180555555555556,0.625,0.6319444444444444,0.6388888888888888,0.6458333333333334,0.6527777777777778,0.6597222222222222,0.6666666666666666,0.6736111111111112,0.6805555555555556,0.6875,0.6944444444444444,0.7013888888888888,0.7083333333333334,0.7152777777777778,0.7222222222222222,0.7291666666666666,0.7361111111111112,0.7430555555555556,0.75,0.7569444444444444,0.7638888888888888,0.7708333333333334,0.7777777777777778,0.7847222222222222,0.7916666666666666,0.7986111111111112,0.8055555555555556,0.8125,0.8194444444444444,0.8263888888888888,0.8333333333333334,0.8402777777777778,0.8472222222222222,0.8541666666666666,0.8611111111111112,0.8680555555555556,0.875,0.8819444444444444,0.8888888888888888,0.8958333333333334,0.9027777777777778,0.9097222222222222,0.9166666666666666,0.9236111111111112,0.9305555555555556,0.9375,0.9444444444444444,0.9513888888888888,0.9583333333333334,0.9652777777777778,0.9722222222222222,0.9738464105756927),.UNSPECIFIED.) CURVE() GEOMETRIC_REPRESENTATION_ITEM() RATIONAL_B_SPLINE_CURVE((1.,0.9238795325112867,1.,0.9238795325112867,1.,0.9238795325112867,1.,0.9238795325112867,1.,0.9238795325112867,1.,0.9238795325112867,1.,0.9238795325112867,1.,0.9238795325112867,1.,0.9238795325112867,1.,0.9238795325112867,1.,0.9238795325112867,1.,0.9238795325112867,1.,0.9238795325112867,1.,0.9238795325112867,1.,0.9238795325112867,1.,0.9238795325112867,1.,0.9238795325112867,1.,0.9238795325112867,1.,0.9238795325112867,1.,0.9238795325112867,1.,0.9238795325112867,1.,0.9238795325112867,1.,0.9238795325112867,1.,0.9238795325112867,1.,0.9238795325112867,1.,0.9238795325112867,1.,0.9238795325112867,1.,0.9238795325112867,1.,0.9238795325112867,1.,0.9238795325112867,1.,0.9238795325112867,1.,0.9238795325112867,1.,0.9238795325112867,1.,0.9238795325112867,1.,0.9238795325112867,1.,0.9238795325112867,1.,0.9238795325112867,1.,0.9238795325112867,1.,0.9238795325112867,1.,0.9238795325112867,1.,0.9238795325112867,1.,0.9238795325112867,1.,0.9238795325112867,1.,0.9238795325112867,1.,0.9238795325112867,1.,0.9238795325112867,1.,0.9238795325112867,1.,0.9238795325112867,1.,0.9238795325112867,1.,0.9238795325112867,1.,0.9238795325112867,1.,0.9238795325112867,1.,0.9238795325112867,1.,0.9238795325112867,1.,0.9238795325112867,1.,0.9238795325112867,1.,0.9238795325112867,1.,0.9238795325112867,1.,0.9238795325112867,1.,0.9238795325112867,1.,0.9238795325112867,1.,0.9238795325112867,1.,0.9238795325112867,1.,0.9238795325112867,1.,0.9238795325112867,1.,0.9238795325112867,1.,0.9238795325112867,1.,0.9238795325112867,1.,0.9238795325112867,1.,0.9238795325112867,1.,0.9238795325112867,1.,0.9238795325112867,1.,0.9238795325112867,1.,0.9238795325112867,1.,0.9238795325112867,1.,0.9238795325112867,1.,0.9238795325112867,1.,0.9238795325112867,1.,0.9238795325112867,1.,0.9238795325112867,1.,0.9238795325112867,1.,0.9238795325112867,1.,0.9238795325112867,1.,0.9238795325112867,1.,0.9238795325112867,1.,0.9238795325112867,1.,0.9238795325112867,1.,0.9238795325112867,1.,0.9238795325112867,1.,0.9238795325112867,1.,0.9238795325112867,1.,0.9238795325112867,1.,0.9238795325112867,1.,0.9238795325112867,1.,0.9238795325112867,1.,0.9238795325112867,1.,0.9238795325112867,1.,0.9238795325112867,1.,0.9238795325112867,1.,0.9238795325112867,1.,0.9238795325112867,1.,0.9238795325112867,1.,0.9238795325112867,1.,0.9238795325112867,1.,0.9238795325112867,1.,0.9238795325112867,1.,0.9238795325112867,1.,0.9238795325112867,1.,0.9238795325112867,1.,0.9238795325112867,1.,0.9238795325112867,1.,0.9238795325112867,1.,0.9238795325112867,1.,0.9238795325112867,1.,0.9238795325112867,1.,0.9238795325112867,1.,0.9238795325112867,1.,0.9238795325112867,1.,0.9238795325112867,1.,0.9238795325112867,1.,0.9238795325112867,1.,0.9238795325112867,1.,0.9238795325112867,1.,0.9238795325112867,1.,0.9238795325112867,1.,0.9238795325112867,1.,0.9238795325112867,1.,0.9238795325112867,1.,0.9238795325112867,1.,0.9238795325112867,1.,0.9238795325112867,1.,0.9238795325112867,1.,0.9238795325112867,1.,0.9238795325112867,1.,0.9238795325112867,1.,0.9238795325112867,1.,0.9238795325112867,1.,0.9238795325112867,1.,0.9238795325112867,1.,0.9238795325112867,1.,0.9821967073471511,0.9727211940613951)) REPRESENTATION_ITEM('') );
#752 = EDGE_CURVE('',#450,#88,#751,.T.);
#753 = ORIENTED_EDGE('',*,*,#752,.T.);
#754 = EDGE_LOOP('',(#448,#467,#753));
#755 = FACE_OUTER_BOUND('',#754,.T.);
#756 = ADVANCED_FACE('',(#755),#84,.F.);
#757 = CLOSED_SHELL('',(#756));
#758 = CARTESIAN_POINT('',(-3.760507113477938,-3.8085302315824183,-0.24017685425502647));
#759 = CARTESIAN_POINT('',(-5.338051988107321,-2.250877183779355,-0.1645518542550265));
#760 = CARTESIAN_POINT('',(-5.3521176337464,-0.033957472465400394,-0.08892685425502656));
#761 = CARTESIAN_POINT('',(-5.366183279385481,2.1829622388485532,-0.013301854255026377));
#762 = CARTESIAN_POINT('',(-3.8085302315824183,3.760507113477938,0.06232314574497358));
#763 = CARTESIAN_POINT('',(-2.250877183779355,5.338051988107321,0.13794814574497352));
#764 = CARTESIAN_POINT('',(-0.03395747246540083,5.352117633746401,0.2135731457449735));
#765 = CARTESIAN_POINT('',(2.182962238848556,5.366183279385481,0.2891981457449736));
#766 = CARTESIAN_POINT('',(3.7605071134779378,3.8085302315824188,0.3648231457449735));
#767 = CARTESIAN_POINT('',(5.33805198810732,2.250877183779357,0.4404481457449735));
#768 = CARTESIAN_POINT('',(5.3521176337464,0.03395747246540126,0.5160731457449735));
#769 = CARTESIAN_POINT('',(5.3661832793854805,-2.1829622388485546,0.5916981457449735));
#770 = CARTESIAN_POINT('',(3.8085302315824188,-3.7605071134779378,0.6673231457449734));
#771 = CARTESIAN_POINT('',(2.250877183779357,-5.33805198810732,0.7429481457449735));
#772 = CARTESIAN_POINT('',(0.03395747246540169,-5.352117633746401,0.8185731457449734));
#773 = CARTESIAN_POINT('',(-2.1829622388485546,-5.3661832793854805,0.8941981457449735));
#774 = CARTESIAN_POINT('',(-3.760507113477938,-3.8085302315824183,0.9698231457449734));
#775 = CARTESIAN_POINT('',(-5.338051988107321,-2.250877183779355,1.0454481457449734));
#776 = CARTESIAN_POINT('',(-5.3521176337464,-0.033957472465400394,1.1210731457449734));
#777 = CARTESIAN_POINT('',(-5.366183279385481,2.1829622388485532,1.1966981457449732));
#778 = CARTESIAN_POINT('',(-3.8085302315824183,3.760507113477938,1.2723231457449735));
#779 = CARTESIAN_POINT('',(-2.250877183779355,5.338051988107321,1.3479481457449733));
#780 = CARTESIAN_POINT('',(-0.03395747246540083,5.352117633746401,1.4235731457449734));
#781 = CARTESIAN_POINT('',(2.182962238848556,5.366183279385481,1.4991981457449737));
#782 = CARTESIAN_POINT('',(3.7605071134779378,3.8085302315824188,1.5748231457449733));
#783 = CARTESIAN_POINT('',(5.33805198810732,2.250877183779357,1.6504481457449736));
#784 = CARTESIAN_POINT('',(5.3521176337464,0.03395747246540126,1.7260731457449734));
#785 = CARTESIAN_POINT('',(5.3661832793854805,-2.1829622388485546,1.8016981457449734));
#786 = CARTESIAN_POINT('',(3.8085302315824188,-3.7605071134779378,1.8773231457449733));
#787 = CARTESIAN_POINT('',(2.250877183779357,-5.33805198810732,1.9529481457449733));
#788 = CARTESIAN_POINT('',(0.03395747246540169,-5.352117633746401,2.0285731457449736));
#789 = CARTESIAN_POINT('',(-2.1829622388485546,-5.3661832793854805,2.104198145744973));
#790 = CARTESIAN_POINT('',(-3.760507113477938,-3.8085302315824183,2.1798231457449733));
#791 = CARTESIAN_POINT('',(-5.338051988107321,-2.250877183779355,2.2554481457449738));
#792 = CARTESIAN_POINT('',(-5.3521176337464,-0.033957472465400394,2.3310731457449734));
#793 = CARTESIAN_POINT('',(-5.366183279385481,2.1829622388485532,2.4066981457449734));
#794 = CARTESIAN_POINT('',(-3.8085302315824183,3.760507113477938,2.482323145744973));
#795 = CARTESIAN_POINT('',(-2.250877183779355,5.338051988107321,2.5579481457449735));
#796 = CARTESIAN_POINT('',(-0.03395747246540083,5.352117633746401,2.6335731457449736));
#797 = CARTESIAN_POINT('',(2.182962238848556,5.366183279385481,2.709198145744973));
#798 = CARTESIAN_POINT('',(3.7605071134779378,3.8085302315824188,2.784823145744973));
#799 = CARTESIAN_POINT('',(5.33805198810732,2.250877183779357,2.8604481457449733));
#800 = CARTESIAN_POINT('',(5.3521176337464,0.03395747246540126,2.9360731457449734));
#801 = CARTESIAN_POINT('',(5.3661832793854805,-2.1829622388485546,3.0116981457449734));
#802 = CARTESIAN_POINT('',(3.8085302315824188,-3.7605071134779378,3.087323145744974));
#803 = CARTESIAN_POINT('',(2.250877183779357,-5.33805198810732,3.162948145744973));
#804 = CARTESIAN_POINT('',(0.03395747246540169,-5.352117633746401,3.238573145744973));
#805 = CARTESIAN_POINT('',(-2.1829622388485546,-5.3661832793854805,3.314198145744973));
#806 = CARTESIAN_POINT('',(-3.760507113477938,-3.8085302315824183,3.3898231457449737));
#807 = CARTESIAN_POINT('',(-5.338051988107321,-2.250877183779355,3.4654481457449737));
#808 = CARTESIAN_POINT('',(-5.3521176337464,-0.033957472465400394,3.541073145744973));
#809 = CARTESIAN_POINT('',(-5.366183279385481,2.1829622388485532,3.616698145744973));
#810 = CARTESIAN_POINT('',(-3.8085302315824183,3.760507113477938,3.6923231457449734));
#811 = CARTESIAN_POINT('',(-2.250877183779355,5.338051988107321,3.7679481457449735));
#812 = CARTESIAN_POINT('',(-0.03395747246540083,5.352117633746401,3.8435731457449736));
#813 = CARTESIAN_POINT('',(2.182962238848556,5.366183279385481,3.919198145744973));
#814 = CARTESIAN_POINT('',(3.7605071134779378,3.8085302315824188,3.994823145744973));
#815 = CARTESIAN_POINT('',(5.33805198810732,2.250877183779357,4.070448145744973));
#816 = CARTESIAN_POINT('',(5.3521176337464,0.03395747246540126,4.146073145744974));
#817 = CARTESIAN_POINT('',(5.3661832793854805,-2.1829622388485546,4.221698145744973));
#818 = CARTESIAN_POINT('',(3.8085302315824188,-3.7605071134779378,4.297323145744973));
#819 = CARTESIAN_POINT('',(2.250877183779357,-5.33805198810732,4.3729481457449735));
#820 = CARTESIAN_POINT('',(0.03395747246540169,-5.352117633746401,4.448573145744973));
#821 = CARTESIAN_POINT('',(-2.1829622388485546,-5.3661832793854805,4.524198145744974));
#822 = CARTESIAN_POINT('',(-3.760507113477938,-3.8085302315824183,4.599823145744973));
#823 = CARTESIAN_POINT('',(-5.338051988107321,-2.250877183779355,4.675448145744973));
#824 = CARTESIAN_POINT('',(-5.3521176337464,-0.033957472465400394,4.751073145744973));
#825 = CARTESIAN_POINT('',(-5.366183279385481,2.1829622388485532,4.826698145744973));
#826 = CARTESIAN_POINT('',(-3.8085302315824183,3.760507113477938,4.9023231457449725));
#827 = CARTESIAN_POINT('',(-2.250877183779355,5.338051988107321,4.977948145744973));
#828 = CARTESIAN_POINT('',(-0.03395747246540083,5.352117633746401,5.053573145744973));
#829 = CARTESIAN_POINT('',(2.182962238848556,5.366183279385481,5.129198145744973));
#830 = CARTESIAN_POINT('',(3.7605071134779378,3.8085302315824188,5.204823145744974));
#831 = CARTESIAN_POINT('',(5.33805198810732,2.250877183779357,5.280448145744972));
#832 = CARTESIAN_POINT('',(5.3521176337464,0.03395747246540126,5.356073145744973));
#833 = CARTESIAN_POINT('',(5.3661832793854805,-2.1829622388485546,5.431698145744973));
#834 = CARTESIAN_POINT('',(3.8085302315824188,-3.7605071134779378,5.507323145744973));
#835 = CARTESIAN_POINT('',(2.250877183779357,-5.33805198810732,5.5829481457449734));
#836 = CARTESIAN_POINT('',(0.03395747246540169,-5.352117633746401,5.658573145744972));
#837 = CARTESIAN_POINT('',(-2.1829622388485546,-5.3661832793854805,5.734198145744973));
#838 = CARTESIAN_POINT('',(-3.760507113477938,-3.8085302315824183,5.809823145744973));
#839 = CARTESIAN_POINT('',(-5.338051988107321,-2.250877183779355,5.885448145744973));
#840 = CARTESIAN_POINT('',(-5.3521176337464,-0.033957472465400394,5.961073145744973));
#841 = CARTESIAN_POINT('',(-5.366183279385481,2.1829622388485532,6.036698145744974));
#842 = CARTESIAN_POINT('',(-3.8085302315824183,3.760507113477938,6.1123231457449725));
#843 = CARTESIAN_POINT('',(-2.250877183779355,5.338051988107321,6.187948145744973));
#844 = CARTESIAN_POINT('',(-0.03395747246540083,5.352117633746401,6.2635731457449735));
#845 = CARTESIAN_POINT('',(2.182962238848556,5.366183279385481,6.339198145744973));
#846 = CARTESIAN_POINT('',(3.7605071134779378,3.8085302315824188,6.414823145744973));
#847 = CARTESIAN_POINT('',(5.33805198810732,2.250877183779357,6.490448145744972));
#848 = CARTESIAN_POINT('',(5.3521176337464,0.03395747246540126,6.566073145744973));
#849 = CARTESIAN_POINT('',(5.3661832793854805,-2.1829622388485546,6.641698145744973));
#850 = CARTESIAN_POINT('',(3.8085302315824188,-3.7605071134779378,6.717323145744973));
#851 = CARTESIAN_POINT('',(2.250877183779357,-5.33805198810732,6.7929481457449725));
#852 = CARTESIAN_POINT('',(0.03395747246540169,-5.352117633746401,6.868573145744973));
#853 = CARTESIAN_POINT('',(-2.1829622388485546,-5.3661832793854805,6.9441981457449735));
#854 = CARTESIAN_POINT('',(-3.760507113477938,-3.8085302315824183,7.019823145744973));
#855 = CARTESIAN_POINT('',(-5.338051988107321,-2.250877183779355,7.095448145744974));
#856 = CARTESIAN_POINT('',(-5.3521176337464,-0.033957472465400394,7.171073145744972));
#857 = CARTESIAN_POINT('',(-5.366183279385481,2.1829622388485532,7.246698145744973));
#858 = CARTESIAN_POINT('',(-3.8085302315824183,3.760507113477938,7.3223231457449725));
#859 = CARTESIAN_POINT('',(-2.250877183779355,5.338051988107321,7.397948145744973));
#860 = CARTESIAN_POINT('',(-0.03395747246540083,5.352117633746401,7.4735731457449734));
#861 = CARTESIAN_POINT('',(2.182962238848556,5.366183279385481,7.549198145744972));
#862 = CARTESIAN_POINT('',(3.7605071134779378,3.8085302315824188,7.624823145744973));
#863 = CARTESIAN_POINT('',(5.33805198810732,2.250877183779357,7.700448145744973));
#864 = CARTESIAN_POINT('',(5.3521176337464,0.03395747246540126,7.776073145744973));
#865 = CARTESIAN_POINT('',(5.3661832793854805,-2.1829622388485546,7.851698145744974));
#866 = CARTESIAN_POINT('',(3.8085302315824188,-3.7605071134779378,7.927323145744974));
#867 = CARTESIAN_POINT('',(2.250877183779357,-5.33805198810732,8.002948145744973));
#868 = CARTESIAN_POINT('',(0.03395747246540169,-5.352117633746401,8.078573145744974));
#869 = CARTESIAN_POINT('',(-2.1829622388485546,-5.3661832793854805,8.154198145744973));
#870 = CARTESIAN_POINT('',(-3.760507113477938,-3.8085302315824183,8.229823145744973));
#871 = CARTESIAN_POINT('',(-5.338051988107321,-2.250877183779355,8.305448145744974));
#872 = CARTESIAN_POINT('',(-5.3521176337464,-0.033957472465400394,8.381073145744972));
#873 = CARTESIAN_POINT('',(-5.366183279385481,2.1829622388485532,8.456698145744975));
#874 = CARTESIAN_POINT('',(-3.8085302315824183,3.760507113477938,8.532323145744973));
#875 = CARTESIAN_POINT('',(-2.250877183779355,5.338051988107321,8.607948145744972));
#876 = CARTESIAN_POINT('',(-0.03395747246540083,5.352117633746401,8.683573145744973));
#877 = CARTESIAN_POINT('',(2.182962238848556,5.366183279385481,8.759198145744973));
#878 = CARTESIAN_POINT('',(3.7605071134779378,3.8085302315824188,8.834823145744972));
#879 = CARTESIAN_POINT('',(5.33805198810732,2.250877183779357,8.910448145744972));
#880 = CARTESIAN_POINT('',(5.3521176337464,0.03395747246540126,8.986073145744973));
#881 = CARTESIAN_POINT('',(5.3661832793854805,-2.1829622388485546,9.061698145744973));
#882 = CARTESIAN_POINT('',(3.8085302315824188,-3.7605071134779378,9.137323145744972));
#883 = CARTESIAN_POINT('',(2.250877183779357,-5.33805198810732,9.212948145744972));
#884 = CARTESIAN_POINT('',(0.03395747246540169,-5.352117633746401,9.288573145744973));
#885 = CARTESIAN_POINT('',(-2.1829622388485546,-5.3661832793854805,9.364198145744973));
#886 = CARTESIAN_POINT('',(-3.760507113477938,-3.8085302315824183,9.439823145744974));
#887 = CARTESIAN_POINT('',(-5.338051988107321,-2.250877183779355,9.515448145744973));
#888 = CARTESIAN_POINT('',(-5.3521176337464,-0.033957472465400394,9.591073145744971));
#889 = CARTESIAN_POINT('',(-5.366183279385481,2.1829622388485532,9.666698145744974));
#890 = CARTESIAN_POINT('',(-3.8085302315824183,3.760507113477938,9.742323145744972));
#891 = CARTESIAN_POINT('',(-2.250877183779355,5.338051988107321,9.817948145744973));
#892 = CARTESIAN_POINT('',(-0.03395747246540083,5.352117633746401,9.893573145744973));
#893 = CARTESIAN_POINT('',(2.182962238848556,5.366183279385481,9.969198145744972));
#894 = CARTESIAN_POINT('',(3.7605071134779378,3.8085302315824188,10.044823145744973));
#895 = CARTESIAN_POINT('',(5.33805198810732,2.250877183779357,10.120448145744973));
#896 = CARTESIAN_POINT('',(5.3521176337464,0.03395747246540126,10.196073145744974));
#897 = CARTESIAN_POINT('',(5.3661832793854805,-2.1829622388485546,10.271698145744972));
#898 = CARTESIAN_POINT('',(3.8085302315824188,-3.7605071134779378,10.347323145744973));
#899 = CARTESIAN_POINT('',(2.250877183779357,-5.33805198810732,10.422948145744973));
#900 = CARTESIAN_POINT('',(0.03395747246540169,-5.352117633746401,10.498573145744972));
#901 = CARTESIAN_POINT('',(-2.1829622388485546,-5.3661832793854805,10.574198145744973));
#902 = CARTESIAN_POINT('',(-3.760507113477938,-3.8085302315824183,10.649823145744973));
#903 = CARTESIAN_POINT('',(-5.338051988107321,-2.250877183779355,10.725448145744972));
#904 = CARTESIAN_POINT('',(-5.3521176337464,-0.033957472465400394,10.801073145744972));
#905 = CARTESIAN_POINT('',(-5.366183279385481,2.1829622388485532,10.876698145744973));
#906 = CARTESIAN_POINT('',(-3.8085302315824183,3.760507113477938,10.952323145744973));
#907 = CARTESIAN_POINT('',(-2.250877183779355,5.338051988107321,11.027948145744972));
#908 = CARTESIAN_POINT('',(-0.03395747246540083,5.352117633746401,11.103573145744972));
#909 = CARTESIAN_POINT('',(2.182962238848556,5.366183279385481,11.179198145744975));
#910 = CARTESIAN_POINT('',(3.7605071134779378,3.8085302315824188,11.254823145744972));
#911 = CARTESIAN_POINT('',(5.33805198810732,2.250877183779357,11.330448145744974));
#912 = CARTESIAN_POINT('',(5.3521176337464,0.03395747246540126,11.406073145744973));
#913 = CARTESIAN_POINT('',(5.3661832793854805,-2.1829622388485546,11.481698145744971));
#914 = CARTESIAN_POINT('',(3.8085302315824188,-3.7605071134779378,11.557323145744974));
#915 = CARTESIAN_POINT('',(2.250877183779357,-5.33805198810732,11.632948145744972));
#916 = CARTESIAN_POINT('',(0.03395747246540169,-5.352117633746401,11.708573145744973));
#917 = CARTESIAN_POINT('',(-2.1829622388485546,-5.3661832793854805,11.784198145744973));
#918 = CARTESIAN_POINT('',(-3.760507113477938,-3.8085302315824183,11.859823145744972));
#919 = CARTESIAN_POINT('',(-5.338051988107321,-2.250877183779355,11.935448145744973));
#920 = CARTESIAN_POINT('',(-5.3521176337464,-0.033957472465400394,12.011073145744973));
#921 = CARTESIAN_POINT('',(-5.366183279385481,2.1829622388485532,12.086698145744974));
#922 = CARTESIAN_POINT('',(-3.8085302315824183,3.760507113477938,12.162323145744972));
#923 = CARTESIAN_POINT('',(-2.250877183779355,5.338051988107321,12.23794814574497));
#924 = CARTESIAN_POINT('',(-0.03395747246540083,5.352117633746401,12.313573145744973));
#925 = CARTESIAN_POINT('',(2.182962238848556,5.366183279385481,12.389198145744972));
#926 = CARTESIAN_POINT('',(3.7605071134779378,3.8085302315824188,12.464823145744973));
#927 = CARTESIAN_POINT('',(5.33805198810732,2.250877183779357,12.540448145744973));
#928 = CARTESIAN_POINT('',(5.3521176337464,0.03395747246540126,12.616073145744972));
#929 = CARTESIAN_POINT('',(5.3661832793854805,-2.1829622388485546,12.691698145744972));
#930 = CARTESIAN_POINT('',(3.8085302315824188,-3.7605071134779378,12.767323145744973));
#931 = CARTESIAN_POINT('',(2.250877183779357,-5.33805198810732,12.842948145744973));
#932 = CARTESIAN_POINT('',(0.03395747246540169,-5.352117633746401,12.918573145744972));
#933 = CARTESIAN_POINT('',(-2.1829622388485546,-5.3661832793854805,12.994198145744972));
#934 = CARTESIAN_POINT('',(-3.760507113477938,-3.8085302315824183,13.069823145744973));
#935 = CARTESIAN_POINT('',(-5.338051988107321,-2.250877183779355,13.145448145744972));
#936 = CARTESIAN_POINT('',(-5.3521176337464,-0.033957472465400394,13.221073145744974));
#937 = CARTESIAN_POINT('',(-5.366183279385481,2.1829622388485532,13.296698145744973));
#938 = CARTESIAN_POINT('',(-3.8085302315824183,3.760507113477938,13.372323145744971));
#939 = CARTESIAN_POINT('',(-2.250877183779355,5.338051988107321,13.447948145744974));
#940 = CARTESIAN_POINT('',(-0.03395747246540083,5.352117633746401,13.523573145744972));
#941 = CARTESIAN_POINT('',(2.182962238848556,5.366183279385481,13.599198145744973));
#942 = CARTESIAN_POINT('',(3.7605071134779378,3.8085302315824188,13.674823145744973));
#943 = CARTESIAN_POINT('',(5.33805198810732,2.250877183779357,13.750448145744972));
#944 = CARTESIAN_POINT('',(5.3521176337464,0.03395747246540126,13.826073145744973));
#945 = CARTESIAN_POINT('',(5.3661832793854805,-2.1829622388485546,13.901698145744971));
#946 = CARTESIAN_POINT('',(3.8085302315824188,-3.7605071134779378,13.977323145744974));
#947 = CARTESIAN_POINT('',(2.250877183779357,-5.33805198810732,14.052948145744974));
#948 = CARTESIAN_POINT('',(0.03395747246540169,-5.352117633746401,14.128573145744971));
#949 = CARTESIAN_POINT('',(-2.1829622388485546,-5.3661832793854805,14.204198145744973));
#950 = CARTESIAN_POINT('',(-3.760507113477938,-3.8085302315824183,14.279823145744972));
#951 = CARTESIAN_POINT('',(-5.338051988107321,-2.250877183779355,14.355448145744973));
#952 = CARTESIAN_POINT('',(-5.3521176337464,-0.033957472465400394,14.431073145744973));
#953 = CARTESIAN_POINT('',(-5.366183279385481,2.1829622388485532,14.506698145744972));
#954 = CARTESIAN_POINT('',(-3.8085302315824183,3.760507113477938,14.582323145744972));
#955 = CARTESIAN_POINT('',(-2.250877183779355,5.338051988107321,14.657948145744973));
#956 = CARTESIAN_POINT('',(-0.03395747246540083,5.352117633746401,14.733573145744973));
#957 = CARTESIAN_POINT('',(2.182962238848556,5.366183279385481,14.809198145744972));
#958 = CARTESIAN_POINT('',(3.7605071134779378,3.8085302315824188,14.884823145744972));
#959 = CARTESIAN_POINT('',(5.33805198810732,2.250877183779357,14.960448145744973));
#960 = CARTESIAN_POINT('',(5.3521176337464,0.03395747246540126,15.036073145744972));
#961 = CARTESIAN_POINT('',(5.3661832793854805,-2.1829622388485546,15.111698145744974));
#962 = CARTESIAN_POINT('',(3.8085302315824188,-3.7605071134779378,15.187323145744973));
#963 = CARTESIAN_POINT('',(2.250877183779357,-5.33805198810732,15.262948145744971));
#964 = CARTESIAN_POINT('',(0.03395747246540169,-5.352117633746401,15.338573145744974));
#965 = CARTESIAN_POINT('',(-2.1829622388485546,-5.3661832793854805,15.414198145744972));
#966 = CARTESIAN_POINT('',(-3.760507113477938,-3.8085302315824183,15.489823145744971));
#967 = CARTESIAN_POINT('',(-5.338051988107321,-2.250877183779355,15.565448145744972));
#968 = CARTESIAN_POINT('',(-5.3521176337464,-0.033957472465400394,15.641073145744974));
#969 = CARTESIAN_POINT('',(-5.366183279385481,2.1829622388485532,15.716698145744973));
#970 = CARTESIAN_POINT('',(-3.8085302315824183,3.760507113477938,15.792323145744971));
#971 = CARTESIAN_POINT('',(-2.250877183779355,5.338051988107321,15.867948145744972));
#972 = CARTESIAN_POINT('',(-0.03395747246540083,5.352117633746401,15.943573145744974));
#973 = CARTESIAN_POINT('',(2.182962238848556,5.366183279385481,16.019198145744973));
#974 = CARTESIAN_POINT('',(3.7605071134779378,3.8085302315824188,16.09482314574497));
#975 = CARTESIAN_POINT('',(5.33805198810732,2.250877183779357,16.170448145744974));
#976 = CARTESIAN_POINT('',(5.3521176337464,0.03395747246540126,16.246073145744973));
#977 = CARTESIAN_POINT('',(5.3661832793854805,-2.1829622388485546,16.321698145744975));
#978 = CARTESIAN_POINT('',(3.8085302315824188,-3.7605071134779378,16.397323145744974));
#979 = CARTESIAN_POINT('',(2.250877183779357,-5.33805198810732,16.472948145744972));
#980 = CARTESIAN_POINT('',(0.03395747246540169,-5.352117633746401,16.54857314574497));
#981 = CARTESIAN_POINT('',(-2.1829622388485546,-5.3661832793854805,16.62419814574497));
#982 = CARTESIAN_POINT('',(-3.760507113477938,-3.8085302315824183,16.699823145744972));
#983 = CARTESIAN_POINT('',(-5.338051988107321,-2.250877183779355,16.775448145744974));
#984 = CARTESIAN_POINT('',(-5.3521176337464,-0.033957472465400394,16.851073145744973));
#985 = CARTESIAN_POINT('',(-5.366183279385481,2.1829622388485532,16.92669814574497));
#986 = CARTESIAN_POINT('',(-3.8085302315824183,3.760507113477938,17.00232314574497));
#987 = CARTESIAN_POINT('',(-2.250877183779355,5.338051988107321,17.07794814574497));
#988 = CARTESIAN_POINT('',(-0.03395747246540083,5.352117633746401,17.153573145744975));
#989 = CARTESIAN_POINT('',(2.182962238848556,5.366183279385481,17.229198145744974));
#990 = CARTESIAN_POINT('',(3.7605071134779378,3.8085302315824188,17.304823145744972));
#991 = CARTESIAN_POINT('',(5.33805198810732,2.250877183779357,17.38044814574497));
#992 = CARTESIAN_POINT('',(5.3521176337464,0.03395747246540126,17.45607314574497));
#993 = CARTESIAN_POINT('',(5.3661832793854805,-2.1829622388485546,17.531698145744972));
#994 = CARTESIAN_POINT('',(3.8085302315824188,-3.7605071134779378,17.607323145744974));
#995 = CARTESIAN_POINT('',(2.250877183779357,-5.33805198810732,17.682948145744973));
#996 = CARTESIAN_POINT('',(0.03395747246540169,-5.352117633746401,17.758573145744972));
#997 = CARTESIAN_POINT('',(-2.1829622388485546,-5.3661832793854805,17.83419814574497));
#998 = CARTESIAN_POINT('',(-3.760507113477938,-3.8085302315824183,17.909823145744973));
#999 = CARTESIAN_POINT('',(-5.338051988107321,-2.250877183779355,17.98544814574497));
#1000 = CARTESIAN_POINT('',(-5.3521176337464,-0.033957472465400394,18.061073145744974));
#1001 = CARTESIAN_POINT('',(-5.366183279385481,2.1829622388485532,18.136698145744973));
#1002 = CARTESIAN_POINT('',(-3.8085302315824183,3.760507113477938,18.21232314574497));
#1003 = CARTESIAN_POINT('',(-2.250877183779355,5.338051988107321,18.287948145744974));
#1004 = CARTESIAN_POINT('',(-0.03395747246540083,5.352117633746401,18.363573145744972));
#1005 = CARTESIAN_POINT('',(2.182962238848556,5.366183279385481,18.43919814574497));
#1006 = CARTESIAN_POINT('',(3.7605071134779378,3.8085302315824188,18.51482314574497));
#1007 = CARTESIAN_POINT('',(5.33805198810732,2.250877183779357,18.590448145744972));
#1008 = CARTESIAN_POINT('',(5.3521176337464,0.03395747246540126,18.666073145744974));
#1009 = CARTESIAN_POINT('',(5.3661832793854805,-2.1829622388485546,18.741698145744973));
#1010 = CARTESIAN_POINT('',(3.8085302315824188,-3.7605071134779378,18.81732314574497));
#1011 = CARTESIAN_POINT('',(2.250877183779357,-5.33805198810732,18.892948145744967));
#1012 = CARTESIAN_POINT('',(0.03395747246540169,-5.352117633746401,18.96857314574497));
#1013 = CARTESIAN_POINT('',(-2.1829622388485546,-5.3661832793854805,19.044198145744975));
#1014 = CARTESIAN_POINT('',(-3.760507113477938,-3.8085302315824183,19.119823145744974));
#1015 = CARTESIAN_POINT('',(-5.338051988107321,-2.250877183779355,19.195448145744972));
#1016 = CARTESIAN_POINT('',(-5.3521176337464,-0.033957472465400394,19.27107314574497));
#1017 = CARTESIAN_POINT('',(-5.366183279385481,2.1829622388485532,19.34669814574497));
#1018 = CARTESIAN_POINT('',(-3.8085302315824183,3.760507113477938,19.422323145744972));
#1019 = CARTESIAN_POINT('',(-2.250877183779355,5.338051988107321,19.497948145744974));
#1020 = CARTESIAN_POINT('',(-0.03395747246540083,5.352117633746401,19.573573145744973));
#1021 = CARTESIAN_POINT('',(2.182962238848556,5.366183279385481,19.649198145744972));
#1022 = CARTESIAN_POINT('',(3.7605071134779378,3.8085302315824188,19.72482314574497));
#1023 = CARTESIAN_POINT('',(5.33805198810732,2.250877183779357,19.800448145744973));
#1024 = CARTESIAN_POINT('',(5.3521176337464,0.03395747246540126,19.87607314574497));
#1025 = CARTESIAN_POINT('',(5.3661832793854805,-2.1829622388485546,19.95169814574497));
#1026 = CARTESIAN_POINT('',(3.8085302315824188,-3.7605071134779378,20.027323145744973));
#1027 = CARTESIAN_POINT('',(2.250877183779357,-5.33805198810732,20.10294814574497));
#1028 = CARTESIAN_POINT('',(0.03395747246540169,-5.352117633746401,20.178573145744974));
#1029 = CARTESIAN_POINT('',(-2.1829622388485546,-5.3661832793854805,20.254198145744972));
#1030 = CARTESIAN_POINT('',(-3.760507113477938,-3.8085302315824183,20.32982314574497));
#1031 = CARTESIAN_POINT('',(-5.338051988107321,-2.250877183779355,20.40544814574497));
#1032 = CARTESIAN_POINT('',(-5.3521176337464,-0.033957472465400394,20.481073145744972));
#1033 = CARTESIAN_POINT('',(-5.366183279385481,2.1829622388485532,20.556698145744974));
#1034 = CARTESIAN_POINT('',(-3.8085302315824183,3.760507113477938,20.632323145744973));
#1035 = CARTESIAN_POINT('',(-2.250877183779355,5.338051988107321,20.70794814574497));
#1036 = CARTESIAN_POINT('',(-0.03395747246540083,5.352117633746401,20.78357314574497));
#1037 = CARTESIAN_POINT('',(2.182962238848556,5.366183279385481,20.85919814574497));
#1038 = CARTESIAN_POINT('',(3.7605071134779378,3.8085302315824188,20.934823145744975));
#1039 = CARTESIAN_POINT('',(4.107563404054444,3.4658500977429774,20.95146047403715));
#1040 = CARTESIAN_POINT('',(4.3869634594603815,3.0660834758295143,20.969069396288237));
#1041 = CARTESIAN_POINT('',(-3.790428763492504,-3.779067398034239,-1.4394418943106917));
#1042 = CARTESIAN_POINT('',(-5.35576973288029,-2.2090203969865607,-1.3638168943106919));
#1043 = CARTESIAN_POINT('',(-5.352442065981101,0.008033698559077509,-1.2881918943106918));
#1044 = CARTESIAN_POINT('',(-5.349114399081915,2.2250877941047156,-1.2125668943106918));
#1045 = CARTESIAN_POINT('',(-3.779067398034239,3.790428763492504,-1.1369418943106917));
#1046 = CARTESIAN_POINT('',(-2.2090203969865616,5.35576973288029,-1.0613168943106919));
#1047 = CARTESIAN_POINT('',(0.008033698559077075,5.352442065981102,-0.9856918943106918));
#1048 = CARTESIAN_POINT('',(2.2250877941047187,5.349114399081915,-0.9100668943106918));
#1049 = CARTESIAN_POINT('',(3.7904287634925034,3.7790673980342393,-0.8344418943106918));
#1050 = CARTESIAN_POINT('',(5.355769732880289,2.209020396986564,-0.7588168943106919));
#1051 = CARTESIAN_POINT('',(5.352442065981101,-0.008033698559076641,-0.6831918943106918));
#1052 = CARTESIAN_POINT('',(5.349114399081915,-2.2250877941047174,-0.6075668943106918));
#1053 = CARTESIAN_POINT('',(3.7790673980342393,-3.7904287634925034,-0.5319418943106918));
#1054 = CARTESIAN_POINT('',(2.2090203969865643,-5.355769732880289,-0.45631689431069183));
#1055 = CARTESIAN_POINT('',(-0.008033698559076208,-5.352442065981102,-0.38069189431069184));
#1056 = CARTESIAN_POINT('',(-2.2250877941047174,-5.349114399081915,-0.30506689431069184));
#1057 = CARTESIAN_POINT('',(-3.790428763492504,-3.779067398034239,-0.22944189431069184));
#1058 = CARTESIAN_POINT('',(-5.35576973288029,-2.2090203969865607,-0.15381689431069184));
#1059 = CARTESIAN_POINT('',(-5.352442065981101,0.008033698559077509,-0.07819189431069185));
#1060 = CARTESIAN_POINT('',(-5.349114399081915,2.2250877941047156,-0.002566894310691869));
#1061 = CARTESIAN_POINT('',(-3.779067398034239,3.790428763492504,0.07305810568930814));
#1062 = CARTESIAN_POINT('',(-2.2090203969865616,5.35576973288029,0.14868310568930815));
#1063 = CARTESIAN_POINT('',(0.008033698559077075,5.352442065981102,0.2243081056893081));
#1064 = CARTESIAN_POINT('',(2.2250877941047187,5.349114399081915,0.29993310568930814));
#1065 = CARTESIAN_POINT('',(3.7904287634925034,3.7790673980342393,0.37555810568930814));
#1066 = CARTESIAN_POINT('',(5.355769732880289,2.209020396986564,0.45118310568930814));
#1067 = CARTESIAN_POINT('',(5.352442065981101,-0.008033698559076641,0.5268081056893081));
#1068 = CARTESIAN_POINT('',(5.349114399081915,-2.2250877941047174,0.602433105689308));
#1069 = CARTESIAN_POINT('',(3.7790673980342393,-3.7904287634925034,0.678058105689308));
#1070 = CARTESIAN_POINT('',(2.2090203969865643,-5.355769732880289,0.753683105689308));
#1071 = CARTESIAN_POINT('',(-0.008033698559076208,-5.352442065981102,0.8293081056893081));
#1072 = CARTESIAN_POINT('',(-2.2250877941047174,-5.349114399081915,0.9049331056893082));
#1073 = CARTESIAN_POINT('',(-3.790428763492504,-3.779067398034239,0.9805581056893081));
#1074 = CARTESIAN_POINT('',(-5.35576973288029,-2.2090203969865607,1.056183105689308));
#1075 = CARTESIAN_POINT('',(-5.352442065981101,0.008033698559077509,1.131808105689308));
#1076 = CARTESIAN_POINT('',(-5.349114399081915,2.2250877941047156,1.2074331056893082));
#1077 = CARTESIAN_POINT('',(-3.779067398034239,3.790428763492504,1.283058105689308));
#1078 = CARTESIAN_POINT('',(-2.2090203969865616,5.35576973288029,1.358683105689308));
#1079 = CARTESIAN_POINT('',(0.008033698559077075,5.352442065981102,1.434308105689308));
#1080 = CARTESIAN_POINT('',(2.2250877941047187,5.349114399081915,1.509933105689308));
#1081 = CARTESIAN_POINT('',(3.7904287634925034,3.7790673980342393,1.585558105689308));
#1082 = CARTESIAN_POINT('',(5.355769732880289,2.209020396986564,1.661183105689308));
#1083 = CARTESIAN_POINT('',(5.352442065981101,-0.008033698559076641,1.7368081056893079));
#1084 = CARTESIAN_POINT('',(5.349114399081915,-2.2250877941047174,1.812433105689308));
#1085 = CARTESIAN_POINT('',(3.7790673980342393,-3.7904287634925034,1.8880581056893082));
#1086 = CARTESIAN_POINT('',(2.2090203969865643,-5.355769732880289,1.9636831056893078));
#1087 = CARTESIAN_POINT('',(-0.008033698559076208,-5.352442065981102,2.039308105689308));
#1088 = CARTESIAN_POINT('',(-2.2250877941047174,-5.349114399081915,2.1149331056893077));
#1089 = CARTESIAN_POINT('',(-3.790428763492504,-3.779067398034239,2.190558105689308));
#1090 = CARTESIAN_POINT('',(-5.35576973288029,-2.2090203969865607,2.2661831056893083));
#1091 = CARTESIAN_POINT('',(-5.352442065981101,0.008033698559077509,2.341808105689308));
#1092 = CARTESIAN_POINT('',(-5.349114399081915,2.2250877941047156,2.417433105689308));
#1093 = CARTESIAN_POINT('',(-3.779067398034239,3.790428763492504,2.493058105689308));
#1094 = CARTESIAN_POINT('',(-2.2090203969865616,5.35576973288029,2.568683105689308));
#1095 = CARTESIAN_POINT('',(0.008033698559077075,5.352442065981102,2.644308105689308));
#1096 = CARTESIAN_POINT('',(2.2250877941047187,5.349114399081915,2.7199331056893077));
#1097 = CARTESIAN_POINT('',(3.7904287634925034,3.7790673980342393,2.795558105689308));
#1098 = CARTESIAN_POINT('',(5.355769732880289,2.209020396986564,2.871183105689308));
#1099 = CARTESIAN_POINT('',(5.352442065981101,-0.008033698559076641,2.946808105689308));
#1100 = CARTESIAN_POINT('',(5.349114399081915,-2.2250877941047174,3.0224331056893083));
#1101 = CARTESIAN_POINT('',(3.7790673980342393,-3.7904287634925034,3.098058105689308));
#1102 = CARTESIAN_POINT('',(2.2090203969865643,-5.355769732880289,3.173683105689308));
#1103 = CARTESIAN_POINT('',(-0.008033698559076208,-5.352442065981102,3.2493081056893076));
#1104 = CARTESIAN_POINT('',(-2.2250877941047174,-5.349114399081915,3.324933105689308));
#1105 = CARTESIAN_POINT('',(-3.790428763492504,-3.779067398034239,3.4005581056893077));
#1106 = CARTESIAN_POINT('',(-5.35576973288029,-2.2090203969865607,3.4761831056893078));
#1107 = CARTESIAN_POINT('',(-5.352442065981101,0.008033698559077509,3.5518081056893083));
#1108 = CARTESIAN_POINT('',(-5.349114399081915,2.2250877941047156,3.627433105689308));
#1109 = CARTESIAN_POINT('',(-3.779067398034239,3.790428763492504,3.7030581056893075));
#1110 = CARTESIAN_POINT('',(-2.2090203969865616,5.35576973288029,3.7786831056893075));
#1111 = CARTESIAN_POINT('',(0.008033698559077075,5.352442065981102,3.854308105689308));
#1112 = CARTESIAN_POINT('',(2.2250877941047187,5.349114399081915,3.929933105689308));
#1113 = CARTESIAN_POINT('',(3.7904287634925034,3.7790673980342393,4.005558105689309));
#1114 = CARTESIAN_POINT('',(5.355769732880289,2.209020396986564,4.081183105689307));
#1115 = CARTESIAN_POINT('',(5.352442065981101,-0.008033698559076641,4.156808105689308));
#1116 = CARTESIAN_POINT('',(5.349114399081915,-2.2250877941047174,4.232433105689307));
#1117 = CARTESIAN_POINT('',(3.7790673980342393,-3.7904287634925034,4.308058105689308));
#1118 = CARTESIAN_POINT('',(2.2090203969865643,-5.355769732880289,4.383683105689308));
#1119 = CARTESIAN_POINT('',(-0.008033698559076208,-5.352442065981102,4.459308105689307));
#1120 = CARTESIAN_POINT('',(-2.2250877941047174,-5.349114399081915,4.534933105689308));
#1121 = CARTESIAN_POINT('',(-3.790428763492504,-3.779067398034239,4.610558105689308));
#1122 = CARTESIAN_POINT('',(-5.35576973288029,-2.2090203969865607,4.686183105689308));
#1123 = CARTESIAN_POINT('',(-5.352442065981101,0.008033698559077509,4.761808105689308));
#1124 = CARTESIAN_POINT('',(-5.349114399081915,2.2250877941047156,4.837433105689308));
#1125 = CARTESIAN_POINT('',(-3.779067398034239,3.790428763492504,4.9130581056893075));
#1126 = CARTESIAN_POINT('',(-2.2090203969865616,5.35576973288029,4.988683105689308));
#1127 = CARTESIAN_POINT('',(0.008033698559077075,5.352442065981102,5.0643081056893084));
#1128 = CARTESIAN_POINT('',(2.2250877941047187,5.349114399081915,5.139933105689308));
#1129 = CARTESIAN_POINT('',(3.7904287634925034,3.7790673980342393,5.215558105689308));
#1130 = CARTESIAN_POINT('',(5.355769732880289,2.209020396986564,5.291183105689307));
#1131 = CARTESIAN_POINT('',(5.352442065981101,-0.008033698559076641,5.366808105689308));
#1132 = CARTESIAN_POINT('',(5.349114399081915,-2.2250877941047174,5.442433105689308));
#1133 = CARTESIAN_POINT('',(3.7790673980342393,-3.7904287634925034,5.518058105689308));
#1134 = CARTESIAN_POINT('',(2.2090203969865643,-5.355769732880289,5.5936831056893075));
#1135 = CARTESIAN_POINT('',(-0.008033698559076208,-5.352442065981102,5.669308105689308));
#1136 = CARTESIAN_POINT('',(-2.2250877941047174,-5.349114399081915,5.744933105689308));
#1137 = CARTESIAN_POINT('',(-3.790428763492504,-3.779067398034239,5.820558105689308));
#1138 = CARTESIAN_POINT('',(-5.35576973288029,-2.2090203969865607,5.896183105689309));
#1139 = CARTESIAN_POINT('',(-5.352442065981101,0.008033698559077509,5.971808105689307));
#1140 = CARTESIAN_POINT('',(-5.349114399081915,2.2250877941047156,6.047433105689308));
#1141 = CARTESIAN_POINT('',(-3.779067398034239,3.790428763492504,6.123058105689307));
#1142 = CARTESIAN_POINT('',(-2.2090203969865616,5.35576973288029,6.198683105689308));
#1143 = CARTESIAN_POINT('',(0.008033698559077075,5.352442065981102,6.274308105689308));
#1144 = CARTESIAN_POINT('',(2.2250877941047187,5.349114399081915,6.349933105689307));
#1145 = CARTESIAN_POINT('',(3.7904287634925034,3.7790673980342393,6.425558105689308));
#1146 = CARTESIAN_POINT('',(5.355769732880289,2.209020396986564,6.501183105689308));
#1147 = CARTESIAN_POINT('',(5.352442065981101,-0.008033698559076641,6.576808105689308));
#1148 = CARTESIAN_POINT('',(5.349114399081915,-2.2250877941047174,6.652433105689308));
#1149 = CARTESIAN_POINT('',(3.7790673980342393,-3.7904287634925034,6.728058105689308));
#1150 = CARTESIAN_POINT('',(2.2090203969865643,-5.355769732880289,6.803683105689308));
#1151 = CARTESIAN_POINT('',(-0.008033698559076208,-5.352442065981102,6.879308105689308));
#1152 = CARTESIAN_POINT('',(-2.2250877941047174,-5.349114399081915,6.954933105689308));
#1153 = CARTESIAN_POINT('',(-3.790428763492504,-3.779067398034239,7.030558105689307));
#1154 = CARTESIAN_POINT('',(-5.35576973288029,-2.2090203969865607,7.106183105689308));
#1155 = CARTESIAN_POINT('',(-5.352442065981101,0.008033698559077509,7.181808105689307));
#1156 = CARTESIAN_POINT('',(-5.349114399081915,2.2250877941047156,7.257433105689308));
#1157 = CARTESIAN_POINT('',(-3.779067398034239,3.790428763492504,7.333058105689308));
#1158 = CARTESIAN_POINT('',(-2.2090203969865616,5.35576973288029,7.408683105689307));
#1159 = CARTESIAN_POINT('',(0.008033698559077075,5.352442065981102,7.4843081056893075));
#1160 = CARTESIAN_POINT('',(2.2250877941047187,5.349114399081915,7.559933105689308));
#1161 = CARTESIAN_POINT('',(3.7904287634925034,3.7790673980342393,7.635558105689307));
#1162 = CARTESIAN_POINT('',(5.355769732880289,2.209020396986564,7.711183105689309));
#1163 = CARTESIAN_POINT('',(5.352442065981101,-0.008033698559076641,7.786808105689307));
#1164 = CARTESIAN_POINT('',(5.349114399081915,-2.2250877941047174,7.862433105689308));
#1165 = CARTESIAN_POINT('',(3.7790673980342393,-3.7904287634925034,7.938058105689308));
#1166 = CARTESIAN_POINT('',(2.2090203969865643,-5.355769732880289,8.013683105689307));
#1167 = CARTESIAN_POINT('',(-0.008033698559076208,-5.352442065981102,8.089308105689309));
#1168 = CARTESIAN_POINT('',(-2.2250877941047174,-5.349114399081915,8.164933105689308));
#1169 = CARTESIAN_POINT('',(-3.790428763492504,-3.779067398034239,8.240558105689308));
#1170 = CARTESIAN_POINT('',(-5.35576973288029,-2.2090203969865607,8.316183105689307));
#1171 = CARTESIAN_POINT('',(-5.352442065981101,0.008033698559077509,8.391808105689307));
#1172 = CARTESIAN_POINT('',(-5.349114399081915,2.2250877941047156,8.467433105689308));
#1173 = CARTESIAN_POINT('',(-3.779067398034239,3.790428763492504,8.543058105689306));
#1174 = CARTESIAN_POINT('',(-2.2090203969865616,5.35576973288029,8.618683105689309));
#1175 = CARTESIAN_POINT('',(0.008033698559077075,5.352442065981102,8.694308105689307));
#1176 = CARTESIAN_POINT('',(2.2250877941047187,5.349114399081915,8.769933105689306));
#1177 = CARTESIAN_POINT('',(3.7904287634925034,3.7790673980342393,8.845558105689308));
#1178 = CARTESIAN_POINT('',(5.355769732880289,2.209020396986564,8.921183105689307));
#1179 = CARTESIAN_POINT('',(5.352442065981101,-0.008033698559076641,8.996808105689308));
#1180 = CARTESIAN_POINT('',(5.349114399081915,-2.2250877941047174,9.072433105689308));
#1181 = CARTESIAN_POINT('',(3.7790673980342393,-3.7904287634925034,9.148058105689307));
#1182 = CARTESIAN_POINT('',(2.2090203969865643,-5.355769732880289,9.223683105689307));
#1183 = CARTESIAN_POINT('',(-0.008033698559076208,-5.352442065981102,9.299308105689308));
#1184 = CARTESIAN_POINT('',(-2.2250877941047174,-5.349114399081915,9.374933105689308));
#1185 = CARTESIAN_POINT('',(-3.790428763492504,-3.779067398034239,9.450558105689307));
#1186 = CARTESIAN_POINT('',(-5.35576973288029,-2.2090203969865607,9.526183105689308));
#1187 = CARTESIAN_POINT('',(-5.352442065981101,0.008033698559077509,9.601808105689308));
#1188 = CARTESIAN_POINT('',(-5.349114399081915,2.2250877941047156,9.677433105689307));
#1189 = CARTESIAN_POINT('',(-3.779067398034239,3.790428763492504,9.753058105689309));
#1190 = CARTESIAN_POINT('',(-2.2090203969865616,5.35576973288029,9.828683105689308));
#1191 = CARTESIAN_POINT('',(0.008033698559077075,5.352442065981102,9.904308105689307));
#1192 = CARTESIAN_POINT('',(2.2250877941047187,5.349114399081915,9.979933105689307));
#1193 = CARTESIAN_POINT('',(3.7904287634925034,3.7790673980342393,10.055558105689308));
#1194 = CARTESIAN_POINT('',(5.355769732880289,2.209020396986564,10.131183105689308));
#1195 = CARTESIAN_POINT('',(5.352442065981101,-0.008033698559076641,10.206808105689307));
#1196 = CARTESIAN_POINT('',(5.349114399081915,-2.2250877941047174,10.282433105689307));
#1197 = CARTESIAN_POINT('',(3.7790673980342393,-3.7904287634925034,10.358058105689308));
#1198 = CARTESIAN_POINT('',(2.2090203969865643,-5.355769732880289,10.433683105689306));
#1199 = CARTESIAN_POINT('',(-0.008033698559076208,-5.352442065981102,10.509308105689309));
#1200 = CARTESIAN_POINT('',(-2.2250877941047174,-5.349114399081915,10.584933105689307));
#1201 = CARTESIAN_POINT('',(-3.790428763492504,-3.779067398034239,10.660558105689306));
#1202 = CARTESIAN_POINT('',(-5.35576973288029,-2.2090203969865607,10.736183105689308));
#1203 = CARTESIAN_POINT('',(-5.352442065981101,0.008033698559077509,10.811808105689307));
#1204 = CARTESIAN_POINT('',(-5.349114399081915,2.2250877941047156,10.887433105689308));
#1205 = CARTESIAN_POINT('',(-3.779067398034239,3.790428763492504,10.963058105689308));
#1206 = CARTESIAN_POINT('',(-2.2090203969865616,5.35576973288029,11.038683105689307));
#1207 = CARTESIAN_POINT('',(0.008033698559077075,5.352442065981102,11.114308105689307));
#1208 = CARTESIAN_POINT('',(2.2250877941047187,5.349114399081915,11.189933105689308));
#1209 = CARTESIAN_POINT('',(3.7904287634925034,3.7790673980342393,11.265558105689308));
#1210 = CARTESIAN_POINT('',(5.355769732880289,2.209020396986564,11.341183105689307));
#1211 = CARTESIAN_POINT('',(5.352442065981101,-0.008033698559076641,11.416808105689308));
#1212 = CARTESIAN_POINT('',(5.349114399081915,-2.2250877941047174,11.492433105689308));
#1213 = CARTESIAN_POINT('',(3.7790673980342393,-3.7904287634925034,11.568058105689307));
#1214 = CARTESIAN_POINT('',(2.2090203969865643,-5.355769732880289,11.643683105689307));
#1215 = CARTESIAN_POINT('',(-0.008033698559076208,-5.352442065981102,11.719308105689308));
#1216 = CARTESIAN_POINT('',(-2.2250877941047174,-5.349114399081915,11.794933105689307));
#1217 = CARTESIAN_POINT('',(-3.790428763492504,-3.779067398034239,11.870558105689307));
#1218 = CARTESIAN_POINT('',(-5.35576973288029,-2.2090203969865607,11.946183105689308));
#1219 = CARTESIAN_POINT('',(-5.352442065981101,0.008033698559077509,12.021808105689308));
#1220 = CARTESIAN_POINT('',(-5.349114399081915,2.2250877941047156,12.097433105689307));
#1221 = CARTESIAN_POINT('',(-3.779067398034239,3.790428763492504,12.173058105689307));
#1222 = CARTESIAN_POINT('',(-2.2090203969865616,5.35576973288029,12.248683105689308));
#1223 = CARTESIAN_POINT('',(0.008033698559077075,5.352442065981102,12.324308105689306));
#1224 = CARTESIAN_POINT('',(2.2250877941047187,5.349114399081915,12.399933105689309));
#1225 = CARTESIAN_POINT('',(3.7904287634925034,3.7790673980342393,12.475558105689307));
#1226 = CARTESIAN_POINT('',(5.355769732880289,2.209020396986564,12.551183105689306));
#1227 = CARTESIAN_POINT('',(5.352442065981101,-0.008033698559076641,12.626808105689308));
#1228 = CARTESIAN_POINT('',(5.349114399081915,-2.2250877941047174,12.702433105689307));
#1229 = CARTESIAN_POINT('',(3.7790673980342393,-3.7904287634925034,12.778058105689308));
#1230 = CARTESIAN_POINT('',(2.2090203969865643,-5.355769732880289,12.853683105689308));
#1231 = CARTESIAN_POINT('',(-0.008033698559076208,-5.352442065981102,12.929308105689307));
#1232 = CARTESIAN_POINT('',(-2.2250877941047174,-5.349114399081915,13.004933105689307));
#1233 = CARTESIAN_POINT('',(-3.790428763492504,-3.779067398034239,13.080558105689308));
#1234 = CARTESIAN_POINT('',(-5.35576973288029,-2.2090203969865607,13.156183105689308));
#1235 = CARTESIAN_POINT('',(-5.352442065981101,0.008033698559077509,13.231808105689307));
#1236 = CARTESIAN_POINT('',(-5.349114399081915,2.2250877941047156,13.307433105689308));
#1237 = CARTESIAN_POINT('',(-3.779067398034239,3.790428763492504,13.383058105689308));
#1238 = CARTESIAN_POINT('',(-2.2090203969865616,5.35576973288029,13.458683105689307));
#1239 = CARTESIAN_POINT('',(0.008033698559077075,5.352442065981102,13.534308105689307));
#1240 = CARTESIAN_POINT('',(2.2250877941047187,5.349114399081915,13.609933105689308));
#1241 = CARTESIAN_POINT('',(3.7904287634925034,3.7790673980342393,13.685558105689307));
#1242 = CARTESIAN_POINT('',(5.355769732880289,2.209020396986564,13.761183105689307));
#1243 = CARTESIAN_POINT('',(5.352442065981101,-0.008033698559076641,13.836808105689308));
#1244 = CARTESIAN_POINT('',(5.349114399081915,-2.2250877941047174,13.912433105689308));
#1245 = CARTESIAN_POINT('',(3.7790673980342393,-3.7904287634925034,13.988058105689307));
#1246 = CARTESIAN_POINT('',(2.2090203969865643,-5.355769732880289,14.063683105689307));
#1247 = CARTESIAN_POINT('',(-0.008033698559076208,-5.352442065981102,14.139308105689308));
#1248 = CARTESIAN_POINT('',(-2.2250877941047174,-5.349114399081915,14.214933105689306));
#1249 = CARTESIAN_POINT('',(-3.790428763492504,-3.779067398034239,14.290558105689307));
#1250 = CARTESIAN_POINT('',(-5.35576973288029,-2.2090203969865607,14.366183105689307));
#1251 = CARTESIAN_POINT('',(-5.352442065981101,0.008033698559077509,14.441808105689306));
#1252 = CARTESIAN_POINT('',(-5.349114399081915,2.2250877941047156,14.517433105689308));
#1253 = CARTESIAN_POINT('',(-3.779067398034239,3.790428763492504,14.593058105689307));
#1254 = CARTESIAN_POINT('',(-2.2090203969865616,5.35576973288029,14.668683105689306));
#1255 = CARTESIAN_POINT('',(0.008033698559077075,5.352442065981102,14.744308105689308));
#1256 = CARTESIAN_POINT('',(2.2250877941047187,5.349114399081915,14.819933105689307));
#1257 = CARTESIAN_POINT('',(3.7904287634925034,3.7790673980342393,14.895558105689307));
#1258 = CARTESIAN_POINT('',(5.355769732880289,2.209020396986564,14.971183105689308));
#1259 = CARTESIAN_POINT('',(5.352442065981101,-0.008033698559076641,15.046808105689307));
#1260 = CARTESIAN_POINT('',(5.349114399081915,-2.2250877941047174,15.122433105689307));
#1261 = CARTESIAN_POINT('',(3.7790673980342393,-3.7904287634925034,15.198058105689306));
#1262 = CARTESIAN_POINT('',(2.2090203969865643,-5.355769732880289,15.273683105689308));
#1263 = CARTESIAN_POINT('',(-0.008033698559076208,-5.352442065981102,15.349308105689307));
#1264 = CARTESIAN_POINT('',(-2.2250877941047174,-5.349114399081915,15.424933105689306));
#1265 = CARTESIAN_POINT('',(-3.790428763492504,-3.779067398034239,15.500558105689306));
#1266 = CARTESIAN_POINT('',(-5.35576973288029,-2.2090203969865607,15.576183105689308));
#1267 = CARTESIAN_POINT('',(-5.352442065981101,0.008033698559077509,15.651808105689307));
#1268 = CARTESIAN_POINT('',(-5.349114399081915,2.2250877941047156,15.727433105689308));
#1269 = CARTESIAN_POINT('',(-3.779067398034239,3.790428763492504,15.803058105689306));
#1270 = CARTESIAN_POINT('',(-2.2090203969865616,5.35576973288029,15.878683105689305));
#1271 = CARTESIAN_POINT('',(0.008033698559077075,5.352442065981102,15.954308105689309));
#1272 = CARTESIAN_POINT('',(2.2250877941047187,5.349114399081915,16.029933105689306));
#1273 = CARTESIAN_POINT('',(3.7904287634925034,3.7790673980342393,16.10555810568931));
#1274 = CARTESIAN_POINT('',(5.355769732880289,2.209020396986564,16.181183105689307));
#1275 = CARTESIAN_POINT('',(5.352442065981101,-0.008033698559076641,16.256808105689306));
#1276 = CARTESIAN_POINT('',(5.349114399081915,-2.2250877941047174,16.332433105689308));
#1277 = CARTESIAN_POINT('',(3.7790673980342393,-3.7904287634925034,16.408058105689307));
#1278 = CARTESIAN_POINT('',(2.2090203969865643,-5.355769732880289,16.483683105689305));
#1279 = CARTESIAN_POINT('',(-0.008033698559076208,-5.352442065981102,16.559308105689308));
#1280 = CARTESIAN_POINT('',(-2.2250877941047174,-5.349114399081915,16.634933105689306));
#1281 = CARTESIAN_POINT('',(-3.790428763492504,-3.779067398034239,16.71055810568931));
#1282 = CARTESIAN_POINT('',(-5.35576973288029,-2.2090203969865607,16.786183105689307));
#1283 = CARTESIAN_POINT('',(-5.352442065981101,0.008033698559077509,16.861808105689306));
#1284 = CARTESIAN_POINT('',(-5.349114399081915,2.2250877941047156,16.937433105689305));
#1285 = CARTESIAN_POINT('',(-3.779067398034239,3.790428763492504,17.013058105689307));
#1286 = CARTESIAN_POINT('',(-2.2090203969865616,5.35576973288029,17.08868310568931));
#1287 = CARTESIAN_POINT('',(0.008033698559077075,5.352442065981102,17.164308105689308));
#1288 = CARTESIAN_POINT('',(2.2250877941047187,5.349114399081915,17.239933105689307));
#1289 = CARTESIAN_POINT('',(3.7904287634925034,3.7790673980342393,17.315558105689306));
#1290 = CARTESIAN_POINT('',(5.355769732880289,2.209020396986564,17.391183105689304));
#1291 = CARTESIAN_POINT('',(5.352442065981101,-0.008033698559076641,17.46680810568931));
#1292 = CARTESIAN_POINT('',(5.349114399081915,-2.2250877941047174,17.54243310568931));
#1293 = CARTESIAN_POINT('',(3.7790673980342393,-3.7904287634925034,17.618058105689308));
#1294 = CARTESIAN_POINT('',(2.2090203969865643,-5.355769732880289,17.693683105689306));
#1295 = CARTESIAN_POINT('',(-0.008033698559076208,-5.352442065981102,17.769308105689305));
#1296 = CARTESIAN_POINT('',(-2.2250877941047174,-5.349114399081915,17.844933105689307));
#1297 = CARTESIAN_POINT('',(-3.790428763492504,-3.779067398034239,17.920558105689306));
#1298 = CARTESIAN_POINT('',(-5.35576973288029,-2.2090203969865607,17.99618310568931));
#1299 = CARTESIAN_POINT('',(-5.352442065981101,0.008033698559077509,18.071808105689307));
#1300 = CARTESIAN_POINT('',(-5.349114399081915,2.2250877941047156,18.147433105689306));
#1301 = CARTESIAN_POINT('',(-3.779067398034239,3.790428763492504,18.223058105689308));
#1302 = CARTESIAN_POINT('',(-2.2090203969865616,5.35576973288029,18.298683105689307));
#1303 = CARTESIAN_POINT('',(0.008033698559077075,5.352442065981102,18.374308105689305));
#1304 = CARTESIAN_POINT('',(2.2250877941047187,5.349114399081915,18.449933105689308));
#1305 = CARTESIAN_POINT('',(3.7904287634925034,3.7790673980342393,18.525558105689306));
#1306 = CARTESIAN_POINT('',(5.355769732880289,2.209020396986564,18.60118310568931));
#1307 = CARTESIAN_POINT('',(5.352442065981101,-0.008033698559076641,18.676808105689307));
#1308 = CARTESIAN_POINT('',(5.349114399081915,-2.2250877941047174,18.752433105689303));
#1309 = CARTESIAN_POINT('',(3.7790673980342393,-3.7904287634925034,18.828058105689305));
#1310 = CARTESIAN_POINT('',(2.2090203969865643,-5.355769732880289,18.903683105689307));
#1311 = CARTESIAN_POINT('',(-0.008033698559076208,-5.352442065981102,18.97930810568931));
#1312 = CARTESIAN_POINT('',(-2.2250877941047174,-5.349114399081915,19.054933105689308));
#1313 = CARTESIAN_POINT('',(-3.790428763492504,-3.779067398034239,19.130558105689307));
#1314 = CARTESIAN_POINT('',(-5.35576973288029,-2.2090203969865607,19.206183105689306));
#1315 = CARTESIAN_POINT('',(-5.352442065981101,0.008033698559077509,19.281808105689304));
#1316 = CARTESIAN_POINT('',(-5.349114399081915,2.2250877941047156,19.357433105689307));
#1317 = CARTESIAN_POINT('',(-3.779067398034239,3.790428763492504,19.43305810568931));
#1318 = CARTESIAN_POINT('',(-2.2090203969865616,5.35576973288029,19.50868310568931));
#1319 = CARTESIAN_POINT('',(0.008033698559077075,5.352442065981102,19.584308105689306));
#1320 = CARTESIAN_POINT('',(2.2250877941047187,5.349114399081915,19.659933105689305));
#1321 = CARTESIAN_POINT('',(3.7904287634925034,3.7790673980342393,19.735558105689307));
#1322 = CARTESIAN_POINT('',(4.134800222625031,3.4336606226216606,19.752195433981484));
#1323 = CARTESIAN_POINT('',(4.411066825246001,3.031697556355309,19.769804356232573));
#1324 = ( BOUNDED_SURFACE() B_SPLINE_SURFACE(1,2,((#758,#759,#760,#761,#762,#763,#764,#765,#766,#767,#768,#769,#770,#771,#772,#773,#774,#775,#776,#777,#778,#779,#780,#781,#782,#783,#784,#785,#786,#787,#788,#789,#790,#791,#792,#793,#794,#795,#796,#797,#798,#799,#800,#801,#802,#803,#804,#805,#806,#807,#808,#809,#810,#811,#812,#813,#814,#815,#816,#817,#818,#819,#820,#821,#822,#823,#824,#825,#826,#827,#828,#829,#830,#831,#832,#833,#834,#835,#836,#837,#838,#839,#840,#841,#842,#843,#844,#845,#846,#847,#848,#849,#850,#851,#852,#853,#854,#855,#856,#857,#858,#859,#860,#861,#862,#863,#864,#865,#866,#867,#868,#869,#870,#871,#872,#873,#874,#875,#876,#877,#878,#879,#880,#881,#882,#883,#884,#885,#886,#887,#888,#889,#890,#891,#892,#893,#894,#895,#896,#897,#898,#899,#900,#901,#902,#903,#904,#905,#906,#907,#908,#909,#910,#911,#912,#913,#914,#915,#916,#917,#918,#919,#920,#921,#922,#923,#924,#925,#926,#927,#928,#929,#930,#931,#932,#933,#934,#935,#936,#937,#938,#939,#940,#941,#942,#943,#944,#945,#946,#947,#948,#949,#950,#951,#952,#953,#954,#955,#956,#957,#958,#959,#960,#961,#962,#963,#964,#965,#966,#967,#968,#969,#970,#971,#972,#973,#974,#975,#976,#977,#978,#979,#980,#981,#982,#983,#984,#985,#986,#987,#988,#989,#990,#991,#992,#993,#994,#995,#996,#997,#998,#999,#1000,#1001,#1002,#1003,#1004,#1005,#1006,#1007,#1008,#1009,#1010,#1011,#1012,#1013,#1014,#1015,#1016,#1017,#1018,#1019,#1020,#1021,#1022,#1023,#1024,#1025,#1026,#1027,#1028,#1029,#1030,#1031,#1032,#1033,#1034,#1035,#1036,#1037,#1038,#1039,#1040),(#1041,#1042,#1043,#1044,#1045,#1046,#1047,#1048,#1049,#1050,#1051,#1052,#1053,#1054,#1055,#1056,#1057,#1058,#1059,#1060,#1061,#1062,#1063,#1064,#1065,#1066,#1067,#1068,#1069,#1070,#1071,#1072,#1073,#1074,#1075,#1076,#1077,#1078,#1079,#1080,#1081,#1082,#1083,#1084,#1085,#1086,#1087,#1088,#1089,#1090,#1091,#1092,#1093,#1094,#1095,#1096,#1097,#1098,#1099,#1100,#1101,#1102,#1103,#1104,#1105,#1106,#1107,#1108,#1109,#1110,#1111,#1112,#1113,#1114,#1115,#1116,#1117,#1118,#1119,#1120,#1121,#1122,#1123,#1124,#1125,#1126,#1127,#1128,#1129,#1130,#1131,#1132,#1133,#1134,#1135,#1136,#1137,#1138,#1139,#1140,#1141,#1142,#1143,#1144,#1145,#1146,#1147,#1148,#1149,#1150,#1151,#1152,#1153,#1154,#1155,#1156,#1157,#1158,#1159,#1160,#1161,#1162,#1163,#1164,#1165,#1166,#1167,#1168,#1169,#1170,#1171,#1172,#1173,#1174,#1175,#1176,#1177,#1178,#1179,#1180,#1181,#1182,#1183,#1184,#1185,#1186,#1187,#1188,#1189,#1190,#1191,#1192,#1193,#1194,#1195,#1196,#1197,#1198,#1199,#1200,#1201,#1202,#1203,#1204,#1205,#1206,#1207,#1208,#1209,#1210,#1211,#1212,#1213,#1214,#1215,#1216,#1217,#1218,#1219,#1220,#1221,#1222,#1223,#1224,#1225,#1226,#1227,#1228,#1229,#1230,#1231,#1232,#1233,#1234,#1235,#1236,#1237,#1238,#1239,#1240,#1241,#1242,#1243,#1244,#1245,#1246,#1247,#1248,#1249,#1250,#1251,#1252,#1253,#1254,#1255,#1256,#1257,#1258,#1259,#1260,#1261,#1262,#1263,#1264,#1265,#1266,#1267,#1268,#1269,#1270,#1271,#1272,#1273,#1274,#1275,#1276,#1277,#1278,#1279,#1280,#1281,#1282,#1283,#1284,#1285,#1286,#1287,#1288,#1289,#1290,#1291,#1292,#1293,#1294,#1295,#1296,#1297,#1298,#1299,#1300,#1301,#1302,#1303,#1304,#1305,#1306,#1307,#1308,#1309,#1310,#1311,#1312,#1313,#1314,#1315,#1316,#1317,#1318,#1319,#1320,#1321,#1322,#1323)),.UNSPECIFIED.,.F.,.F.,.U.) B_SPLINE_SURFACE_WITH_KNOTS((2,2),(3,2,2,2,2,2,2,2,2,2,2,2,2,2,2,2,2,2,2,2,2,2,2,2,2,2,2,2,2,2,2,2,2,2,2,2,2,2,2,2,2,2,2,2,2,2,2,2,2,2,2,2,2,2,2,2,2,2,2,2,2,2,2,2,2,2,2,2,2,2,2,2,2,2,2,2,2,2,2,2,2,2,2,2,2,2,2,2,2,2,2,2,2,2,2,2,2,2,2,2,2,2,2,2,2,2,2,2,2,2,2,2,2,2,2,2,2,2,2,2,2,2,2,2,2,2,2,2,2,2,2,2,2,2,2,2,2,2,2,2,2,3),(0.,1.),(0.,0.006944444444444444,0.013888888888888888,0.020833333333333332,0.027777777777777776,0.034722222222222224,0.041666666666666664,0.04861111111111111,0.05555555555555555,0.0625,0.06944444444444445,0.0763888888888889,0.08333333333333333,0.09027777777777778,0.09722222222222222,0.10416666666666667,0.1111111111111111,0.11805555555555555,0.125,0.13194444444444445,0.1388888888888889,0.14583333333333334,0.1527777777777778,0.1597222222222222,0.16666666666666666,0.1736111111111111,0.18055555555555555,0.1875,0.19444444444444445,0.2013888888888889,0.20833333333333334,0.2152777777777778,0.2222222222222222,0.22916666666666666,0.2361111111111111,0.24305555555555555,0.25,0.2569444444444444,0.2638888888888889,0.2708333333333333,0.2777777777777778,0.2847222222222222,0.2916666666666667,0.2986111111111111,0.3055555555555556,0.3125,0.3194444444444444,0.3263888888888889,0.3333333333333333,0.3402777777777778,0.3472222222222222,0.3541666666666667,0.3611111111111111,0.3680555555555556,0.375,0.3819444444444444,0.3888888888888889,0.3958333333333333,0.4027777777777778,0.4097222222222222,0.4166666666666667,0.4236111111111111,0.4305555555555556,0.4375,0.4444444444444444,0.4513888888888889,0.4583333333333333,0.4652777777777778,0.4722222222222222,0.4791666666666667,0.4861111111111111,0.4930555555555556,0.5,0.5069444444444444,0.5138888888888888,0.5208333333333334,0.5277777777777778,0.5347222222222222,0.5416666666666666,0.5486111111111112,0.5555555555555556,0.5625,0.5694444444444444,0.5763888888888888,0.5833333333333334,0.5902777777777778,0.5972222222222222,0.6041666666666666,0.6111111111111112,0.6180555555555556,0.625,0.6319444444444444,0.6388888888888888,0.6458333333333334,0.6527777777777778,0.6597222222222222,0.6666666666666666,0.6736111111111112,0.6805555555555556,0.6875,0.6944444444444444,0.7013888888888888,0.7083333333333334,0.7152777777777778,0.7222222222222222,0.7291666666666666,0.7361111111111112,0.7430555555555556,0.75,0.7569444444444444,0.7638888888888888,0.7708333333333334,0.7777777777777778,0.7847222222222222,0.7916666666666666,0.7986111111111112,0.8055555555555556,0.8125,0.8194444444444444,0.8263888888888888,0.8333333333333334,0.8402777777777778,0.8472222222222222,0.8541666666666666,0.8611111111111112,0.8680555555555556,0.875,0.8819444444444444,0.8888888888888888,0.8958333333333334,0.9027777777777778,0.9097222222222222,0.9166666666666666,0.9236111111111112,0.9305555555555556,0.9375,0.9444444444444444,0.9513888888888888,0.9583333333333334,0.9652777777777778,0.9722222222222222,0.9738464195478178),.UNSPECIFIED.) GEOMETRIC_REPRESENTATION_ITEM() RATIONAL_B_SPLINE_SURFACE(((1.,0.9238795325112867,1.,0.9238795325112867,1.,0.9238795325112867,1.,0.9238795325112867,1.,0.9238795325112867,1.,0.9238795325112867,1.,0.9238795325112867,1.,0.9238795325112867,1.,0.9238795325112867,1.,0.9238795325112867,1.,0.9238795325112867,1.,0.9238795325112867,1.,0.9238795325112867,1.,0.9238795325112867,1.,0.9238795325112867,1.,0.9238795325112867,1.,0.9238795325112867,1.,0.9238795325112867,1.,0.9238795325112867,1.,0.9238795325112867,1.,0.9238795325112867,1.,0.9238795325112867,1.,0.9238795325112867,1.,0.9238795325112867,1.,0.9238795325112867,1.,0.9238795325112867,1.,0.9238795325112867,1.,0.9238795325112867,1.,0.9238795325112867,1.,0.9238795325112867,1.,0.9238795325112867,1.,0.9238795325112867,1.,0.9238795325112867,1.,0.9238795325112867,1.,0.9238795325112867,1.,0.9238795325112867,1.,0.9238795325112867,1.,0.9238795325112867,1.,0.9238795325112867,1.,0.9238795325112867,1.,0.9238795325112867,1.,0.9238795325112867,1.,0.9238795325112867,1.,0.9238795325112867,1.,0.9238795325112867,1.,0.9238795325112867,1.,0.9238795325112867,1.,0.9238795325112867,1.,0.9238795325112867,1.,0.9238795325112867,1.,0.9238795325112867,1.,0.9238795325112867,1.,0.9238795325112867,1.,0.9238795325112867,1.,0.9238795325112867,1.,0.9238795325112867,1.,0.9238795325112867,1.,0.9238795325112867,1.,0.9238795325112867,1.,0.9238795325112867,1.,0.9238795325112867,1.,0.9238795325112867,1.,0.9238795325112867,1.,0.9238795325112867,1.,0.9238795325112867,1.,0.9238795325112867,1.,0.9238795325112867,1.,0.9238795325112867,1.,0.9238795325112867,1.,0.9238795325112867,1.,0.9238795325112867,1.,0.9238795325112867,1.,0.9238795325112867,1.,0.9238795325112867,1.,0.9238795325112867,1.,0.9238795325112867,1.,0.9238795325112867,1.,0.9238795325112867,1.,0.9238795325112867,1.,0.9238795325112867,1.,0.9238795325112867,1.,0.9238795325112867,1.,0.9238795325112867,1.,0.9238795325112867,1.,0.9238795325112867,1.,0.9238795325112867,1.,0.9238795325112867,1.,0.9238795325112867,1.,0.9238795325112867,1.,0.9238795325112867,1.,0.9238795325112867,1.,0.9238795325112867,1.,0.9238795325112867,1.,0.9238795325112867,1.,0.9238795325112867,1.,0.9238795325112867,1.,0.9238795325112867,1.,0.9238795325112867,1.,0.9238795325112867,1.,0.9238795325112867,1.,0.9238795325112867,1.,0.9238795325112867,1.,0.9238795325112867,1.,0.9238795325112867,1.,0.9238795325112867,1.,0.9238795325112867,1.,0.9238795325112867,1.,0.9238795325112867,1.,0.9238795325112867,1.,0.9238795325112867,1.,0.9238795325112867,1.,0.9238795325112867,1.,0.9238795325112867,1.,0.9238795325112867,1.,0.9238795325112867,1.,0.9238795325112867,1.,0.9238795325112867,1.,0.9238795325112867,1.,0.9238795325112867,1.,0.9238795325112867,1.,0.9238795325112867,1.,0.9238795325112867,1.,0.9238795325112867,1.,0.9238795325112867,1.,0.9238795325112867,1.,0.9238795325112867,1.,0.9238795325112867,1.,0.9238795325112867,1.,0.9238795325112867,1.,0.9238795325112867,1.,0.9238795325112867,1.,0.9238795325112867,1.,0.9238795325112867,1.,0.9238795325112867,1.,0.9238795325112867,1.,0.9238795325112867,1.,0.9238795325112867,1.,0.9238795325112867,1.,0.9238795325112867,1.,0.9238795325112867,1.,0.9821966090005712,0.9727210893749102),(1.,0.9238795325112867,1.,0.9238795325112867,1.,0.9238795325112867,1.,0.9238795325112867,1.,0.9238795325112867,1.,0.9238795325112867,1.,0.9238795325112867,1.,0.9238795325112867,1.,0.9238795325112867,1.,0.9238795325112867,1.,0.9238795325112867,1.,0.9238795325112867,1.,0.9238795325112867,1.,0.9238795325112867,1.,0.9238795325112867,1.,0.9238795325112867,1.,0.9238795325112867,1.,0.9238795325112867,1.,0.9238795325112867,1.,0.9238795325112867,1.,0.9238795325112867,1.,0.9238795325112867,1.,0.9238795325112867,1.,0.9238795325112867,1.,0.9238795325112867,1.,0.9238795325112867,1.,0.9238795325112867,1.,0.9238795325112867,1.,0.9238795325112867,1.,0.9238795325112867,1.,0.9238795325112867,1.,0.9238795325112867,1.,0.9238795325112867,1.,0.9238795325112867,1.,0.9238795325112867,1.,0.9238795325112867,1.,0.9238795325112867,1.,0.9238795325112867,1.,0.9238795325112867,1.,0.9238795325112867,1.,0.9238795325112867,1.,0.9238795325112867,1.,0.9238795325112867,1.,0.9238795325112867,1.,0.9238795325112867,1.,0.9238795325112867,1.,0.9238795325112867,1.,0.9238795325112867,1.,0.9238795325112867,1.,0.9238795325112867,1.,0.9238795325112867,1.,0.9238795325112867,1.,0.9238795325112867,1.,0.9238795325112867,1.,0.9238795325112867,1.,0.9238795325112867,1.,0.9238795325112867,1.,0.9238795325112867,1.,0.9238795325112867,1.,0.9238795325112867,1.,0.9238795325112867,1.,0.9238795325112867,1.,0.9238795325112867,1.,0.9238795325112867,1.,0.9238795325112867,1.,0.9238795325112867,1.,0.9238795325112867,1.,0.9238795325112867,1.,0.9238795325112867,1.,0.9238795325112867,1.,0.9238795325112867,1.,0.9238795325112867,1.,0.9238795325112867,1.,0.9238795325112867,1.,0.9238795325112867,1.,0.9238795325112867,1.,0.9238795325112867,1.,0.9238795325112867,1.,0.9238795325112867,1.,0.9238795325112867,1.,0.9238795325112867,1.,0.9238795325112867,1.,0.9238795325112867,1.,0.9238795325112867,1.,0.9238795325112867,1.,0.9238795325112867,1.,0.9238795325112867,1.,0.9238795325112867,1.,0.9238795325112867,1.,0.9238795325112867,1.,0.9238795325112867,1.,0.9238795325112867,1.,0.9238795325112867,1.,0.9238795325112867,1.,0.9238795325112867,1.,0.9238795325112867,1.,0.9238795325112867,1.,0.9238795325112867,1.,0.9238795325112867,1.,0.9238795325112867,1.,0.9238795325112867,1.,0.9238795325112867,1.,0.9238795325112867,1.,0.9238795325112867,1.,0.9238795325112867,1.,0.9238795325112867,1.,0.9238795325112867,1.,0.9238795325112867,1.,0.9238795325112867,1.,0.9238795325112867,1.,0.9238795325112867,1.,0.9238795325112867,1.,0.9238795325112867,1.,0.9238795325112867,1.,0.9238795325112867,1.,0.9238795325112867,1.,0.9238795325112867,1.,0.9238795325112867,1.,0.9238795325112867,1.,0.9238795325112867,1.,0.9238795325112867,1.,0.9238795325112867,1.,0.9238795325112867,1.,0.9238795325112867,1.,0.9238795325112867,1.,0.9238795325112867,1.,0.9238795325112867,1.,0.9238795325112867,1.,0.9238795325112867,1.,0.9238795325112867,1.,0.9238795325112867,1.,0.9238795325112867,1.,0.9238795325112867,1.,0.9238795325112867,1.,0.9238795325112867,1.,0.9238795325112867,1.,0.9238795325112867,1.,0.9238795325112867,1.,0.9238795325112867,1.,0.9238795325112867,1.,0.9821966090005712,0.9727210893749102))) REPRESENTATION_ITEM('') SURFACE() );
#1325 = CARTESIAN_POINT('',(3.187305000995872,-4.299698024980602,20.05619335216974));
#1326 = VERTEX_POINT('',#1325);
#1327 = CARTESIAN_POINT('',(2.271573968174893,-4.846269522810738,20.));
#1328 = VERTEX_POINT('',#1327);
#1329 = CARTESIAN_POINT('',(1.1909653900650565,-5.21805192212041,19.941479246620005));
#1330 = CARTESIAN_POINT('',(2.853003158037311,-4.5284334492207465,20.03477113125915));
#1331 = CARTESIAN_POINT('',(3.1873050009957984,-4.299698024980657,20.056193352169746));
#1332 = B_SPLINE_CURVE_WITH_KNOTS('',1,(#1329,#1330,#1331),.UNSPECIFIED.,.F.,.U.,(2,1,2),(0.,0.0018018453196848444,0.0022074763442089525),.UNSPECIFIED.);
#1333 = EDGE_CURVE('',#1326,#1328,#1332,.T.);
#1334 = ORIENTED_EDGE('',*,*,#1333,.T.);
#1335 = CARTESIAN_POINT('',(-5.351837038292722,-0.06845775501117747,19.99999999999999));
#1336 = VERTEX_POINT('',#1335);
#1337 = CARTESIAN_POINT('',(-5.095730809926394,1.6372180491460577,20.));
#1338 = CARTESIAN_POINT('',(-5.350395890940836,-0.14179459454804838,20.));
#1339 = CARTESIAN_POINT('',(-5.001840635926141,-1.9048169914023125,20.000000000000014));
#1340 = CARTESIAN_POINT('',(-4.08936639176692,-3.4530747179506145,20.));
#1341 = CARTESIAN_POINT('',(-2.715846875497641,-4.612020838383997,20.));
#1342 = CARTESIAN_POINT('',(-1.0361408384977848,-5.250990173587953,19.999999999999993));
#1343 = CARTESIAN_POINT('',(0.7603792319102699,-5.297947482242092,20.));
#1344 = CARTESIAN_POINT('',(2.471168080120073,-4.74759927004862,20.000000000000007));
#1345 = CARTESIAN_POINT('',(3.767899016758772,-3.801219471688879,19.999999999999993));
#1346 = B_SPLINE_CURVE_WITH_KNOTS('',1,(#1337,#1338,#1339,#1340,#1341,#1342,#1343,#1344,#1345),.UNSPECIFIED.,.F.,.U.,(2,1,1,1,1,1,1,1,2),(0.,0.001797147820829323,0.003594295209778853,0.0053914349467137565,0.00718857488885521,0.008985709881576888,0.010782843530534304,0.01257997503318612,0.014185324168040997),.UNSPECIFIED.);
#1347 = EDGE_CURVE('',#1328,#1336,#1346,.T.);
#1348 = ORIENTED_EDGE('',*,*,#1347,.T.);
#1349 = CARTESIAN_POINT('',(-2.7474752476748687,-4.593222837925192,20.284259152528925));
#1350 = VERTEX_POINT('',#1349);
#1351 = CARTESIAN_POINT('',(-2.747475247632077,-4.593222837947712,20.284259152530225));
#1352 = CARTESIAN_POINT('',(-4.114618099064209,-3.4229149882366805,20.189358614875616));
#1353 = CARTESIAN_POINT('',(-5.016607423949297,-1.8655440001151278,20.0958870002577));
#1354 = CARTESIAN_POINT('',(-5.351386802347782,-0.09747453120679618,20.001467096476347));
#1355 = CARTESIAN_POINT('',(-5.081249619594476,1.6816783655823162,19.907520603685175));
#1356 = CARTESIAN_POINT('',(-4.236724144041861,3.2707294504017077,19.81370825135508));
#1357 = CARTESIAN_POINT('',(-2.9132981270756315,4.490057558655525,19.71917297314256));
#1358 = CARTESIAN_POINT('',(-1.2604424881698777,5.201893343055376,19.625813187014323));
#1359 = CARTESIAN_POINT('',(-0.2847038943437932,5.344870840585586,19.57420988474554));
#1360 = B_SPLINE_CURVE_WITH_KNOTS('',1,(#1351,#1352,#1353,#1354,#1355,#1356,#1357,#1358,#1359),.UNSPECIFIED.,.F.,.U.,(2,1,1,1,1,1,1,1,2),(0.,0.0018021393262909432,0.003604284181619903,0.005406244779778682,0.0072082395275975385,0.009010212720093133,0.010812198951113683,0.01261424167998573,0.013601749284557334),.UNSPECIFIED.);
#1361 = EDGE_CURVE('',#1336,#1350,#1360,.T.);
#1362 = ORIENTED_EDGE('',*,*,#1361,.T.);
#1363 = ( BOUNDED_CURVE() B_SPLINE_CURVE(2,(#758,#759,#760,#761,#762,#763,#764,#765,#766,#767,#768,#769,#770,#771,#772,#773,#774,#775,#776,#777,#778,#779,#780,#781,#782,#783,#784,#785,#786,#787,#788,#789,#790,#791,#792,#793,#794,#795,#796,#797,#798,#799,#800,#801,#802,#803,#804,#805,#806,#807,#808,#809,#810,#811,#812,#813,#814,#815,#816,#817,#818,#819,#820,#821,#822,#823,#824,#825,#826,#827,#828,#829,#830,#831,#832,#833,#834,#835,#836,#837,#838,#839,#840,#841,#842,#843,#844,#845,#846,#847,#848,#849,#850,#851,#852,#853,#854,#855,#856,#857,#858,#859,#860,#861,#862,#863,#864,#865,#866,#867,#868,#869,#870,#871,#872,#873,#874,#875,#876,#877,#878,#879,#880,#881,#882,#883,#884,#885,#886,#887,#888,#889,#890,#891,#892,#893,#894,#895,#896,#897,#898,#899,#900,#901,#902,#903,#904,#905,#906,#907,#908,#909,#910,#911,#912,#913,#914,#915,#916,#917,#918,#919,#920,#921,#922,#923,#924,#925,#926,#927,#928,#929,#930,#931,#932,#933,#934,#935,#936,#937,#938,#939,#940,#941,#942,#943,#944,#945,#946,#947,#948,#949,#950,#951,#952,#953,#954,#955,#956,#957,#958,#959,#960,#961,#962,#963,#964,#965,#966,#967,#968,#969,#970,#971,#972,#973,#974,#975,#976,#977,#978,#979,#980,#981,#982,#983,#984,#985,#986,#987,#988,#989,#990,#991,#992,#993,#994,#995,#996,#997,#998,#999,#1000,#1001,#1002,#1003,#1004,#1005,#1006,#1007,#1008,#1009,#1010,#1011,#1012,#1013,#1014,#1015,#1016,#1017,#1018,#1019,#1020,#1021,#1022,#1023,#1024,#1025,#1026,#1027,#1028,#1029,#1030,#1031,#1032,#1033,#1034,#1035,#1036,#1037,#1038,#1039,#1040),.UNSPECIFIED.,.F.,.U.) B_SPLINE_CURVE_WITH_KNOTS((3,2,2,2,2,2,2,2,2,2,2,2,2,2,2,2,2,2,2,2,2,2,2,2,2,2,2,2,2,2,2,2,2,2,2,2,2,2,2,2,2,2,2,2,2,2,2,2,2,2,2,2,2,2,2,2,2,2,2,2,2,2,2,2,2,2,2,2,2,2,2,2,2,2,2,2,2,2,2,2,2,2,2,2,2,2,2,2,2,2,2,2,2,2,2,2,2,2,2,2,2,2,2,2,2,2,2,2,2,2,2,2,2,2,2,2,2,2,2,2,2,2,2,2,2,2,2,2,2,2,2,2,2,2,2,2,2,2,2,2,2,3),(0.,0.006944444444444444,0.013888888888888888,0.020833333333333332,0.027777777777777776,0.034722222222222224,0.041666666666666664,0.04861111111111111,0.05555555555555555,0.0625,0.06944444444444445,0.0763888888888889,0.08333333333333333,0.09027777777777778,0.09722222222222222,0.10416666666666667,0.1111111111111111,0.11805555555555555,0.125,0.13194444444444445,0.1388888888888889,0.14583333333333334,0.1527777777777778,0.1597222222222222,0.16666666666666666,0.1736111111111111,0.18055555555555555,0.1875,0.19444444444444445,0.2013888888888889,0.20833333333333334,0.2152777777777778,0.2222222222222222,0.22916666666666666,0.2361111111111111,0.24305555555555555,0.25,0.2569444444444444,0.2638888888888889,0.2708333333333333,0.2777777777777778,0.2847222222222222,0.2916666666666667,0.2986111111111111,0.3055555555555556,0.3125,0.3194444444444444,0.3263888888888889,0.3333333333333333,0.3402777777777778,0.3472222222222222,0.3541666666666667,0.3611111111111111,0.3680555555555556,0.375,0.3819444444444444,0.3888888888888889,0.3958333333333333,0.4027777777777778,0.4097222222222222,0.4166666666666667,0.4236111111111111,0.4305555555555556,0.4375,0.4444444444444444,0.4513888888888889,0.4583333333333333,0.4652777777777778,0.4722222222222222,0.4791666666666667,0.4861111111111111,0.4930555555555556,0.5,0.5069444444444444,0.5138888888888888,0.5208333333333334,0.5277777777777778,0.5347222222222222,0.5416666666666666,0.5486111111111112,0.5555555555555556,0.5625,0.5694444444444444,0.5763888888888888,0.5833333333333334,0.5902777777777778,0.5972222222222222,0.6041666666666666,0.6111111111111112,0.6180555555555556,0.625,0.6319444444444444,0.6388888888888888,0.6458333333333334,0.6527777777777778,0.6597222222222222,0.6666666666666666,0.6736111111111112,0.6805555555555556,0.6875,0.6944444444444444,0.7013888888888888,0.7083333333333334,0.7152777777777778,0.7222222222222222,0.7291666666666666,0.7361111111111112,0.7430555555555556,0.75,0.7569444444444444,0.7638888888888888,0.7708333333333334,0.7777777777777778,0.7847222222222222,0.7916666666666666,0.7986111111111112,0.8055555555555556,0.8125,0.8194444444444444,0.8263888888888888,0.8333333333333334,0.8402777777777778,0.8472222222222222,0.8541666666666666,0.8611111111111112,0.8680555555555556,0.875,0.8819444444444444,0.8888888888888888,0.8958333333333334,0.9027777777777778,0.9097222222222222,0.9166666666666666,0.9236111111111112,0.9305555555555556,0.9375,0.9444444444444444,0.9513888888888888,0.9583333333333334,0.9652777777777778,0.9722222222222222,0.9738464195478178),.UNSPECIFIED.) CURVE() GEOMETRIC_REPRESENTATION_ITEM() RATIONAL_B_SPLINE_CURVE((1.,0.9238795325112867,1.,0.9238795325112867,1.,0.9238795325112867,1.,0.9238795325112867,1.,0.9238795325112867,1.,0.9238795325112867,1.,0.9238795325112867,1.,0.9238795325112867,1.,0.9238795325112867,1.,0.9238795325112867,1.,0.9238795325112867,1.,0.9238795325112867,1.,0.9238795325112867,1.,0.9238795325112867,1.,0.9238795325112867,1.,0.9238795325112867,1.,0.9238795325112867,1.,0.9238795325112867,1.,0.9238795325112867,1.,0.9238795325112867,1.,0.9238795325112867,1.,0.9238795325112867,1.,0.9238795325112867,1.,0.9238795325112867,1.,0.9238795325112867,1.,0.9238795325112867,1.,0.9238795325112867,1.,0.9238795325112867,1.,0.9238795325112867,1.,0.9238795325112867,1.,0.9238795325112867,1.,0.9238795325112867,1.,0.9238795325112867,1.,0.9238795325112867,1.,0.9238795325112867,1.,0.9238795325112867,1.,0.9238795325112867,1.,0.9238795325112867,1.,0.9238795325112867,1.,0.9238795325112867,1.,0.9238795325112867,1.,0.9238795325112867,1.,0.9238795325112867,1.,0.9238795325112867,1.,0.9238795325112867,1.,0.9238795325112867,1.,0.9238795325112867,1.,0.9238795325112867,1.,0.9238795325112867,1.,0.9238795325112867,1.,0.9238795325112867,1.,0.9238795325112867,1.,0.9238795325112867,1.,0.9238795325112867,1.,0.9238795325112867,1.,0.9238795325112867,1.,0.9238795325112867,1.,0.9238795325112867,1.,0.9238795325112867,1.,0.9238795325112867,1.,0.9238795325112867,1.,0.9238795325112867,1.,0.9238795325112867,1.,0.9238795325112867,1.,0.9238795325112867,1.,0.9238795325112867,1.,0.9238795325112867,1.,0.9238795325112867,1.,0.9238795325112867,1.,0.9238795325112867,1.,0.9238795325112867,1.,0.9238795325112867,1.,0.9238795325112867,1.,0.9238795325112867,1.,0.9238795325112867,1.,0.9238795325112867,1.,0.9238795325112867,1.,0.9238795325112867,1.,0.9238795325112867,1.,0.9238795325112867,1.,0.9238795325112867,1.,0.9238795325112867,1.,0.9238795325112867,1.,0.9238795325112867,1.,0.9238795325112867,1.,0.9238795325112867,1.,0.9238795325112867,1.,0.9238795325112867,1.,0.9238795325112867,1.,0.9238795325112867,1.,0.9238795325112867,1.,0.9238795325112867,1.,0.9238795325112867,1.,0.9238795325112867,1.,0.9238795325112867,1.,0.9238795325112867,1.,0.9238795325112867,1.,0.9238795325112867,1.,0.9238795325112867,1.,0.9238795325112867,1.,0.9238795325112867,1.,0.9238795325112867,1.,0.9238795325112867,1.,0.9238795325112867,1.,0.9238795325112867,1.,0.9238795325112867,1.,0.9238795325112867,1.,0.9238795325112867,1.,0.9238795325112867,1.,0.9238795325112867,1.,0.9238795325112867,1.,0.9238795325112867,1.,0.9238795325112867,1.,0.9238795325112867,1.,0.9238795325112867,1.,0.9238795325112867,1.,0.9238795325112867,1.,0.9238795325112867,1.,0.9238795325112867,1.,0.9238795325112867,1.,0.9238795325112867,1.,0.9238795325112867,1.,0.9238795325112867,1.,0.9238795325112867,1.,0.9238795325112867,1.,0.9238795325112867,1.,0.9238795325112867,1.,0.9238795325112867,1.,0.9238795325112867,1.,0.9238795325112867,1.,0.9238795325112867,1.,0.9238795325112867,1.,0.9238795325112867,1.,0.9238795325112867,1.,0.9238795325112867,1.,0.9238795325112867,1.,0.9238795325112867,1.,0.9238795325112867,1.,0.9238795325112867,1.,0.9238795325112867,1.,0.9821966090005712,0.9727210893749102)) REPRESENTATION_ITEM('') );
#1364 = EDGE_CURVE('',#1350,#1326,#1363,.T.);
#1365 = ORIENTED_EDGE('',*,*,#1364,.T.);
#1366 = EDGE_LOOP('',(#1334,#1348,#1362,#1365));
#1367 = FACE_OUTER_BOUND('',#1366,.T.);
#1368 = ADVANCED_FACE('',(#1367),#1324,.F.);
#1369 = CLOSED_SHELL('',(#1368));
#1370 = ORIENTED_CLOSED_SHELL('',*,#757,.F.);
#1371 = ORIENTED_CLOSED_SHELL('',*,#1369,.F.);
#1372 = BREP_WITH_VOIDS('',#81,(#1370,#1371));
#1373 = CARTESIAN_POINT('',(3.767899016758769,-3.8376869786293617,20.));
#1374 = CARTESIAN_POINT('',(2.299838215596975,-4.9237330139443465,19.999999999999993));
#1375 = CARTESIAN_POINT('',(0.5550669491298679,-5.462603750217089,19.999999999999993));
#1376 = CARTESIAN_POINT('',(-1.2692712504278527,-5.397445556225619,20.000000000000014));
#1377 = CARTESIAN_POINT('',(-3.001443087485786,-4.729280489517041,20.000000000000007));
#1378 = CARTESIAN_POINT('',(-4.426894737117325,-3.519399849514464,20.));
#1379 = CARTESIAN_POINT('',(-5.386832425150663,-1.898052954705887,19.999999999999993));
#1380 = CARTESIAN_POINT('',(-5.555275739662573,-1.3927165360245977,20.000000000000007));
#1381 = B_SPLINE_CURVE_WITH_KNOTS('',1,(#1373,#1374,#1375,#1376,#1377,#1378,#1379,#1380),.UNSPECIFIED.,.F.,.U.,(2,1,1,1,1,1,1,2),(0.,0.001826115688211238,0.0036522067162545724,0.00547770814233173,0.007334281283758249,0.009203966703418552,0.011088176383420276,0.011620847056772386),.UNSPECIFIED.);
#1382 = CARTESIAN_POINT('',(2.8905913379672383,-4.576584980285007,20.));
#1383 = GEOMETRIC_CURVE_SET('',(#1381,#1382));
#1384 = DIRECTION('',(1.,0.,0.));
#1385 = AXIS2_PLACEMENT_3D('',#38,#7,#1384);
#1386 = APPLICATION_CONTEXT('automotive design');
#1387 = APPLICATION_PROTOCOL_DEFINITION('international standard','automotive_design',2000,#1386);
#1388 = PRODUCT_CONTEXT('',#1386,'mechanical');
#1389 = PRODUCT('cadmpeg_model','cadmpeg_model','',(#1388));
#1390 = PRODUCT_DEFINITION_FORMATION('','',#1389);
#1391 = PRODUCT_DEFINITION_CONTEXT('part definition',#1386,'design');
#1392 = PRODUCT_DEFINITION('design','',#1390,#1391);
#1393 = PRODUCT_DEFINITION_SHAPE('','',#1392);
#1394 = SHAPE_REPRESENTATION('',(#1372,#1383,#1385),#5);
#1395 = SHAPE_DEFINITION_REPRESENTATION(#1393,#1394);
ENDSEC;
END-ISO-10303-21;
