ISO-10303-21;
HEADER;
FILE_DESCRIPTION(('CAD model exported by cadmpeg'),'2;1');
FILE_NAME('cadmpeg_model','1970-01-01T00:00:00',(''),(''),'cadmpeg-step','cadmpeg','');
FILE_SCHEMA(('AUTOMOTIVE_DESIGN { 1 0 10303 214 1 1 1 1 }'));
ENDSEC;
DATA;
#1 = ( LENGTH_UNIT() NAMED_UNIT(*) SI_UNIT(.MILLI.,.METRE.) );
#2 = ( NAMED_UNIT(*) PLANE_ANGLE_UNIT() SI_UNIT($,.RADIAN.) );
#3 = ( NAMED_UNIT(*) SI_UNIT($,.STERADIAN.) SOLID_ANGLE_UNIT() );
#4 = UNCERTAINTY_MEASURE_WITH_UNIT(LENGTH_MEASURE(0.000001),#1,'distance_accuracy_value','maximum model space distance');
#5 = ( GEOMETRIC_REPRESENTATION_CONTEXT(3) GLOBAL_UNCERTAINTY_ASSIGNED_CONTEXT((#4)) GLOBAL_UNIT_ASSIGNED_CONTEXT((#1,#2,#3)) REPRESENTATION_CONTEXT('Context','3D') );
#6 = CARTESIAN_POINT('',(47.55670429774158,-72.49542376533192,-52.13800578034682));
#7 = DIRECTION('',(-0.,-0.,1.));
#8 = DIRECTION('',(1.,0.,0.));
#9 = AXIS2_PLACEMENT_3D('',#6,#7,#8);
#10 = CYLINDRICAL_SURFACE('',#9,2.6999999999999957);
#11 = CARTESIAN_POINT('',(44.85670429774159,-72.49542376533192,-42.13800578034682));
#12 = VERTEX_POINT('',#11);
#13 = CARTESIAN_POINT('',(47.55670429774158,-72.49542376533192,-42.13800578034682));
#14 = DIRECTION('',(0.,0.,1.));
#15 = DIRECTION('',(1.,0.,-0.));
#16 = AXIS2_PLACEMENT_3D('',#13,#14,#15);
#17 = CIRCLE('',#16,2.6999999999999957);
#18 = CARTESIAN_POINT('',(-66.64681974310434,-78.36950335279317,-42.13800578034682));
#19 = AXIS2_PLACEMENT_3D('',#18,#14,#15);
#20 = PLANE('',#19);
#21 = CARTESIAN_POINT('',(114.20352404084593,5.874079587461253));
#22 = DIRECTION('',(1.,0.));
#23 = AXIS2_PLACEMENT_2D('',#21,#22);
#24 = CIRCLE('',#23,2.6999999999999957);
#25 = ( GEOMETRIC_REPRESENTATION_CONTEXT(2) PARAMETRIC_REPRESENTATION_CONTEXT() REPRESENTATION_CONTEXT('uv','2D') );
#26 = DEFINITIONAL_REPRESENTATION('',(#24),#25);
#27 = PCURVE('',#20,#26);
#28 = CARTESIAN_POINT('',(0.,10.));
#29 = VECTOR('',#22,1.);
#30 = LINE('',#28,#29);
#31 = DEFINITIONAL_REPRESENTATION('',(#30),#25);
#32 = PCURVE('',#10,#31);
#33 = SURFACE_CURVE('',#17,(#27,#32),.CURVE_3D.);
#34 = EDGE_CURVE('',#12,#12,#33,.T.);
#35 = ORIENTED_EDGE('',*,*,#34,.T.);
#36 = CARTESIAN_POINT('',(44.85670429774159,-72.49542376533192,-51.06300578034681));
#37 = VERTEX_POINT('',#36);
#38 = DIRECTION('',(0.,0.,-1.));
#39 = VECTOR('',#38,1.);
#40 = LINE('',#11,#39);
#41 = CARTESIAN_POINT('',(3.141592653589793,10.));
#42 = DIRECTION('',(0.,-1.));
#43 = VECTOR('',#42,1.);
#44 = LINE('',#41,#43);
#45 = DEFINITIONAL_REPRESENTATION('',(#44),#25);
#46 = PCURVE('',#10,#45);
#47 = VECTOR('',#42,1.);
#48 = LINE('',#41,#47);
#49 = DEFINITIONAL_REPRESENTATION('',(#48),#25);
#50 = PCURVE('',#10,#49);
#51 = SURFACE_CURVE('',#40,(#46,#50),.CURVE_3D.);
#52 = EDGE_CURVE('',#12,#37,#51,.T.);
#53 = ORIENTED_EDGE('',*,*,#52,.T.);
#54 = CARTESIAN_POINT('',(47.55670429774158,-72.49542376533192,-51.06300578034681));
#55 = AXIS2_PLACEMENT_3D('',#54,#14,#15);
#56 = CIRCLE('',#55,2.6999999999999957);
#57 = CARTESIAN_POINT('',(0.,1.07500000000001));
#58 = VECTOR('',#22,1.);
#59 = LINE('',#57,#58);
#60 = DEFINITIONAL_REPRESENTATION('',(#59),#25);
#61 = PCURVE('',#10,#60);
#62 = CARTESIAN_POINT('',(5.,-78.36950335279319,-51.06300578034681));
#63 = AXIS2_PLACEMENT_3D('',#62,#14,#15);
#64 = PLANE('',#63);
#65 = CARTESIAN_POINT('',(42.55670429774158,5.874079587461267));
#66 = AXIS2_PLACEMENT_2D('',#65,#22);
#67 = CIRCLE('',#66,2.6999999999999957);
#68 = DEFINITIONAL_REPRESENTATION('',(#67),#25);
#69 = PCURVE('',#64,#68);
#70 = SURFACE_CURVE('',#56,(#61,#69),.CURVE_3D.);
#71 = EDGE_CURVE('',#37,#37,#70,.T.);
#72 = ORIENTED_EDGE('',*,*,#71,.F.);
#73 = ORIENTED_EDGE('',*,*,#52,.F.);
#74 = EDGE_LOOP('',(#35,#53,#72,#73));
#75 = FACE_OUTER_BOUND('',#74,.T.);
#76 = ADVANCED_FACE('',(#75),#10,.T.);
#77 = CARTESIAN_POINT('',(47.55670429774158,-18.19706178380104,-52.13800578034682));
#78 = AXIS2_PLACEMENT_3D('',#77,#7,#8);
#79 = CYLINDRICAL_SURFACE('',#78,2.7000000000000117);
#80 = CARTESIAN_POINT('',(44.85670429774157,-18.19706178380104,-42.13800578034682));
#81 = VERTEX_POINT('',#80);
#82 = CARTESIAN_POINT('',(47.55670429774158,-18.19706178380104,-42.13800578034682));
#83 = AXIS2_PLACEMENT_3D('',#82,#14,#15);
#84 = CIRCLE('',#83,2.7000000000000117);
#85 = CARTESIAN_POINT('',(114.20352404084593,60.172441568992134));
#86 = AXIS2_PLACEMENT_2D('',#85,#22);
#87 = CIRCLE('',#86,2.7000000000000117);
#88 = DEFINITIONAL_REPRESENTATION('',(#87),#25);
#89 = PCURVE('',#20,#88);
#90 = VECTOR('',#22,1.);
#91 = LINE('',#28,#90);
#92 = DEFINITIONAL_REPRESENTATION('',(#91),#25);
#93 = PCURVE('',#79,#92);
#94 = SURFACE_CURVE('',#84,(#89,#93),.CURVE_3D.);
#95 = EDGE_CURVE('',#81,#81,#94,.T.);
#96 = ORIENTED_EDGE('',*,*,#95,.T.);
#97 = CARTESIAN_POINT('',(44.85670429774157,-18.19706178380104,-51.06300578034681));
#98 = VERTEX_POINT('',#97);
#99 = VECTOR('',#38,1.);
#100 = LINE('',#80,#99);
#101 = VECTOR('',#42,1.);
#102 = LINE('',#41,#101);
#103 = DEFINITIONAL_REPRESENTATION('',(#102),#25);
#104 = PCURVE('',#79,#103);
#105 = VECTOR('',#42,1.);
#106 = LINE('',#41,#105);
#107 = DEFINITIONAL_REPRESENTATION('',(#106),#25);
#108 = PCURVE('',#79,#107);
#109 = SURFACE_CURVE('',#100,(#104,#108),.CURVE_3D.);
#110 = EDGE_CURVE('',#81,#98,#109,.T.);
#111 = ORIENTED_EDGE('',*,*,#110,.T.);
#112 = CARTESIAN_POINT('',(47.55670429774158,-18.19706178380104,-51.06300578034681));
#113 = AXIS2_PLACEMENT_3D('',#112,#14,#15);
#114 = CIRCLE('',#113,2.7000000000000117);
#115 = CARTESIAN_POINT('',(42.55670429774158,60.17244156899215));
#116 = AXIS2_PLACEMENT_2D('',#115,#22);
#117 = CIRCLE('',#116,2.7000000000000117);
#118 = DEFINITIONAL_REPRESENTATION('',(#117),#25);
#119 = PCURVE('',#64,#118);
#120 = VECTOR('',#22,1.);
#121 = LINE('',#57,#120);
#122 = DEFINITIONAL_REPRESENTATION('',(#121),#25);
#123 = PCURVE('',#79,#122);
#124 = SURFACE_CURVE('',#114,(#119,#123),.CURVE_3D.);
#125 = EDGE_CURVE('',#98,#98,#124,.T.);
#126 = ORIENTED_EDGE('',*,*,#125,.F.);
#127 = ORIENTED_EDGE('',*,*,#110,.F.);
#128 = EDGE_LOOP('',(#96,#111,#126,#127));
#129 = FACE_OUTER_BOUND('',#128,.T.);
#130 = ADVANCED_FACE('',(#129),#79,.T.);
#131 = CARTESIAN_POINT('',(20.700000000000003,-62.64624277456649,3.1369942196531735));
#132 = DIRECTION('',(-1.,-0.,-0.));
#133 = DIRECTION('',(-0.,0.,1.));
#134 = AXIS2_PLACEMENT_3D('',#131,#132,#133);
#135 = CYLINDRICAL_SURFACE('',#134,3.3500000000000023);
#136 = CARTESIAN_POINT('',(5.000000000000001,-61.37962165558397,0.03567660596903417));
#137 = VERTEX_POINT('',#136);
#138 = CARTESIAN_POINT('',(5.,-64.45960314332498,5.953769711774633));
#139 = VERTEX_POINT('',#138);
#140 = CARTESIAN_POINT('',(5.,-62.64624277456649,3.1369942196531735));
#141 = DIRECTION('',(1.,-0.,0.));
#142 = AXIS2_PLACEMENT_3D('',#140,#141,#38);
#143 = CIRCLE('',#142,3.3500000000000023);
#144 = CARTESIAN_POINT('',(5.,0.,0.));
#145 = AXIS2_PLACEMENT_3D('',#144,#141,#38);
#146 = PLANE('',#145);
#147 = CARTESIAN_POINT('',(-3.1369942196531735,-62.64624277456649));
#148 = AXIS2_PLACEMENT_2D('',#147,#22);
#149 = CIRCLE('',#148,3.3500000000000023);
#150 = DEFINITIONAL_REPRESENTATION('',(#149),#25);
#151 = PCURVE('',#146,#150);
#152 = CARTESIAN_POINT('',(3.141592653589793,15.700000000000003));
#153 = DIRECTION('',(-1.,0.));
#154 = VECTOR('',#153,1.);
#155 = LINE('',#152,#154);
#156 = DEFINITIONAL_REPRESENTATION('',(#155),#25);
#157 = PCURVE('',#135,#156);
#158 = SURFACE_CURVE('',#143,(#151,#157),.CURVE_3D.);
#159 = EDGE_CURVE('',#137,#139,#158,.T.);
#160 = ORIENTED_EDGE('',*,*,#159,.F.);
#161 = CARTESIAN_POINT('',(20.700000000000003,-61.37962165558397,0.03567660596903721));
#162 = VERTEX_POINT('',#161);
#163 = VECTOR('',#132,1.);
#164 = LINE('',#161,#163);
#165 = CARTESIAN_POINT('',(20.700000000000003,-52.59251937899775,-21.47951420777013));
#166 = DIRECTION('',(-0.,0.9257664518460107,0.37809585641269344));
#167 = DIRECTION('',(0.,-0.37809585641269344,0.9257664518460107));
#168 = AXIS2_PLACEMENT_3D('',#165,#166,#167);
#169 = PLANE('',#168);
#170 = CARTESIAN_POINT('',(23.240408821076986,0.));
#171 = VECTOR('',#42,1.);
#172 = LINE('',#170,#171);
#173 = DEFINITIONAL_REPRESENTATION('',(#172),#25);
#174 = PCURVE('',#169,#173);
#175 = CARTESIAN_POINT('',(2.753854052528149,15.700000000000003));
#176 = DIRECTION('',(0.,1.));
#177 = VECTOR('',#176,1.);
#178 = LINE('',#175,#177);
#179 = DEFINITIONAL_REPRESENTATION('',(#178),#25);
#180 = PCURVE('',#135,#179);
#181 = SURFACE_CURVE('',#164,(#174,#180),.CURVE_3D.);
#182 = EDGE_CURVE('',#137,#162,#181,.T.);
#183 = ORIENTED_EDGE('',*,*,#182,.T.);
#184 = CARTESIAN_POINT('',(20.700000000000003,-64.45960314332498,5.953769711774633));
#185 = VERTEX_POINT('',#184);
#186 = AXIS2_PLACEMENT_3D('',#131,#141,#38);
#187 = CIRCLE('',#186,3.3500000000000023);
#188 = CARTESIAN_POINT('',(3.141592653589793,-0.));
#189 = VECTOR('',#153,1.);
#190 = LINE('',#188,#189);
#191 = DEFINITIONAL_REPRESENTATION('',(#190),#25);
#192 = PCURVE('',#135,#191);
#193 = CARTESIAN_POINT('',(20.700000000000003,0.,0.));
#194 = AXIS2_PLACEMENT_3D('',#193,#141,#38);
#195 = PLANE('',#194);
#196 = AXIS2_PLACEMENT_2D('',#147,#22);
#197 = CIRCLE('',#196,3.3500000000000023);
#198 = DEFINITIONAL_REPRESENTATION('',(#197),#25);
#199 = PCURVE('',#195,#198);
#200 = SURFACE_CURVE('',#187,(#192,#199),.CURVE_3D.);
#201 = EDGE_CURVE('',#162,#185,#200,.T.);
#202 = ORIENTED_EDGE('',*,*,#201,.T.);
#203 = VECTOR('',#132,1.);
#204 = LINE('',#184,#203);
#205 = CARTESIAN_POINT('',(-0.5719843395533764,15.700000000000003));
#206 = VECTOR('',#176,1.);
#207 = LINE('',#205,#206);
#208 = DEFINITIONAL_REPRESENTATION('',(#207),#25);
#209 = PCURVE('',#135,#208);
#210 = CARTESIAN_POINT('',(20.700000000000003,-42.862651243584885,-27.593762187449027));
#211 = DIRECTION('',(-0.,0.8408285051108808,0.5413016026144772));
#212 = DIRECTION('',(0.,-0.5413016026144772,0.8408285051108808));
#213 = AXIS2_PLACEMENT_3D('',#210,#211,#212);
#214 = PLANE('',#213);
#215 = CARTESIAN_POINT('',(39.898185771900906,0.));
#216 = VECTOR('',#42,1.);
#217 = LINE('',#215,#216);
#218 = DEFINITIONAL_REPRESENTATION('',(#217),#25);
#219 = PCURVE('',#214,#218);
#220 = SURFACE_CURVE('',#204,(#209,#219),.CURVE_3D.);
#221 = EDGE_CURVE('',#139,#185,#220,.T.);
#222 = ORIENTED_EDGE('',*,*,#221,.F.);
#223 = EDGE_LOOP('',(#160,#183,#202,#222));
#224 = FACE_OUTER_BOUND('',#223,.T.);
#225 = ADVANCED_FACE('',(#224),#135,.T.);
#226 = ORIENTED_EDGE('',*,*,#201,.F.);
#227 = CARTESIAN_POINT('',(20.700000000000003,-60.42682009742398,-2.297254852682909));
#228 = VERTEX_POINT('',#227);
#229 = DIRECTION('',(0.,0.37809585641269344,-0.9257664518460107));
#230 = VECTOR('',#229,1.);
#231 = LINE('',#165,#230);
#232 = CARTESIAN_POINT('',(21.47951420777013,-52.59251937899775));
#233 = DIRECTION('',(0.9257664518460107,0.37809585641269344));
#234 = VECTOR('',#233,1.);
#235 = LINE('',#232,#234);
#236 = DEFINITIONAL_REPRESENTATION('',(#235),#25);
#237 = PCURVE('',#195,#236);
#238 = CARTESIAN_POINT('',(0.,0.));
#239 = VECTOR('',#153,1.);
#240 = LINE('',#238,#239);
#241 = DEFINITIONAL_REPRESENTATION('',(#240),#25);
#242 = PCURVE('',#169,#241);
#243 = SURFACE_CURVE('',#231,(#237,#242),.CURVE_3D.);
#244 = EDGE_CURVE('',#228,#162,#243,.T.);
#245 = ORIENTED_EDGE('',*,*,#244,.F.);
#246 = CARTESIAN_POINT('',(20.700000000000003,-65.82368318191347,8.072657544654033));
#247 = VERTEX_POINT('',#246);
#248 = AXIS2_PLACEMENT_3D('',#131,#141,#38);
#249 = CIRCLE('',#248,5.869999999999998);
#250 = CARTESIAN_POINT('',(25.,-62.64624277456649,3.1369942196531735));
#251 = AXIS2_PLACEMENT_3D('',#250,#132,#133);
#252 = CYLINDRICAL_SURFACE('',#251,5.869999999999998);
#253 = CARTESIAN_POINT('',(3.141592653589793,4.299999999999997));
#254 = VECTOR('',#153,1.);
#255 = LINE('',#253,#254);
#256 = DEFINITIONAL_REPRESENTATION('',(#255),#25);
#257 = PCURVE('',#252,#256);
#258 = AXIS2_PLACEMENT_2D('',#147,#22);
#259 = CIRCLE('',#258,5.869999999999998);
#260 = DEFINITIONAL_REPRESENTATION('',(#259),#25);
#261 = PCURVE('',#195,#260);
#262 = SURFACE_CURVE('',#249,(#257,#261),.CURVE_3D.);
#263 = EDGE_CURVE('',#228,#247,#262,.T.);
#264 = ORIENTED_EDGE('',*,*,#263,.T.);
#265 = DIRECTION('',(0.,0.5413016026144772,-0.8408285051108808));
#266 = VECTOR('',#265,1.);
#267 = LINE('',#210,#266);
#268 = VECTOR('',#153,1.);
#269 = LINE('',#238,#268);
#270 = DEFINITIONAL_REPRESENTATION('',(#269),#25);
#271 = PCURVE('',#214,#270);
#272 = CARTESIAN_POINT('',(27.593762187449027,-42.862651243584885));
#273 = DIRECTION('',(0.8408285051108808,0.5413016026144772));
#274 = VECTOR('',#273,1.);
#275 = LINE('',#272,#274);
#276 = DEFINITIONAL_REPRESENTATION('',(#275),#25);
#277 = PCURVE('',#195,#276);
#278 = SURFACE_CURVE('',#267,(#271,#277),.CURVE_3D.);
#279 = EDGE_CURVE('',#185,#247,#278,.T.);
#280 = ORIENTED_EDGE('',*,*,#279,.F.);
#281 = EDGE_LOOP('',(#226,#245,#264,#280));
#282 = FACE_OUTER_BOUND('',#281,.T.);
#283 = ADVANCED_FACE('',(#282),#195,.T.);
#284 = CARTESIAN_POINT('',(5.,-65.82368318191345,8.072657544654028));
#285 = VERTEX_POINT('',#284);
#286 = CARTESIAN_POINT('',(5.,-42.862651243584885,-27.593762187449027));
#287 = VECTOR('',#265,1.);
#288 = LINE('',#286,#287);
#289 = VECTOR('',#273,1.);
#290 = LINE('',#272,#289);
#291 = DEFINITIONAL_REPRESENTATION('',(#290),#25);
#292 = PCURVE('',#146,#291);
#293 = CARTESIAN_POINT('',(0.,-15.700000000000003));
#294 = VECTOR('',#153,1.);
#295 = LINE('',#293,#294);
#296 = DEFINITIONAL_REPRESENTATION('',(#295),#25);
#297 = PCURVE('',#214,#296);
#298 = SURFACE_CURVE('',#288,(#292,#297),.CURVE_3D.);
#299 = EDGE_CURVE('',#139,#285,#298,.T.);
#300 = ORIENTED_EDGE('',*,*,#299,.F.);
#301 = ORIENTED_EDGE('',*,*,#221,.T.);
#302 = ORIENTED_EDGE('',*,*,#279,.T.);
#303 = CARTESIAN_POINT('',(20.700000000000003,-65.82368318191345,8.072657544654028));
#304 = VECTOR('',#132,1.);
#305 = LINE('',#303,#304);
#306 = CARTESIAN_POINT('',(25.,-40.761500471287675,-28.179569823381684));
#307 = DIRECTION('',(0.,-0.8225691253896819,-0.5686651334095083));
#308 = DIRECTION('',(0.,0.5686651334095083,-0.8225691253896819));
#309 = AXIS2_PLACEMENT_3D('',#306,#307,#308);
#310 = PLANE('',#309);
#311 = CARTESIAN_POINT('',(-44.0719524342245,-4.299999999999997));
#312 = VECTOR('',#42,1.);
#313 = LINE('',#311,#312);
#314 = DEFINITIONAL_REPRESENTATION('',(#313),#25);
#315 = PCURVE('',#310,#314);
#316 = CARTESIAN_POINT('',(42.41818577190088,0.));
#317 = VECTOR('',#42,1.);
#318 = LINE('',#316,#317);
#319 = DEFINITIONAL_REPRESENTATION('',(#318),#25);
#320 = PCURVE('',#214,#319);
#321 = SURFACE_CURVE('',#305,(#315,#320),.CURVE_3D.);
#322 = EDGE_CURVE('',#285,#247,#321,.T.);
#323 = ORIENTED_EDGE('',*,*,#322,.F.);
#324 = EDGE_LOOP('',(#300,#301,#302,#323));
#325 = FACE_OUTER_BOUND('',#324,.T.);
#326 = ADVANCED_FACE('',(#325),#214,.T.);
#327 = CARTESIAN_POINT('',(5.,-35.205493896970836,-11.734630177215594));
#328 = VERTEX_POINT('',#327);
#329 = CARTESIAN_POINT('',(5.,-33.86330578469666,-11.019383773844037));
#330 = VERTEX_POINT('',#329);
#331 = CARTESIAN_POINT('',(5.,-31.2618693334614,-17.51803966488678));
#332 = AXIS2_PLACEMENT_3D('',#331,#8,#38);
#333 = CIRCLE('',#332,7.000000000000003);
#334 = CARTESIAN_POINT('',(17.51803966488678,-31.2618693334614));
#335 = AXIS2_PLACEMENT_2D('',#334,#22);
#336 = CIRCLE('',#335,7.000000000000003);
#337 = DEFINITIONAL_REPRESENTATION('',(#336),#25);
#338 = PCURVE('',#146,#337);
#339 = CARTESIAN_POINT('',(-5.,-31.2618693334614,-17.51803966488678));
#340 = DIRECTION('',(1.,-0.,-0.));
#341 = DIRECTION('',(-0.,0.,-1.));
#342 = AXIS2_PLACEMENT_3D('',#339,#340,#341);
#343 = CYLINDRICAL_SURFACE('',#342,7.000000000000003);
#344 = VECTOR('',#22,1.);
#345 = LINE('',#28,#344);
#346 = DEFINITIONAL_REPRESENTATION('',(#345),#25);
#347 = PCURVE('',#343,#346);
#348 = SURFACE_CURVE('',#333,(#338,#347),.CURVE_3D.);
#349 = EDGE_CURVE('',#328,#330,#348,.T.);
#350 = ORIENTED_EDGE('',*,*,#349,.F.);
#351 = CARTESIAN_POINT('',(5.,-55.48699165216215,-11.734630177215585));
#352 = VERTEX_POINT('',#351);
#353 = CARTESIAN_POINT('',(5.,-45.34624277456649,3.136994219653174));
#354 = AXIS2_PLACEMENT_3D('',#353,#132,#38);
#355 = CIRCLE('',#354,17.999999999999996);
#356 = CARTESIAN_POINT('',(-3.136994219653174,-45.34624277456649));
#357 = AXIS2_PLACEMENT_2D('',#356,#22);
#358 = CIRCLE('',#357,17.999999999999996);
#359 = DEFINITIONAL_REPRESENTATION('',(#358),#25);
#360 = PCURVE('',#146,#359);
#361 = CARTESIAN_POINT('',(-5.,-45.34624277456649,3.136994219653174));
#362 = AXIS2_PLACEMENT_3D('',#361,#340,#341);
#363 = CYLINDRICAL_SURFACE('',#362,17.999999999999996);
#364 = VECTOR('',#153,1.);
#365 = LINE('',#28,#364);
#366 = DEFINITIONAL_REPRESENTATION('',(#365),#25);
#367 = PCURVE('',#363,#366);
#368 = SURFACE_CURVE('',#355,(#360,#367),.CURVE_3D.);
#369 = EDGE_CURVE('',#352,#328,#368,.T.);
#370 = ORIENTED_EDGE('',*,*,#369,.F.);
#371 = CARTESIAN_POINT('',(5.,-56.82917976443632,-11.01938377384404));
#372 = VERTEX_POINT('',#371);
#373 = CARTESIAN_POINT('',(5.,-59.43061621567158,-17.518039664886782));
#374 = AXIS2_PLACEMENT_3D('',#373,#8,#38);
#375 = CIRCLE('',#374,7.000000000000002);
#376 = CARTESIAN_POINT('',(17.518039664886782,-59.43061621567158));
#377 = AXIS2_PLACEMENT_2D('',#376,#22);
#378 = CIRCLE('',#377,7.000000000000002);
#379 = DEFINITIONAL_REPRESENTATION('',(#378),#25);
#380 = PCURVE('',#146,#379);
#381 = CARTESIAN_POINT('',(-5.,-59.43061621567158,-17.518039664886782));
#382 = AXIS2_PLACEMENT_3D('',#381,#340,#341);
#383 = CYLINDRICAL_SURFACE('',#382,7.000000000000002);
#384 = VECTOR('',#22,1.);
#385 = LINE('',#28,#384);
#386 = DEFINITIONAL_REPRESENTATION('',(#385),#25);
#387 = PCURVE('',#383,#386);
#388 = SURFACE_CURVE('',#375,(#380,#387),.CURVE_3D.);
#389 = EDGE_CURVE('',#372,#352,#388,.T.);
#390 = ORIENTED_EDGE('',*,*,#389,.F.);
#391 = CARTESIAN_POINT('',(5.,-56.27053537019627,-10.776726168958051));
#392 = VERTEX_POINT('',#391);
#393 = AXIS2_PLACEMENT_3D('',#140,#141,#38);
#394 = CIRCLE('',#393,15.304942337643642);
#395 = AXIS2_PLACEMENT_2D('',#147,#22);
#396 = CIRCLE('',#395,15.304942337643642);
#397 = DEFINITIONAL_REPRESENTATION('',(#396),#25);
#398 = PCURVE('',#146,#397);
#399 = CARTESIAN_POINT('',(9.999999999999998,-62.64624277456649,3.1369942196531735));
#400 = AXIS2_PLACEMENT_3D('',#399,#141,#38);
#401 = TOROIDAL_SURFACE('',#400,15.304942337643642,4.999999999999999);
#402 = CARTESIAN_POINT('',(0.,-1.5707963267948966));
#403 = VECTOR('',#22,1.);
#404 = LINE('',#402,#403);
#405 = DEFINITIONAL_REPRESENTATION('',(#404),#25);
#406 = PCURVE('',#401,#405);
#407 = SURFACE_CURVE('',#394,(#398,#406),.CURVE_3D.);
#408 = EDGE_CURVE('',#372,#392,#407,.T.);
#409 = ORIENTED_EDGE('',*,*,#408,.T.);
#410 = CARTESIAN_POINT('',(5.,-60.42682009742398,-2.297254852682909));
#411 = VERTEX_POINT('',#410);
#412 = CARTESIAN_POINT('',(5.,-49.62916709493147,-24.326156847277));
#413 = DIRECTION('',(0.,0.440129992905119,-0.8979340673709512));
#414 = VECTOR('',#413,1.);
#415 = LINE('',#412,#414);
#416 = CARTESIAN_POINT('',(24.326156847277,-49.62916709493147));
#417 = DIRECTION('',(0.8979340673709512,0.440129992905119));
#418 = VECTOR('',#417,1.);
#419 = LINE('',#416,#418);
#420 = DEFINITIONAL_REPRESENTATION('',(#419),#25);
#421 = PCURVE('',#146,#420);
#422 = CARTESIAN_POINT('',(25.,-49.62916709493147,-24.326156847277));
#423 = DIRECTION('',(-0.,0.8979340673709513,0.440129992905119));
#424 = DIRECTION('',(0.,-0.440129992905119,0.8979340673709513));
#425 = AXIS2_PLACEMENT_3D('',#422,#423,#424);
#426 = PLANE('',#425);
#427 = CARTESIAN_POINT('',(0.,-20.));
#428 = VECTOR('',#153,1.);
#429 = LINE('',#427,#428);
#430 = DEFINITIONAL_REPRESENTATION('',(#429),#25);
#431 = PCURVE('',#426,#430);
#432 = SURFACE_CURVE('',#415,(#421,#431),.CURVE_3D.);
#433 = EDGE_CURVE('',#392,#411,#432,.T.);
#434 = ORIENTED_EDGE('',*,*,#433,.T.);
#435 = CARTESIAN_POINT('',(5.,-52.59251937899775,-21.47951420777013));
#436 = VECTOR('',#229,1.);
#437 = LINE('',#435,#436);
#438 = VECTOR('',#233,1.);
#439 = LINE('',#232,#438);
#440 = DEFINITIONAL_REPRESENTATION('',(#439),#25);
#441 = PCURVE('',#146,#440);
#442 = VECTOR('',#153,1.);
#443 = LINE('',#293,#442);
#444 = DEFINITIONAL_REPRESENTATION('',(#443),#25);
#445 = PCURVE('',#169,#444);
#446 = SURFACE_CURVE('',#437,(#441,#445),.CURVE_3D.);
#447 = EDGE_CURVE('',#411,#137,#446,.T.);
#448 = ORIENTED_EDGE('',*,*,#447,.T.);
#449 = ORIENTED_EDGE('',*,*,#159,.T.);
#450 = ORIENTED_EDGE('',*,*,#299,.T.);
#451 = CARTESIAN_POINT('',(5.,-71.1901195250042,15.835160623978126));
#452 = VERTEX_POINT('',#451);
#453 = CARTESIAN_POINT('',(5.,-40.761500471287675,-28.179569823381684));
#454 = DIRECTION('',(0.,-0.5686651334095083,0.8225691253896819));
#455 = VECTOR('',#454,1.);
#456 = LINE('',#453,#455);
#457 = VECTOR('',#153,1.);
#458 = LINE('',#427,#457);
#459 = DEFINITIONAL_REPRESENTATION('',(#458),#25);
#460 = PCURVE('',#310,#459);
#461 = CARTESIAN_POINT('',(28.179569823381684,-40.761500471287675));
#462 = DIRECTION('',(-0.8225691253896819,-0.5686651334095083));
#463 = VECTOR('',#462,1.);
#464 = LINE('',#461,#463);
#465 = DEFINITIONAL_REPRESENTATION('',(#464),#25);
#466 = PCURVE('',#146,#465);
#467 = SURFACE_CURVE('',#456,(#460,#466),.CURVE_3D.);
#468 = EDGE_CURVE('',#452,#285,#467,.T.);
#469 = ORIENTED_EDGE('',*,*,#468,.F.);
#470 = CARTESIAN_POINT('',(5.,-63.88450603355453,-12.117774348241817));
#471 = VERTEX_POINT('',#470);
#472 = AXIS2_PLACEMENT_3D('',#140,#141,#38);
#473 = CIRCLE('',#472,15.304942337643642);
#474 = AXIS2_PLACEMENT_2D('',#147,#22);
#475 = CIRCLE('',#474,15.304942337643642);
#476 = DEFINITIONAL_REPRESENTATION('',(#475),#25);
#477 = PCURVE('',#146,#476);
#478 = AXIS2_PLACEMENT_3D('',#399,#141,#38);
#479 = TOROIDAL_SURFACE('',#478,15.304942337643642,4.999999999999999);
#480 = VECTOR('',#22,1.);
#481 = LINE('',#402,#480);
#482 = DEFINITIONAL_REPRESENTATION('',(#481),#25);
#483 = PCURVE('',#479,#482);
#484 = SURFACE_CURVE('',#473,(#477,#483),.CURVE_3D.);
#485 = EDGE_CURVE('',#452,#471,#484,.T.);
#486 = ORIENTED_EDGE('',*,*,#485,.T.);
#487 = CARTESIAN_POINT('',(5.,-63.37424077918101,-23.30144915255796));
#488 = VERTEX_POINT('',#487);
#489 = AXIS2_PLACEMENT_2D('',#376,#22);
#490 = CIRCLE('',#489,7.000000000000002);
#491 = DEFINITIONAL_REPRESENTATION('',(#490),#25);
#492 = PCURVE('',#146,#491);
#493 = VECTOR('',#22,1.);
#494 = LINE('',#28,#493);
#495 = DEFINITIONAL_REPRESENTATION('',(#494),#25);
#496 = PCURVE('',#383,#495);
#497 = SURFACE_CURVE('',#375,(#492,#496),.CURVE_3D.);
#498 = EDGE_CURVE('',#488,#471,#497,.T.);
#499 = ORIENTED_EDGE('',*,*,#498,.F.);
#500 = CARTESIAN_POINT('',(5.,-27.318244769951978,-23.301449152557964));
#501 = VERTEX_POINT('',#500);
#502 = AXIS2_PLACEMENT_3D('',#353,#8,#38);
#503 = CIRCLE('',#502,32.);
#504 = AXIS2_PLACEMENT_2D('',#356,#22);
#505 = CIRCLE('',#504,32.);
#506 = DEFINITIONAL_REPRESENTATION('',(#505),#25);
#507 = PCURVE('',#146,#506);
#508 = AXIS2_PLACEMENT_3D('',#361,#340,#341);
#509 = CYLINDRICAL_SURFACE('',#508,32.);
#510 = VECTOR('',#22,1.);
#511 = LINE('',#28,#510);
#512 = DEFINITIONAL_REPRESENTATION('',(#511),#25);
#513 = PCURVE('',#509,#512);
#514 = SURFACE_CURVE('',#503,(#507,#513),.CURVE_3D.);
#515 = EDGE_CURVE('',#501,#488,#514,.T.);
#516 = ORIENTED_EDGE('',*,*,#515,.F.);
#517 = CARTESIAN_POINT('',(5.,-26.807979515578438,-12.11777434824182));
#518 = VERTEX_POINT('',#517);
#519 = AXIS2_PLACEMENT_2D('',#334,#22);
#520 = CIRCLE('',#519,7.000000000000003);
#521 = DEFINITIONAL_REPRESENTATION('',(#520),#25);
#522 = PCURVE('',#146,#521);
#523 = VECTOR('',#22,1.);
#524 = LINE('',#28,#523);
#525 = DEFINITIONAL_REPRESENTATION('',(#524),#25);
#526 = PCURVE('',#343,#525);
#527 = SURFACE_CURVE('',#333,(#522,#526),.CURVE_3D.);
#528 = EDGE_CURVE('',#518,#501,#527,.T.);
#529 = ORIENTED_EDGE('',*,*,#528,.F.);
#530 = CARTESIAN_POINT('',(5.,-19.50236602412879,15.83516062397813));
#531 = VERTEX_POINT('',#530);
#532 = CARTESIAN_POINT('',(5.,-28.046242774566487,3.1369942196531735));
#533 = AXIS2_PLACEMENT_3D('',#532,#141,#38);
#534 = CIRCLE('',#533,15.304942337643642);
#535 = CARTESIAN_POINT('',(9.999999999999998,-28.046242774566487,3.1369942196531735));
#536 = AXIS2_PLACEMENT_3D('',#535,#141,#38);
#537 = TOROIDAL_SURFACE('',#536,15.304942337643642,4.999999999999999);
#538 = VECTOR('',#22,1.);
#539 = LINE('',#402,#538);
#540 = DEFINITIONAL_REPRESENTATION('',(#539),#25);
#541 = PCURVE('',#537,#540);
#542 = CARTESIAN_POINT('',(-3.1369942196531735,-28.046242774566487));
#543 = AXIS2_PLACEMENT_2D('',#542,#22);
#544 = CIRCLE('',#543,15.304942337643642);
#545 = DEFINITIONAL_REPRESENTATION('',(#544),#25);
#546 = PCURVE('',#146,#545);
#547 = SURFACE_CURVE('',#534,(#541,#546),.CURVE_3D.);
#548 = EDGE_CURVE('',#518,#531,#547,.T.);
#549 = ORIENTED_EDGE('',*,*,#548,.T.);
#550 = CARTESIAN_POINT('',(5.,-24.86880236721952,8.072657544654055));
#551 = VERTEX_POINT('',#550);
#552 = CARTESIAN_POINT('',(5.,-20.602846021444048,14.243325964671557));
#553 = DIRECTION('',(0.,0.5686651334095081,0.8225691253896821));
#554 = VECTOR('',#553,1.);
#555 = LINE('',#552,#554);
#556 = CARTESIAN_POINT('',(-14.243325964671557,-20.602846021444048));
#557 = DIRECTION('',(-0.8225691253896821,0.5686651334095081));
#558 = VECTOR('',#557,1.);
#559 = LINE('',#556,#558);
#560 = DEFINITIONAL_REPRESENTATION('',(#559),#25);
#561 = PCURVE('',#146,#560);
#562 = CARTESIAN_POINT('',(25.,-20.602846021444048,14.243325964671557));
#563 = DIRECTION('',(0.,-0.8225691253896821,0.5686651334095081));
#564 = DIRECTION('',(0.,-0.5686651334095081,-0.8225691253896821));
#565 = AXIS2_PLACEMENT_3D('',#562,#563,#564);
#566 = PLANE('',#565);
#567 = CARTESIAN_POINT('',(-0.,-20.));
#568 = VECTOR('',#153,1.);
#569 = LINE('',#567,#568);
#570 = DEFINITIONAL_REPRESENTATION('',(#569),#25);
#571 = PCURVE('',#566,#570);
#572 = SURFACE_CURVE('',#555,(#561,#571),.CURVE_3D.);
#573 = EDGE_CURVE('',#531,#551,#572,.T.);
#574 = ORIENTED_EDGE('',*,*,#573,.T.);
#575 = CARTESIAN_POINT('',(5.000000000000001,-26.232882405807995,5.953769711774637));
#576 = VERTEX_POINT('',#575);
#577 = CARTESIAN_POINT('',(5.,-21.25626264858165,13.684180504506303));
#578 = DIRECTION('',(0.,-0.5413016026144771,-0.840828505110881));
#579 = VECTOR('',#578,1.);
#580 = LINE('',#577,#579);
#581 = CARTESIAN_POINT('',(20.700000000000003,-21.25626264858165,13.684180504506303));
#582 = DIRECTION('',(0.,0.8408285051108809,-0.5413016026144771));
#583 = DIRECTION('',(0.,0.5413016026144771,0.840828505110881));
#584 = AXIS2_PLACEMENT_3D('',#581,#582,#583);
#585 = PLANE('',#584);
#586 = VECTOR('',#153,1.);
#587 = LINE('',#293,#586);
#588 = DEFINITIONAL_REPRESENTATION('',(#587),#25);
#589 = PCURVE('',#585,#588);
#590 = CARTESIAN_POINT('',(-13.684180504506303,-21.25626264858165));
#591 = DIRECTION('',(0.840828505110881,-0.5413016026144771));
#592 = VECTOR('',#591,1.);
#593 = LINE('',#590,#592);
#594 = DEFINITIONAL_REPRESENTATION('',(#593),#25);
#595 = PCURVE('',#146,#594);
#596 = SURFACE_CURVE('',#580,(#589,#595),.CURVE_3D.);
#597 = EDGE_CURVE('',#576,#551,#596,.T.);
#598 = ORIENTED_EDGE('',*,*,#597,.F.);
#599 = CARTESIAN_POINT('',(5.,-29.312863893549,0.035676605969042416));
#600 = VERTEX_POINT('',#599);
#601 = CARTESIAN_POINT('',(5.,-28.046242774566487,3.136994219653182));
#602 = AXIS2_PLACEMENT_3D('',#601,#141,#38);
#603 = CIRCLE('',#602,3.3499999999999996);
#604 = CARTESIAN_POINT('',(20.700000000000003,-28.046242774566487,3.136994219653182));
#605 = AXIS2_PLACEMENT_3D('',#604,#132,#133);
#606 = CYLINDRICAL_SURFACE('',#605,3.3499999999999996);
#607 = VECTOR('',#153,1.);
#608 = LINE('',#152,#607);
#609 = DEFINITIONAL_REPRESENTATION('',(#608),#25);
#610 = PCURVE('',#606,#609);
#611 = CARTESIAN_POINT('',(-3.136994219653182,-28.046242774566487));
#612 = AXIS2_PLACEMENT_2D('',#611,#22);
#613 = CIRCLE('',#612,3.3499999999999996);
#614 = DEFINITIONAL_REPRESENTATION('',(#613),#25);
#615 = PCURVE('',#146,#614);
#616 = SURFACE_CURVE('',#603,(#610,#615),.CURVE_3D.);
#617 = EDGE_CURVE('',#600,#576,#616,.T.);
#618 = ORIENTED_EDGE('',*,*,#617,.F.);
#619 = CARTESIAN_POINT('',(5.,-30.265665451709,-2.297254852682905));
#620 = VERTEX_POINT('',#619);
#621 = CARTESIAN_POINT('',(5.,-25.13488797862913,10.265436792580745));
#622 = DIRECTION('',(0.,-0.378095856412696,-0.9257664518460097));
#623 = VECTOR('',#622,1.);
#624 = LINE('',#621,#623);
#625 = CARTESIAN_POINT('',(20.700000000000003,-25.13488797862913,10.265436792580745));
#626 = DIRECTION('',(0.,0.9257664518460097,-0.378095856412696));
#627 = DIRECTION('',(0.,0.378095856412696,0.9257664518460097));
#628 = AXIS2_PLACEMENT_3D('',#625,#626,#627);
#629 = PLANE('',#628);
#630 = VECTOR('',#153,1.);
#631 = LINE('',#293,#630);
#632 = DEFINITIONAL_REPRESENTATION('',(#631),#25);
#633 = PCURVE('',#629,#632);
#634 = CARTESIAN_POINT('',(-10.265436792580745,-25.13488797862913));
#635 = DIRECTION('',(0.9257664518460097,-0.378095856412696));
#636 = VECTOR('',#635,1.);
#637 = LINE('',#634,#636);
#638 = DEFINITIONAL_REPRESENTATION('',(#637),#25);
#639 = PCURVE('',#146,#638);
#640 = SURFACE_CURVE('',#624,(#633,#639),.CURVE_3D.);
#641 = EDGE_CURVE('',#620,#600,#640,.T.);
#642 = ORIENTED_EDGE('',*,*,#641,.F.);
#643 = CARTESIAN_POINT('',(5.,-34.42195017893669,-10.77672616895806));
#644 = VERTEX_POINT('',#643);
#645 = CARTESIAN_POINT('',(5.,-23.494877065244967,11.516213107171179));
#646 = DIRECTION('',(0.,-0.44012999290511784,-0.8979340673709518));
#647 = VECTOR('',#646,1.);
#648 = LINE('',#645,#647);
#649 = CARTESIAN_POINT('',(25.,-23.494877065244967,11.516213107171179));
#650 = DIRECTION('',(0.,0.8979340673709518,-0.44012999290511784));
#651 = DIRECTION('',(0.,0.44012999290511784,0.8979340673709518));
#652 = AXIS2_PLACEMENT_3D('',#649,#650,#651);
#653 = PLANE('',#652);
#654 = VECTOR('',#153,1.);
#655 = LINE('',#427,#654);
#656 = DEFINITIONAL_REPRESENTATION('',(#655),#25);
#657 = PCURVE('',#653,#656);
#658 = CARTESIAN_POINT('',(-11.516213107171179,-23.494877065244967));
#659 = DIRECTION('',(0.8979340673709518,-0.44012999290511784));
#660 = VECTOR('',#659,1.);
#661 = LINE('',#658,#660);
#662 = DEFINITIONAL_REPRESENTATION('',(#661),#25);
#663 = PCURVE('',#146,#662);
#664 = SURFACE_CURVE('',#648,(#657,#663),.CURVE_3D.);
#665 = EDGE_CURVE('',#644,#620,#664,.T.);
#666 = ORIENTED_EDGE('',*,*,#665,.F.);
#667 = AXIS2_PLACEMENT_3D('',#532,#141,#38);
#668 = CIRCLE('',#667,15.304942337643642);
#669 = AXIS2_PLACEMENT_3D('',#535,#141,#38);
#670 = TOROIDAL_SURFACE('',#669,15.304942337643642,4.999999999999999);
#671 = VECTOR('',#22,1.);
#672 = LINE('',#402,#671);
#673 = DEFINITIONAL_REPRESENTATION('',(#672),#25);
#674 = PCURVE('',#670,#673);
#675 = AXIS2_PLACEMENT_2D('',#542,#22);
#676 = CIRCLE('',#675,15.304942337643642);
#677 = DEFINITIONAL_REPRESENTATION('',(#676),#25);
#678 = PCURVE('',#146,#677);
#679 = SURFACE_CURVE('',#668,(#674,#678),.CURVE_3D.);
#680 = EDGE_CURVE('',#644,#330,#679,.T.);
#681 = ORIENTED_EDGE('',*,*,#680,.T.);
#682 = EDGE_LOOP('',(#350,#370,#390,#409,#434,#448,#449,#450,#469,#486,#499,#516,#529,#549,#574,#598,#618,#642,#666,#681));
#683 = FACE_OUTER_BOUND('',#682,.T.);
#684 = CARTESIAN_POINT('',(5.,-78.36950335279319,-32.1380057803468));
#685 = VERTEX_POINT('',#684);
#686 = CARTESIAN_POINT('',(5.,-78.36950335279317,23.13699421965317));
#687 = VERTEX_POINT('',#686);
#688 = DIRECTION('',(0.,-0.00000000000000018703218069830809,-1.));
#689 = VECTOR('',#688,1.);
#690 = LINE('',#686,#689);
#691 = CARTESIAN_POINT('',(-23.13699421965317,-78.36950335279317));
#692 = DIRECTION('',(1.,-0.00000000000000018703218069830809));
#693 = VECTOR('',#692,1.);
#694 = LINE('',#691,#693);
#695 = DEFINITIONAL_REPRESENTATION('',(#694),#25);
#696 = PCURVE('',#146,#695);
#697 = DIRECTION('',(0.,1.,-0.00000000000000018703218069830809));
#698 = DIRECTION('',(0.,0.00000000000000018703218069830809,1.));
#699 = AXIS2_PLACEMENT_3D('',#686,#697,#698);
#700 = PLANE('',#699);
#701 = VECTOR('',#153,1.);
#702 = LINE('',#238,#701);
#703 = DEFINITIONAL_REPRESENTATION('',(#702),#25);
#704 = PCURVE('',#700,#703);
#705 = SURFACE_CURVE('',#690,(#696,#704),.CURVE_3D.);
#706 = EDGE_CURVE('',#685,#687,#705,.T.);
#707 = ORIENTED_EDGE('',*,*,#706,.T.);
#708 = CARTESIAN_POINT('',(5.,-12.322982196339801,23.13699421965317));
#709 = VERTEX_POINT('',#708);
#710 = DIRECTION('',(-0.,-1.,-0.));
#711 = VECTOR('',#710,1.);
#712 = LINE('',#686,#711);
#713 = VECTOR('',#42,1.);
#714 = LINE('',#691,#713);
#715 = DEFINITIONAL_REPRESENTATION('',(#714),#25);
#716 = PCURVE('',#146,#715);
#717 = DIRECTION('',(-1.,0.,-0.));
#718 = AXIS2_PLACEMENT_3D('',#686,#38,#717);
#719 = PLANE('',#718);
#720 = VECTOR('',#42,1.);
#721 = LINE('',#238,#720);
#722 = DEFINITIONAL_REPRESENTATION('',(#721),#25);
#723 = PCURVE('',#719,#722);
#724 = SURFACE_CURVE('',#712,(#716,#723),.CURVE_3D.);
#725 = EDGE_CURVE('',#687,#709,#724,.T.);
#726 = ORIENTED_EDGE('',*,*,#725,.T.);
#727 = CARTESIAN_POINT('',(5.,-12.322982196339792,-32.1380057803468));
#728 = VERTEX_POINT('',#727);
#729 = DIRECTION('',(-0.,-0.00000000000000018703218069830809,1.));
#730 = VECTOR('',#729,1.);
#731 = LINE('',#708,#730);
#732 = CARTESIAN_POINT('',(-23.13699421965317,-12.322982196339801));
#733 = DIRECTION('',(-1.,-0.00000000000000018703218069830809));
#734 = VECTOR('',#733,1.);
#735 = LINE('',#732,#734);
#736 = DEFINITIONAL_REPRESENTATION('',(#735),#25);
#737 = PCURVE('',#146,#736);
#738 = DIRECTION('',(0.,-1.,-0.00000000000000018703218069830809));
#739 = DIRECTION('',(0.,0.00000000000000018703218069830809,-1.));
#740 = AXIS2_PLACEMENT_3D('',#708,#738,#739);
#741 = PLANE('',#740);
#742 = VECTOR('',#153,1.);
#743 = LINE('',#238,#742);
#744 = DEFINITIONAL_REPRESENTATION('',(#743),#25);
#745 = PCURVE('',#741,#744);
#746 = SURFACE_CURVE('',#731,(#737,#745),.CURVE_3D.);
#747 = EDGE_CURVE('',#709,#728,#746,.T.);
#748 = ORIENTED_EDGE('',*,*,#747,.T.);
#749 = CARTESIAN_POINT('',(5.,-12.322982196339789,-32.138005780346816));
#750 = DIRECTION('',(-0.,-1.,0.));
#751 = VECTOR('',#750,1.);
#752 = LINE('',#749,#751);
#753 = CARTESIAN_POINT('',(32.138005780346816,-12.322982196339789));
#754 = DIRECTION('',(-0.,-1.));
#755 = VECTOR('',#754,1.);
#756 = LINE('',#753,#755);
#757 = DEFINITIONAL_REPRESENTATION('',(#756),#25);
#758 = PCURVE('',#146,#757);
#759 = CARTESIAN_POINT('',(15.,-78.36950335279317,-32.138005780346816));
#760 = DIRECTION('',(0.,1.,-0.));
#761 = AXIS2_PLACEMENT_3D('',#759,#760,#14);
#762 = CYLINDRICAL_SURFACE('',#761,10.);
#763 = CARTESIAN_POINT('',(-1.5707963267948952,66.04652115645338));
#764 = VECTOR('',#42,1.);
#765 = LINE('',#763,#764);
#766 = DEFINITIONAL_REPRESENTATION('',(#765),#25);
#767 = PCURVE('',#762,#766);
#768 = SURFACE_CURVE('',#752,(#758,#767),.CURVE_3D.);
#769 = EDGE_CURVE('',#728,#685,#768,.T.);
#770 = ORIENTED_EDGE('',*,*,#769,.T.);
#771 = EDGE_LOOP('',(#707,#726,#748,#770));
#772 = FACE_BOUND('',#771,.T.);
#773 = CARTESIAN_POINT('',(5.,-62.64624277456649,0.7569942196531727));
#774 = VERTEX_POINT('',#773);
#775 = AXIS2_PLACEMENT_3D('',#140,#8,#38);
#776 = CIRCLE('',#775,2.380000000000001);
#777 = AXIS2_PLACEMENT_2D('',#147,#22);
#778 = CIRCLE('',#777,2.380000000000001);
#779 = DEFINITIONAL_REPRESENTATION('',(#778),#25);
#780 = PCURVE('',#146,#779);
#781 = AXIS2_PLACEMENT_3D('',#140,#132,#133);
#782 = CYLINDRICAL_SURFACE('',#781,2.380000000000001);
#783 = VECTOR('',#153,1.);
#784 = LINE('',#188,#783);
#785 = DEFINITIONAL_REPRESENTATION('',(#784),#25);
#786 = PCURVE('',#782,#785);
#787 = SURFACE_CURVE('',#776,(#780,#786),.CURVE_3D.);
#788 = EDGE_CURVE('',#774,#774,#787,.T.);
#789 = ORIENTED_EDGE('',*,*,#788,.F.);
#790 = EDGE_LOOP('',(#789));
#791 = FACE_BOUND('',#790,.T.);
#792 = CARTESIAN_POINT('',(5.,-28.046242774566487,0.7569942196531727));
#793 = VERTEX_POINT('',#792);
#794 = AXIS2_PLACEMENT_3D('',#532,#8,#38);
#795 = CIRCLE('',#794,2.380000000000001);
#796 = AXIS2_PLACEMENT_2D('',#542,#22);
#797 = CIRCLE('',#796,2.380000000000001);
#798 = DEFINITIONAL_REPRESENTATION('',(#797),#25);
#799 = PCURVE('',#146,#798);
#800 = AXIS2_PLACEMENT_3D('',#532,#132,#133);
#801 = CYLINDRICAL_SURFACE('',#800,2.380000000000001);
#802 = VECTOR('',#153,1.);
#803 = LINE('',#188,#802);
#804 = DEFINITIONAL_REPRESENTATION('',(#803),#25);
#805 = PCURVE('',#801,#804);
#806 = SURFACE_CURVE('',#795,(#799,#805),.CURVE_3D.);
#807 = EDGE_CURVE('',#793,#793,#806,.T.);
#808 = ORIENTED_EDGE('',*,*,#807,.F.);
#809 = EDGE_LOOP('',(#808));
#810 = FACE_BOUND('',#809,.T.);
#811 = ADVANCED_FACE('',(#683,#772,#791,#810),#146,.T.);
#812 = CARTESIAN_POINT('',(9.999999999999998,-58.472296237500885,-6.284789416574017));
#813 = VERTEX_POINT('',#812);
#814 = CARTESIAN_POINT('',(9.999999999999998,-58.472296237500885,-6.284789416574021));
#815 = CARTESIAN_POINT('',(8.345792086957761,-58.34827904371536,-6.537803901010147));
#816 = CARTESIAN_POINT('',(6.878091905281383,-57.99029022458116,-7.268157118514668));
#817 = CARTESIAN_POINT('',(5.761662481744115,-57.43852140991959,-8.39385185412502));
#818 = CARTESIAN_POINT('',(5.122491683784184,-56.75483812969638,-9.788672744544732));
#819 = CARTESIAN_POINT('',(4.999999999999999,-56.270535370196264,-10.776726168958048));
#820 = B_SPLINE_CURVE_WITH_KNOTS('',1,(#814,#815,#816,#817,#818,#819),.UNSPECIFIED.,.F.,.U.,(2,1,1,1,1,2),(0.,0.001678034687740533,0.0033560441156750666,0.005034749605138198,0.006714477991804548,0.007821637846997371),.UNSPECIFIED.);
#821 = CARTESIAN_POINT('',(20.09208480476307,-15.000000000000002));
#822 = CARTESIAN_POINT('',(19.810310793028634,-16.65420791304224));
#823 = CARTESIAN_POINT('',(18.99694014139169,-18.121908094718616));
#824 = CARTESIAN_POINT('',(17.743290484344755,-19.238337518255886));
#825 = CARTESIAN_POINT('',(16.189923771682224,-19.87750831621582));
#826 = CARTESIAN_POINT('',(15.089560771416263,-20.));
#827 = B_SPLINE_CURVE_WITH_KNOTS('',1,(#821,#822,#823,#824,#825,#826),.UNSPECIFIED.,.F.,.U.,(2,1,1,1,1,2),(0.,0.001678034687740533,0.0033560441156750666,0.005034749605138198,0.006714477991804548,0.007821637846997371),.UNSPECIFIED.);
#828 = DEFINITIONAL_REPRESENTATION('',(#827),#25);
#829 = PCURVE('',#426,#828);
#830 = CARTESIAN_POINT('',(0.4170260494568184,-3.141592653589793));
#831 = CARTESIAN_POINT('',(0.4180563067677214,-2.8043974143384416));
#832 = CARTESIAN_POINT('',(0.42074474076557183,-2.4672530314206766));
#833 = CARTESIAN_POINT('',(0.42421187513020664,-2.1300194836957576));
#834 = CARTESIAN_POINT('',(0.4276594021825256,-1.792602654496566));
#835 = CARTESIAN_POINT('',(0.4296782658417614,-1.570796326794896));
#836 = B_SPLINE_CURVE_WITH_KNOTS('',1,(#830,#831,#832,#833,#834,#835),.UNSPECIFIED.,.F.,.U.,(2,1,1,1,1,2),(0.,0.001678034687740533,0.0033560441156750666,0.005034749605138198,0.006714477991804548,0.007821637846997371),.UNSPECIFIED.);
#837 = DEFINITIONAL_REPRESENTATION('',(#836),#25);
#838 = PCURVE('',#401,#837);
#839 = SURFACE_CURVE('',#820,(#829,#838),.CURVE_3D.);
#840 = EDGE_CURVE('',#392,#813,#839,.T.);
#841 = ORIENTED_EDGE('',*,*,#840,.F.);
#842 = ORIENTED_EDGE('',*,*,#408,.F.);
#843 = CARTESIAN_POINT('',(9.999999999999998,-58.72956686874532,-6.394610389798501));
#844 = VERTEX_POINT('',#843);
#845 = CARTESIAN_POINT('',(9.999999999999998,-56.82917976443632,-11.01938377384404));
#846 = DIRECTION('',(0.,0.9249546768091083,0.3800774208618005));
#847 = DIRECTION('',(0.,-0.3800774208618005,0.9249546768091083));
#848 = AXIS2_PLACEMENT_3D('',#845,#846,#847);
#849 = CIRCLE('',#848,4.999999999999999);
#850 = EDGE_CURVE('',#844,#372,#849,.T.);
#851 = ORIENTED_EDGE('',*,*,#850,.F.);
#852 = AXIS2_PLACEMENT_3D('',#399,#141,#38);
#853 = CIRCLE('',#852,10.304942337643643);
#854 = CARTESIAN_POINT('',(0.,3.141592653589793));
#855 = VECTOR('',#22,1.);
#856 = LINE('',#854,#855);
#857 = DEFINITIONAL_REPRESENTATION('',(#856),#25);
#858 = PCURVE('',#401,#857);
#859 = AXIS2_PLACEMENT_3D('',#250,#132,#133);
#860 = CYLINDRICAL_SURFACE('',#859,10.304942337643643);
#861 = CARTESIAN_POINT('',(3.141592653589793,15.000000000000002));
#862 = VECTOR('',#153,1.);
#863 = LINE('',#861,#862);
#864 = DEFINITIONAL_REPRESENTATION('',(#863),#25);
#865 = PCURVE('',#860,#864);
#866 = SURFACE_CURVE('',#853,(#858,#865),.CURVE_3D.);
#867 = EDGE_CURVE('',#813,#844,#866,.T.);
#868 = ORIENTED_EDGE('',*,*,#867,.F.);
#869 = EDGE_LOOP('',(#841,#842,#851,#868));
#870 = FACE_OUTER_BOUND('',#869,.T.);
#871 = ADVANCED_FACE('',(#870),#401,.T.);
#872 = CARTESIAN_POINT('',(25.,-28.046242774566487,3.1369942196531735));
#873 = AXIS2_PLACEMENT_3D('',#872,#132,#133);
#874 = CYLINDRICAL_SURFACE('',#873,10.304942337643642);
#875 = CARTESIAN_POINT('',(9.999999999999998,-32.220189311632076,-6.284789416574011));
#876 = VERTEX_POINT('',#875);
#877 = CARTESIAN_POINT('',(25.,-32.220189311632076,-6.284789416574011));
#878 = VERTEX_POINT('',#877);
#879 = VECTOR('',#132,1.);
#880 = LINE('',#877,#879);
#881 = CARTESIAN_POINT('',(-2.724566604132976,15.000000000000002));
#882 = VECTOR('',#176,1.);
#883 = LINE('',#881,#882);
#884 = DEFINITIONAL_REPRESENTATION('',(#883),#25);
#885 = PCURVE('',#874,#884);
#886 = CARTESIAN_POINT('',(-19.824398216524393,0.));
#887 = VECTOR('',#754,1.);
#888 = LINE('',#886,#887);
#889 = DEFINITIONAL_REPRESENTATION('',(#888),#25);
#890 = PCURVE('',#653,#889);
#891 = SURFACE_CURVE('',#880,(#885,#890),.CURVE_3D.);
#892 = EDGE_CURVE('',#876,#878,#891,.T.);
#893 = ORIENTED_EDGE('',*,*,#892,.T.);
#894 = CARTESIAN_POINT('',(25.,-22.346027779710806,11.72182884791381));
#895 = VERTEX_POINT('',#894);
#896 = AXIS2_PLACEMENT_3D('',#872,#141,#38);
#897 = CIRCLE('',#896,10.304942337643642);
#898 = VECTOR('',#153,1.);
#899 = LINE('',#188,#898);
#900 = DEFINITIONAL_REPRESENTATION('',(#899),#25);
#901 = PCURVE('',#874,#900);
#902 = CARTESIAN_POINT('',(25.,0.,0.));
#903 = AXIS2_PLACEMENT_3D('',#902,#141,#38);
#904 = PLANE('',#903);
#905 = AXIS2_PLACEMENT_2D('',#542,#22);
#906 = CIRCLE('',#905,10.304942337643642);
#907 = DEFINITIONAL_REPRESENTATION('',(#906),#25);
#908 = PCURVE('',#904,#907);
#909 = SURFACE_CURVE('',#897,(#901,#908),.CURVE_3D.);
#910 = EDGE_CURVE('',#878,#895,#909,.T.);
#911 = ORIENTED_EDGE('',*,*,#910,.T.);
#912 = CARTESIAN_POINT('',(9.999999999999998,-22.346027779710806,11.72182884791381));
#913 = VERTEX_POINT('',#912);
#914 = VECTOR('',#132,1.);
#915 = LINE('',#894,#914);
#916 = CARTESIAN_POINT('',(0.586144863932637,15.000000000000002));
#917 = VECTOR('',#176,1.);
#918 = LINE('',#916,#917);
#919 = DEFINITIONAL_REPRESENTATION('',(#918),#25);
#920 = PCURVE('',#874,#919);
#921 = CARTESIAN_POINT('',(3.0653923651258115,0.));
#922 = VECTOR('',#42,1.);
#923 = LINE('',#921,#922);
#924 = DEFINITIONAL_REPRESENTATION('',(#923),#25);
#925 = PCURVE('',#566,#924);
#926 = SURFACE_CURVE('',#915,(#920,#925),.CURVE_3D.);
#927 = EDGE_CURVE('',#913,#895,#926,.T.);
#928 = ORIENTED_EDGE('',*,*,#927,.F.);
#929 = CARTESIAN_POINT('',(9.999999999999998,-27.212510036396687,-7.134165710143671));
#930 = VERTEX_POINT('',#929);
#931 = AXIS2_PLACEMENT_3D('',#535,#141,#38);
#932 = CIRCLE('',#931,10.304942337643642);
#933 = VECTOR('',#153,1.);
#934 = LINE('',#861,#933);
#935 = DEFINITIONAL_REPRESENTATION('',(#934),#25);
#936 = PCURVE('',#874,#935);
#937 = VECTOR('',#22,1.);
#938 = LINE('',#854,#937);
#939 = DEFINITIONAL_REPRESENTATION('',(#938),#25);
#940 = PCURVE('',#537,#939);
#941 = SURFACE_CURVE('',#932,(#936,#940),.CURVE_3D.);
#942 = EDGE_CURVE('',#913,#930,#941,.T.);
#943 = ORIENTED_EDGE('',*,*,#942,.T.);
#944 = CARTESIAN_POINT('',(9.999999999999998,-31.962918680387656,-6.394610389798497));
#945 = VERTEX_POINT('',#944);
#946 = CARTESIAN_POINT('',(9.994846592083132,-31.752793024925293,-6.478270822129371));
#947 = CARTESIAN_POINT('',(9.858438653508825,-28.724394094841408,-7.145609894527718));
#948 = CARTESIAN_POINT('',(9.999999999999998,-27.212510036396687,-7.1341657101436695));
#949 = B_SPLINE_CURVE_WITH_KNOTS('',1,(#944,#946,#947,#948),.UNSPECIFIED.,.F.,.U.,(2,1,1,2),(0.,0.00022622647200191737,0.0033302800544951043,0.004848820139694008),.UNSPECIFIED.);
#950 = CARTESIAN_POINT('',(-2.751712656224612,15.000000000000002));
#951 = CARTESIAN_POINT('',(-2.773660601158987,15.005153407916868));
#952 = CARTESIAN_POINT('',(-3.0757367043525687,15.141561346491175));
#953 = CARTESIAN_POINT('',(-3.2225872845992654,15.000000000000002));
#954 = B_SPLINE_CURVE_WITH_KNOTS('',1,(#950,#951,#952,#953),.UNSPECIFIED.,.F.,.U.,(2,1,1,2),(0.,0.00022622647200191737,0.0033302800544951043,0.004848820139694008),.UNSPECIFIED.);
#955 = DEFINITIONAL_REPRESENTATION('',(#954),#25);
#956 = PCURVE('',#874,#955);
#957 = SURFACE_CURVE('',#949,(#956),.CURVE_3D.);
#958 = EDGE_CURVE('',#930,#945,#957,.T.);
#959 = ORIENTED_EDGE('',*,*,#958,.T.);
#960 = AXIS2_PLACEMENT_3D('',#535,#141,#38);
#961 = CIRCLE('',#960,10.304942337643642);
#962 = VECTOR('',#22,1.);
#963 = LINE('',#854,#962);
#964 = DEFINITIONAL_REPRESENTATION('',(#963),#25);
#965 = PCURVE('',#670,#964);
#966 = VECTOR('',#153,1.);
#967 = LINE('',#861,#966);
#968 = DEFINITIONAL_REPRESENTATION('',(#967),#25);
#969 = PCURVE('',#874,#968);
#970 = SURFACE_CURVE('',#961,(#965,#969),.CURVE_3D.);
#971 = EDGE_CURVE('',#945,#876,#970,.T.);
#972 = ORIENTED_EDGE('',*,*,#971,.T.);
#973 = EDGE_LOOP('',(#893,#911,#928,#943,#959,#972));
#974 = FACE_OUTER_BOUND('',#973,.T.);
#975 = ADVANCED_FACE('',(#974),#874,.T.);
#976 = ORIENTED_EDGE('',*,*,#573,.F.);
#977 = CARTESIAN_POINT('',(9.999999999999998,-22.34602777971081,11.721828847913807));
#978 = CARTESIAN_POINT('',(8.345164142217948,-22.185757011225025,11.953659108138229));
#979 = CARTESIAN_POINT('',(6.876900411906611,-21.723038469338665,12.622977418580453));
#980 = CARTESIAN_POINT('',(5.760578234234901,-21.009988991983636,13.654397230501852));
#981 = CARTESIAN_POINT('',(5.1220825127663305,-20.126895959414696,14.931783552892853));
#982 = CARTESIAN_POINT('',(4.999999999999999,-19.50236602412879,15.83516062397813));
#983 = B_SPLINE_CURVE_WITH_KNOTS('',1,(#977,#978,#979,#980,#981,#982),.UNSPECIFIED.,.F.,.U.,(2,1,1,1,1,2),(0.,0.0016786642621405875,0.0033573226048197735,0.005036144093228224,0.006715205112708184,0.007820208240556325),.UNSPECIFIED.);
#984 = CARTESIAN_POINT('',(3.0653923651258115,-15.000000000000002));
#985 = CARTESIAN_POINT('',(2.783555552791537,-16.654835857782054));
#986 = CARTESIAN_POINT('',(1.9698630742109187,-18.12309958809339));
#987 = CARTESIAN_POINT('',(0.7159626054414655,-19.2394217657651));
#988 = CARTESIAN_POINT('',(-0.8369601617312659,-19.87791748723367));
#989 = CARTESIAN_POINT('',(-1.935198647958566,-20.));
#990 = B_SPLINE_CURVE_WITH_KNOTS('',1,(#984,#985,#986,#987,#988,#989),.UNSPECIFIED.,.F.,.U.,(2,1,1,1,1,2),(0.,0.0016786642621405875,0.0033573226048197735,0.005036144093228224,0.006715205112708184,0.007820208240556325),.UNSPECIFIED.);
#991 = DEFINITIONAL_REPRESENTATION('',(#990),#25);
#992 = PCURVE('',#566,#991);
#993 = CARTESIAN_POINT('',(2.555447789657156,-3.141592653589793));
#994 = CARTESIAN_POINT('',(2.55494900057947,-2.8042643278697157));
#995 = CARTESIAN_POINT('',(2.553647306310689,-2.4669479209263847));
#996 = CARTESIAN_POINT('',(2.551969102740099,-2.1296106072098078));
#997 = CARTESIAN_POINT('',(2.550301274122722,-1.7922303601034129));
#998 = CARTESIAN_POINT('',(2.5493260701380436,-1.5707963267948966));
#999 = B_SPLINE_CURVE_WITH_KNOTS('',1,(#993,#994,#995,#996,#997,#998),.UNSPECIFIED.,.F.,.U.,(2,1,1,1,1,2),(0.,0.0016786642621405875,0.0033573226048197735,0.005036144093228224,0.006715205112708184,0.007820208240556325),.UNSPECIFIED.);
#1000 = DEFINITIONAL_REPRESENTATION('',(#999),#25);
#1001 = PCURVE('',#537,#1000);
#1002 = SURFACE_CURVE('',#983,(#992,#1001),.CURVE_3D.);
#1003 = EDGE_CURVE('',#531,#913,#1002,.T.);
#1004 = ORIENTED_EDGE('',*,*,#1003,.T.);
#1005 = ORIENTED_EDGE('',*,*,#927,.T.);
#1006 = CARTESIAN_POINT('',(25.,-24.86880236721952,8.072657544654055));
#1007 = VERTEX_POINT('',#1006);
#1008 = VECTOR('',#553,1.);
#1009 = LINE('',#562,#1008);
#1010 = VECTOR('',#153,1.);
#1011 = LINE('',#238,#1010);
#1012 = DEFINITIONAL_REPRESENTATION('',(#1011),#25);
#1013 = PCURVE('',#566,#1012);
#1014 = VECTOR('',#557,1.);
#1015 = LINE('',#556,#1014);
#1016 = DEFINITIONAL_REPRESENTATION('',(#1015),#25);
#1017 = PCURVE('',#904,#1016);
#1018 = SURFACE_CURVE('',#1009,(#1013,#1017),.CURVE_3D.);
#1019 = EDGE_CURVE('',#895,#1007,#1018,.T.);
#1020 = ORIENTED_EDGE('',*,*,#1019,.T.);
#1021 = CARTESIAN_POINT('',(20.700000000000003,-24.86880236721952,8.072657544654055));
#1022 = VERTEX_POINT('',#1021);
#1023 = VECTOR('',#132,1.);
#1024 = LINE('',#1006,#1023);
#1025 = CARTESIAN_POINT('',(7.501701959813074,0.));
#1026 = VECTOR('',#42,1.);
#1027 = LINE('',#1025,#1026);
#1028 = DEFINITIONAL_REPRESENTATION('',(#1027),#25);
#1029 = PCURVE('',#566,#1028);
#1030 = AXIS2_PLACEMENT_3D('',#872,#132,#133);
#1031 = CYLINDRICAL_SURFACE('',#1030,5.869999999999997);
#1032 = CARTESIAN_POINT('',(0.5719843395533757,4.299999999999997));
#1033 = VECTOR('',#176,1.);
#1034 = LINE('',#1032,#1033);
#1035 = DEFINITIONAL_REPRESENTATION('',(#1034),#25);
#1036 = PCURVE('',#1031,#1035);
#1037 = SURFACE_CURVE('',#1024,(#1029,#1036),.CURVE_3D.);
#1038 = EDGE_CURVE('',#1022,#1007,#1037,.T.);
#1039 = ORIENTED_EDGE('',*,*,#1038,.F.);
#1040 = VECTOR('',#132,1.);
#1041 = LINE('',#1021,#1040);
#1042 = CARTESIAN_POINT('',(-6.673802000935083,0.));
#1043 = VECTOR('',#754,1.);
#1044 = LINE('',#1042,#1043);
#1045 = DEFINITIONAL_REPRESENTATION('',(#1044),#25);
#1046 = PCURVE('',#585,#1045);
#1047 = CARTESIAN_POINT('',(7.501701959813074,-4.299999999999997));
#1048 = VECTOR('',#42,1.);
#1049 = LINE('',#1047,#1048);
#1050 = DEFINITIONAL_REPRESENTATION('',(#1049),#25);
#1051 = PCURVE('',#566,#1050);
#1052 = SURFACE_CURVE('',#1041,(#1046,#1051),.CURVE_3D.);
#1053 = EDGE_CURVE('',#551,#1022,#1052,.T.);
#1054 = ORIENTED_EDGE('',*,*,#1053,.F.);
#1055 = EDGE_LOOP('',(#976,#1004,#1005,#1020,#1039,#1054));
#1056 = FACE_OUTER_BOUND('',#1055,.T.);
#1057 = ADVANCED_FACE('',(#1056),#566,.T.);
#1058 = CARTESIAN_POINT('',(56.50000000000003,0.,0.));
#1059 = DIRECTION('',(-1.,0.,0.));
#1060 = AXIS2_PLACEMENT_3D('',#1058,#1059,#14);
#1061 = PLANE('',#1060);
#1062 = CARTESIAN_POINT('',(56.50000000000003,-78.36950335279317,-51.063005780346806));
#1063 = VERTEX_POINT('',#1062);
#1064 = CARTESIAN_POINT('',(56.50000000000003,-78.36950335279317,-42.13800578034682));
#1065 = VERTEX_POINT('',#1064);
#1066 = DIRECTION('',(-0.,-0.,-1.));
#1067 = VECTOR('',#1066,1.);
#1068 = LINE('',#1062,#1067);
#1069 = CARTESIAN_POINT('',(-51.063005780346806,-78.36950335279317));
#1070 = VECTOR('',#153,1.);
#1071 = LINE('',#1069,#1070);
#1072 = DEFINITIONAL_REPRESENTATION('',(#1071),#25);
#1073 = PCURVE('',#1061,#1072);
#1074 = CARTESIAN_POINT('',(-74.19999999999997,51.50000000000003));
#1075 = VECTOR('',#153,1.);
#1076 = LINE('',#1074,#1075);
#1077 = DEFINITIONAL_REPRESENTATION('',(#1076),#25);
#1078 = PCURVE('',#700,#1077);
#1079 = SURFACE_CURVE('',#1068,(#1073,#1078),.CURVE_3D.);
#1080 = EDGE_CURVE('',#1063,#1065,#1079,.T.);
#1081 = ORIENTED_EDGE('',*,*,#1080,.T.);
#1082 = CARTESIAN_POINT('',(56.50000000000003,-12.322982196339789,-42.13800578034682));
#1083 = VERTEX_POINT('',#1082);
#1084 = VECTOR('',#710,1.);
#1085 = LINE('',#1064,#1084);
#1086 = CARTESIAN_POINT('',(-42.13800578034682,-78.36950335279317));
#1087 = VECTOR('',#754,1.);
#1088 = LINE('',#1086,#1087);
#1089 = DEFINITIONAL_REPRESENTATION('',(#1088),#25);
#1090 = PCURVE('',#1061,#1089);
#1091 = CARTESIAN_POINT('',(123.14681974310437,0.));
#1092 = VECTOR('',#42,1.);
#1093 = LINE('',#1091,#1092);
#1094 = DEFINITIONAL_REPRESENTATION('',(#1093),#25);
#1095 = PCURVE('',#20,#1094);
#1096 = SURFACE_CURVE('',#1085,(#1090,#1095),.CURVE_3D.);
#1097 = EDGE_CURVE('',#1065,#1083,#1096,.T.);
#1098 = ORIENTED_EDGE('',*,*,#1097,.T.);
#1099 = CARTESIAN_POINT('',(56.50000000000003,-12.322982196339789,-51.06300578034681));
#1100 = VERTEX_POINT('',#1099);
#1101 = VECTOR('',#14,1.);
#1102 = LINE('',#1099,#1101);
#1103 = CARTESIAN_POINT('',(-51.06300578034681,-12.322982196339789));
#1104 = VECTOR('',#22,1.);
#1105 = LINE('',#1103,#1104);
#1106 = DEFINITIONAL_REPRESENTATION('',(#1105),#25);
#1107 = PCURVE('',#1061,#1106);
#1108 = CARTESIAN_POINT('',(74.19999999999999,51.50000000000003));
#1109 = VECTOR('',#153,1.);
#1110 = LINE('',#1108,#1109);
#1111 = DEFINITIONAL_REPRESENTATION('',(#1110),#25);
#1112 = PCURVE('',#741,#1111);
#1113 = SURFACE_CURVE('',#1102,(#1107,#1112),.CURVE_3D.);
#1114 = EDGE_CURVE('',#1083,#1100,#1113,.T.);
#1115 = ORIENTED_EDGE('',*,*,#1114,.T.);
#1116 = DIRECTION('',(0.,1.,-0.00000000000000010506070240202547));
#1117 = VECTOR('',#1116,1.);
#1118 = LINE('',#1062,#1117);
#1119 = DIRECTION('',(-0.00000000000000010506070240202547,1.));
#1120 = VECTOR('',#1119,1.);
#1121 = LINE('',#1069,#1120);
#1122 = DEFINITIONAL_REPRESENTATION('',(#1121),#25);
#1123 = PCURVE('',#1061,#1122);
#1124 = CARTESIAN_POINT('',(51.50000000000003,0.000000000000014210854715202004));
#1125 = VECTOR('',#176,1.);
#1126 = LINE('',#1124,#1125);
#1127 = DEFINITIONAL_REPRESENTATION('',(#1126),#25);
#1128 = PCURVE('',#64,#1127);
#1129 = SURFACE_CURVE('',#1118,(#1123,#1128),.CURVE_3D.);
#1130 = EDGE_CURVE('',#1100,#1063,#1129,.T.);
#1131 = ORIENTED_EDGE('',*,*,#1130,.T.);
#1132 = EDGE_LOOP('',(#1081,#1098,#1115,#1131));
#1133 = FACE_OUTER_BOUND('',#1132,.T.);
#1134 = ADVANCED_FACE('',(#1133),#1061,.T.);
#1135 = CARTESIAN_POINT('',(5.,-34.42195017893669,-10.776726168958053));
#1136 = CARTESIAN_POINT('',(5.28208210469725,-33.692961481441536,-9.289475136851284));
#1137 = CARTESIAN_POINT('',(6.096503482940676,-33.04616166006114,-7.9699022748579615));
#1138 = CARTESIAN_POINT('',(7.351496730387838,-32.55451509103922,-6.966866329688956));
#1139 = CARTESIAN_POINT('',(8.905014097632113,-32.273648604845235,-6.393854741290525));
#1140 = CARTESIAN_POINT('',(9.999999999999998,-32.22018931163208,-6.28478941657402));
#1141 = B_SPLINE_CURVE_WITH_KNOTS('',1,(#1135,#1136,#1137,#1138,#1139,#1140),.UNSPECIFIED.,.F.,.U.,(2,1,1,1,1,2),(0.,0.0016801519179433647,0.0033603021280099775,0.005040422810362908,0.006719900251067436,0.007821602237754752),.UNSPECIFIED.);
#1142 = CARTESIAN_POINT('',(5.853507041337826,-1.5707963267948954));
#1143 = CARTESIAN_POINT('',(5.856669628720296,-1.9083019355066857));
#1144 = CARTESIAN_POINT('',(5.860195461155712,-2.245808565064949));
#1145 = CARTESIAN_POINT('',(5.863501753057831,-2.5833450527534825));
#1146 = CARTESIAN_POINT('',(5.865708327894946,-2.9208060699346845));
#1147 = CARTESIAN_POINT('',(5.866159257722769,-3.141592653589793));
#1148 = B_SPLINE_CURVE_WITH_KNOTS('',1,(#1142,#1143,#1144,#1145,#1146,#1147),.UNSPECIFIED.,.F.,.U.,(2,1,1,1,1,2),(0.,0.0016801519179433647,0.0033603021280099775,0.005040422810362908,0.006719900251067436,0.007821602237754752),.UNSPECIFIED.);
#1149 = DEFINITIONAL_REPRESENTATION('',(#1148),#25);
#1150 = PCURVE('',#670,#1149);
#1151 = CARTESIAN_POINT('',(-24.82692224987121,-20.));
#1152 = CARTESIAN_POINT('',(-23.170619091153476,-19.71791789530275));
#1153 = CARTESIAN_POINT('',(-21.7010536631963,-18.903496517059324));
#1154 = CARTESIAN_POINT('',(-20.584005116295984,-17.648503269612164));
#1155 = CARTESIAN_POINT('',(-19.945860725498846,-16.09498590236789));
#1156 = CARTESIAN_POINT('',(-19.824398216524393,-15.000000000000002));
#1157 = B_SPLINE_CURVE_WITH_KNOTS('',1,(#1151,#1152,#1153,#1154,#1155,#1156),.UNSPECIFIED.,.F.,.U.,(2,1,1,1,1,2),(0.,0.0016801519179433647,0.0033603021280099775,0.005040422810362908,0.006719900251067436,0.007821602237754752),.UNSPECIFIED.);
#1158 = DEFINITIONAL_REPRESENTATION('',(#1157),#25);
#1159 = PCURVE('',#653,#1158);
#1160 = SURFACE_CURVE('',#1141,(#1150,#1159),.CURVE_3D.);
#1161 = EDGE_CURVE('',#876,#644,#1160,.T.);
#1162 = ORIENTED_EDGE('',*,*,#1161,.F.);
#1163 = ORIENTED_EDGE('',*,*,#971,.F.);
#1164 = CARTESIAN_POINT('',(9.999999999999998,-33.86330578469666,-11.019383773844037));
#1165 = DIRECTION('',(0.00000000000000013186584493153653,-0.9249546768091083,0.3800774208618005));
#1166 = DIRECTION('',(0.,-0.3800774208618005,-0.9249546768091083));
#1167 = AXIS2_PLACEMENT_3D('',#1164,#1165,#1166);
#1168 = CIRCLE('',#1167,4.999999999999999);
#1169 = EDGE_CURVE('',#330,#945,#1168,.T.);
#1170 = ORIENTED_EDGE('',*,*,#1169,.F.);
#1171 = ORIENTED_EDGE('',*,*,#680,.F.);
#1172 = EDGE_LOOP('',(#1162,#1163,#1170,#1171));
#1173 = FACE_OUTER_BOUND('',#1172,.T.);
#1174 = ADVANCED_FACE('',(#1173),#670,.T.);
#1175 = ORIENTED_EDGE('',*,*,#1003,.F.);
#1176 = ORIENTED_EDGE('',*,*,#548,.F.);
#1177 = CARTESIAN_POINT('',(10.000000000000034,-26.807979515578467,-12.117774348241849));
#1178 = DIRECTION('',(-0.000000000000005692368725426779,-0.9967217276196306,-0.0809061041636476));
#1179 = DIRECTION('',(0.,0.0809061041636476,-0.9967217276196306));
#1180 = AXIS2_PLACEMENT_3D('',#1177,#1178,#1179);
#1181 = CIRCLE('',#1180,4.999999999999999);
#1182 = EDGE_CURVE('',#518,#930,#1181,.T.);
#1183 = ORIENTED_EDGE('',*,*,#1182,.T.);
#1184 = ORIENTED_EDGE('',*,*,#942,.F.);
#1185 = EDGE_LOOP('',(#1175,#1176,#1183,#1184));
#1186 = FACE_OUTER_BOUND('',#1185,.T.);
#1187 = ADVANCED_FACE('',(#1186),#537,.T.);
#1188 = CARTESIAN_POINT('',(15.,-12.322982196339789,-42.13800578034682));
#1189 = VERTEX_POINT('',#1188);
#1190 = CARTESIAN_POINT('',(15.,-12.322982196339789,-32.138005780346816));
#1191 = AXIS2_PLACEMENT_3D('',#1190,#738,#739);
#1192 = CIRCLE('',#1191,10.);
#1193 = CARTESIAN_POINT('',(55.27499999999999,10.));
#1194 = AXIS2_PLACEMENT_2D('',#1193,#22);
#1195 = CIRCLE('',#1194,10.);
#1196 = DEFINITIONAL_REPRESENTATION('',(#1195),#25);
#1197 = PCURVE('',#741,#1196);
#1198 = CARTESIAN_POINT('',(3.141592653589793,66.04652115645338));
#1199 = VECTOR('',#153,1.);
#1200 = LINE('',#1198,#1199);
#1201 = DEFINITIONAL_REPRESENTATION('',(#1200),#25);
#1202 = PCURVE('',#762,#1201);
#1203 = SURFACE_CURVE('',#1192,(#1197,#1202),.CURVE_3D.);
#1204 = EDGE_CURVE('',#1189,#728,#1203,.T.);
#1205 = ORIENTED_EDGE('',*,*,#1204,.F.);
#1206 = CARTESIAN_POINT('',(15.,-78.36950335279317,-42.13800578034682));
#1207 = VERTEX_POINT('',#1206);
#1208 = VECTOR('',#750,1.);
#1209 = LINE('',#1206,#1208);
#1210 = CARTESIAN_POINT('',(81.64681974310434,0.));
#1211 = VECTOR('',#754,1.);
#1212 = LINE('',#1210,#1211);
#1213 = DEFINITIONAL_REPRESENTATION('',(#1212),#25);
#1214 = PCURVE('',#20,#1213);
#1215 = CARTESIAN_POINT('',(3.141592653589793,0.));
#1216 = VECTOR('',#42,1.);
#1217 = LINE('',#1215,#1216);
#1218 = DEFINITIONAL_REPRESENTATION('',(#1217),#25);
#1219 = PCURVE('',#762,#1218);
#1220 = SURFACE_CURVE('',#1209,(#1214,#1219),.CURVE_3D.);
#1221 = EDGE_CURVE('',#1207,#1189,#1220,.T.);
#1222 = ORIENTED_EDGE('',*,*,#1221,.F.);
#1223 = CARTESIAN_POINT('',(15.,-78.36950335279319,-32.138005780346816));
#1224 = AXIS2_PLACEMENT_3D('',#1223,#697,#698);
#1225 = CIRCLE('',#1224,10.);
#1226 = CARTESIAN_POINT('',(-55.27499999999999,10.));
#1227 = AXIS2_PLACEMENT_2D('',#1226,#22);
#1228 = CIRCLE('',#1227,10.);
#1229 = DEFINITIONAL_REPRESENTATION('',(#1228),#25);
#1230 = PCURVE('',#700,#1229);
#1231 = CARTESIAN_POINT('',(0.,-0.000000000000014210854715202004));
#1232 = VECTOR('',#22,1.);
#1233 = LINE('',#1231,#1232);
#1234 = DEFINITIONAL_REPRESENTATION('',(#1233),#25);
#1235 = PCURVE('',#762,#1234);
#1236 = SURFACE_CURVE('',#1225,(#1230,#1235),.CURVE_3D.);
#1237 = EDGE_CURVE('',#685,#1207,#1236,.T.);
#1238 = ORIENTED_EDGE('',*,*,#1237,.F.);
#1239 = ORIENTED_EDGE('',*,*,#769,.F.);
#1240 = EDGE_LOOP('',(#1205,#1222,#1238,#1239));
#1241 = FACE_OUTER_BOUND('',#1240,.T.);
#1242 = ADVANCED_FACE('',(#1241),#762,.T.);
#1243 = CARTESIAN_POINT('',(9.999999999999998,-68.34645776942219,11.721828847913805));
#1244 = VERTEX_POINT('',#1243);
#1245 = CARTESIAN_POINT('',(5.,-71.1901195250042,15.83516062397812));
#1246 = CARTESIAN_POINT('',(5.2819089619421575,-70.24879304552064,14.47354013162882));
#1247 = CARTESIAN_POINT('',(6.095847535834813,-69.41359426633888,13.265432426486035));
#1248 = CARTESIAN_POINT('',(7.350062574237455,-68.77869840002676,12.347061127133303));
#1249 = CARTESIAN_POINT('',(8.903020586705155,-68.41574480632111,11.822051938788201));
#1250 = CARTESIAN_POINT('',(10.,-68.34645776942217,11.721828847913796));
#1251 = B_SPLINE_CURVE_WITH_KNOTS('',1,(#1245,#1246,#1247,#1248,#1249,#1250),.UNSPECIFIED.,.F.,.U.,(2,1,1,1,1,2),(0.,0.0016791600784278324,0.0033583197581612675,0.00503747251091796,0.00671647475853952,0.007820199903047588),.UNSPECIFIED.);
#1252 = CARTESIAN_POINT('',(-53.508853041996176,-20.));
#1253 = CARTESIAN_POINT('',(-51.85352651645432,-19.718091038057842));
#1254 = CARTESIAN_POINT('',(-50.384825992871626,-18.90415246416519));
#1255 = CARTESIAN_POINT('',(-49.26835897386254,-17.64993742576255));
#1256 = CARTESIAN_POINT('',(-48.63010357119787,-16.096979413294846));
#1257 = CARTESIAN_POINT('',(-48.5082620289118,-15.000000000000002));
#1258 = B_SPLINE_CURVE_WITH_KNOTS('',1,(#1252,#1253,#1254,#1255,#1256,#1257),.UNSPECIFIED.,.F.,.U.,(2,1,1,1,1,2),(0.,0.0016791600784278324,0.0033583197581612675,0.00503747251091796,0.00671647475853952,0.007820199903047588),.UNSPECIFIED.);
#1259 = DEFINITIONAL_REPRESENTATION('',(#1258),#25);
#1260 = PCURVE('',#310,#1259);
#1261 = SURFACE_CURVE('',#1251,(#1260),.CURVE_3D.);
#1262 = EDGE_CURVE('',#1244,#452,#1261,.T.);
#1263 = ORIENTED_EDGE('',*,*,#1262,.F.);
#1264 = CARTESIAN_POINT('',(9.999999999999998,-63.47997551273628,-7.134165710143673));
#1265 = VERTEX_POINT('',#1264);
#1266 = AXIS2_PLACEMENT_3D('',#399,#141,#38);
#1267 = CIRCLE('',#1266,10.304942337643643);
#1268 = VECTOR('',#22,1.);
#1269 = LINE('',#854,#1268);
#1270 = DEFINITIONAL_REPRESENTATION('',(#1269),#25);
#1271 = PCURVE('',#479,#1270);
#1272 = VECTOR('',#153,1.);
#1273 = LINE('',#861,#1272);
#1274 = DEFINITIONAL_REPRESENTATION('',(#1273),#25);
#1275 = PCURVE('',#860,#1274);
#1276 = SURFACE_CURVE('',#1267,(#1271,#1275),.CURVE_3D.);
#1277 = EDGE_CURVE('',#1265,#1244,#1276,.T.);
#1278 = ORIENTED_EDGE('',*,*,#1277,.F.);
#1279 = CARTESIAN_POINT('',(9.999999999999998,-63.88450603355453,-12.117774348241824));
#1280 = DIRECTION('',(0.0000000000000011356667507205153,-0.9967217276196304,0.08090610416364931));
#1281 = DIRECTION('',(0.,-0.08090610416364931,-0.9967217276196305));
#1282 = AXIS2_PLACEMENT_3D('',#1279,#1280,#1281);
#1283 = CIRCLE('',#1282,4.999999999999999);
#1284 = EDGE_CURVE('',#1265,#471,#1283,.T.);
#1285 = ORIENTED_EDGE('',*,*,#1284,.T.);
#1286 = ORIENTED_EDGE('',*,*,#485,.F.);
#1287 = EDGE_LOOP('',(#1263,#1278,#1285,#1286));
#1288 = FACE_OUTER_BOUND('',#1287,.T.);
#1289 = ADVANCED_FACE('',(#1288),#479,.T.);
#1290 = ORIENTED_EDGE('',*,*,#665,.T.);
#1291 = CARTESIAN_POINT('',(20.700000000000003,-30.265665451709,-2.297254852682905));
#1292 = VERTEX_POINT('',#1291);
#1293 = VECTOR('',#132,1.);
#1294 = LINE('',#1291,#1293);
#1295 = CARTESIAN_POINT('',(-15.383610514186572,-4.299999999999997));
#1296 = VECTOR('',#754,1.);
#1297 = LINE('',#1295,#1296);
#1298 = DEFINITIONAL_REPRESENTATION('',(#1297),#25);
#1299 = PCURVE('',#653,#1298);
#1300 = CARTESIAN_POINT('',(-13.57004417281834,0.));
#1301 = VECTOR('',#754,1.);
#1302 = LINE('',#1300,#1301);
#1303 = DEFINITIONAL_REPRESENTATION('',(#1302),#25);
#1304 = PCURVE('',#629,#1303);
#1305 = SURFACE_CURVE('',#1294,(#1299,#1304),.CURVE_3D.);
#1306 = EDGE_CURVE('',#620,#1292,#1305,.T.);
#1307 = ORIENTED_EDGE('',*,*,#1306,.T.);
#1308 = CARTESIAN_POINT('',(25.,-30.265665451708994,-2.297254852682902));
#1309 = VERTEX_POINT('',#1308);
#1310 = VECTOR('',#132,1.);
#1311 = LINE('',#1308,#1310);
#1312 = CARTESIAN_POINT('',(-15.383610514186566,0.));
#1313 = VECTOR('',#754,1.);
#1314 = LINE('',#1312,#1313);
#1315 = DEFINITIONAL_REPRESENTATION('',(#1314),#25);
#1316 = PCURVE('',#653,#1315);
#1317 = CARTESIAN_POINT('',(-2.7538540525281467,4.299999999999997));
#1318 = VECTOR('',#176,1.);
#1319 = LINE('',#1317,#1318);
#1320 = DEFINITIONAL_REPRESENTATION('',(#1319),#25);
#1321 = PCURVE('',#1031,#1320);
#1322 = SURFACE_CURVE('',#1311,(#1316,#1321),.CURVE_3D.);
#1323 = EDGE_CURVE('',#1292,#1309,#1322,.T.);
#1324 = ORIENTED_EDGE('',*,*,#1323,.T.);
#1325 = VECTOR('',#646,1.);
#1326 = LINE('',#649,#1325);
#1327 = VECTOR('',#659,1.);
#1328 = LINE('',#658,#1327);
#1329 = DEFINITIONAL_REPRESENTATION('',(#1328),#25);
#1330 = PCURVE('',#904,#1329);
#1331 = VECTOR('',#153,1.);
#1332 = LINE('',#238,#1331);
#1333 = DEFINITIONAL_REPRESENTATION('',(#1332),#25);
#1334 = PCURVE('',#653,#1333);
#1335 = SURFACE_CURVE('',#1326,(#1330,#1334),.CURVE_3D.);
#1336 = EDGE_CURVE('',#878,#1309,#1335,.T.);
#1337 = ORIENTED_EDGE('',*,*,#1336,.F.);
#1338 = ORIENTED_EDGE('',*,*,#892,.F.);
#1339 = ORIENTED_EDGE('',*,*,#1161,.T.);
#1340 = EDGE_LOOP('',(#1290,#1307,#1324,#1337,#1338,#1339));
#1341 = FACE_OUTER_BOUND('',#1340,.T.);
#1342 = ADVANCED_FACE('',(#1341),#653,.T.);
#1343 = ORIENTED_EDGE('',*,*,#910,.F.);
#1344 = ORIENTED_EDGE('',*,*,#1336,.T.);
#1345 = AXIS2_PLACEMENT_3D('',#872,#141,#38);
#1346 = CIRCLE('',#1345,5.869999999999997);
#1347 = AXIS2_PLACEMENT_2D('',#542,#22);
#1348 = CIRCLE('',#1347,5.869999999999997);
#1349 = DEFINITIONAL_REPRESENTATION('',(#1348),#25);
#1350 = PCURVE('',#904,#1349);
#1351 = VECTOR('',#153,1.);
#1352 = LINE('',#188,#1351);
#1353 = DEFINITIONAL_REPRESENTATION('',(#1352),#25);
#1354 = PCURVE('',#1031,#1353);
#1355 = SURFACE_CURVE('',#1346,(#1350,#1354),.CURVE_3D.);
#1356 = EDGE_CURVE('',#1309,#1007,#1355,.T.);
#1357 = ORIENTED_EDGE('',*,*,#1356,.T.);
#1358 = ORIENTED_EDGE('',*,*,#1019,.F.);
#1359 = EDGE_LOOP('',(#1343,#1344,#1357,#1358));
#1360 = FACE_OUTER_BOUND('',#1359,.T.);
#1361 = ADVANCED_FACE('',(#1360),#904,.T.);
#1362 = CARTESIAN_POINT('',(20.700000000000003,-28.046242774566487,3.1369942196531735));
#1363 = AXIS2_PLACEMENT_3D('',#1362,#141,#38);
#1364 = CIRCLE('',#1363,5.869999999999997);
#1365 = AXIS2_PLACEMENT_3D('',#193,#141,#38);
#1366 = PLANE('',#1365);
#1367 = AXIS2_PLACEMENT_2D('',#542,#22);
#1368 = CIRCLE('',#1367,5.869999999999997);
#1369 = DEFINITIONAL_REPRESENTATION('',(#1368),#25);
#1370 = PCURVE('',#1366,#1369);
#1371 = VECTOR('',#153,1.);
#1372 = LINE('',#253,#1371);
#1373 = DEFINITIONAL_REPRESENTATION('',(#1372),#25);
#1374 = PCURVE('',#1031,#1373);
#1375 = SURFACE_CURVE('',#1364,(#1370,#1374),.CURVE_3D.);
#1376 = EDGE_CURVE('',#1022,#1292,#1375,.T.);
#1377 = ORIENTED_EDGE('',*,*,#1376,.F.);
#1378 = ORIENTED_EDGE('',*,*,#1038,.T.);
#1379 = ORIENTED_EDGE('',*,*,#1356,.F.);
#1380 = ORIENTED_EDGE('',*,*,#1323,.F.);
#1381 = EDGE_LOOP('',(#1377,#1378,#1379,#1380));
#1382 = FACE_OUTER_BOUND('',#1381,.T.);
#1383 = ADVANCED_FACE('',(#1382),#1031,.T.);
#1384 = CARTESIAN_POINT('',(0.,-0.,0.));
#1385 = AXIS2_PLACEMENT_3D('',#1384,#141,#38);
#1386 = PLANE('',#1385);
#1387 = CARTESIAN_POINT('',(0.,-12.322982196339789,-51.06300578034681));
#1388 = VERTEX_POINT('',#1387);
#1389 = CARTESIAN_POINT('',(0.,-78.36950335279319,-51.06300578034681));
#1390 = VERTEX_POINT('',#1389);
#1391 = DIRECTION('',(0.,1.,0.));
#1392 = VECTOR('',#1391,1.);
#1393 = LINE('',#1389,#1392);
#1394 = CARTESIAN_POINT('',(-5.,0.));
#1395 = VECTOR('',#176,1.);
#1396 = LINE('',#1394,#1395);
#1397 = DEFINITIONAL_REPRESENTATION('',(#1396),#25);
#1398 = PCURVE('',#64,#1397);
#1399 = CARTESIAN_POINT('',(51.06300578034681,-78.36950335279319));
#1400 = VECTOR('',#176,1.);
#1401 = LINE('',#1399,#1400);
#1402 = DEFINITIONAL_REPRESENTATION('',(#1401),#25);
#1403 = PCURVE('',#1386,#1402);
#1404 = SURFACE_CURVE('',#1393,(#1398,#1403),.CURVE_3D.);
#1405 = EDGE_CURVE('',#1388,#1390,#1404,.T.);
#1406 = ORIENTED_EDGE('',*,*,#1405,.F.);
#1407 = CARTESIAN_POINT('',(0.,-12.322982196339801,23.13699421965317));
#1408 = VERTEX_POINT('',#1407);
#1409 = VECTOR('',#729,1.);
#1410 = LINE('',#1407,#1409);
#1411 = CARTESIAN_POINT('',(0.,-5.));
#1412 = VECTOR('',#153,1.);
#1413 = LINE('',#1411,#1412);
#1414 = DEFINITIONAL_REPRESENTATION('',(#1413),#25);
#1415 = PCURVE('',#741,#1414);
#1416 = VECTOR('',#733,1.);
#1417 = LINE('',#732,#1416);
#1418 = DEFINITIONAL_REPRESENTATION('',(#1417),#25);
#1419 = PCURVE('',#1386,#1418);
#1420 = SURFACE_CURVE('',#1410,(#1415,#1419),.CURVE_3D.);
#1421 = EDGE_CURVE('',#1408,#1388,#1420,.T.);
#1422 = ORIENTED_EDGE('',*,*,#1421,.F.);
#1423 = CARTESIAN_POINT('',(0.,-78.36950335279317,23.13699421965317));
#1424 = VERTEX_POINT('',#1423);
#1425 = VECTOR('',#710,1.);
#1426 = LINE('',#1423,#1425);
#1427 = CARTESIAN_POINT('',(5.,0.));
#1428 = VECTOR('',#42,1.);
#1429 = LINE('',#1427,#1428);
#1430 = DEFINITIONAL_REPRESENTATION('',(#1429),#25);
#1431 = PCURVE('',#719,#1430);
#1432 = VECTOR('',#42,1.);
#1433 = LINE('',#691,#1432);
#1434 = DEFINITIONAL_REPRESENTATION('',(#1433),#25);
#1435 = PCURVE('',#1386,#1434);
#1436 = SURFACE_CURVE('',#1426,(#1431,#1435),.CURVE_3D.);
#1437 = EDGE_CURVE('',#1424,#1408,#1436,.T.);
#1438 = ORIENTED_EDGE('',*,*,#1437,.F.);
#1439 = VECTOR('',#688,1.);
#1440 = LINE('',#1423,#1439);
#1441 = VECTOR('',#153,1.);
#1442 = LINE('',#1411,#1441);
#1443 = DEFINITIONAL_REPRESENTATION('',(#1442),#25);
#1444 = PCURVE('',#700,#1443);
#1445 = VECTOR('',#692,1.);
#1446 = LINE('',#691,#1445);
#1447 = DEFINITIONAL_REPRESENTATION('',(#1446),#25);
#1448 = PCURVE('',#1386,#1447);
#1449 = SURFACE_CURVE('',#1440,(#1444,#1448),.CURVE_3D.);
#1450 = EDGE_CURVE('',#1390,#1424,#1449,.T.);
#1451 = ORIENTED_EDGE('',*,*,#1450,.F.);
#1452 = EDGE_LOOP('',(#1406,#1422,#1438,#1451));
#1453 = FACE_OUTER_BOUND('',#1452,.T.);
#1454 = CARTESIAN_POINT('',(0.,-28.046242774566487,0.7569942196531727));
#1455 = VERTEX_POINT('',#1454);
#1456 = CARTESIAN_POINT('',(0.,-28.046242774566487,3.1369942196531735));
#1457 = AXIS2_PLACEMENT_3D('',#1456,#8,#38);
#1458 = CIRCLE('',#1457,2.380000000000001);
#1459 = CARTESIAN_POINT('',(3.141592653589793,5.));
#1460 = VECTOR('',#153,1.);
#1461 = LINE('',#1459,#1460);
#1462 = DEFINITIONAL_REPRESENTATION('',(#1461),#25);
#1463 = PCURVE('',#801,#1462);
#1464 = AXIS2_PLACEMENT_2D('',#542,#22);
#1465 = CIRCLE('',#1464,2.380000000000001);
#1466 = DEFINITIONAL_REPRESENTATION('',(#1465),#25);
#1467 = PCURVE('',#1386,#1466);
#1468 = SURFACE_CURVE('',#1458,(#1463,#1467),.CURVE_3D.);
#1469 = EDGE_CURVE('',#1455,#1455,#1468,.T.);
#1470 = ORIENTED_EDGE('',*,*,#1469,.T.);
#1471 = EDGE_LOOP('',(#1470));
#1472 = FACE_BOUND('',#1471,.T.);
#1473 = CARTESIAN_POINT('',(0.,-62.64624277456649,0.7569942196531727));
#1474 = VERTEX_POINT('',#1473);
#1475 = CARTESIAN_POINT('',(0.,-62.64624277456649,3.1369942196531735));
#1476 = AXIS2_PLACEMENT_3D('',#1475,#8,#38);
#1477 = CIRCLE('',#1476,2.380000000000001);
#1478 = VECTOR('',#153,1.);
#1479 = LINE('',#1459,#1478);
#1480 = DEFINITIONAL_REPRESENTATION('',(#1479),#25);
#1481 = PCURVE('',#782,#1480);
#1482 = AXIS2_PLACEMENT_2D('',#147,#22);
#1483 = CIRCLE('',#1482,2.380000000000001);
#1484 = DEFINITIONAL_REPRESENTATION('',(#1483),#25);
#1485 = PCURVE('',#1386,#1484);
#1486 = SURFACE_CURVE('',#1477,(#1481,#1485),.CURVE_3D.);
#1487 = EDGE_CURVE('',#1474,#1474,#1486,.T.);
#1488 = ORIENTED_EDGE('',*,*,#1487,.T.);
#1489 = EDGE_LOOP('',(#1488));
#1490 = FACE_BOUND('',#1489,.T.);
#1491 = CARTESIAN_POINT('',(0.,-55.48699165216215,-11.734630177215585));
#1492 = VERTEX_POINT('',#1491);
#1493 = CARTESIAN_POINT('',(0.,-35.205493896970836,-11.734630177215594));
#1494 = VERTEX_POINT('',#1493);
#1495 = CARTESIAN_POINT('',(0.,-45.34624277456649,3.136994219653174));
#1496 = AXIS2_PLACEMENT_3D('',#1495,#141,#38);
#1497 = CIRCLE('',#1496,17.999999999999996);
#1498 = CARTESIAN_POINT('',(0.,5.));
#1499 = VECTOR('',#22,1.);
#1500 = LINE('',#1498,#1499);
#1501 = DEFINITIONAL_REPRESENTATION('',(#1500),#25);
#1502 = PCURVE('',#363,#1501);
#1503 = AXIS2_PLACEMENT_2D('',#356,#22);
#1504 = CIRCLE('',#1503,17.999999999999996);
#1505 = DEFINITIONAL_REPRESENTATION('',(#1504),#25);
#1506 = PCURVE('',#1386,#1505);
#1507 = SURFACE_CURVE('',#1497,(#1502,#1506),.CURVE_3D.);
#1508 = EDGE_CURVE('',#1492,#1494,#1507,.T.);
#1509 = ORIENTED_EDGE('',*,*,#1508,.T.);
#1510 = CARTESIAN_POINT('',(0.,-27.318244769951974,-23.30144915255797));
#1511 = VERTEX_POINT('',#1510);
#1512 = CARTESIAN_POINT('',(0.,-31.2618693334614,-17.51803966488678));
#1513 = AXIS2_PLACEMENT_3D('',#1512,#141,#38);
#1514 = CIRCLE('',#1513,7.000000000000003);
#1515 = VECTOR('',#22,1.);
#1516 = LINE('',#1498,#1515);
#1517 = DEFINITIONAL_REPRESENTATION('',(#1516),#25);
#1518 = PCURVE('',#343,#1517);
#1519 = AXIS2_PLACEMENT_2D('',#334,#22);
#1520 = CIRCLE('',#1519,7.000000000000003);
#1521 = DEFINITIONAL_REPRESENTATION('',(#1520),#25);
#1522 = PCURVE('',#1386,#1521);
#1523 = SURFACE_CURVE('',#1514,(#1518,#1522),.CURVE_3D.);
#1524 = EDGE_CURVE('',#1494,#1511,#1523,.T.);
#1525 = ORIENTED_EDGE('',*,*,#1524,.T.);
#1526 = CARTESIAN_POINT('',(0.,-63.37424077918101,-23.30144915255796));
#1527 = VERTEX_POINT('',#1526);
#1528 = AXIS2_PLACEMENT_3D('',#1495,#141,#38);
#1529 = CIRCLE('',#1528,32.);
#1530 = VECTOR('',#22,1.);
#1531 = LINE('',#1498,#1530);
#1532 = DEFINITIONAL_REPRESENTATION('',(#1531),#25);
#1533 = PCURVE('',#509,#1532);
#1534 = AXIS2_PLACEMENT_2D('',#356,#22);
#1535 = CIRCLE('',#1534,32.);
#1536 = DEFINITIONAL_REPRESENTATION('',(#1535),#25);
#1537 = PCURVE('',#1386,#1536);
#1538 = SURFACE_CURVE('',#1529,(#1533,#1537),.CURVE_3D.);
#1539 = EDGE_CURVE('',#1511,#1527,#1538,.T.);
#1540 = ORIENTED_EDGE('',*,*,#1539,.T.);
#1541 = CARTESIAN_POINT('',(0.,-59.43061621567158,-17.518039664886782));
#1542 = AXIS2_PLACEMENT_3D('',#1541,#141,#38);
#1543 = CIRCLE('',#1542,7.000000000000002);
#1544 = VECTOR('',#22,1.);
#1545 = LINE('',#1498,#1544);
#1546 = DEFINITIONAL_REPRESENTATION('',(#1545),#25);
#1547 = PCURVE('',#383,#1546);
#1548 = AXIS2_PLACEMENT_2D('',#376,#22);
#1549 = CIRCLE('',#1548,7.000000000000002);
#1550 = DEFINITIONAL_REPRESENTATION('',(#1549),#25);
#1551 = PCURVE('',#1386,#1550);
#1552 = SURFACE_CURVE('',#1543,(#1547,#1551),.CURVE_3D.);
#1553 = EDGE_CURVE('',#1527,#1492,#1552,.T.);
#1554 = ORIENTED_EDGE('',*,*,#1553,.T.);
#1555 = EDGE_LOOP('',(#1509,#1525,#1540,#1554));
#1556 = FACE_BOUND('',#1555,.T.);
#1557 = ADVANCED_FACE('',(#1453,#1472,#1490,#1556),#1386,.T.);
#1558 = ORIENTED_EDGE('',*,*,#1450,.T.);
#1559 = VECTOR('',#132,1.);
#1560 = LINE('',#686,#1559);
#1561 = VECTOR('',#754,1.);
#1562 = LINE('',#238,#1561);
#1563 = DEFINITIONAL_REPRESENTATION('',(#1562),#25);
#1564 = PCURVE('',#700,#1563);
#1565 = DIRECTION('',(1.,-0.));
#1566 = VECTOR('',#1565,1.);
#1567 = LINE('',#238,#1566);
#1568 = DEFINITIONAL_REPRESENTATION('',(#1567),#25);
#1569 = PCURVE('',#719,#1568);
#1570 = SURFACE_CURVE('',#1560,(#1564,#1569),.CURVE_3D.);
#1571 = EDGE_CURVE('',#1424,#687,#1570,.T.);
#1572 = ORIENTED_EDGE('',*,*,#1571,.T.);
#1573 = ORIENTED_EDGE('',*,*,#706,.F.);
#1574 = ORIENTED_EDGE('',*,*,#1237,.T.);
#1575 = VECTOR('',#8,1.);
#1576 = LINE('',#18,#1575);
#1577 = VECTOR('',#22,1.);
#1578 = LINE('',#238,#1577);
#1579 = DEFINITIONAL_REPRESENTATION('',(#1578),#25);
#1580 = PCURVE('',#20,#1579);
#1581 = CARTESIAN_POINT('',(-65.27499999999999,-71.64681974310434));
#1582 = VECTOR('',#176,1.);
#1583 = LINE('',#1581,#1582);
#1584 = DEFINITIONAL_REPRESENTATION('',(#1583),#25);
#1585 = PCURVE('',#700,#1584);
#1586 = SURFACE_CURVE('',#1576,(#1580,#1585),.CURVE_3D.);
#1587 = EDGE_CURVE('',#1065,#1207,#1586,.T.);
#1588 = ORIENTED_EDGE('',*,*,#1587,.F.);
#1589 = ORIENTED_EDGE('',*,*,#1080,.F.);
#1590 = VECTOR('',#132,1.);
#1591 = LINE('',#62,#1590);
#1592 = CARTESIAN_POINT('',(-74.19999999999999,0.));
#1593 = VECTOR('',#754,1.);
#1594 = LINE('',#1592,#1593);
#1595 = DEFINITIONAL_REPRESENTATION('',(#1594),#25);
#1596 = PCURVE('',#700,#1595);
#1597 = VECTOR('',#153,1.);
#1598 = LINE('',#238,#1597);
#1599 = DEFINITIONAL_REPRESENTATION('',(#1598),#25);
#1600 = PCURVE('',#64,#1599);
#1601 = SURFACE_CURVE('',#1591,(#1596,#1600),.CURVE_3D.);
#1602 = EDGE_CURVE('',#1390,#1063,#1601,.T.);
#1603 = ORIENTED_EDGE('',*,*,#1602,.F.);
#1604 = EDGE_LOOP('',(#1558,#1572,#1573,#1574,#1588,#1589,#1603));
#1605 = FACE_OUTER_BOUND('',#1604,.T.);
#1606 = ADVANCED_FACE('',(#1605),#700,.T.);
#1607 = ORIENTED_EDGE('',*,*,#597,.T.);
#1608 = ORIENTED_EDGE('',*,*,#1053,.T.);
#1609 = CARTESIAN_POINT('',(20.700000000000003,-26.232882405807995,5.953769711774639));
#1610 = VERTEX_POINT('',#1609);
#1611 = VECTOR('',#578,1.);
#1612 = LINE('',#581,#1611);
#1613 = VECTOR('',#591,1.);
#1614 = LINE('',#590,#1613);
#1615 = DEFINITIONAL_REPRESENTATION('',(#1614),#25);
#1616 = PCURVE('',#1366,#1615);
#1617 = VECTOR('',#153,1.);
#1618 = LINE('',#238,#1617);
#1619 = DEFINITIONAL_REPRESENTATION('',(#1618),#25);
#1620 = PCURVE('',#585,#1619);
#1621 = SURFACE_CURVE('',#1612,(#1616,#1620),.CURVE_3D.);
#1622 = EDGE_CURVE('',#1610,#1022,#1621,.T.);
#1623 = ORIENTED_EDGE('',*,*,#1622,.F.);
#1624 = VECTOR('',#132,1.);
#1625 = LINE('',#1609,#1624);
#1626 = CARTESIAN_POINT('',(0.5719843395533762,15.700000000000003));
#1627 = VECTOR('',#176,1.);
#1628 = LINE('',#1626,#1627);
#1629 = DEFINITIONAL_REPRESENTATION('',(#1628),#25);
#1630 = PCURVE('',#606,#1629);
#1631 = CARTESIAN_POINT('',(-9.193802000935076,0.));
#1632 = VECTOR('',#754,1.);
#1633 = LINE('',#1631,#1632);
#1634 = DEFINITIONAL_REPRESENTATION('',(#1633),#25);
#1635 = PCURVE('',#585,#1634);
#1636 = SURFACE_CURVE('',#1625,(#1630,#1635),.CURVE_3D.);
#1637 = EDGE_CURVE('',#576,#1610,#1636,.T.);
#1638 = ORIENTED_EDGE('',*,*,#1637,.F.);
#1639 = EDGE_LOOP('',(#1607,#1608,#1623,#1638));
#1640 = FACE_OUTER_BOUND('',#1639,.T.);
#1641 = ADVANCED_FACE('',(#1640),#585,.T.);
#1642 = ORIENTED_EDGE('',*,*,#641,.T.);
#1643 = CARTESIAN_POINT('',(20.700000000000003,-29.312863893549,0.035676605969042416));
#1644 = VERTEX_POINT('',#1643);
#1645 = VECTOR('',#132,1.);
#1646 = LINE('',#1643,#1645);
#1647 = CARTESIAN_POINT('',(-11.050044172818335,0.));
#1648 = VECTOR('',#754,1.);
#1649 = LINE('',#1647,#1648);
#1650 = DEFINITIONAL_REPRESENTATION('',(#1649),#25);
#1651 = PCURVE('',#629,#1650);
#1652 = CARTESIAN_POINT('',(-2.7538540525281507,15.700000000000003));
#1653 = VECTOR('',#176,1.);
#1654 = LINE('',#1652,#1653);
#1655 = DEFINITIONAL_REPRESENTATION('',(#1654),#25);
#1656 = PCURVE('',#606,#1655);
#1657 = SURFACE_CURVE('',#1646,(#1651,#1656),.CURVE_3D.);
#1658 = EDGE_CURVE('',#600,#1644,#1657,.T.);
#1659 = ORIENTED_EDGE('',*,*,#1658,.T.);
#1660 = VECTOR('',#622,1.);
#1661 = LINE('',#625,#1660);
#1662 = VECTOR('',#635,1.);
#1663 = LINE('',#634,#1662);
#1664 = DEFINITIONAL_REPRESENTATION('',(#1663),#25);
#1665 = PCURVE('',#1366,#1664);
#1666 = VECTOR('',#153,1.);
#1667 = LINE('',#238,#1666);
#1668 = DEFINITIONAL_REPRESENTATION('',(#1667),#25);
#1669 = PCURVE('',#629,#1668);
#1670 = SURFACE_CURVE('',#1661,(#1665,#1669),.CURVE_3D.);
#1671 = EDGE_CURVE('',#1292,#1644,#1670,.T.);
#1672 = ORIENTED_EDGE('',*,*,#1671,.F.);
#1673 = ORIENTED_EDGE('',*,*,#1306,.F.);
#1674 = EDGE_LOOP('',(#1642,#1659,#1672,#1673));
#1675 = FACE_OUTER_BOUND('',#1674,.T.);
#1676 = ADVANCED_FACE('',(#1675),#629,.T.);
#1677 = ORIENTED_EDGE('',*,*,#617,.T.);
#1678 = ORIENTED_EDGE('',*,*,#1637,.T.);
#1679 = AXIS2_PLACEMENT_3D('',#604,#141,#38);
#1680 = CIRCLE('',#1679,3.3499999999999996);
#1681 = AXIS2_PLACEMENT_2D('',#611,#22);
#1682 = CIRCLE('',#1681,3.3499999999999996);
#1683 = DEFINITIONAL_REPRESENTATION('',(#1682),#25);
#1684 = PCURVE('',#1366,#1683);
#1685 = VECTOR('',#153,1.);
#1686 = LINE('',#188,#1685);
#1687 = DEFINITIONAL_REPRESENTATION('',(#1686),#25);
#1688 = PCURVE('',#606,#1687);
#1689 = SURFACE_CURVE('',#1680,(#1684,#1688),.CURVE_3D.);
#1690 = EDGE_CURVE('',#1644,#1610,#1689,.T.);
#1691 = ORIENTED_EDGE('',*,*,#1690,.F.);
#1692 = ORIENTED_EDGE('',*,*,#1658,.F.);
#1693 = EDGE_LOOP('',(#1677,#1678,#1691,#1692));
#1694 = FACE_OUTER_BOUND('',#1693,.T.);
#1695 = ADVANCED_FACE('',(#1694),#606,.T.);
#1696 = ORIENTED_EDGE('',*,*,#1622,.T.);
#1697 = ORIENTED_EDGE('',*,*,#1376,.T.);
#1698 = ORIENTED_EDGE('',*,*,#1671,.T.);
#1699 = ORIENTED_EDGE('',*,*,#1690,.T.);
#1700 = EDGE_LOOP('',(#1696,#1697,#1698,#1699));
#1701 = FACE_OUTER_BOUND('',#1700,.T.);
#1702 = ADVANCED_FACE('',(#1701),#1366,.T.);
#1703 = AXIS2_PLACEMENT_3D('',#902,#141,#38);
#1704 = PLANE('',#1703);
#1705 = CARTESIAN_POINT('',(25.,-60.42682009742398,-2.297254852682909));
#1706 = VERTEX_POINT('',#1705);
#1707 = CARTESIAN_POINT('',(25.,-65.82368318191347,8.072657544654033));
#1708 = VERTEX_POINT('',#1707);
#1709 = AXIS2_PLACEMENT_3D('',#250,#141,#38);
#1710 = CIRCLE('',#1709,5.869999999999998);
#1711 = VECTOR('',#153,1.);
#1712 = LINE('',#188,#1711);
#1713 = DEFINITIONAL_REPRESENTATION('',(#1712),#25);
#1714 = PCURVE('',#252,#1713);
#1715 = AXIS2_PLACEMENT_2D('',#147,#22);
#1716 = CIRCLE('',#1715,5.869999999999998);
#1717 = DEFINITIONAL_REPRESENTATION('',(#1716),#25);
#1718 = PCURVE('',#1704,#1717);
#1719 = SURFACE_CURVE('',#1710,(#1714,#1718),.CURVE_3D.);
#1720 = EDGE_CURVE('',#1706,#1708,#1719,.T.);
#1721 = ORIENTED_EDGE('',*,*,#1720,.F.);
#1722 = CARTESIAN_POINT('',(25.,-58.472296237500885,-6.284789416574017));
#1723 = VERTEX_POINT('',#1722);
#1724 = VECTOR('',#413,1.);
#1725 = LINE('',#422,#1724);
#1726 = VECTOR('',#153,1.);
#1727 = LINE('',#238,#1726);
#1728 = DEFINITIONAL_REPRESENTATION('',(#1727),#25);
#1729 = PCURVE('',#426,#1728);
#1730 = VECTOR('',#417,1.);
#1731 = LINE('',#416,#1730);
#1732 = DEFINITIONAL_REPRESENTATION('',(#1731),#25);
#1733 = PCURVE('',#1704,#1732);
#1734 = SURFACE_CURVE('',#1725,(#1729,#1733),.CURVE_3D.);
#1735 = EDGE_CURVE('',#1723,#1706,#1734,.T.);
#1736 = ORIENTED_EDGE('',*,*,#1735,.F.);
#1737 = CARTESIAN_POINT('',(25.,-68.34645776942219,11.721828847913805));
#1738 = VERTEX_POINT('',#1737);
#1739 = AXIS2_PLACEMENT_3D('',#250,#141,#38);
#1740 = CIRCLE('',#1739,10.304942337643643);
#1741 = AXIS2_PLACEMENT_2D('',#147,#22);
#1742 = CIRCLE('',#1741,10.304942337643643);
#1743 = DEFINITIONAL_REPRESENTATION('',(#1742),#25);
#1744 = PCURVE('',#1704,#1743);
#1745 = VECTOR('',#153,1.);
#1746 = LINE('',#188,#1745);
#1747 = DEFINITIONAL_REPRESENTATION('',(#1746),#25);
#1748 = PCURVE('',#860,#1747);
#1749 = SURFACE_CURVE('',#1740,(#1744,#1748),.CURVE_3D.);
#1750 = EDGE_CURVE('',#1723,#1738,#1749,.T.);
#1751 = ORIENTED_EDGE('',*,*,#1750,.T.);
#1752 = VECTOR('',#454,1.);
#1753 = LINE('',#306,#1752);
#1754 = VECTOR('',#462,1.);
#1755 = LINE('',#461,#1754);
#1756 = DEFINITIONAL_REPRESENTATION('',(#1755),#25);
#1757 = PCURVE('',#1704,#1756);
#1758 = VECTOR('',#153,1.);
#1759 = LINE('',#238,#1758);
#1760 = DEFINITIONAL_REPRESENTATION('',(#1759),#25);
#1761 = PCURVE('',#310,#1760);
#1762 = SURFACE_CURVE('',#1753,(#1757,#1761),.CURVE_3D.);
#1763 = EDGE_CURVE('',#1738,#1708,#1762,.T.);
#1764 = ORIENTED_EDGE('',*,*,#1763,.T.);
#1765 = EDGE_LOOP('',(#1721,#1736,#1751,#1764));
#1766 = FACE_OUTER_BOUND('',#1765,.T.);
#1767 = ADVANCED_FACE('',(#1766),#1704,.T.);
#1768 = ORIENTED_EDGE('',*,*,#433,.F.);
#1769 = ORIENTED_EDGE('',*,*,#840,.T.);
#1770 = VECTOR('',#132,1.);
#1771 = LINE('',#1722,#1770);
#1772 = CARTESIAN_POINT('',(20.09208480476307,0.));
#1773 = VECTOR('',#42,1.);
#1774 = LINE('',#1772,#1773);
#1775 = DEFINITIONAL_REPRESENTATION('',(#1774),#25);
#1776 = PCURVE('',#426,#1775);
#1777 = CARTESIAN_POINT('',(2.724566604132975,15.000000000000002));
#1778 = VECTOR('',#176,1.);
#1779 = LINE('',#1777,#1778);
#1780 = DEFINITIONAL_REPRESENTATION('',(#1779),#25);
#1781 = PCURVE('',#860,#1780);
#1782 = SURFACE_CURVE('',#1771,(#1776,#1781),.CURVE_3D.);
#1783 = EDGE_CURVE('',#813,#1723,#1782,.T.);
#1784 = ORIENTED_EDGE('',*,*,#1783,.T.);
#1785 = ORIENTED_EDGE('',*,*,#1735,.T.);
#1786 = VECTOR('',#132,1.);
#1787 = LINE('',#1705,#1786);
#1788 = CARTESIAN_POINT('',(24.532872507100898,0.));
#1789 = VECTOR('',#42,1.);
#1790 = LINE('',#1788,#1789);
#1791 = DEFINITIONAL_REPRESENTATION('',(#1790),#25);
#1792 = PCURVE('',#426,#1791);
#1793 = CARTESIAN_POINT('',(2.7538540525281476,4.299999999999997));
#1794 = VECTOR('',#176,1.);
#1795 = LINE('',#1793,#1794);
#1796 = DEFINITIONAL_REPRESENTATION('',(#1795),#25);
#1797 = PCURVE('',#252,#1796);
#1798 = SURFACE_CURVE('',#1787,(#1792,#1797),.CURVE_3D.);
#1799 = EDGE_CURVE('',#228,#1706,#1798,.T.);
#1800 = ORIENTED_EDGE('',*,*,#1799,.F.);
#1801 = VECTOR('',#132,1.);
#1802 = LINE('',#227,#1801);
#1803 = CARTESIAN_POINT('',(24.532872507100898,-4.299999999999997));
#1804 = VECTOR('',#42,1.);
#1805 = LINE('',#1803,#1804);
#1806 = DEFINITIONAL_REPRESENTATION('',(#1805),#25);
#1807 = PCURVE('',#426,#1806);
#1808 = CARTESIAN_POINT('',(20.720408821076987,0.));
#1809 = VECTOR('',#42,1.);
#1810 = LINE('',#1808,#1809);
#1811 = DEFINITIONAL_REPRESENTATION('',(#1810),#25);
#1812 = PCURVE('',#169,#1811);
#1813 = SURFACE_CURVE('',#1802,(#1807,#1812),.CURVE_3D.);
#1814 = EDGE_CURVE('',#411,#228,#1813,.T.);
#1815 = ORIENTED_EDGE('',*,*,#1814,.F.);
#1816 = EDGE_LOOP('',(#1768,#1769,#1784,#1785,#1800,#1815));
#1817 = FACE_OUTER_BOUND('',#1816,.T.);
#1818 = ADVANCED_FACE('',(#1817),#426,.T.);
#1819 = VECTOR('',#132,1.);
#1820 = LINE('',#1737,#1819);
#1821 = CARTESIAN_POINT('',(-0.5861448639326388,15.000000000000002));
#1822 = VECTOR('',#176,1.);
#1823 = LINE('',#1821,#1822);
#1824 = DEFINITIONAL_REPRESENTATION('',(#1823),#25);
#1825 = PCURVE('',#860,#1824);
#1826 = CARTESIAN_POINT('',(-48.5082620289118,0.));
#1827 = VECTOR('',#42,1.);
#1828 = LINE('',#1826,#1827);
#1829 = DEFINITIONAL_REPRESENTATION('',(#1828),#25);
#1830 = PCURVE('',#310,#1829);
#1831 = SURFACE_CURVE('',#1820,(#1825,#1830),.CURVE_3D.);
#1832 = EDGE_CURVE('',#1244,#1738,#1831,.T.);
#1833 = ORIENTED_EDGE('',*,*,#1832,.T.);
#1834 = ORIENTED_EDGE('',*,*,#1750,.F.);
#1835 = ORIENTED_EDGE('',*,*,#1783,.F.);
#1836 = ORIENTED_EDGE('',*,*,#867,.T.);
#1837 = CARTESIAN_POINT('',(9.994846592083132,-63.25436195695991,-7.1499891886237945));
#1838 = CARTESIAN_POINT('',(9.858438653508827,-60.16641900361889,-6.865121088980479));
#1839 = CARTESIAN_POINT('',(9.999999999999998,-58.729566868745316,-6.394610389798499));
#1840 = B_SPLINE_CURVE_WITH_KNOTS('',1,(#1264,#1837,#1838,#1839),.UNSPECIFIED.,.F.,.U.,(2,1,1,2),(0.,0.00022622647200189726,0.00333028005449511,0.0048488201396940005),.UNSPECIFIED.);
#1841 = CARTESIAN_POINT('',(-3.0605980225803218,15.000000000000002));
#1842 = CARTESIAN_POINT('',(-3.082545967514695,15.005153407916868));
#1843 = CARTESIAN_POINT('',(-3.384622070708279,15.141561346491173));
#1844 = CARTESIAN_POINT('',(-3.531472650954974,15.000000000000002));
#1845 = B_SPLINE_CURVE_WITH_KNOTS('',1,(#1841,#1842,#1843,#1844),.UNSPECIFIED.,.F.,.U.,(2,1,1,2),(0.,0.00022622647200189726,0.00333028005449511,0.0048488201396940005),.UNSPECIFIED.);
#1846 = DEFINITIONAL_REPRESENTATION('',(#1845),#25);
#1847 = PCURVE('',#860,#1846);
#1848 = SURFACE_CURVE('',#1840,(#1847),.CURVE_3D.);
#1849 = EDGE_CURVE('',#844,#1265,#1848,.T.);
#1850 = ORIENTED_EDGE('',*,*,#1849,.T.);
#1851 = ORIENTED_EDGE('',*,*,#1277,.T.);
#1852 = EDGE_LOOP('',(#1833,#1834,#1835,#1836,#1850,#1851));
#1853 = FACE_OUTER_BOUND('',#1852,.T.);
#1854 = ADVANCED_FACE('',(#1853),#860,.T.);
#1855 = ORIENTED_EDGE('',*,*,#468,.T.);
#1856 = ORIENTED_EDGE('',*,*,#322,.T.);
#1857 = VECTOR('',#132,1.);
#1858 = LINE('',#1707,#1857);
#1859 = CARTESIAN_POINT('',(-0.5719843395533792,4.299999999999997));
#1860 = VECTOR('',#176,1.);
#1861 = LINE('',#1859,#1860);
#1862 = DEFINITIONAL_REPRESENTATION('',(#1861),#25);
#1863 = PCURVE('',#252,#1862);
#1864 = CARTESIAN_POINT('',(-44.07195243422452,0.));
#1865 = VECTOR('',#42,1.);
#1866 = LINE('',#1864,#1865);
#1867 = DEFINITIONAL_REPRESENTATION('',(#1866),#25);
#1868 = PCURVE('',#310,#1867);
#1869 = SURFACE_CURVE('',#1858,(#1863,#1868),.CURVE_3D.);
#1870 = EDGE_CURVE('',#247,#1708,#1869,.T.);
#1871 = ORIENTED_EDGE('',*,*,#1870,.T.);
#1872 = ORIENTED_EDGE('',*,*,#1763,.F.);
#1873 = ORIENTED_EDGE('',*,*,#1832,.F.);
#1874 = ORIENTED_EDGE('',*,*,#1262,.T.);
#1875 = EDGE_LOOP('',(#1855,#1856,#1871,#1872,#1873,#1874));
#1876 = FACE_OUTER_BOUND('',#1875,.T.);
#1877 = ADVANCED_FACE('',(#1876),#310,.T.);
#1878 = ORIENTED_EDGE('',*,*,#263,.F.);
#1879 = ORIENTED_EDGE('',*,*,#1799,.T.);
#1880 = ORIENTED_EDGE('',*,*,#1720,.T.);
#1881 = ORIENTED_EDGE('',*,*,#1870,.F.);
#1882 = EDGE_LOOP('',(#1878,#1879,#1880,#1881));
#1883 = FACE_OUTER_BOUND('',#1882,.T.);
#1884 = ADVANCED_FACE('',(#1883),#252,.T.);
#1885 = ORIENTED_EDGE('',*,*,#447,.F.);
#1886 = ORIENTED_EDGE('',*,*,#1814,.T.);
#1887 = ORIENTED_EDGE('',*,*,#244,.T.);
#1888 = ORIENTED_EDGE('',*,*,#182,.F.);
#1889 = EDGE_LOOP('',(#1885,#1886,#1887,#1888));
#1890 = FACE_OUTER_BOUND('',#1889,.T.);
#1891 = ADVANCED_FACE('',(#1890),#169,.T.);
#1892 = CARTESIAN_POINT('',(-5.,-55.48699165216215,-11.734630177215585));
#1893 = VECTOR('',#340,1.);
#1894 = LINE('',#1892,#1893);
#1895 = CARTESIAN_POINT('',(-0.5984650231575108,10.));
#1896 = VECTOR('',#176,1.);
#1897 = LINE('',#1895,#1896);
#1898 = DEFINITIONAL_REPRESENTATION('',(#1897),#25);
#1899 = PCURVE('',#363,#1898);
#1900 = CARTESIAN_POINT('',(2.5431276304322834,10.));
#1901 = VECTOR('',#176,1.);
#1902 = LINE('',#1900,#1901);
#1903 = DEFINITIONAL_REPRESENTATION('',(#1902),#25);
#1904 = PCURVE('',#383,#1903);
#1905 = SURFACE_CURVE('',#1894,(#1899,#1904),.CURVE_3D.);
#1906 = EDGE_CURVE('',#352,#1492,#1905,.T.);
#1907 = ORIENTED_EDGE('',*,*,#1906,.T.);
#1908 = ORIENTED_EDGE('',*,*,#1553,.F.);
#1909 = CARTESIAN_POINT('',(-5.,-63.37424077918101,-23.30144915255796));
#1910 = VECTOR('',#340,1.);
#1911 = LINE('',#1909,#1910);
#1912 = CARTESIAN_POINT('',(-0.598465023157512,10.));
#1913 = VECTOR('',#176,1.);
#1914 = LINE('',#1912,#1913);
#1915 = DEFINITIONAL_REPRESENTATION('',(#1914),#25);
#1916 = PCURVE('',#383,#1915);
#1917 = VECTOR('',#176,1.);
#1918 = LINE('',#1895,#1917);
#1919 = DEFINITIONAL_REPRESENTATION('',(#1918),#25);
#1920 = PCURVE('',#509,#1919);
#1921 = SURFACE_CURVE('',#1911,(#1916,#1920),.CURVE_3D.);
#1922 = EDGE_CURVE('',#488,#1527,#1921,.T.);
#1923 = ORIENTED_EDGE('',*,*,#1922,.F.);
#1924 = ORIENTED_EDGE('',*,*,#498,.T.);
#1925 = VECTOR('',#22,1.);
#1926 = LINE('',#28,#1925);
#1927 = DEFINITIONAL_REPRESENTATION('',(#1926),#25);
#1928 = PCURVE('',#383,#1927);
#1929 = SURFACE_CURVE('',#375,(#1928),.CURVE_3D.);
#1930 = EDGE_CURVE('',#471,#372,#1929,.T.);
#1931 = ORIENTED_EDGE('',*,*,#1930,.T.);
#1932 = ORIENTED_EDGE('',*,*,#389,.T.);
#1933 = EDGE_LOOP('',(#1907,#1908,#1923,#1924,#1931,#1932));
#1934 = FACE_OUTER_BOUND('',#1933,.T.);
#1935 = ADVANCED_FACE('',(#1934),#383,.T.);
#1936 = CARTESIAN_POINT('',(22.046024466833412,-72.49542376533192,-52.13800578034682));
#1937 = AXIS2_PLACEMENT_3D('',#1936,#7,#8);
#1938 = CYLINDRICAL_SURFACE('',#1937,2.6999999999999957);
#1939 = CARTESIAN_POINT('',(19.346024466833416,-72.49542376533192,-42.13800578034682));
#1940 = VERTEX_POINT('',#1939);
#1941 = CARTESIAN_POINT('',(22.046024466833412,-72.49542376533192,-42.13800578034682));
#1942 = AXIS2_PLACEMENT_3D('',#1941,#14,#15);
#1943 = CIRCLE('',#1942,2.6999999999999957);
#1944 = CARTESIAN_POINT('',(88.69284420993776,5.874079587461253));
#1945 = AXIS2_PLACEMENT_2D('',#1944,#22);
#1946 = CIRCLE('',#1945,2.6999999999999957);
#1947 = DEFINITIONAL_REPRESENTATION('',(#1946),#25);
#1948 = PCURVE('',#20,#1947);
#1949 = VECTOR('',#22,1.);
#1950 = LINE('',#28,#1949);
#1951 = DEFINITIONAL_REPRESENTATION('',(#1950),#25);
#1952 = PCURVE('',#1938,#1951);
#1953 = SURFACE_CURVE('',#1943,(#1948,#1952),.CURVE_3D.);
#1954 = EDGE_CURVE('',#1940,#1940,#1953,.T.);
#1955 = ORIENTED_EDGE('',*,*,#1954,.T.);
#1956 = CARTESIAN_POINT('',(19.346024466833416,-72.49542376533192,-51.06300578034681));
#1957 = VERTEX_POINT('',#1956);
#1958 = VECTOR('',#38,1.);
#1959 = LINE('',#1939,#1958);
#1960 = VECTOR('',#42,1.);
#1961 = LINE('',#41,#1960);
#1962 = DEFINITIONAL_REPRESENTATION('',(#1961),#25);
#1963 = PCURVE('',#1938,#1962);
#1964 = VECTOR('',#42,1.);
#1965 = LINE('',#41,#1964);
#1966 = DEFINITIONAL_REPRESENTATION('',(#1965),#25);
#1967 = PCURVE('',#1938,#1966);
#1968 = SURFACE_CURVE('',#1959,(#1963,#1967),.CURVE_3D.);
#1969 = EDGE_CURVE('',#1940,#1957,#1968,.T.);
#1970 = ORIENTED_EDGE('',*,*,#1969,.T.);
#1971 = CARTESIAN_POINT('',(22.046024466833412,-72.49542376533192,-51.06300578034681));
#1972 = AXIS2_PLACEMENT_3D('',#1971,#14,#15);
#1973 = CIRCLE('',#1972,2.6999999999999957);
#1974 = VECTOR('',#22,1.);
#1975 = LINE('',#57,#1974);
#1976 = DEFINITIONAL_REPRESENTATION('',(#1975),#25);
#1977 = PCURVE('',#1938,#1976);
#1978 = CARTESIAN_POINT('',(17.046024466833412,5.874079587461267));
#1979 = AXIS2_PLACEMENT_2D('',#1978,#22);
#1980 = CIRCLE('',#1979,2.6999999999999957);
#1981 = DEFINITIONAL_REPRESENTATION('',(#1980),#25);
#1982 = PCURVE('',#64,#1981);
#1983 = SURFACE_CURVE('',#1973,(#1977,#1982),.CURVE_3D.);
#1984 = EDGE_CURVE('',#1957,#1957,#1983,.T.);
#1985 = ORIENTED_EDGE('',*,*,#1984,.F.);
#1986 = ORIENTED_EDGE('',*,*,#1969,.F.);
#1987 = EDGE_LOOP('',(#1955,#1970,#1985,#1986));
#1988 = FACE_OUTER_BOUND('',#1987,.T.);
#1989 = ADVANCED_FACE('',(#1988),#1938,.T.);
#1990 = ORIENTED_EDGE('',*,*,#95,.F.);
#1991 = EDGE_LOOP('',(#1990));
#1992 = FACE_OUTER_BOUND('',#1991,.T.);
#1993 = ORIENTED_EDGE('',*,*,#34,.F.);
#1994 = EDGE_LOOP('',(#1993));
#1995 = FACE_BOUND('',#1994,.T.);
#1996 = ORIENTED_EDGE('',*,*,#1954,.F.);
#1997 = EDGE_LOOP('',(#1996));
#1998 = FACE_BOUND('',#1997,.T.);
#1999 = CARTESIAN_POINT('',(19.346024466833406,-18.19706178380104,-42.13800578034682));
#2000 = VERTEX_POINT('',#1999);
#2001 = CARTESIAN_POINT('',(22.046024466833405,-18.19706178380104,-42.13800578034682));
#2002 = AXIS2_PLACEMENT_3D('',#2001,#14,#15);
#2003 = CIRCLE('',#2002,2.700000000000001);
#2004 = CARTESIAN_POINT('',(22.046024466833405,-18.19706178380104,-52.13800578034682));
#2005 = AXIS2_PLACEMENT_3D('',#2004,#7,#8);
#2006 = CYLINDRICAL_SURFACE('',#2005,2.700000000000001);
#2007 = VECTOR('',#22,1.);
#2008 = LINE('',#28,#2007);
#2009 = DEFINITIONAL_REPRESENTATION('',(#2008),#25);
#2010 = PCURVE('',#2006,#2009);
#2011 = CARTESIAN_POINT('',(88.69284420993775,60.172441568992134));
#2012 = AXIS2_PLACEMENT_2D('',#2011,#22);
#2013 = CIRCLE('',#2012,2.700000000000001);
#2014 = DEFINITIONAL_REPRESENTATION('',(#2013),#25);
#2015 = PCURVE('',#20,#2014);
#2016 = SURFACE_CURVE('',#2003,(#2010,#2015),.CURVE_3D.);
#2017 = EDGE_CURVE('',#2000,#2000,#2016,.T.);
#2018 = ORIENTED_EDGE('',*,*,#2017,.F.);
#2019 = EDGE_LOOP('',(#2018));
#2020 = FACE_BOUND('',#2019,.T.);
#2021 = CARTESIAN_POINT('',(-66.64681974310434,-12.322982196339789,-42.13800578034682));
#2022 = VECTOR('',#8,1.);
#2023 = LINE('',#2021,#2022);
#2024 = CARTESIAN_POINT('',(65.27499999999999,-71.64681974310434));
#2025 = VECTOR('',#176,1.);
#2026 = LINE('',#2024,#2025);
#2027 = DEFINITIONAL_REPRESENTATION('',(#2026),#25);
#2028 = PCURVE('',#741,#2027);
#2029 = CARTESIAN_POINT('',(0.,66.04652115645338));
#2030 = VECTOR('',#22,1.);
#2031 = LINE('',#2029,#2030);
#2032 = DEFINITIONAL_REPRESENTATION('',(#2031),#25);
#2033 = PCURVE('',#20,#2032);
#2034 = SURFACE_CURVE('',#2023,(#2028,#2033),.CURVE_3D.);
#2035 = EDGE_CURVE('',#1083,#1189,#2034,.T.);
#2036 = ORIENTED_EDGE('',*,*,#2035,.F.);
#2037 = ORIENTED_EDGE('',*,*,#1097,.F.);
#2038 = ORIENTED_EDGE('',*,*,#1587,.T.);
#2039 = ORIENTED_EDGE('',*,*,#1221,.T.);
#2040 = EDGE_LOOP('',(#2036,#2037,#2038,#2039));
#2041 = FACE_BOUND('',#2040,.T.);
#2042 = ADVANCED_FACE('',(#1992,#1995,#1998,#2020,#2041),#20,.T.);
#2043 = ORIENTED_EDGE('',*,*,#1922,.T.);
#2044 = ORIENTED_EDGE('',*,*,#1539,.F.);
#2045 = CARTESIAN_POINT('',(-5.,-27.318244769951978,-23.301449152557964));
#2046 = VECTOR('',#340,1.);
#2047 = LINE('',#2045,#2046);
#2048 = CARTESIAN_POINT('',(0.5984650231575107,10.));
#2049 = VECTOR('',#176,1.);
#2050 = LINE('',#2048,#2049);
#2051 = DEFINITIONAL_REPRESENTATION('',(#2050),#25);
#2052 = PCURVE('',#509,#2051);
#2053 = CARTESIAN_POINT('',(0.5984650231575106,10.));
#2054 = VECTOR('',#176,1.);
#2055 = LINE('',#2053,#2054);
#2056 = DEFINITIONAL_REPRESENTATION('',(#2055),#25);
#2057 = PCURVE('',#343,#2056);
#2058 = SURFACE_CURVE('',#2047,(#2052,#2057),.CURVE_3D.);
#2059 = EDGE_CURVE('',#501,#1511,#2058,.T.);
#2060 = ORIENTED_EDGE('',*,*,#2059,.F.);
#2061 = ORIENTED_EDGE('',*,*,#515,.T.);
#2062 = EDGE_LOOP('',(#2043,#2044,#2060,#2061));
#2063 = FACE_OUTER_BOUND('',#2062,.T.);
#2064 = ADVANCED_FACE('',(#2063),#509,.T.);
#2065 = ORIENTED_EDGE('',*,*,#1437,.T.);
#2066 = VECTOR('',#132,1.);
#2067 = LINE('',#708,#2066);
#2068 = CARTESIAN_POINT('',(0.,66.04652115645337));
#2069 = VECTOR('',#1565,1.);
#2070 = LINE('',#2068,#2069);
#2071 = DEFINITIONAL_REPRESENTATION('',(#2070),#25);
#2072 = PCURVE('',#719,#2071);
#2073 = VECTOR('',#42,1.);
#2074 = LINE('',#238,#2073);
#2075 = DEFINITIONAL_REPRESENTATION('',(#2074),#25);
#2076 = PCURVE('',#741,#2075);
#2077 = SURFACE_CURVE('',#2067,(#2072,#2076),.CURVE_3D.);
#2078 = EDGE_CURVE('',#1408,#709,#2077,.T.);
#2079 = ORIENTED_EDGE('',*,*,#2078,.T.);
#2080 = ORIENTED_EDGE('',*,*,#725,.F.);
#2081 = ORIENTED_EDGE('',*,*,#1571,.F.);
#2082 = EDGE_LOOP('',(#2065,#2079,#2080,#2081));
#2083 = FACE_OUTER_BOUND('',#2082,.T.);
#2084 = ADVANCED_FACE('',(#2083),#719,.T.);
#2085 = ORIENTED_EDGE('',*,*,#1421,.T.);
#2086 = CARTESIAN_POINT('',(5.,-12.322982196339789,-51.06300578034681));
#2087 = VECTOR('',#132,1.);
#2088 = LINE('',#2086,#2087);
#2089 = CARTESIAN_POINT('',(0.,66.0465211564534));
#2090 = VECTOR('',#153,1.);
#2091 = LINE('',#2089,#2090);
#2092 = DEFINITIONAL_REPRESENTATION('',(#2091),#25);
#2093 = PCURVE('',#64,#2092);
#2094 = CARTESIAN_POINT('',(74.19999999999999,0.));
#2095 = VECTOR('',#42,1.);
#2096 = LINE('',#2094,#2095);
#2097 = DEFINITIONAL_REPRESENTATION('',(#2096),#25);
#2098 = PCURVE('',#741,#2097);
#2099 = SURFACE_CURVE('',#2088,(#2093,#2098),.CURVE_3D.);
#2100 = EDGE_CURVE('',#1388,#1100,#2099,.T.);
#2101 = ORIENTED_EDGE('',*,*,#2100,.T.);
#2102 = ORIENTED_EDGE('',*,*,#1114,.F.);
#2103 = ORIENTED_EDGE('',*,*,#2035,.T.);
#2104 = ORIENTED_EDGE('',*,*,#1204,.T.);
#2105 = ORIENTED_EDGE('',*,*,#747,.F.);
#2106 = ORIENTED_EDGE('',*,*,#2078,.F.);
#2107 = EDGE_LOOP('',(#2085,#2101,#2102,#2103,#2104,#2105,#2106));
#2108 = FACE_OUTER_BOUND('',#2107,.T.);
#2109 = ADVANCED_FACE('',(#2108),#741,.T.);
#2110 = ORIENTED_EDGE('',*,*,#125,.T.);
#2111 = EDGE_LOOP('',(#2110));
#2112 = FACE_OUTER_BOUND('',#2111,.T.);
#2113 = ORIENTED_EDGE('',*,*,#71,.T.);
#2114 = EDGE_LOOP('',(#2113));
#2115 = FACE_BOUND('',#2114,.T.);
#2116 = ORIENTED_EDGE('',*,*,#1984,.T.);
#2117 = EDGE_LOOP('',(#2116));
#2118 = FACE_BOUND('',#2117,.T.);
#2119 = CARTESIAN_POINT('',(19.346024466833406,-18.19706178380104,-51.06300578034681));
#2120 = VERTEX_POINT('',#2119);
#2121 = CARTESIAN_POINT('',(22.046024466833405,-18.19706178380104,-51.06300578034681));
#2122 = AXIS2_PLACEMENT_3D('',#2121,#14,#15);
#2123 = CIRCLE('',#2122,2.700000000000001);
#2124 = VECTOR('',#22,1.);
#2125 = LINE('',#57,#2124);
#2126 = DEFINITIONAL_REPRESENTATION('',(#2125),#25);
#2127 = PCURVE('',#2006,#2126);
#2128 = CARTESIAN_POINT('',(17.046024466833405,60.17244156899215));
#2129 = AXIS2_PLACEMENT_2D('',#2128,#22);
#2130 = CIRCLE('',#2129,2.700000000000001);
#2131 = DEFINITIONAL_REPRESENTATION('',(#2130),#25);
#2132 = PCURVE('',#64,#2131);
#2133 = SURFACE_CURVE('',#2123,(#2127,#2132),.CURVE_3D.);
#2134 = EDGE_CURVE('',#2120,#2120,#2133,.T.);
#2135 = ORIENTED_EDGE('',*,*,#2134,.T.);
#2136 = EDGE_LOOP('',(#2135));
#2137 = FACE_BOUND('',#2136,.T.);
#2138 = ORIENTED_EDGE('',*,*,#1405,.T.);
#2139 = ORIENTED_EDGE('',*,*,#1602,.T.);
#2140 = ORIENTED_EDGE('',*,*,#1130,.F.);
#2141 = ORIENTED_EDGE('',*,*,#2100,.F.);
#2142 = EDGE_LOOP('',(#2138,#2139,#2140,#2141));
#2143 = FACE_BOUND('',#2142,.T.);
#2144 = ADVANCED_FACE('',(#2112,#2115,#2118,#2137,#2143),#64,.T.);
#2145 = ORIENTED_EDGE('',*,*,#788,.T.);
#2146 = VECTOR('',#1059,1.);
#2147 = LINE('',#773,#2146);
#2148 = VECTOR('',#176,1.);
#2149 = LINE('',#1215,#2148);
#2150 = DEFINITIONAL_REPRESENTATION('',(#2149),#25);
#2151 = PCURVE('',#782,#2150);
#2152 = VECTOR('',#176,1.);
#2153 = LINE('',#1215,#2152);
#2154 = DEFINITIONAL_REPRESENTATION('',(#2153),#25);
#2155 = PCURVE('',#782,#2154);
#2156 = SURFACE_CURVE('',#2147,(#2151,#2155),.CURVE_3D.);
#2157 = EDGE_CURVE('',#774,#1474,#2156,.T.);
#2158 = ORIENTED_EDGE('',*,*,#2157,.T.);
#2159 = ORIENTED_EDGE('',*,*,#1487,.F.);
#2160 = ORIENTED_EDGE('',*,*,#2157,.F.);
#2161 = EDGE_LOOP('',(#2145,#2158,#2159,#2160));
#2162 = FACE_OUTER_BOUND('',#2161,.T.);
#2163 = ADVANCED_FACE('',(#2162),#782,.T.);
#2164 = ORIENTED_EDGE('',*,*,#2017,.T.);
#2165 = VECTOR('',#38,1.);
#2166 = LINE('',#1999,#2165);
#2167 = VECTOR('',#42,1.);
#2168 = LINE('',#41,#2167);
#2169 = DEFINITIONAL_REPRESENTATION('',(#2168),#25);
#2170 = PCURVE('',#2006,#2169);
#2171 = VECTOR('',#42,1.);
#2172 = LINE('',#41,#2171);
#2173 = DEFINITIONAL_REPRESENTATION('',(#2172),#25);
#2174 = PCURVE('',#2006,#2173);
#2175 = SURFACE_CURVE('',#2166,(#2170,#2174),.CURVE_3D.);
#2176 = EDGE_CURVE('',#2000,#2120,#2175,.T.);
#2177 = ORIENTED_EDGE('',*,*,#2176,.T.);
#2178 = ORIENTED_EDGE('',*,*,#2134,.F.);
#2179 = ORIENTED_EDGE('',*,*,#2176,.F.);
#2180 = EDGE_LOOP('',(#2164,#2177,#2178,#2179));
#2181 = FACE_OUTER_BOUND('',#2180,.T.);
#2182 = ADVANCED_FACE('',(#2181),#2006,.T.);
#2183 = ORIENTED_EDGE('',*,*,#807,.T.);
#2184 = VECTOR('',#1059,1.);
#2185 = LINE('',#792,#2184);
#2186 = VECTOR('',#176,1.);
#2187 = LINE('',#1215,#2186);
#2188 = DEFINITIONAL_REPRESENTATION('',(#2187),#25);
#2189 = PCURVE('',#801,#2188);
#2190 = VECTOR('',#176,1.);
#2191 = LINE('',#1215,#2190);
#2192 = DEFINITIONAL_REPRESENTATION('',(#2191),#25);
#2193 = PCURVE('',#801,#2192);
#2194 = SURFACE_CURVE('',#2185,(#2189,#2193),.CURVE_3D.);
#2195 = EDGE_CURVE('',#793,#1455,#2194,.T.);
#2196 = ORIENTED_EDGE('',*,*,#2195,.T.);
#2197 = ORIENTED_EDGE('',*,*,#1469,.F.);
#2198 = ORIENTED_EDGE('',*,*,#2195,.F.);
#2199 = EDGE_LOOP('',(#2183,#2196,#2197,#2198));
#2200 = FACE_OUTER_BOUND('',#2199,.T.);
#2201 = ADVANCED_FACE('',(#2200),#801,.T.);
#2202 = CARTESIAN_POINT('',(-5.,-35.205493896970836,-11.734630177215594));
#2203 = VECTOR('',#340,1.);
#2204 = LINE('',#2202,#2203);
#2205 = CARTESIAN_POINT('',(-2.543127630432281,10.));
#2206 = VECTOR('',#176,1.);
#2207 = LINE('',#2205,#2206);
#2208 = DEFINITIONAL_REPRESENTATION('',(#2207),#25);
#2209 = PCURVE('',#343,#2208);
#2210 = CARTESIAN_POINT('',(0.5984650231575103,10.));
#2211 = VECTOR('',#176,1.);
#2212 = LINE('',#2210,#2211);
#2213 = DEFINITIONAL_REPRESENTATION('',(#2212),#25);
#2214 = PCURVE('',#363,#2213);
#2215 = SURFACE_CURVE('',#2204,(#2209,#2214),.CURVE_3D.);
#2216 = EDGE_CURVE('',#328,#1494,#2215,.T.);
#2217 = ORIENTED_EDGE('',*,*,#2216,.T.);
#2218 = ORIENTED_EDGE('',*,*,#1508,.F.);
#2219 = ORIENTED_EDGE('',*,*,#1906,.F.);
#2220 = ORIENTED_EDGE('',*,*,#369,.T.);
#2221 = EDGE_LOOP('',(#2217,#2218,#2219,#2220));
#2222 = FACE_OUTER_BOUND('',#2221,.T.);
#2223 = ADVANCED_FACE('',(#2222),#363,.T.);
#2224 = ORIENTED_EDGE('',*,*,#2059,.T.);
#2225 = ORIENTED_EDGE('',*,*,#1524,.F.);
#2226 = ORIENTED_EDGE('',*,*,#2216,.F.);
#2227 = ORIENTED_EDGE('',*,*,#349,.T.);
#2228 = VECTOR('',#22,1.);
#2229 = LINE('',#28,#2228);
#2230 = DEFINITIONAL_REPRESENTATION('',(#2229),#25);
#2231 = PCURVE('',#343,#2230);
#2232 = SURFACE_CURVE('',#333,(#2231),.CURVE_3D.);
#2233 = EDGE_CURVE('',#330,#518,#2232,.T.);
#2234 = ORIENTED_EDGE('',*,*,#2233,.T.);
#2235 = ORIENTED_EDGE('',*,*,#528,.T.);
#2236 = EDGE_LOOP('',(#2224,#2225,#2226,#2227,#2234,#2235));
#2237 = FACE_OUTER_BOUND('',#2236,.T.);
#2238 = ADVANCED_FACE('',(#2237),#343,.T.);
#2239 = CLOSED_SHELL('',(#76,#130,#225,#283,#326,#811,#871,#975,#1057,#1134,#1174,#1187,#1242,#1289,#1342,#1361,#1383,#1557,#1606,#1641,#1676,#1695,#1702,#1767,#1818,#1854,#1877,#1884,#1891,#1935,#1989,#2042,#2064,#2084,#2109,#2144,#2163,#2182,#2201,#2223,#2238));
#2240 = MANIFOLD_SOLID_BREP('',#2239);
#2241 = CARTESIAN_POINT('',(9.78735394076363,-35.51229678192335,-10.223368706473776));
#2242 = CARTESIAN_POINT('',(9.994846592083132,-33.55122630524502,-11.143636588737435));
#2243 = CARTESIAN_POINT('',(9.858438653508825,-29.05343587792721,-12.13477129750755));
#2244 = CARTESIAN_POINT('',(9.974965494172862,-26.131457244795868,-12.047697292971568));
#2245 = CARTESIAN_POINT('',(9.583437665168008,-24.379144927215293,-11.72213271757127));
#2246 = B_SPLINE_CURVE_WITH_KNOTS('',1,(#2241,#2242,#2243,#2244,#2245),.UNSPECIFIED.,.F.,.U.,(2,1,1,1,2),(0.006548142623198453,0.0087281261705922,0.01334390622889223,0.016274621797116216,0.01810261143627304),.UNSPECIFIED.);
#2247 = GEOMETRIC_CURVE_SET('',(#2246));
#2248 = CARTESIAN_POINT('',(0.,0.,0.));
#2249 = AXIS2_PLACEMENT_3D('',#2248,#14,#8);
#2250 = APPLICATION_CONTEXT('automotive design');
#2251 = APPLICATION_PROTOCOL_DEFINITION('international standard','automotive_design',2000,#2250);
#2252 = PRODUCT_CONTEXT('',#2250,'mechanical');
#2253 = PRODUCT('cadmpeg_model','cadmpeg_model','',(#2252));
#2254 = PRODUCT_DEFINITION_FORMATION('','',#2253);
#2255 = PRODUCT_DEFINITION_CONTEXT('part definition',#2250,'design');
#2256 = PRODUCT_DEFINITION('design','',#2254,#2255);
#2257 = PRODUCT_DEFINITION_SHAPE('','',#2256);
#2258 = SHAPE_REPRESENTATION('',(#2240,#2247,#2249),#5);
#2259 = SHAPE_DEFINITION_REPRESENTATION(#2257,#2258);
ENDSEC;
END-ISO-10303-21;
