ISO-10303-21;
HEADER;
FILE_DESCRIPTION (( 'STEP AP214' ),
    '1' );
FILE_NAME ('Actuator Base.STEP',
    '2026-09-21T19:15:49',
    ( '' ),
    ( '' ),
    'SwSTEP 2.0',
    'SolidWorks 2026',
    '' );
FILE_SCHEMA (( 'AUTOMOTIVE_DESIGN' ));
ENDSEC;

DATA;
#1 = ORIENTED_EDGE ( 'NONE', *, *, #3210, .F. ) ;
#2 = DIRECTION ( 'NONE',  ( -0.000000000000000000, -1.000000000000000000, -0.000000000000000000 ) ) ;
#3 = FACE_BOUND ( 'NONE', #492, .T. ) ;
#4 = DIRECTION ( 'NONE',  ( -0.000000000000000000, 0.000000000000000000, 1.000000000000000000 ) ) ;
#5 = CIRCLE ( 'NONE', #411, 0.1250000000000001110 ) ;
#6 = ORIENTED_EDGE ( 'NONE', *, *, #1232, .F. ) ;
#7 = CYLINDRICAL_SURFACE ( 'NONE', #1347, 0.2099999999999990763 ) ;
#8 = FACE_OUTER_BOUND ( 'NONE', #2337, .T. ) ;
#9 = CIRCLE ( 'NONE', #2905, 0.2099999999999990763 ) ;
#10 = DIRECTION ( 'NONE',  ( -1.428506063389983526E-17, 1.000000000000000000, 0.000000000000000000 ) ) ;
#11 = ORIENTED_EDGE ( 'NONE', *, *, #3106, .T. ) ;
#12 = DIRECTION ( 'NONE',  ( -1.000000000000000000, 0.000000000000000000, 0.000000000000000000 ) ) ;
#13 = CARTESIAN_POINT ( 'NONE',  ( -1.334399999999998698, -3.219399999999995821, -3.649999999999999911 ) ) ;
#14 = LINE ( 'NONE', #1927, #2230 ) ;
#15 = ADVANCED_FACE ( 'NONE', ( #136 ), #961, .T. ) ;
#16 = ORIENTED_EDGE ( 'NONE', *, *, #3012, .T. ) ;
#17 = CARTESIAN_POINT ( 'NONE',  ( -0.5637295702258123820, -3.219399999999995821, -36.17953809907653806 ) ) ;
#18 = CARTESIAN_POINT ( 'NONE',  ( -3.114797553316628775, -3.219399999999995821, -35.96953809907654431 ) ) ;
#19 = ADVANCED_FACE ( 'NONE', ( #615 ), #2234, .T. ) ;
#20 = CARTESIAN_POINT ( 'NONE',  ( -6.013149999999998663, -1.317637338226828492, -3.000000000000000000 ) ) ;
#21 = EDGE_CURVE ( 'NONE', #180, #3112, #820, .T. ) ;
#22 = DIRECTION ( 'NONE',  ( -0.000000000000000000, 1.000000000000000000, -0.000000000000000000 ) ) ;
#23 = VERTEX_POINT ( 'NONE', #2678 ) ;
#24 = DIRECTION ( 'NONE',  ( -0.000000000000000000, 1.000000000000000000, -0.000000000000000000 ) ) ;
#25 = CARTESIAN_POINT ( 'NONE',  ( -5.319399999999999018, -3.754399999999991078, -3.000000000000000000 ) ) ;
#26 = CIRCLE ( 'NONE', #2406, 0.2799999999999996936 ) ;
#27 = LINE ( 'NONE', #633, #3250 ) ;
#28 = VECTOR ( 'NONE', #2421, 100.0000000000000000 ) ;
#29 = ORIENTED_EDGE ( 'NONE', *, *, #2137, .F. ) ;
#30 = CARTESIAN_POINT ( 'NONE',  ( -0.1756500000000008055, -6.475319950491627270E-16, -2.364999999999999769 ) ) ;
#31 = DIRECTION ( 'NONE',  ( -0.000000000000000000, -0.000000000000000000, 1.000000000000000000 ) ) ;
#32 = DIRECTION ( 'NONE',  ( 4.159961125984227510E-17, 1.000000000000000000, 0.000000000000000000 ) ) ;
#33 = ORIENTED_EDGE ( 'NONE', *, *, #874, .T. ) ;
#34 = VECTOR ( 'NONE', #2114, 100.0000000000000000 ) ;
#35 = CIRCLE ( 'NONE', #2636, 0.2099999999999990763 ) ;
#36 = ORIENTED_EDGE ( 'NONE', *, *, #1072, .T. ) ;
#37 = EDGE_CURVE ( 'NONE', #1040, #1671, #1047, .T. ) ;
#38 = AXIS2_PLACEMENT_3D ( 'NONE', #3029, #121, #85 ) ;
#39 = LINE ( 'NONE', #1431, #1740 ) ;
#40 = DIRECTION ( 'NONE',  ( 1.000000000000000000, 0.000000000000000000, 0.000000000000000000 ) ) ;
#41 = EDGE_CURVE ( 'NONE', #745, #3311, #1062, .T. ) ;
#42 = AXIS2_PLACEMENT_3D ( 'NONE', #2136, #1861, #2674 ) ;
#43 = LINE ( 'NONE', #294, #862 ) ;
#44 = ORIENTED_EDGE ( 'NONE', *, *, #473, .F. ) ;
#45 = DIRECTION ( 'NONE',  ( -0.000000000000000000, 1.000000000000000000, -0.000000000000000000 ) ) ;
#46 = ORIENTED_EDGE ( 'NONE', *, *, #3076, .F. ) ;
#47 = LINE ( 'NONE', #528, #1933 ) ;
#48 = CARTESIAN_POINT ( 'NONE',  ( -4.913149999999999906, 2.852409985391800795, -3.000000000000000000 ) ) ;
#49 = CARTESIAN_POINT ( 'NONE',  ( -3.114797553316629664, -3.219399999999995821, -30.74970190092345490 ) ) ;
#50 = VERTEX_POINT ( 'NONE', #3243 ) ;
#51 = VERTEX_POINT ( 'NONE', #519 ) ;
#52 = CARTESIAN_POINT ( 'NONE',  ( 0.000000000000000000, -3.219399999999995821, -22.73199999999999932 ) ) ;
#53 = PLANE ( 'NONE',  #2126 ) ;
#54 = ADVANCED_FACE ( 'NONE', ( #552 ), #1369, .F. ) ;
#55 = ADVANCED_FACE ( 'NONE', ( #2106 ), #504, .F. ) ;
#56 = DIRECTION ( 'NONE',  ( 0.000000000000000000, 1.000000000000000000, -0.000000000000000000 ) ) ;
#57 = VERTEX_POINT ( 'NONE', #1345 ) ;
#58 = DIRECTION ( 'NONE',  ( 0.000000000000000000, 0.000000000000000000, -1.000000000000000000 ) ) ;
#59 = CARTESIAN_POINT ( 'NONE',  ( -1.619400000000005502, -3.219399999999995821, 13.99365867402467600 ) ) ;
#60 = EDGE_CURVE ( 'NONE', #1500, #1874, #3501, .T. ) ;
#61 = DIRECTION ( 'NONE',  ( 0.000000000000000000, -1.000000000000000000, 0.000000000000000000 ) ) ;
#62 = AXIS2_PLACEMENT_3D ( 'NONE', #1885, #555, #1401 ) ;
#63 = VERTEX_POINT ( 'NONE', #1531 ) ;
#64 = PLANE ( 'NONE',  #187 ) ;
#65 = DIRECTION ( 'NONE',  ( -1.000000000000000000, 1.577021341797097807E-16, -0.000000000000000000 ) ) ;
#66 = CARTESIAN_POINT ( 'NONE',  ( 0.06736203130231627201, -4.219399999999995821, -12.65836865193854877 ) ) ;
#67 = VECTOR ( 'NONE', #388, 100.0000000000000000 ) ;
#68 = ORIENTED_EDGE ( 'NONE', *, *, #1310, .T. ) ;
#69 = VERTEX_POINT ( 'NONE', #2647 ) ;
#70 = DIRECTION ( 'NONE',  ( 0.000000000000000000, 0.000000000000000000, -1.000000000000000000 ) ) ;
#71 = FACE_BOUND ( 'NONE', #1603, .T. ) ;
#72 = DIRECTION ( 'NONE',  ( 0.000000000000000000, 0.000000000000000000, 1.000000000000000000 ) ) ;
#73 = EDGE_CURVE ( 'NONE', #714, #3320, #291, .T. ) ;
#74 = ORIENTED_EDGE ( 'NONE', *, *, #558, .T. ) ;
#75 = DIRECTION ( 'NONE',  ( 0.000000000000000000, 0.000000000000000000, 1.000000000000000000 ) ) ;
#76 = CARTESIAN_POINT ( 'NONE',  ( -4.913149999999999906, 0.000000000000000000, -3.000000000000000000 ) ) ;
#77 = CYLINDRICAL_SURFACE ( 'NONE', #2269, 0.2099999999999990763 ) ;
#78 = EDGE_CURVE ( 'NONE', #977, #2369, #2047, .T. ) ;
#79 = ORIENTED_EDGE ( 'NONE', *, *, #1862, .T. ) ;
#80 = CARTESIAN_POINT ( 'NONE',  ( -5.706162031302314475, -3.219399999999995821, -1.164325821154459817 ) ) ;
#81 = AXIS2_PLACEMENT_3D ( 'NONE', #1295, #816, #3482 ) ;
#82 = DIRECTION ( 'NONE',  ( -1.000000000000000000, 0.000000000000000000, 0.000000000000000000 ) ) ;
#83 = LINE ( 'NONE', #66, #432 ) ;
#84 = ADVANCED_FACE ( 'NONE', ( #1315 ), #2378, .F. ) ;
#85 = DIRECTION ( 'NONE',  ( 0.000000000000000000, 0.000000000000000000, 1.000000000000000000 ) ) ;
#86 = EDGE_LOOP ( 'NONE', ( #396, #99, #2373, #935 ) ) ;
#87 = AXIS2_PLACEMENT_3D ( 'NONE', #1784, #1802, #995 ) ;
#88 = ORIENTED_EDGE ( 'NONE', *, *, #1398, .F. ) ;
#89 = CARTESIAN_POINT ( 'NONE',  ( -1.652118485544915805, -3.536901199999995082, 14.11540525860821838 ) ) ;
#90 = FACE_BOUND ( 'NONE', #2906, .T. ) ;
#91 = VECTOR ( 'NONE', #1091, 100.0000000000000000 ) ;
#92 = DIRECTION ( 'NONE',  ( 1.000000000000000000, -0.000000000000000000, -0.000000000000000000 ) ) ;
#93 = AXIS2_PLACEMENT_3D ( 'NONE', #920, #3080, #58 ) ;
#94 = VECTOR ( 'NONE', #565, 100.0000000000000000 ) ;
#95 = CYLINDRICAL_SURFACE ( 'NONE', #639, 0.2799999999999996936 ) ;
#96 = CIRCLE ( 'NONE', #3523, 0.2799999999999991940 ) ;
#97 = ORIENTED_EDGE ( 'NONE', *, *, #1185, .F. ) ;
#98 = CARTESIAN_POINT ( 'NONE',  ( 0.1028499999999987757, 0.2752579228333827954, -3.635000000000000231 ) ) ;
#99 = ORIENTED_EDGE ( 'NONE', *, *, #845, .F. ) ;
#100 = CARTESIAN_POINT ( 'NONE',  ( -3.942581660003141586, -3.536901199999995526, 16.49361702932444373 ) ) ;
#101 = ORIENTED_EDGE ( 'NONE', *, *, #1502, .T. ) ;
#102 = CARTESIAN_POINT ( 'NONE',  ( 0.000000000000000000, -3.219399999999995821, -23.39699999999999847 ) ) ;
#103 = LINE ( 'NONE', #1738, #1789 ) ;
#104 = CARTESIAN_POINT ( 'NONE',  ( -5.741649999999998144, 0.2752579228333827954, -3.000000000000000000 ) ) ;
#105 = ORIENTED_EDGE ( 'NONE', *, *, #3057, .F. ) ;
#106 = EDGE_CURVE ( 'NONE', #1924, #2143, #605, .T. ) ;
#107 = ORIENTED_EDGE ( 'NONE', *, *, #1591, .T. ) ;
#108 = CARTESIAN_POINT ( 'NONE',  ( -0.1756500000000008055, 0.2752579228333829064, -3.635000000000000231 ) ) ;
#109 = CARTESIAN_POINT ( 'NONE',  ( -0.7256499999999996842, 2.852409985391801683, -3.635000000000000231 ) ) ;
#110 = ORIENTED_EDGE ( 'NONE', *, *, #155, .T. ) ;
#111 = CARTESIAN_POINT ( 'NONE',  ( -1.500925097414963050, -3.219399999999995821, -23.39699999999999847 ) ) ;
#112 = PLANE ( 'NONE',  #3429 ) ;
#113 = ORIENTED_EDGE ( 'NONE', *, *, #3031, .F. ) ;
#114 = DIRECTION ( 'NONE',  ( -0.000000000000000000, 0.000000000000000000, 1.000000000000000000 ) ) ;
#115 = LINE ( 'NONE', #632, #884 ) ;
#116 = VERTEX_POINT ( 'NONE', #3485 ) ;
#117 = DIRECTION ( 'NONE',  ( 0.000000000000000000, 0.000000000000000000, -1.000000000000000000 ) ) ;
#118 = ORIENTED_EDGE ( 'NONE', *, *, #1727, .F. ) ;
#119 = LINE ( 'NONE', #424, #1607 ) ;
#120 = DIRECTION ( 'NONE',  ( -1.515771924513715347E-16, -0.000000000000000000, 1.000000000000000000 ) ) ;
#121 = DIRECTION ( 'NONE',  ( -0.000000000000000000, -1.000000000000000000, 0.000000000000000000 ) ) ;
#122 = EDGE_LOOP ( 'NONE', ( #46, #942, #2784, #2454 ) ) ;
#123 = CIRCLE ( 'NONE', #572, 0.2099999999999997702 ) ;
#124 = CARTESIAN_POINT ( 'NONE',  ( 0.7525898091024261216, -3.219399999999995821, -37.50000000000000000 ) ) ;
#125 = ORIENTED_EDGE ( 'NONE', *, *, #127, .T. ) ;
#126 = AXIS2_PLACEMENT_3D ( 'NONE', #674, #1751, #2834 ) ;
#127 = EDGE_CURVE ( 'NONE', #249, #1745, #1883, .T. ) ;
#128 = CARTESIAN_POINT ( 'NONE',  ( -5.319399999999999018, -3.486899999999995448, -3.635000000000000231 ) ) ;
#129 = LINE ( 'NONE', #702, #146 ) ;
#130 = VECTOR ( 'NONE', #2242, 100.0000000000000000 ) ;
#131 = ORIENTED_EDGE ( 'NONE', *, *, #1207, .T. ) ;
#132 = FACE_OUTER_BOUND ( 'NONE', #778, .T. ) ;
#133 = ADVANCED_FACE ( 'NONE', ( #3414 ), #1852, .T. ) ;
#134 = ADVANCED_FACE ( 'NONE', ( #3, #1624, #241, #1329, #2698, #2397, #275, #3258, #1896, #2984, #345, #1189, #1432, #1136, #362, #3070, #1968, #1916, #1982 ), #53, .T. ) ;
#135 = CARTESIAN_POINT ( 'NONE',  ( -4.141146584583543344, -3.536901199999995526, 14.02637715956958431 ) ) ;
#136 = FACE_OUTER_BOUND ( 'NONE', #465, .T. ) ;
#137 = CARTESIAN_POINT ( 'NONE',  ( -5.247463380792750876, -3.536899999999995714, -23.39699999999999847 ) ) ;
#138 = LINE ( 'NONE', #689, #2179 ) ;
#139 = ORIENTED_EDGE ( 'NONE', *, *, #2418, .F. ) ;
#140 = CARTESIAN_POINT ( 'NONE',  ( -3.919441644700231819, -3.536901199999995082, 16.47047701402153663 ) ) ;
#141 = CARTESIAN_POINT ( 'NONE',  ( -6.391389809102420827, -3.219399999999995821, -37.50000000000000000 ) ) ;
#142 = DIRECTION ( 'NONE',  ( 0.000000000000000000, 0.000000000000000000, 1.000000000000000000 ) ) ;
#143 = EDGE_LOOP ( 'NONE', ( #2305, #768 ) ) ;
#144 = CARTESIAN_POINT ( 'NONE',  ( 0.06736203130231627201, -3.219399999999995821, -0.8843258211544597902 ) ) ;
#145 = ORIENTED_EDGE ( 'NONE', *, *, #246, .F. ) ;
#146 = VECTOR ( 'NONE', #413, 100.0000000000000000 ) ;
#147 = CARTESIAN_POINT ( 'NONE',  ( 0.06736203130231627201, -3.536899999999995714, -0.8843258211544597902 ) ) ;
#148 = CARTESIAN_POINT ( 'NONE',  ( -5.706162031302314475, -3.219399999999995821, -12.65836865193854877 ) ) ;
#149 = VECTOR ( 'NONE', #529, 100.0000000000000000 ) ;
#150 = EDGE_CURVE ( 'NONE', #480, #249, #1154, .T. ) ;
#151 = ORIENTED_EDGE ( 'NONE', *, *, #992, .T. ) ;
#152 = DIRECTION ( 'NONE',  ( 0.000000000000000000, -1.000000000000000000, 0.000000000000000000 ) ) ;
#153 = VECTOR ( 'NONE', #2270, 100.0000000000000000 ) ;
#154 = CARTESIAN_POINT ( 'NONE',  ( -4.096218339996867464, -3.536901199999995082, 14.09361702932444871 ) ) ;
#155 = EDGE_CURVE ( 'NONE', #2744, #2068, #3055, .T. ) ;
#156 = ORIENTED_EDGE ( 'NONE', *, *, #386, .F. ) ;
#157 = VECTOR ( 'NONE', #2446, 100.0000000000000000 ) ;
#158 = SURFACE_SIDE_STYLE ('',( #1749 ) ) ;
#159 = ORIENTED_EDGE ( 'NONE', *, *, #2467, .F. ) ;
#160 = DIRECTION ( 'NONE',  ( 0.000000000000000000, 0.000000000000000000, 1.000000000000000000 ) ) ;
#161 = AXIS2_PLACEMENT_3D ( 'NONE', #1596, #2666, #2953 ) ;
#162 = ORIENTED_EDGE ( 'NONE', *, *, #502, .F. ) ;
#163 = CARTESIAN_POINT ( 'NONE',  ( -4.304399999999999338, -3.536899999999995714, -3.649999999999999911 ) ) ;
#164 = CARTESIAN_POINT ( 'NONE',  ( -1.497653415416466016, -3.536901199999995526, 13.96094018847976415 ) ) ;
#165 = ORIENTED_EDGE ( 'NONE', *, *, #239, .T. ) ;
#166 = CARTESIAN_POINT ( 'NONE',  ( -5.184649999999998649, 0.2752579228333830175, 17.43364606999999467 ) ) ;
#167 = ORIENTED_EDGE ( 'NONE', *, *, #2796, .T. ) ;
#168 = CARTESIAN_POINT ( 'NONE',  ( -1.741146584583545431, -3.536901199999995082, 13.96094018847976947 ) ) ;
#169 = FACE_OUTER_BOUND ( 'NONE', #207, .T. ) ;
#170 = EDGE_LOOP ( 'NONE', ( #272, #1172, #1319, #2340 ) ) ;
#171 = DIRECTION ( 'NONE',  ( 0.000000000000000000, 0.000000000000000000, -1.000000000000000000 ) ) ;
#172 = DIRECTION ( 'NONE',  ( 0.000000000000000000, 0.000000000000000000, -1.000000000000000000 ) ) ;
#173 = ADVANCED_FACE ( 'NONE', ( #1931 ), #3293, .F. ) ;
#174 = ORIENTED_EDGE ( 'NONE', *, *, #2003, .T. ) ;
#175 = CARTESIAN_POINT ( 'NONE',  ( 0.06736203130231627201, -3.219399999999995821, -12.65836865193854877 ) ) ;
#176 = ORIENTED_EDGE ( 'NONE', *, *, #2794, .F. ) ;
#177 = DIRECTION ( 'NONE',  ( 0.000000000000000000, 0.000000000000000000, 1.000000000000000000 ) ) ;
#178 = ADVANCED_FACE ( 'NONE', ( #859, #878, #3275, #1721, #327, #1418, #90, #2500, #3017, #842, #590, #898, #2212, #2250, #71, #2481, #1948, #1659, #1705 ), #2735, .F. ) ;
#179 = LINE ( 'NONE', #3144, #34 ) ;
#180 = VERTEX_POINT ( 'NONE', #1384 ) ;
#181 = CARTESIAN_POINT ( 'NONE',  ( -0.4709250974149626900, -4.489400000000038915, -22.73199999999999932 ) ) ;
#182 = ORIENTED_EDGE ( 'NONE', *, *, #3053, .T. ) ;
#183 = PLANE ( 'NONE',  #1905 ) ;
#184 = DIRECTION ( 'NONE',  ( 0.000000000000000000, 0.000000000000000000, 1.000000000000000000 ) ) ;
#185 = AXIS2_PLACEMENT_3D ( 'NONE', #521, #227, #2615 ) ;
#186 = ORIENTED_EDGE ( 'NONE', *, *, #1650, .T. ) ;
#187 = AXIS2_PLACEMENT_3D ( 'NONE', #2690, #302, #1391 ) ;
#188 = CARTESIAN_POINT ( 'NONE',  ( -1.741146584583544099, -3.536901199999995526, 16.42637715956958644 ) ) ;
#189 = PLANE ( 'NONE',  #1354 ) ;
#190 = FACE_OUTER_BOUND ( 'NONE', #1463, .T. ) ;
#191 = CARTESIAN_POINT ( 'NONE',  ( -0.5637295702258123820, -3.536899999999995714, -36.17953809907653806 ) ) ;
#192 = EDGE_CURVE ( 'NONE', #1599, #1367, #3026, .T. ) ;
#193 = ORIENTED_EDGE ( 'NONE', *, *, #2377, .T. ) ;
#194 = DIRECTION ( 'NONE',  ( -0.000000000000000000, -1.000000000000000000, -0.000000000000000000 ) ) ;
#195 = CARTESIAN_POINT ( 'NONE',  ( 0.3743500000000002936, -3.219400000000000261, -3.000000000000000000 ) ) ;
#196 = ORIENTED_EDGE ( 'NONE', *, *, #1361, .F. ) ;
#197 = EDGE_CURVE ( 'NONE', #63, #1390, #1690, .T. ) ;
#198 = B_SPLINE_CURVE_WITH_KNOTS ( 'NONE', 1,
 ( #1871, #2954 ),
 .UNSPECIFIED., .F., .F.,
 ( 2, 2 ),
 ( 0.000000000000000000, 0.1941896024464832005 ),
 .UNSPECIFIED. ) ;
#199 = ORIENTED_EDGE ( 'NONE', *, *, #2794, .T. ) ;
#200 = ADVANCED_FACE ( 'NONE', ( #2788 ), #1446, .T. ) ;
#201 = CARTESIAN_POINT ( 'NONE',  ( -3.986681514455093556, -3.536901199999995526, 14.11540525860821305 ) ) ;
#202 = DIRECTION ( 'NONE',  ( 0.000000000000000000, 0.000000000000000000, -1.000000000000000000 ) ) ;
#203 = VERTEX_POINT ( 'NONE', #2447 ) ;
#204 = LINE ( 'NONE', #1870, #2246 ) ;
#205 = AXIS2_PLACEMENT_3D ( 'NONE', #59, #3046, #617 ) ;
#206 = CARTESIAN_POINT ( 'NONE',  ( -4.096218339996868352, -3.536901199999995082, 16.49361702932444729 ) ) ;
#207 = EDGE_LOOP ( 'NONE', ( #2830, #2248, #1167, #557 ) ) ;
#208 = VECTOR ( 'NONE', #2872, 100.0000000000000000 ) ;
#209 = CARTESIAN_POINT ( 'NONE',  ( -0.5637295702258123820, -4.219399999999995821, -36.38953809907653181 ) ) ;
#210 = VECTOR ( 'NONE', #1981, 100.0000000000000000 ) ;
#211 = VERTEX_POINT ( 'NONE', #18 ) ;
#212 = CARTESIAN_POINT ( 'NONE',  ( -1.586681514455095643, -3.536901199999995082, 13.87191208944113541 ) ) ;
#213 = CARTESIAN_POINT ( 'NONE',  ( -4.549400000000000333, 4.576446962273807821E-14, -23.38200000000000145 ) ) ;
#214 = ORIENTED_EDGE ( 'NONE', *, *, #3235, .T. ) ;
#215 = CARTESIAN_POINT ( 'NONE',  ( -0.5637295702258123820, -4.219399999999995821, -36.17953809907653806 ) ) ;
#216 = AXIS2_PLACEMENT_3D ( 'NONE', #2426, #2156, #1130 ) ;
#217 = VERTEX_POINT ( 'NONE', #2462 ) ;
#218 = DIRECTION ( 'NONE',  ( 0.000000000000000000, 0.000000000000000000, 1.000000000000000000 ) ) ;
#219 = DIRECTION ( 'NONE',  ( 0.000000000000000000, 0.000000000000000000, 1.000000000000000000 ) ) ;
#220 = DIRECTION ( 'NONE',  ( 0.000000000000000000, 0.000000000000000000, 1.000000000000000000 ) ) ;
#221 = ADVANCED_FACE ( 'NONE', ( #1118, #2178, #1484 ), #2287, .T. ) ;
#222 = VERTEX_POINT ( 'NONE', #430 ) ;
#223 = DIRECTION ( 'NONE',  ( 0.000000000000000000, 0.000000000000000000, -1.000000000000000000 ) ) ;
#224 = EDGE_CURVE ( 'NONE', #1002, #2274, #1781, .T. ) ;
#225 = LINE ( 'NONE', #770, #3403 ) ;
#226 =( NAMED_UNIT ( * ) PLANE_ANGLE_UNIT ( ) SI_UNIT ( $, .RADIAN. ) );
#227 = DIRECTION ( 'NONE',  ( -0.000000000000000000, 0.000000000000000000, -1.000000000000000000 ) ) ;
#228 = ORIENTED_EDGE ( 'NONE', *, *, #669, .T. ) ;
#229 = CARTESIAN_POINT ( 'NONE',  ( -1.494400000000005724, -3.536901199999995526, 14.01002113576212693 ) ) ;
#230 = CIRCLE ( 'NONE', #2658, 0.2099999999999990763 ) ;
#231 = ORIENTED_EDGE ( 'NONE', *, *, #1945, .F. ) ;
#232 = DIRECTION ( 'NONE',  ( 1.000000000000000000, 0.000000000000000000, 0.000000000000000000 ) ) ;
#233 = EDGE_LOOP ( 'NONE', ( #79, #1076, #1657, #680 ) ) ;
#234 = VERTEX_POINT ( 'NONE', #2326 ) ;
#235 = DIRECTION ( 'NONE',  ( 1.000000000000000000, 0.000000000000000000, 0.000000000000000000 ) ) ;
#236 = CARTESIAN_POINT ( 'NONE',  ( -0.4709250974149626900, -3.219399999999995821, 0.000000000000000000 ) ) ;
#237 = DIRECTION ( 'NONE',  ( -0.000000000000000000, 0.000000000000000000, 1.000000000000000000 ) ) ;
#238 = ORIENTED_EDGE ( 'NONE', *, *, #1361, .T. ) ;
#239 = EDGE_CURVE ( 'NONE', #1430, #3056, #129, .T. ) ;
#240 = AXIS2_PLACEMENT_3D ( 'NONE', #1649, #904, #1389 ) ;
#241 = FACE_BOUND ( 'NONE', #2083, .T. ) ;
#242 = VECTOR ( 'NONE', #2050, 100.0000000000000000 ) ;
#243 = LINE ( 'NONE', #1331, #666 ) ;
#244 = EDGE_CURVE ( 'NONE', #23, #635, #35, .T. ) ;
#245 = VECTOR ( 'NONE', #3404, 100.0000000000000000 ) ;
#246 = EDGE_CURVE ( 'NONE', #1367, #2411, #1226, .T. ) ;
#247 = DIRECTION ( 'NONE',  ( -1.000000000000000000, 0.000000000000000000, -0.000000000000000000 ) ) ;
#248 = FACE_OUTER_BOUND ( 'NONE', #1000, .T. ) ;
#249 = VERTEX_POINT ( 'NONE', #2569 ) ;
#250 = FACE_OUTER_BOUND ( 'NONE', #704, .T. ) ;
#251 = VERTEX_POINT ( 'NONE', #148 ) ;
#252 = DIRECTION ( 'NONE',  ( 1.000000000000000000, 0.000000000000000000, 0.000000000000000000 ) ) ;
#253 = VERTEX_POINT ( 'NONE', #3367 ) ;
#254 = LINE ( 'NONE', #1541, #3334 ) ;
#255 = DIRECTION ( 'NONE',  ( -0.000000000000000000, -1.000000000000000000, -0.000000000000000000 ) ) ;
#256 = ORIENTED_EDGE ( 'NONE', *, *, #2460, .T. ) ;
#257 = DIRECTION ( 'NONE',  ( 0.000000000000000000, 0.000000000000000000, 1.000000000000000000 ) ) ;
#258 = FACE_OUTER_BOUND ( 'NONE', #2997, .T. ) ;
#259 = EDGE_CURVE ( 'NONE', #1874, #1238, #1126, .T. ) ;
#260 = DIRECTION ( 'NONE',  ( -0.000000000000000000, 0.000000000000000000, 1.000000000000000000 ) ) ;
#261 = VECTOR ( 'NONE', #2761, 100.0000000000000000 ) ;
#262 = ORIENTED_EDGE ( 'NONE', *, *, #1335, .T. ) ;
#263 = VECTOR ( 'NONE', #3064, 100.0000000000000000 ) ;
#264 = DIRECTION ( 'NONE',  ( 1.000000000000000000, 0.000000000000000000, 0.000000000000000000 ) ) ;
#265 = LINE ( 'NONE', #195, #2516 ) ;
#266 = ORIENTED_EDGE ( 'NONE', *, *, #1460, .T. ) ;
#267 = LINE ( 'NONE', #3530, #2936 ) ;
#268 = AXIS2_PLACEMENT_3D ( 'NONE', #987, #2782, #2879 ) ;
#269 = ORIENTED_EDGE ( 'NONE', *, *, #2840, .T. ) ;
#270 = CYLINDRICAL_SURFACE ( 'NONE', #2747, 1.730000000000000870 ) ;
#271 = AXIS2_PLACEMENT_3D ( 'NONE', #963, #2007, #671 ) ;
#272 = ORIENTED_EDGE ( 'NONE', *, *, #1259, .F. ) ;
#273 = AXIS2_PLACEMENT_3D ( 'NONE', #836, #2742, #815 ) ;
#274 = FACE_OUTER_BOUND ( 'NONE', #930, .T. ) ;
#275 = FACE_BOUND ( 'NONE', #624, .T. ) ;
#276 = DIRECTION ( 'NONE',  ( -0.000000000000000000, 1.000000000000000000, -0.000000000000000000 ) ) ;
#277 = ADVANCED_FACE ( 'NONE', ( #952 ), #3425, .T. ) ;
#278 = ORIENTED_EDGE ( 'NONE', *, *, #2013, .F. ) ;
#279 = DIRECTION ( 'NONE',  ( -0.000000000000000000, 0.000000000000000000, 1.000000000000000000 ) ) ;
#280 = FACE_OUTER_BOUND ( 'NONE', #2797, .T. ) ;
#281 = VERTEX_POINT ( 'NONE', #2310 ) ;
#282 = CARTESIAN_POINT ( 'NONE',  ( -4.019400000000004525, -3.536900599999995176, 16.26865867402467458 ) ) ;
#283 = EDGE_CURVE ( 'NONE', #3097, #1556, #2024, .T. ) ;
#284 = EDGE_LOOP ( 'NONE', ( #2608, #1863, #1255, #710 ) ) ;
#285 = CARTESIAN_POINT ( 'NONE',  ( -0.7256499999999995731, 0.000000000000000000, -2.364999999999999769 ) ) ;
#286 = DIRECTION ( 'NONE',  ( 0.000000000000000000, 0.000000000000000000, -1.000000000000000000 ) ) ;
#287 = CARTESIAN_POINT ( 'NONE',  ( 0.3743500000000001826, -1.317637338226829158, -2.364999999999999769 ) ) ;
#288 = EDGE_CURVE ( 'NONE', #3311, #575, #1266, .T. ) ;
#289 = ORIENTED_EDGE ( 'NONE', *, *, #2265, .T. ) ;
#290 = LINE ( 'NONE', #1383, #1128 ) ;
#291 = LINE ( 'NONE', #707, #1060 ) ;
#292 = LINE ( 'NONE', #2414, #2700 ) ;
#293 = ORIENTED_EDGE ( 'NONE', *, *, #3444, .F. ) ;
#294 = CARTESIAN_POINT ( 'NONE',  ( -0.4859250974149631475, -3.486899999999995448, -22.74699999999999989 ) ) ;
#295 = ORIENTED_EDGE ( 'NONE', *, *, #2215, .T. ) ;
#296 = LINE ( 'NONE', #559, #1248 ) ;
#297 = DIRECTION ( 'NONE',  ( 0.000000000000000000, 0.000000000000000000, 1.000000000000000000 ) ) ;
#298 = AXIS2_PLACEMENT_3D ( 'NONE', #1458, #2527, #3360 ) ;
#299 = PLANE ( 'NONE',  #240 ) ;
#300 = EDGE_CURVE ( 'NONE', #3102, #887, #1466, .T. ) ;
#301 = ORIENTED_EDGE ( 'NONE', *, *, #1939, .T. ) ;
#302 = DIRECTION ( 'NONE',  ( 0.000000000000000000, -1.000000000000000000, -0.000000000000000000 ) ) ;
#303 = CARTESIAN_POINT ( 'NONE',  ( -5.706162031302314475, -4.219399999999995821, -0.8843258211544605674 ) ) ;
#304 = ORIENTED_EDGE ( 'NONE', *, *, #3209, .F. ) ;
#305 = EDGE_CURVE ( 'NONE', #1390, #3221, #1542, .T. ) ;
#306 = ORIENTED_EDGE ( 'NONE', *, *, #2888, .F. ) ;
#307 = DIRECTION ( 'NONE',  ( -0.000000000000000000, 0.000000000000000000, 1.000000000000000000 ) ) ;
#308 = DIRECTION ( 'NONE',  ( 0.000000000000000000, 0.000000000000000000, -1.000000000000000000 ) ) ;
#309 = PLANE ( 'NONE',  #1932 ) ;
#310 = EDGE_LOOP ( 'NONE', ( #1359, #1107, #2152, #2866 ) ) ;
#311 = CARTESIAN_POINT ( 'NONE',  ( -4.913149999999999906, 2.852409985391800795, -3.000000000000000000 ) ) ;
#312 = PLANE ( 'NONE',  #3508 ) ;
#313 = VECTOR ( 'NONE', #2915, 100.0000000000000000 ) ;
#314 = PLANE ( 'NONE',  #3363 ) ;
#315 = VECTOR ( 'NONE', #3180, 100.0000000000000000 ) ;
#316 = ORIENTED_EDGE ( 'NONE', *, *, #628, .T. ) ;
#317 = LINE ( 'NONE', #1685, #2051 ) ;
#318 = CARTESIAN_POINT ( 'NONE',  ( -3.114797553316629664, -3.219399999999995821, -30.53970190092345405 ) ) ;
#319 = DIRECTION ( 'NONE',  ( -0.000000000000000000, 0.000000000000000000, -1.000000000000000000 ) ) ;
#320 = ORIENTED_EDGE ( 'NONE', *, *, #917, .F. ) ;
#321 = CIRCLE ( 'NONE', #773, 0.1250000000000001110 ) ;
#322 = VECTOR ( 'NONE', #976, 100.0000000000000000 ) ;
#323 = ORIENTED_EDGE ( 'NONE', *, *, #3297, .F. ) ;
#324 = CIRCLE ( 'NONE', #268, 0.2784999999999995812 ) ;
#325 = EDGE_CURVE ( 'NONE', #51, #3479, #2885, .T. ) ;
#326 = LINE ( 'NONE', #841, #157 ) ;
#327 = FACE_BOUND ( 'NONE', #2964, .T. ) ;
#328 = PRESENTATION_LAYER_ASSIGNMENT (  '', '', ( #2416 ) ) ;
#329 = ADVANCED_FACE ( 'NONE', ( #2043 ), #1523, .F. ) ;
#330 = CIRCLE ( 'NONE', #2080, 0.2799999999999996936 ) ;
#331 = CARTESIAN_POINT ( 'NONE',  ( -3.114797553316628775, -4.219399999999995821, -35.96953809907654431 ) ) ;
#332 = ORIENTED_EDGE ( 'NONE', *, *, #1645, .T. ) ;
#333 = CARTESIAN_POINT ( 'NONE',  ( -2.819399999999999906, 0.000000000000000000, -2.364999999999999769 ) ) ;
#334 = DIRECTION ( 'NONE',  ( 1.000000000000000000, 0.000000000000000000, 0.000000000000000000 ) ) ;
#335 = FACE_OUTER_BOUND ( 'NONE', #2385, .T. ) ;
#336 = ORIENTED_EDGE ( 'NONE', *, *, #763, .T. ) ;
#337 = FACE_OUTER_BOUND ( 'NONE', #3456, .T. ) ;
#338 = CARTESIAN_POINT ( 'NONE',  ( -5.706162031302314475, -4.219399999999995821, -24.24466247586125078 ) ) ;
#339 = DIRECTION ( 'NONE',  ( 0.000000000000000000, 0.000000000000000000, 1.000000000000000000 ) ) ;
#340 = ORIENTED_EDGE ( 'NONE', *, *, #1836, .F. ) ;
#341 = DIRECTION ( 'NONE',  ( 0.000000000000000000, 0.000000000000000000, 1.000000000000000000 ) ) ;
#342 = AXIS2_PLACEMENT_3D ( 'NONE', #1440, #61, #2219 ) ;
#343 = ORIENTED_EDGE ( 'NONE', *, *, #78, .F. ) ;
#344 = DIRECTION ( 'NONE',  ( 1.000000000000000000, 0.000000000000000000, 0.000000000000000000 ) ) ;
#345 = FACE_BOUND ( 'NONE', #2052, .T. ) ;
#346 = ADVANCED_FACE ( 'NONE', ( #169 ), #3114, .F. ) ;
#347 = DIRECTION ( 'NONE',  ( 0.000000000000000000, 0.000000000000000000, -1.000000000000000000 ) ) ;
#348 = ADVANCED_FACE ( 'NONE', ( #3443 ), #682, .F. ) ;
#349 = EDGE_CURVE ( 'NONE', #1201, #3423, #1206, .T. ) ;
#350 = ORIENTED_EDGE ( 'NONE', *, *, #192, .T. ) ;
#351 = CARTESIAN_POINT ( 'NONE',  ( -6.013149999999998663, 2.852409985391800795, -3.000000000000000000 ) ) ;
#352 = CARTESIAN_POINT ( 'NONE',  ( -1.319399999999999018, -3.754399999999991078, -3.000000000000000000 ) ) ;
#353 = FACE_BOUND ( 'NONE', #972, .T. ) ;
#354 = VECTOR ( 'NONE', #3142, 100.0000000000000000 ) ;
#355 = CARTESIAN_POINT ( 'NONE',  ( 0.06736203130231627201, -3.219399999999995821, -12.93836865193854813 ) ) ;
#356 = CARTESIAN_POINT ( 'NONE',  ( -0.1756500000000008055, -6.475319950491627270E-16, -37.50009999999999621 ) ) ;
#357 = CARTESIAN_POINT ( 'NONE',  ( -5.706162031302314475, -3.536899999999995714, -1.164325821154459817 ) ) ;
#358 = VECTOR ( 'NONE', #937, 100.0000000000000000 ) ;
#359 = ORIENTED_EDGE ( 'NONE', *, *, #473, .T. ) ;
#360 = ORIENTED_EDGE ( 'NONE', *, *, #2965, .F. ) ;
#361 = DIRECTION ( 'NONE',  ( -0.000000000000000000, 1.000000000000000000, -0.000000000000000000 ) ) ;
#362 = FACE_BOUND ( 'NONE', #2812, .T. ) ;
#363 = DIRECTION ( 'NONE',  ( -0.000000000000000000, -1.000000000000000000, -0.000000000000000000 ) ) ;
#364 = ORIENTED_EDGE ( 'NONE', *, *, #1612, .F. ) ;
#365 = ADVANCED_FACE ( 'NONE', ( #2090, #3254 ), #2948, .T. ) ;
#366 = DIRECTION ( 'NONE',  ( 0.000000000000000000, 0.000000000000000000, -1.000000000000000000 ) ) ;
#367 = CARTESIAN_POINT ( 'NONE',  ( -4.232463380792751195, -3.486899999999995448, -23.38200000000000145 ) ) ;
#368 = CARTESIAN_POINT ( 'NONE',  ( -5.706162031302314475, -3.219399999999995821, -23.96466247586124965 ) ) ;
#369 = AXIS2_PLACEMENT_3D ( 'NONE', #287, #3010, #32 ) ;
#370 = LINE ( 'NONE', #3086, #1900 ) ;
#371 = ORIENTED_EDGE ( 'NONE', *, *, #3072, .F. ) ;
#372 = ORIENTED_EDGE ( 'NONE', *, *, #603, .F. ) ;
#373 = PLANE ( 'NONE',  #443 ) ;
#374 = DIRECTION ( 'NONE',  ( -1.000000000000000000, 0.000000000000000000, 0.000000000000000000 ) ) ;
#375 = VECTOR ( 'NONE', #2908, 100.0000000000000000 ) ;
#376 = AXIS2_PLACEMENT_3D ( 'NONE', #643, #2514, #308 ) ;
#377 = ORIENTED_EDGE ( 'NONE', *, *, #2159, .F. ) ;
#378 = DIRECTION ( 'NONE',  ( 0.000000000000000000, -1.000000000000000000, 0.000000000000000000 ) ) ;
#379 = AXIS2_PLACEMENT_3D ( 'NONE', #338, #3027, #600 ) ;
#380 = CARTESIAN_POINT ( 'NONE',  ( -1.089399999999998370, 4.555260572648558843E-14, -23.38200000000000145 ) ) ;
#381 = EDGE_LOOP ( 'NONE', ( #350, #784 ) ) ;
#382 = DIRECTION ( 'NONE',  ( 0.000000000000000000, -1.000000000000000000, 0.000000000000000000 ) ) ;
#383 = FACE_OUTER_BOUND ( 'NONE', #2838, .T. ) ;
#384 = ORIENTED_EDGE ( 'NONE', *, *, #1100, .T. ) ;
#385 = CARTESIAN_POINT ( 'NONE',  ( -3.956447627453643090, -3.536901199999995082, 16.50288197256895728 ) ) ;
#386 = EDGE_CURVE ( 'NONE', #2087, #483, #1119, .T. ) ;
#387 = VERTEX_POINT ( 'NONE', #3223 ) ;
#388 = DIRECTION ( 'NONE',  ( 0.000000000000000000, 0.000000000000000000, -1.000000000000000000 ) ) ;
#389 = FACE_OUTER_BOUND ( 'NONE', #1102, .T. ) ;
#390 = ORIENTED_EDGE ( 'NONE', *, *, #893, .F. ) ;
#391 = ADVANCED_FACE ( 'NONE', ( #2640 ), #1312, .F. ) ;
#392 = EDGE_LOOP ( 'NONE', ( #427, #3211, #1829, #162 ) ) ;
#393 = ADVANCED_FACE ( 'NONE', ( #3201 ), #500, .T. ) ;
#394 = CARTESIAN_POINT ( 'NONE',  ( -3.114797553316629664, -3.536899999999995714, -30.53970190092345405 ) ) ;
#395 = DIRECTION ( 'NONE',  ( 0.000000000000000000, 0.000000000000000000, -1.000000000000000000 ) ) ;
#396 = ORIENTED_EDGE ( 'NONE', *, *, #3350, .T. ) ;
#397 = CARTESIAN_POINT ( 'NONE',  ( -4.304399999999999338, -4.489399999999990953, -2.984999999999999876 ) ) ;
#398 = CARTESIAN_POINT ( 'NONE',  ( -5.741649999999998144, -0.2752579228333829064, -3.000000000000000000 ) ) ;
#399 = VERTEX_POINT ( 'NONE', #2359 ) ;
#400 = LINE ( 'NONE', #2217, #2933 ) ;
#401 = LINE ( 'NONE', #1492, #1008 ) ;
#402 = VERTEX_POINT ( 'NONE', #3239 ) ;
#403 = FACE_OUTER_BOUND ( 'NONE', #1088, .T. ) ;
#404 = AXIS2_PLACEMENT_3D ( 'NONE', #943, #1473, #3103 ) ;
#405 = ORIENTED_EDGE ( 'NONE', *, *, #3152, .T. ) ;
#406 = DIRECTION ( 'NONE',  ( 0.000000000000000000, -0.000000000000000000, -1.000000000000000000 ) ) ;
#407 = DIRECTION ( 'NONE',  ( 0.000000000000000000, -1.000000000000000000, 0.000000000000000000 ) ) ;
#408 = ORIENTED_EDGE ( 'NONE', *, *, #2272, .F. ) ;
#409 = ADVANCED_FACE ( 'NONE', ( #1042 ), #1573, .F. ) ;
#410 = ORIENTED_EDGE ( 'NONE', *, *, #1903, .F. ) ;
#411 = AXIS2_PLACEMENT_3D ( 'NONE', #2891, #459, #1548 ) ;
#412 = CARTESIAN_POINT ( 'NONE',  ( -4.304399999999999338, -3.536899999999995714, -2.984999999999999876 ) ) ;
#413 = DIRECTION ( 'NONE',  ( 0.000000000000000000, -1.000000000000000000, 0.000000000000000000 ) ) ;
#414 = EDGE_CURVE ( 'NONE', #2827, #1429, #1024, .T. ) ;
#415 = VECTOR ( 'NONE', #3295, 100.0000000000000000 ) ;
#416 = VERTEX_POINT ( 'NONE', #2624 ) ;
#417 = CARTESIAN_POINT ( 'NONE',  ( -4.019400000000003637, -3.219399999999995821, 13.86865867402467600 ) ) ;
#418 = LINE ( 'NONE', #3058, #2849 ) ;
#419 = VERTEX_POINT ( 'NONE', #1590 ) ;
#420 = CARTESIAN_POINT ( 'NONE',  ( -0.1756500000000008055, -0.2752579228333829064, -3.000000000000000000 ) ) ;
#421 = VERTEX_POINT ( 'NONE', #787 ) ;
#422 = B_SPLINE_CURVE_WITH_KNOTS ( 'NONE', 1,
 ( #3464, #2914 ),
 .UNSPECIFIED., .F., .F.,
 ( 2, 2 ),
 ( 0.5000000000000000000, 0.6941896024464830894 ),
 .UNSPECIFIED. ) ;
#423 = DIRECTION ( 'NONE',  ( -0.000000000000000000, 1.000000000000000000, -0.000000000000000000 ) ) ;
#424 = CARTESIAN_POINT ( 'NONE',  ( 0.000000000000000000, -3.219399999999995821, -3.649999999999999911 ) ) ;
#425 = DIRECTION ( 'NONE',  ( 0.000000000000000000, 0.000000000000000000, 1.000000000000000000 ) ) ;
#426 = ORIENTED_EDGE ( 'NONE', *, *, #916, .T. ) ;
#427 = ORIENTED_EDGE ( 'NONE', *, *, #2902, .F. ) ;
#428 = VECTOR ( 'NONE', #3065, 100.0000000000000000 ) ;
#429 = CARTESIAN_POINT ( 'NONE',  ( -5.334399999999998698, -4.489399999999990953, -2.984999999999999876 ) ) ;
#430 = CARTESIAN_POINT ( 'NONE',  ( -5.741649999999998144, 0.2752579228333827954, -3.635000000000000231 ) ) ;
#431 = DIRECTION ( 'NONE',  ( 0.000000000000000000, -1.000000000000000000, 0.000000000000000000 ) ) ;
#432 = VECTOR ( 'NONE', #1943, 100.0000000000000000 ) ;
#433 = EDGE_LOOP ( 'NONE', ( #2767, #2388, #3357, #1057 ) ) ;
#434 = EDGE_CURVE ( 'NONE', #1622, #2971, #3465, .T. ) ;
#435 = DIRECTION ( 'NONE',  ( 1.000000000000000000, -1.577021341797097807E-16, 0.000000000000000000 ) ) ;
#436 = EDGE_CURVE ( 'NONE', #1501, #2961, #1559, .T. ) ;
#437 = MECHANICAL_DESIGN_GEOMETRIC_PRESENTATION_REPRESENTATION (  '', ( #1678 ), #1792 ) ;
#438 = CARTESIAN_POINT ( 'NONE',  ( 0.7525898091024176839, -3.219399999999995821, 17.43354606999999490 ) ) ;
#439 = VECTOR ( 'NONE', #2585, 100.0000000000000000 ) ;
#440 = VECTOR ( 'NONE', #3203, 100.0000000000000000 ) ;
#441 = EDGE_CURVE ( 'NONE', #965, #1808, #753, .T. ) ;
#442 = CARTESIAN_POINT ( 'NONE',  ( 0.000000000000000000, -3.486899999999995448, 0.000000000000000000 ) ) ;
#443 = AXIS2_PLACEMENT_3D ( 'NONE', #3069, #1188, #2591 ) ;
#444 = ORIENTED_EDGE ( 'NONE', *, *, #2623, .T. ) ;
#445 = CARTESIAN_POINT ( 'NONE',  ( -0.1756500000000008055, -6.475319950491627270E-16, -2.364999999999999769 ) ) ;
#446 = VECTOR ( 'NONE', #1058, 100.0000000000000000 ) ;
#447 = ORIENTED_EDGE ( 'NONE', *, *, #3509, .T. ) ;
#448 = CARTESIAN_POINT ( 'NONE',  ( -1.542581660003141453, -3.536901199999995526, 14.09361702932445404 ) ) ;
#449 = VERTEX_POINT ( 'NONE', #2692 ) ;
#450 = FACE_OUTER_BOUND ( 'NONE', #284, .T. ) ;
#451 = ORIENTED_EDGE ( 'NONE', *, *, #1736, .T. ) ;
#452 = DIRECTION ( 'NONE',  ( 0.000000000000000000, 0.000000000000000000, 1.000000000000000000 ) ) ;
#453 = CARTESIAN_POINT ( 'NONE',  ( -1.319399999999999018, -3.754399999999991078, -3.000000000000000000 ) ) ;
#454 = LINE ( 'NONE', #1250, #3156 ) ;
#455 = EDGE_CURVE ( 'NONE', #23, #421, #2394, .T. ) ;
#456 = CARTESIAN_POINT ( 'NONE',  ( 0.3743500000000001826, 2.852409985391800795, -3.635000000000000231 ) ) ;
#457 = DIRECTION ( 'NONE',  ( -0.000000000000000000, 1.000000000000000000, -0.000000000000000000 ) ) ;
#458 = EDGE_CURVE ( 'NONE', #51, #3515, #1003, .T. ) ;
#459 = DIRECTION ( 'NONE',  ( 0.000000000000000000, -1.000000000000000000, 0.000000000000000000 ) ) ;
#460 = EDGE_CURVE ( 'NONE', #3272, #1741, #2409, .T. ) ;
#461 = EDGE_LOOP ( 'NONE', ( #2977, #2579, #765, #2115 ) ) ;
#462 = DIRECTION ( 'NONE',  ( -1.000000000000000000, 0.000000000000000000, 0.000000000000000000 ) ) ;
#463 = LINE ( 'NONE', #849, #1849 ) ;
#464 = ORIENTED_EDGE ( 'NONE', *, *, #2485, .T. ) ;
#465 = EDGE_LOOP ( 'NONE', ( #2622, #3471, #2532, #1053 ) ) ;
#466 = CARTESIAN_POINT ( 'NONE',  ( -3.956447627453642202, -3.536901199999995082, 14.10288197256895693 ) ) ;
#467 = PLANE ( 'NONE',  #2119 ) ;
#468 = CARTESIAN_POINT ( 'NONE',  ( -0.4709250974149626900, -3.536899999999995714, -22.73199999999999932 ) ) ;
#469 = ORIENTED_EDGE ( 'NONE', *, *, #2272, .T. ) ;
#470 = AXIS2_PLACEMENT_3D ( 'NONE', #2172, #1941, #2155 ) ;
#471 = FACE_OUTER_BOUND ( 'NONE', #2085, .T. ) ;
#472 = CARTESIAN_POINT ( 'NONE',  ( -0.4859250974149631475, 2.852409985391846536, -23.38200000000000145 ) ) ;
#473 = EDGE_CURVE ( 'NONE', #281, #685, #2140, .T. ) ;
#474 = ORIENTED_EDGE ( 'NONE', *, *, #3513, .T. ) ;
#475 = LINE ( 'NONE', #3179, #439 ) ;
#476 = CARTESIAN_POINT ( 'NONE',  ( -6.013149999999998663, -3.219400000000000261, -3.635000000000000231 ) ) ;
#477 = ORIENTED_EDGE ( 'NONE', *, *, #1507, .T. ) ;
#478 = FACE_OUTER_BOUND ( 'NONE', #1702, .T. ) ;
#479 = ADVANCED_FACE ( 'NONE', ( #2963 ), #270, .F. ) ;
#480 = VERTEX_POINT ( 'NONE', #3534 ) ;
#481 = CARTESIAN_POINT ( 'NONE',  ( -0.3043999999999991157, -3.536899999999995714, -3.649999999999999911 ) ) ;
#482 = CARTESIAN_POINT ( 'NONE',  ( 0.000000000000000000, 0.000000000000000000, -22.74699999999999989 ) ) ;
#483 = VERTEX_POINT ( 'NONE', #2157 ) ;
#484 = VECTOR ( 'NONE', #2477, 100.0000000000000000 ) ;
#485 = CARTESIAN_POINT ( 'NONE',  ( -1.635762461737451323, -3.536901199999995526, 16.26865867402467103 ) ) ;
#486 = VECTOR ( 'NONE', #92, 100.0000000000000000 ) ;
#487 = VECTOR ( 'NONE', #194, 100.0000000000000000 ) ;
#488 = AXIS2_PLACEMENT_3D ( 'NONE', #1953, #1769, #881 ) ;
#489 = DIRECTION ( 'NONE',  ( 0.000000000000000000, 0.000000000000000000, 1.000000000000000000 ) ) ;
#490 = B_SPLINE_CURVE_WITH_KNOTS ( 'NONE', 3,
 ( #2046, #1509, #3117, #1488, #154, #687, #3138, #135, #3412, #2574, #3075, #647, #1746, #2790, #2871, #2557, #1724, #2291 ),
 .UNSPECIFIED., .F., .F.,
 ( 4, 2, 2, 2, 2, 2, 2, 2, 4 ),
 ( 0.5000000000000000000, 0.5625000000000000000, 0.6250000000000000000, 0.6875000000000000000, 0.7500000000000000000, 0.8125000000000000000, 0.8750000000000000000, 0.9375000000000000000, 1.000000000000000000 ),
 .UNSPECIFIED. ) ;
#491 = AXIS2_PLACEMENT_3D ( 'NONE', #2141, #237, #2360 ) ;
#492 = EDGE_LOOP ( 'NONE', ( #508, #1132 ) ) ;
#493 = DIRECTION ( 'NONE',  ( 0.000000000000000000, 0.000000000000000000, -1.000000000000000000 ) ) ;
#494 = ORIENTED_EDGE ( 'NONE', *, *, #3023, .F. ) ;
#495 = LINE ( 'NONE', #2100, #3118 ) ;
#496 = VECTOR ( 'NONE', #235, 100.0000000000000000 ) ;
#497 = ADVANCED_FACE ( 'NONE', ( #2899 ), #467, .T. ) ;
#498 = EDGE_LOOP ( 'NONE', ( #1308, #1074, #567, #2025 ) ) ;
#499 = CARTESIAN_POINT ( 'NONE',  ( -4.549400000000000333, 4.576446962273807821E-14, -23.38200000000000145 ) ) ;
#500 = PLANE ( 'NONE',  #81 ) ;
#501 = EDGE_CURVE ( 'NONE', #2971, #513, #1148, .T. ) ;
#502 = EDGE_CURVE ( 'NONE', #998, #1719, #3324, .T. ) ;
#503 = ORIENTED_EDGE ( 'NONE', *, *, #2381, .T. ) ;
#504 = PLANE ( 'NONE',  #2466 ) ;
#505 = PLANE ( 'NONE',  #3226 ) ;
#506 =( NAMED_UNIT ( * ) SI_UNIT ( $, .STERADIAN. ) SOLID_ANGLE_UNIT ( ) );
#507 = DIRECTION ( 'NONE',  ( -0.000000000000000000, 1.000000000000000000, -0.000000000000000000 ) ) ;
#508 = ORIENTED_EDGE ( 'NONE', *, *, #962, .F. ) ;
#509 = SHAPE_DEFINITION_REPRESENTATION ( #2786, #613 ) ;
#510 = DIRECTION ( 'NONE',  ( 0.000000000000000000, 0.000000000000000000, 1.000000000000000000 ) ) ;
#511 = VERTEX_POINT ( 'NONE', #1701 ) ;
#512 = DIRECTION ( 'NONE',  ( 1.000000000000000000, 0.000000000000000000, 0.000000000000000000 ) ) ;
#513 = VERTEX_POINT ( 'NONE', #548 ) ;
#514 = VERTEX_POINT ( 'NONE', #1411 ) ;
#515 = CARTESIAN_POINT ( 'NONE',  ( -1.319399999999999018, -3.486899999999995448, -3.635000000000000231 ) ) ;
#516 = DIRECTION ( 'NONE',  ( 1.000000000000000000, 0.000000000000000000, 0.000000000000000000 ) ) ;
#517 = EDGE_LOOP ( 'NONE', ( #426, #3052, #2029, #2672 ) ) ;
#518 = EDGE_CURVE ( 'NONE', #1469, #2900, #83, .T. ) ;
#519 = CARTESIAN_POINT ( 'NONE',  ( -4.019400000000004525, -3.219399999999995821, 16.51865867402467458 ) ) ;
#520 = CARTESIAN_POINT ( 'NONE',  ( -1.719358355299777541, -3.536901199999995082, 16.31684033402781253 ) ) ;
#521 = CARTESIAN_POINT ( 'NONE',  ( -4.217463380792750627, -4.489400000000038915, -22.73199999999999932 ) ) ;
#522 = EDGE_LOOP ( 'NONE', ( #1790, #231, #891, #2312 ) ) ;
#523 = CARTESIAN_POINT ( 'NONE',  ( 0.06736203130231627201, -3.536899999999995714, -12.65836865193854877 ) ) ;
#524 = CARTESIAN_POINT ( 'NONE',  ( -5.319399999999999018, -3.486899999999995448, -3.000000000000000000 ) ) ;
#525 = ORIENTED_EDGE ( 'NONE', *, *, #2319, .F. ) ;
#526 = DIRECTION ( 'NONE',  ( 0.000000000000000000, 1.000000000000000000, 0.000000000000000000 ) ) ;
#527 = ORIENTED_EDGE ( 'NONE', *, *, #1116, .F. ) ;
#528 = CARTESIAN_POINT ( 'NONE',  ( -6.391389809102427044, -3.219399999999995821, 17.43354606999999490 ) ) ;
#529 = DIRECTION ( 'NONE',  ( -0.000000000000000000, -1.000000000000000000, -0.000000000000000000 ) ) ;
#530 = ORIENTED_EDGE ( 'NONE', *, *, #155, .F. ) ;
#531 = CARTESIAN_POINT ( 'NONE',  ( 0.000000000000000000, -3.486899999999995448, 0.000000000000000000 ) ) ;
#532 = DIRECTION ( 'NONE',  ( 0.000000000000000000, -1.000000000000000000, 0.000000000000000000 ) ) ;
#533 = CARTESIAN_POINT ( 'NONE',  ( -5.741649999999998144, -0.2752579228333828509, 17.43364606999999467 ) ) ;
#534 = EDGE_CURVE ( 'NONE', #1367, #1599, #26, .T. ) ;
#535 = DIRECTION ( 'NONE',  ( -0.000000000000000000, 0.000000000000000000, 1.000000000000000000 ) ) ;
#536 = EDGE_CURVE ( 'NONE', #2087, #1758, #1639, .T. ) ;
#537 = EDGE_CURVE ( 'NONE', #745, #2495, #2766, .T. ) ;
#538 = ORIENTED_EDGE ( 'NONE', *, *, #436, .T. ) ;
#539 = AXIS2_PLACEMENT_3D ( 'NONE', #1811, #1825, #2631 ) ;
#540 = CARTESIAN_POINT ( 'NONE',  ( -5.232463380792751195, 2.852409985391846536, -23.38200000000000145 ) ) ;
#541 = CARTESIAN_POINT ( 'NONE',  ( -0.7256499999999995731, 0.000000000000000000, -2.364999999999999769 ) ) ;
#542 = ORIENTED_EDGE ( 'NONE', *, *, #1655, .F. ) ;
#543 = DIRECTION ( 'NONE',  ( -0.000000000000000000, 1.000000000000000000, -0.000000000000000000 ) ) ;
#544 = AXIS2_PLACEMENT_3D ( 'NONE', #531, #2696, #2983 ) ;
#545 = ORIENTED_EDGE ( 'NONE', *, *, #3130, .T. ) ;
#546 = DIRECTION ( 'NONE',  ( 0.000000000000000000, 0.000000000000000000, 1.000000000000000000 ) ) ;
#547 =( LENGTH_UNIT ( ) NAMED_UNIT ( * ) SI_UNIT ( .CENTI., .METRE. ) );
#548 = CARTESIAN_POINT ( 'NONE',  ( -6.013149999999998663, -1.317637338226828492, -3.000000000000000000 ) ) ;
#549 = VECTOR ( 'NONE', #3517, 100.0000000000000000 ) ;
#550 = ORIENTED_EDGE ( 'NONE', *, *, #3210, .T. ) ;
#551 = CARTESIAN_POINT ( 'NONE',  ( -1.619400000000004614, 2.852409985391846092, 16.39365867402467458 ) ) ;
#552 = FACE_OUTER_BOUND ( 'NONE', #2102, .T. ) ;
#553 = ORIENTED_EDGE ( 'NONE', *, *, #717, .T. ) ;
#554 = ADVANCED_FACE ( 'NONE', ( #2207 ), #2494, .T. ) ;
#555 = DIRECTION ( 'NONE',  ( -0.000000000000000000, -1.000000000000000000, 0.000000000000000000 ) ) ;
#556 = UNCERTAINTY_MEASURE_WITH_UNIT (LENGTH_MEASURE( 1.000000000000000082E-05 ), #547, 'distance_accuracy_value', 'NONE');
#557 = ORIENTED_EDGE ( 'NONE', *, *, #1159, .F. ) ;
#558 = EDGE_CURVE ( 'NONE', #3112, #1085, #601, .T. ) ;
#559 = CARTESIAN_POINT ( 'NONE',  ( -5.184649999999998649, -0.2752579228333829064, 17.43364606999999467 ) ) ;
#560 = LINE ( 'NONE', #830, #1453 ) ;
#561 = FACE_BOUND ( 'NONE', #3013, .T. ) ;
#562 = ORIENTED_EDGE ( 'NONE', *, *, #2399, .T. ) ;
#563 = AXIS2_PLACEMENT_3D ( 'NONE', #1322, #2926, #232 ) ;
#564 = LINE ( 'NONE', #2725, #1327 ) ;
#565 = DIRECTION ( 'NONE',  ( -0.000000000000000000, 1.000000000000000000, -0.000000000000000000 ) ) ;
#566 = DIRECTION ( 'NONE',  ( 1.000000000000000000, 0.000000000000000000, -0.000000000000000000 ) ) ;
#567 = ORIENTED_EDGE ( 'NONE', *, *, #1534, .F. ) ;
#568 = ORIENTED_EDGE ( 'NONE', *, *, #703, .F. ) ;
#569 = LINE ( 'NONE', #3016, #3040 ) ;
#570 = CARTESIAN_POINT ( 'NONE',  ( -0.4859250974149631475, 2.852409985391846536, -23.38200000000000145 ) ) ;
#571 = EDGE_LOOP ( 'NONE', ( #2479, #2221, #670, #1217 ) ) ;
#572 = AXIS2_PLACEMENT_3D ( 'NONE', #3417, #117, #982 ) ;
#573 = DIRECTION ( 'NONE',  ( 0.000000000000000000, 0.000000000000000000, 1.000000000000000000 ) ) ;
#574 = CIRCLE ( 'NONE', #1768, 0.2799999999999996936 ) ;
#575 = VERTEX_POINT ( 'NONE', #1670 ) ;
#576 = CARTESIAN_POINT ( 'NONE',  ( -1.603037538262558792, -3.536901199999995526, 14.11865867402467778 ) ) ;
#577 = DIRECTION ( 'NONE',  ( -0.000000000000000000, 1.000000000000000000, -0.000000000000000000 ) ) ;
#578 =( GEOMETRIC_REPRESENTATION_CONTEXT ( 3 ) GLOBAL_UNCERTAINTY_ASSIGNED_CONTEXT ( ( #1972 ) ) GLOBAL_UNIT_ASSIGNED_CONTEXT ( ( #2191, #2994, #1364 ) ) REPRESENTATION_CONTEXT ( 'NONE', 'WORKASPACE' ) );
#579 = CARTESIAN_POINT ( 'NONE',  ( -1.334399999999998698, -3.536899999999995714, -3.649999999999999911 ) ) ;
#580 = EDGE_CURVE ( 'NONE', #2143, #1449, #2441, .T. ) ;
#581 = EDGE_CURVE ( 'NONE', #2241, #402, #2005, .T. ) ;
#582 = ORIENTED_EDGE ( 'NONE', *, *, #2418, .T. ) ;
#583 = FACE_OUTER_BOUND ( 'NONE', #3520, .T. ) ;
#584 = CARTESIAN_POINT ( 'NONE',  ( -1.485925097414963370, -3.219399999999952744, -22.74699999999999989 ) ) ;
#585 = DIRECTION ( 'NONE',  ( 0.000000000000000000, 0.000000000000000000, -1.000000000000000000 ) ) ;
#586 = EDGE_LOOP ( 'NONE', ( #606, #2940, #3346, #2199 ) ) ;
#587 = EDGE_CURVE ( 'NONE', #2961, #1093, #3269, .T. ) ;
#588 = ORIENTED_EDGE ( 'NONE', *, *, #2060, .F. ) ;
#589 = DIRECTION ( 'NONE',  ( 0.000000000000000000, -0.000000000000000000, 1.000000000000000000 ) ) ;
#590 = FACE_BOUND ( 'NONE', #939, .T. ) ;
#591 = CARTESIAN_POINT ( 'NONE',  ( -5.247463380792750876, -4.489400000000038915, -23.39699999999999847 ) ) ;
#592 = VECTOR ( 'NONE', #789, 100.0000000000000000 ) ;
#593 = EDGE_LOOP ( 'NONE', ( #1222, #256 ) ) ;
#594 = DIRECTION ( 'NONE',  ( -1.000000000000000000, 0.000000000000000000, 0.000000000000000000 ) ) ;
#595 = AXIS2_PLACEMENT_3D ( 'NONE', #49, #1131, #3342 ) ;
#596 = CARTESIAN_POINT ( 'NONE',  ( -4.019400000000003637, 2.852409985391846092, 13.99365867402467600 ) ) ;
#597 = AXIS2_PLACEMENT_3D ( 'NONE', #3470, #457, #1033 ) ;
#598 = ORIENTED_EDGE ( 'NONE', *, *, #3373, .T. ) ;
#599 = DIRECTION ( 'NONE',  ( -0.000000000000000000, 0.000000000000000000, 1.000000000000000000 ) ) ;
#600 = DIRECTION ( 'NONE',  ( 0.000000000000000000, 0.000000000000000000, 1.000000000000000000 ) ) ;
#601 = LINE ( 'NONE', #2714, #3032 ) ;
#602 = ORIENTED_EDGE ( 'NONE', *, *, #2336, .F. ) ;
#603 = EDGE_CURVE ( 'NONE', #2376, #2744, #1165, .T. ) ;
#604 = VECTOR ( 'NONE', #1728, 100.0000000000000000 ) ;
#605 = CIRCLE ( 'NONE', #3218, 0.2800000000000000266 ) ;
#606 = ORIENTED_EDGE ( 'NONE', *, *, #1116, .T. ) ;
#607 = VECTOR ( 'NONE', #2195, 100.0000000000000000 ) ;
#608 = DIRECTION ( 'NONE',  ( -1.000000000000000000, 0.000000000000000000, 0.000000000000000000 ) ) ;
#609 = DIRECTION ( 'NONE',  ( 0.000000000000000000, 0.000000000000000000, -1.000000000000000000 ) ) ;
#610 = EDGE_CURVE ( 'NONE', #2068, #1608, #873, .T. ) ;
#611 = EDGE_CURVE ( 'NONE', #998, #2715, #14, .T. ) ;
#612 = VECTOR ( 'NONE', #3487, 100.0000000000000000 ) ;
#613 = ADVANCED_BREP_SHAPE_REPRESENTATION ( 'Actuator Base', ( #2146, #3344, #983, #1022, #2736 ), #2558 ) ;
#614 = DIRECTION ( 'NONE',  ( 0.000000000000000000, 0.000000000000000000, -1.000000000000000000 ) ) ;
#615 = FACE_OUTER_BOUND ( 'NONE', #1560, .T. ) ;
#616 = CARTESIAN_POINT ( 'NONE',  ( -5.184649999999998649, 0.2752579228333830175, -3.000000000000000000 ) ) ;
#617 = DIRECTION ( 'NONE',  ( 0.000000000000000000, 0.000000000000000000, -1.000000000000000000 ) ) ;
#618 = DIRECTION ( 'NONE',  ( 1.000000000000000000, 1.428506063389983526E-17, -0.000000000000000000 ) ) ;
#619 = ORIENTED_EDGE ( 'NONE', *, *, #1904, .F. ) ;
#620 = DIRECTION ( 'NONE',  ( 1.000000000000000000, 0.000000000000000000, 0.000000000000000000 ) ) ;
#621 = DIRECTION ( 'NONE',  ( -1.428506063389983526E-17, 1.000000000000000000, 0.000000000000000000 ) ) ;
#622 = CARTESIAN_POINT ( 'NONE',  ( 0.06736203130231629976, -4.219399999999995821, -1.444325821154459843 ) ) ;
#623 = EDGE_LOOP ( 'NONE', ( #113, #780, #295, #1826 ) ) ;
#624 = EDGE_LOOP ( 'NONE', ( #1750, #2264 ) ) ;
#625 = CARTESIAN_POINT ( 'NONE',  ( -5.319399999999999018, -3.486899999999995448, -3.635000000000000231 ) ) ;
#626 = CARTESIAN_POINT ( 'NONE',  ( -5.706162031302314475, -3.536899999999995714, -24.24466247586125078 ) ) ;
#627 = B_SPLINE_CURVE_WITH_KNOTS ( 'NONE', 1,
 ( #584, #1669 ),
 .UNSPECIFIED., .F., .F.,
 ( 2, 2 ),
 ( 0.000000000000000000, 0.1941896024464830617 ),
 .UNSPECIFIED. ) ;
#628 = EDGE_CURVE ( 'NONE', #514, #1186, #2350, .T. ) ;
#629 = DIRECTION ( 'NONE',  ( 0.000000000000000000, 0.000000000000000000, 1.000000000000000000 ) ) ;
#630 = ORIENTED_EDGE ( 'NONE', *, *, #1100, .F. ) ;
#631 = CARTESIAN_POINT ( 'NONE',  ( -0.3043999999999991157, -4.489399999999990953, -3.649999999999999911 ) ) ;
#632 = CARTESIAN_POINT ( 'NONE',  ( -4.217463380792750627, -3.536899999999995714, -22.73199999999999932 ) ) ;
#633 = CARTESIAN_POINT ( 'NONE',  ( -5.334399999999998698, -4.489399999999990953, -3.649999999999999911 ) ) ;
#634 = CIRCLE ( 'NONE', #1606, 0.2784999999999995812 ) ;
#635 = VERTEX_POINT ( 'NONE', #2781 ) ;
#636 = CARTESIAN_POINT ( 'NONE',  ( -4.019400000000004525, -3.219399999999995821, 16.26865867402467458 ) ) ;
#637 = LINE ( 'NONE', #1700, #661 ) ;
#638 = DIRECTION ( 'NONE',  ( 0.000000000000000000, 0.000000000000000000, 1.000000000000000000 ) ) ;
#639 = AXIS2_PLACEMENT_3D ( 'NONE', #900, #2848, #629 ) ;
#640 = ORIENTED_EDGE ( 'NONE', *, *, #3440, .T. ) ;
#641 = ORIENTED_EDGE ( 'NONE', *, *, #1613, .T. ) ;
#642 = CARTESIAN_POINT ( 'NONE',  ( -1.619400000000005502, -3.536900599999995176, 14.11865867402467600 ) ) ;
#643 = CARTESIAN_POINT ( 'NONE',  ( -1.619400000000005502, 2.852409985391846092, 13.99365867402467600 ) ) ;
#644 = VERTEX_POINT ( 'NONE', #2727 ) ;
#645 = CARTESIAN_POINT ( 'NONE',  ( -6.013149999999998663, -1.317637338226828492, -2.364999999999999769 ) ) ;
#646 = EDGE_CURVE ( 'NONE', #483, #2087, #1844, .T. ) ;
#647 = CARTESIAN_POINT ( 'NONE',  ( -4.128623298544286335, -3.536901199999995526, 13.93070630147831324 ) ) ;
#648 = EDGE_LOOP ( 'NONE', ( #332, #1958, #1341, #2677 ) ) ;
#649 = CARTESIAN_POINT ( 'NONE',  ( -4.319399999999999018, -3.486899999999995448, -3.000000000000000000 ) ) ;
#650 = CARTESIAN_POINT ( 'NONE',  ( -1.497653415416464906, -3.536901199999995082, 16.42637715956958999 ) ) ;
#651 = ORIENTED_EDGE ( 'NONE', *, *, #2596, .T. ) ;
#652 = ADVANCED_FACE ( 'NONE', ( #837 ), #1893, .T. ) ;
#653 = FACE_OUTER_BOUND ( 'NONE', #1730, .T. ) ;
#654 = EDGE_CURVE ( 'NONE', #2438, #1586, #1242, .T. ) ;
#655 = ORIENTED_EDGE ( 'NONE', *, *, #3350, .F. ) ;
#656 = PLANE ( 'NONE',  #953 ) ;
#657 = ORIENTED_EDGE ( 'NONE', *, *, #1030, .F. ) ;
#658 = ORIENTED_EDGE ( 'NONE', *, *, #2060, .T. ) ;
#659 = CARTESIAN_POINT ( 'NONE',  ( -1.719358355299778207, -3.536901199999995082, 13.91684033402781040 ) ) ;
#660 = DIRECTION ( 'NONE',  ( 6.081606377978406119E-17, -1.000000000000000000, 0.000000000000000000 ) ) ;
#661 = VECTOR ( 'NONE', #65, 100.0000000000000000 ) ;
#662 = VECTOR ( 'NONE', #1642, 100.0000000000000000 ) ;
#663 = ORIENTED_EDGE ( 'NONE', *, *, #2921, .T. ) ;
#664 = DIRECTION ( 'NONE',  ( -0.000000000000000000, 1.000000000000000000, -0.000000000000000000 ) ) ;
#665 = CIRCLE ( 'NONE', #3455, 2.093750000000000000 ) ;
#666 = VECTOR ( 'NONE', #3502, 100.0000000000000000 ) ;
#667 = CARTESIAN_POINT ( 'NONE',  ( -5.463149999999998840, -0.2752579228333829064, -3.000000000000000000 ) ) ;
#668 = VECTOR ( 'NONE', #1635, 100.0000000000000000 ) ;
#669 = EDGE_CURVE ( 'NONE', #1718, #63, #1537, .T. ) ;
#670 = ORIENTED_EDGE ( 'NONE', *, *, #518, .T. ) ;
#671 = DIRECTION ( 'NONE',  ( 0.000000000000000000, 0.000000000000000000, -1.000000000000000000 ) ) ;
#672 = CARTESIAN_POINT ( 'NONE',  ( -1.485925097414963370, -3.486899999999995448, -22.74699999999999989 ) ) ;
#673 = VERTEX_POINT ( 'NONE', #3108 ) ;
#674 = CARTESIAN_POINT ( 'NONE',  ( 0.06736203130231627201, -3.536899999999995714, -12.93836865193854813 ) ) ;
#675 = EDGE_CURVE ( 'NONE', #416, #2193, #2019, .T. ) ;
#676 = DIRECTION ( 'NONE',  ( 0.000000000000000000, 1.000000000000000000, -0.000000000000000000 ) ) ;
#677 = LINE ( 'NONE', #102, #1067 ) ;
#678 = EDGE_LOOP ( 'NONE', ( #1009, #1, #1025, #1991 ) ) ;
#679 = DIRECTION ( 'NONE',  ( 0.000000000000000000, 0.000000000000000000, 1.000000000000000000 ) ) ;
#680 = ORIENTED_EDGE ( 'NONE', *, *, #2033, .T. ) ;
#681 = LINE ( 'NONE', #2864, #1957 ) ;
#682 = CYLINDRICAL_SURFACE ( 'NONE', #2356, 0.1250000000000001110 ) ;
#683 = CARTESIAN_POINT ( 'NONE',  ( -3.114797553316629664, -3.536899999999995714, -30.74970190092345490 ) ) ;
#684 = AXIS2_PLACEMENT_3D ( 'NONE', #215, #1056, #1587 ) ;
#685 = VERTEX_POINT ( 'NONE', #2037 ) ;
#686 = CARTESIAN_POINT ( 'NONE',  ( -4.913149999999999906, 0.000000000000000000, -2.364999999999999769 ) ) ;
#687 = CARTESIAN_POINT ( 'NONE',  ( -4.119358355299776342, -3.536901199999995526, 14.07047701402154338 ) ) ;
#688 = ORIENTED_EDGE ( 'NONE', *, *, #2772, .T. ) ;
#689 = CARTESIAN_POINT ( 'NONE',  ( -5.247463380792750876, -3.536899999999995714, -22.73199999999999932 ) ) ;
#690 = ORIENTED_EDGE ( 'NONE', *, *, #2166, .F. ) ;
#691 = CARTESIAN_POINT ( 'NONE',  ( -4.019400000000004525, 2.852409985391846092, 16.26865867402467458 ) ) ;
#692 = VERTEX_POINT ( 'NONE', #2858 ) ;
#693 = DIRECTION ( 'NONE',  ( 0.000000000000000000, 1.000000000000000000, 0.000000000000000000 ) ) ;
#694 = CARTESIAN_POINT ( 'NONE',  ( -6.013149999999998663, -3.219400000000000261, -3.635000000000000231 ) ) ;
#695 = CARTESIAN_POINT ( 'NONE',  ( -0.5637295702258144914, -3.536899999999995714, -30.74970190092345490 ) ) ;
#696 = ORIENTED_EDGE ( 'NONE', *, *, #1819, .T. ) ;
#697 = VECTOR ( 'NONE', #72, 100.0000000000000000 ) ;
#698 = EDGE_CURVE ( 'NONE', #3435, #2663, #2586, .T. ) ;
#699 = ORIENTED_EDGE ( 'NONE', *, *, #1072, .F. ) ;
#700 = VECTOR ( 'NONE', #363, 100.0000000000000000 ) ;
#701 = DIRECTION ( 'NONE',  ( 0.000000000000000000, -1.000000000000000000, 0.000000000000000000 ) ) ;
#702 = CARTESIAN_POINT ( 'NONE',  ( 0.1028499999999987757, 0.2752579228333827954, -3.000000000000000000 ) ) ;
#703 = EDGE_CURVE ( 'NONE', #3477, #281, #2605, .T. ) ;
#704 = EDGE_LOOP ( 'NONE', ( #2110, #2054, #301, #1761 ) ) ;
#705 = PLANE ( 'NONE',  #3326 ) ;
#706 = LINE ( 'NONE', #1231, #358 ) ;
#707 = CARTESIAN_POINT ( 'NONE',  ( 0.06736203130231629976, -4.219399999999995821, -24.52466247586125192 ) ) ;
#708 = DIRECTION ( 'NONE',  ( 0.000000000000000000, 0.000000000000000000, -1.000000000000000000 ) ) ;
#709 =( LENGTH_UNIT ( ) NAMED_UNIT ( * ) SI_UNIT ( .CENTI., .METRE. ) );
#710 = ORIENTED_EDGE ( 'NONE', *, *, #1706, .T. ) ;
#711 = FACE_OUTER_BOUND ( 'NONE', #1619, .T. ) ;
#712 = ORIENTED_EDGE ( 'NONE', *, *, #1230, .T. ) ;
#713 = CARTESIAN_POINT ( 'NONE',  ( -1.603037538262558348, -3.536901199999995082, 13.86865867402467600 ) ) ;
#714 = VERTEX_POINT ( 'NONE', #1996 ) ;
#715 = ORIENTED_EDGE ( 'NONE', *, *, #646, .F. ) ;
#716 = AXIS2_PLACEMENT_3D ( 'NONE', #2980, #1912, #971 ) ;
#717 = EDGE_CURVE ( 'NONE', #1919, #2241, #103, .T. ) ;
#718 = DIRECTION ( 'NONE',  ( 0.000000000000000000, 0.000000000000000000, 1.000000000000000000 ) ) ;
#719 = CARTESIAN_POINT ( 'NONE',  ( -0.7256499999999995731, -1.317637338226828936, -2.364999999999999769 ) ) ;
#720 = VECTOR ( 'NONE', #1195, 100.0000000000000000 ) ;
#721 = PLANE ( 'NONE',  #826 ) ;
#722 = AXIS2_PLACEMENT_3D ( 'NONE', #1160, #2488, #366 ) ;
#723 = ADVANCED_FACE ( 'NONE', ( #389 ), #1477, .T. ) ;
#724 = ADVANCED_FACE ( 'NONE', ( #1338 ), #2134, .F. ) ;
#725 = CARTESIAN_POINT ( 'NONE',  ( -1.719358355299777541, -3.536901199999995526, 16.47047701402154374 ) ) ;
#726 = AXIS2_PLACEMENT_3D ( 'NONE', #683, #431, #3150 ) ;
#727 = AXIS2_PLACEMENT_3D ( 'NONE', #2804, #3035, #1675 ) ;
#728 = VECTOR ( 'NONE', #2931, 100.0000000000000000 ) ;
#729 = CARTESIAN_POINT ( 'NONE',  ( -4.035762461737451900, -3.536901199999995526, 16.26865867402467103 ) ) ;
#730 = ORIENTED_EDGE ( 'NONE', *, *, #460, .T. ) ;
#731 = CARTESIAN_POINT ( 'NONE',  ( -3.986681514455095332, -3.536901199999995526, 16.51540525860821873 ) ) ;
#732 = ORIENTED_EDGE ( 'NONE', *, *, #458, .F. ) ;
#733 = CARTESIAN_POINT ( 'NONE',  ( -4.304399999999999338, -4.489399999999990953, -3.649999999999999911 ) ) ;
#734 = DIRECTION ( 'NONE',  ( 1.000000000000000000, -0.000000000000000000, -0.000000000000000000 ) ) ;
#735 = VERTEX_POINT ( 'NONE', #3232 ) ;
#736 = ORIENTED_EDGE ( 'NONE', *, *, #1903, .T. ) ;
#737 = CARTESIAN_POINT ( 'NONE',  ( -5.334399999999998698, -3.536899999999995714, -2.984999999999999876 ) ) ;
#738 = DIRECTION ( 'NONE',  ( 0.000000000000000000, 0.000000000000000000, -1.000000000000000000 ) ) ;
#739 = FACE_OUTER_BOUND ( 'NONE', #678, .T. ) ;
#740 = ORIENTED_EDGE ( 'NONE', *, *, #654, .F. ) ;
#741 = LINE ( 'NONE', #1578, #612 ) ;
#742 = EDGE_CURVE ( 'NONE', #2112, #1734, #1840, .T. ) ;
#743 = CARTESIAN_POINT ( 'NONE',  ( -4.019400000000004525, -3.536900599999995176, 16.26865867402467458 ) ) ;
#744 = DIRECTION ( 'NONE',  ( 0.000000000000000000, 0.000000000000000000, 1.000000000000000000 ) ) ;
#745 = VERTEX_POINT ( 'NONE', #3437 ) ;
#746 = CARTESIAN_POINT ( 'NONE',  ( -4.019400000000004525, -3.219399999999995821, 16.39365867402467458 ) ) ;
#747 = DIRECTION ( 'NONE',  ( 0.000000000000000000, 0.000000000000000000, 1.000000000000000000 ) ) ;
#748 = ORIENTED_EDGE ( 'NONE', *, *, #106, .T. ) ;
#749 = DIRECTION ( 'NONE',  ( -1.000000000000000000, 0.000000000000000000, 0.000000000000000000 ) ) ;
#750 = EDGE_LOOP ( 'NONE', ( #1263, #2016, #3282, #16 ) ) ;
#751 = ORIENTED_EDGE ( 'NONE', *, *, #1782, .F. ) ;
#752 = CARTESIAN_POINT ( 'NONE',  ( -5.706162031302314475, -3.219399999999995821, -12.93836865193854813 ) ) ;
#753 = LINE ( 'NONE', #1621, #2293 ) ;
#754 = VERTEX_POINT ( 'NONE', #524 ) ;
#755 = CARTESIAN_POINT ( 'NONE',  ( -1.696218339996868441, -3.536901199999995526, 16.29370031872489832 ) ) ;
#756 = EDGE_CURVE ( 'NONE', #1061, #1378, #265, .T. ) ;
#757 = CARTESIAN_POINT ( 'NONE',  ( -6.013149999999998663, -1.317637338226828492, -2.364999999999999769 ) ) ;
#758 = EDGE_LOOP ( 'NONE', ( #641, #527, #3245, #2044 ) ) ;
#759 = EDGE_CURVE ( 'NONE', #3477, #1141, #2894, .T. ) ;
#760 = DIRECTION ( 'NONE',  ( -0.000000000000000000, 1.000000000000000000, -0.000000000000000000 ) ) ;
#761 = EDGE_LOOP ( 'NONE', ( #1461, #2934 ) ) ;
#762 = CARTESIAN_POINT ( 'NONE',  ( -6.391389809102420827, -3.536899999999995714, -37.50000000000000000 ) ) ;
#763 = EDGE_CURVE ( 'NONE', #1549, #253, #463, .T. ) ;
#764 = ORIENTED_EDGE ( 'NONE', *, *, #1563, .T. ) ;
#765 = ORIENTED_EDGE ( 'NONE', *, *, #3240, .T. ) ;
#766 = CARTESIAN_POINT ( 'NONE',  ( -3.942581660003140254, -3.536901199999995082, 13.89370031872490330 ) ) ;
#767 = DIRECTION ( 'NONE',  ( 1.000000000000000000, 0.000000000000000000, -0.000000000000000000 ) ) ;
#768 = ORIENTED_EDGE ( 'NONE', *, *, #2659, .F. ) ;
#769 = CARTESIAN_POINT ( 'NONE',  ( 0.06736203130231627201, -3.536899999999995714, -1.164325821154459817 ) ) ;
#770 = CARTESIAN_POINT ( 'NONE',  ( -0.7256499999999995731, 0.000000000000000000, -3.635000000000000231 ) ) ;
#771 = STYLED_ITEM ( 'NONE', ( #2048 ), #983 ) ;
#772 = LINE ( 'NONE', #1723, #1175 ) ;
#773 = AXIS2_PLACEMENT_3D ( 'NONE', #2720, #1887, #2452 ) ;
#774 = CLOSED_SHELL ( 'NONE', ( #1101, #1032, #221, #3277, #3402, #3006, #1970, #1845, #2702, #15, #969, #2752, #2643, #3256, #1314, #3174, #1898, #393, #724, #1688, #2315, #346, #133, #2071, #824, #1917 ) ) ;
#775 = CARTESIAN_POINT ( 'NONE',  ( -2.819399999999999462, 4.555260572648558843E-14, -22.74699999999999989 ) ) ;
#776 = EDGE_CURVE ( 'NONE', #1997, #1726, #1922, .T. ) ;
#777 = CIRCLE ( 'NONE', #2129, 0.2099999999999990763 ) ;
#778 = EDGE_LOOP ( 'NONE', ( #1569, #1722, #3059, #2001 ) ) ;
#779 = FACE_OUTER_BOUND ( 'NONE', #3511, .T. ) ;
#780 = ORIENTED_EDGE ( 'NONE', *, *, #1394, .T. ) ;
#781 = CYLINDRICAL_SURFACE ( 'NONE', #684, 0.2099999999999990763 ) ;
#782 = MECHANICAL_DESIGN_GEOMETRIC_PRESENTATION_REPRESENTATION (  '', ( #2416 ), #2470 ) ;
#783 = EDGE_CURVE ( 'NONE', #857, #2357, #3317, .T. ) ;
#784 = ORIENTED_EDGE ( 'NONE', *, *, #534, .T. ) ;
#785 = ORIENTED_EDGE ( 'NONE', *, *, #800, .T. ) ;
#786 = DIRECTION ( 'NONE',  ( 0.000000000000000000, 0.000000000000000000, -1.000000000000000000 ) ) ;
#787 = CARTESIAN_POINT ( 'NONE',  ( -0.5637295702258144914, -3.219399999999995821, -30.95970190092345220 ) ) ;
#788 = ORIENTED_EDGE ( 'NONE', *, *, #1079, .T. ) ;
#789 = DIRECTION ( 'NONE',  ( -1.515771924513715347E-16, -0.000000000000000000, 1.000000000000000000 ) ) ;
#790 = CARTESIAN_POINT ( 'NONE',  ( -1.635762461737451323, -3.536901199999995082, 16.51865867402467103 ) ) ;
#791 = CARTESIAN_POINT ( 'NONE',  ( -0.5637295702258123820, -3.536899999999995714, -36.38953809907653181 ) ) ;
#792 = ORIENTED_EDGE ( 'NONE', *, *, #587, .T. ) ;
#793 = FACE_OUTER_BOUND ( 'NONE', #2950, .T. ) ;
#794 = ORIENTED_EDGE ( 'NONE', *, *, #3031, .T. ) ;
#795 = VERTEX_POINT ( 'NONE', #3263 ) ;
#796 = CARTESIAN_POINT ( 'NONE',  ( -6.013149999999998663, 2.852409985391800795, -3.000000000000000000 ) ) ;
#797 = PLANE ( 'NONE',  #273 ) ;
#798 = CARTESIAN_POINT ( 'NONE',  ( -6.013149999999998663, -3.219400000000000261, -3.000000000000000000 ) ) ;
#799 = DIRECTION ( 'NONE',  ( -0.000000000000000000, 1.000000000000000000, -0.000000000000000000 ) ) ;
#800 = EDGE_CURVE ( 'NONE', #1640, #416, #560, .T. ) ;
#801 = ORIENTED_EDGE ( 'NONE', *, *, #1964, .T. ) ;
#802 = CARTESIAN_POINT ( 'NONE',  ( -4.019400000000003637, 2.852409985391846092, 13.86865867402467600 ) ) ;
#803 = ADVANCED_FACE ( 'NONE', ( #280 ), #2776, .F. ) ;
#804 = AXIS2_PLACEMENT_3D ( 'NONE', #1918, #56, #573 ) ;
#805 = VECTOR ( 'NONE', #3018, 100.0000000000000000 ) ;
#806 = AXIS2_PLACEMENT_3D ( 'NONE', #2239, #1976, #3062 ) ;
#807 = DIRECTION ( 'NONE',  ( -0.000000000000000000, 1.000000000000000000, -0.000000000000000000 ) ) ;
#808 = ORIENTED_EDGE ( 'NONE', *, *, #1398, .T. ) ;
#809 = CARTESIAN_POINT ( 'NONE',  ( 0.06736203130231627201, -4.219399999999995821, -1.164325821154459817 ) ) ;
#810 = CARTESIAN_POINT ( 'NONE',  ( -4.304399999999999338, -3.219399999999995821, 0.000000000000000000 ) ) ;
#811 = ORIENTED_EDGE ( 'NONE', *, *, #962, .T. ) ;
#812 = CARTESIAN_POINT ( 'NONE',  ( -0.3043999999999991157, -3.536899999999995714, -2.984999999999999876 ) ) ;
#813 = ORIENTED_EDGE ( 'NONE', *, *, #864, .T. ) ;
#814 = DIRECTION ( 'NONE',  ( -0.000000000000000000, 1.000000000000000000, -0.000000000000000000 ) ) ;
#815 = DIRECTION ( 'NONE',  ( 0.000000000000000000, 0.000000000000000000, 1.000000000000000000 ) ) ;
#816 = DIRECTION ( 'NONE',  ( 1.000000000000000000, 0.000000000000000000, 0.000000000000000000 ) ) ;
#817 = ORIENTED_EDGE ( 'NONE', *, *, #2079, .F. ) ;
#818 = EDGE_CURVE ( 'NONE', #1913, #1482, #3299, .T. ) ;
#819 = CARTESIAN_POINT ( 'NONE',  ( -6.013149999999998663, 2.852409985391800795, -2.364999999999999769 ) ) ;
#820 = LINE ( 'NONE', #1103, #662 ) ;
#821 = ORIENTED_EDGE ( 'NONE', *, *, #3057, .T. ) ;
#822 = EDGE_CURVE ( 'NONE', #1812, #3183, #3247, .T. ) ;
#823 = AXIS2_PLACEMENT_3D ( 'NONE', #357, #1442, #2244 ) ;
#824 = ADVANCED_FACE ( 'NONE', ( #1388 ), #1888, .F. ) ;
#825 = CARTESIAN_POINT ( 'NONE',  ( -4.217463380792750627, -4.489400000000038915, -23.39699999999999847 ) ) ;
#826 = AXIS2_PLACEMENT_3D ( 'NONE', #645, #2045, #2806 ) ;
#827 = EDGE_LOOP ( 'NONE', ( #1452, #1998, #1293, #2860 ) ) ;
#828 = VECTOR ( 'NONE', #3214, 100.0000000000000000 ) ;
#829 = FACE_OUTER_BOUND ( 'NONE', #1478, .T. ) ;
#830 = CARTESIAN_POINT ( 'NONE',  ( -4.913149999999999906, 2.852409985391800795, -3.635000000000000231 ) ) ;
#831 = AXIS2_PLACEMENT_3D ( 'NONE', #1817, #3134, #374 ) ;
#832 = FACE_OUTER_BOUND ( 'NONE', #461, .T. ) ;
#833 = AXIS2_PLACEMENT_3D ( 'NONE', #819, #2499, #3292 ) ;
#834 = VERTEX_POINT ( 'NONE', #2218 ) ;
#835 = SURFACE_SIDE_STYLE ('',( #3008 ) ) ;
#836 = CARTESIAN_POINT ( 'NONE',  ( -0.4859250974149631475, 2.852409985391846536, -23.38200000000000145 ) ) ;
#837 = FACE_OUTER_BOUND ( 'NONE', #2363, .T. ) ;
#838 = VECTOR ( 'NONE', #2699, 100.0000000000000000 ) ;
#839 = ORIENTED_EDGE ( 'NONE', *, *, #283, .F. ) ;
#840 = VECTOR ( 'NONE', #1759, 100.0000000000000000 ) ;
#841 = CARTESIAN_POINT ( 'NONE',  ( -0.7256499999999996842, 2.852409985391801683, -3.635000000000000231 ) ) ;
#842 = FACE_BOUND ( 'NONE', #3351, .T. ) ;
#843 = ORIENTED_EDGE ( 'NONE', *, *, #3345, .F. ) ;
#844 = EDGE_CURVE ( 'NONE', #2880, #1765, #883, .T. ) ;
#845 = EDGE_CURVE ( 'NONE', #575, #2438, #2707, .T. ) ;
#846 = CARTESIAN_POINT ( 'NONE',  ( -6.013149999999998663, 2.852409985391800795, -2.364999999999999769 ) ) ;
#847 = ORIENTED_EDGE ( 'NONE', *, *, #1120, .F. ) ;
#848 = CARTESIAN_POINT ( 'NONE',  ( -0.4859250974149631475, -3.486899999999995448, -23.38200000000000145 ) ) ;
#849 = CARTESIAN_POINT ( 'NONE',  ( -4.217463380792750627, -3.536899999999995714, -23.39699999999999847 ) ) ;
#850 = ADVANCED_FACE ( 'NONE', ( #8 ), #312, .F. ) ;
#851 = DIRECTION ( 'NONE',  ( -0.000000000000000000, -1.000000000000000000, -0.000000000000000000 ) ) ;
#852 = ORIENTED_EDGE ( 'NONE', *, *, #325, .F. ) ;
#853 = CYLINDRICAL_SURFACE ( 'NONE', #1330, 0.2799999999999996936 ) ;
#854 = CARTESIAN_POINT ( 'NONE',  ( 0.3743500000000002936, -3.219400000000000261, -3.635000000000000231 ) ) ;
#855 = CARTESIAN_POINT ( 'NONE',  ( -0.3043999999999991157, -3.536899999999995714, -3.649999999999999911 ) ) ;
#856 = ORIENTED_EDGE ( 'NONE', *, *, #2288, .T. ) ;
#857 = VERTEX_POINT ( 'NONE', #1109 ) ;
#858 = CARTESIAN_POINT ( 'NONE',  ( -1.319399999999999018, -3.486899999999995448, -3.000000000000000000 ) ) ;
#859 = FACE_BOUND ( 'NONE', #2738, .T. ) ;
#860 = DIRECTION ( 'NONE',  ( -1.000000000000000000, 0.000000000000000000, 0.000000000000000000 ) ) ;
#861 = CIRCLE ( 'NONE', #2496, 0.2099999999999996314 ) ;
#862 = VECTOR ( 'NONE', #3001, 100.0000000000000000 ) ;
#863 = CARTESIAN_POINT ( 'NONE',  ( -5.184649999999998649, 0.2752579228333830175, -3.000000000000000000 ) ) ;
#864 = EDGE_CURVE ( 'NONE', #1745, #2715, #2201, .T. ) ;
#865 = EDGE_LOOP ( 'NONE', ( #3267, #2724 ) ) ;
#866 = DIRECTION ( 'NONE',  ( -0.000000000000000000, 1.000000000000000000, -0.000000000000000000 ) ) ;
#867 = CARTESIAN_POINT ( 'NONE',  ( -1.485925097414963370, -3.754400000000038151, -22.74699999999999989 ) ) ;
#868 = AXIS2_PLACEMENT_3D ( 'NONE', #1707, #172, #959 ) ;
#869 = DIRECTION ( 'NONE',  ( -0.000000000000000000, 1.000000000000000000, -0.000000000000000000 ) ) ;
#870 = EDGE_CURVE ( 'NONE', #2827, #2956, #2923, .T. ) ;
#871 = ORIENTED_EDGE ( 'NONE', *, *, #3486, .T. ) ;
#872 = CARTESIAN_POINT ( 'NONE',  ( -5.334399999999998698, -3.536899999999995714, -2.984999999999999876 ) ) ;
#873 = LINE ( 'NONE', #855, #946 ) ;
#874 = EDGE_CURVE ( 'NONE', #50, #1745, #3528, .T. ) ;
#875 = ORIENTED_EDGE ( 'NONE', *, *, #2928, .T. ) ;
#876 = ORIENTED_EDGE ( 'NONE', *, *, #1760, .F. ) ;
#877 = CARTESIAN_POINT ( 'NONE',  ( -5.463149999999998840, 0.2752579228333829064, 17.43364606999999467 ) ) ;
#878 = FACE_BOUND ( 'NONE', #2958, .T. ) ;
#879 = DIRECTION ( 'NONE',  ( 0.000000000000000000, 1.000000000000000000, 0.000000000000000000 ) ) ;
#880 = LINE ( 'NONE', #3041, #697 ) ;
#881 = DIRECTION ( 'NONE',  ( 6.081606377978406119E-17, -1.000000000000000000, 0.000000000000000000 ) ) ;
#882 = CYLINDRICAL_SURFACE ( 'NONE', #2125, 0.2099999999999990763 ) ;
#883 = LINE ( 'NONE', #1665, #2410 ) ;
#884 = VECTOR ( 'NONE', #3398, 100.0000000000000000 ) ;
#885 = DIRECTION ( 'NONE',  ( 0.000000000000000000, 0.000000000000000000, 1.000000000000000000 ) ) ;
#886 = VECTOR ( 'NONE', #2316, 100.0000000000000000 ) ;
#887 = VERTEX_POINT ( 'NONE', #2973 ) ;
#888 = CARTESIAN_POINT ( 'NONE',  ( -1.500925097414963050, -3.219399999999995821, -22.73199999999999932 ) ) ;
#889 = DIRECTION ( 'NONE',  ( 1.000000000000000000, 0.000000000000000000, 0.000000000000000000 ) ) ;
#890 = CARTESIAN_POINT ( 'NONE',  ( -3.114797553316628775, -3.536899999999995714, -36.17953809907653806 ) ) ;
#891 = ORIENTED_EDGE ( 'NONE', *, *, #434, .T. ) ;
#892 = AXIS2_PLACEMENT_3D ( 'NONE', #1191, #2252, #435 ) ;
#893 = EDGE_CURVE ( 'NONE', #3423, #1997, #401, .T. ) ;
#894 = CLOSED_SHELL ( 'NONE', ( #348, #391, #2681, #84, #2617, #1555, #54, #3002, #329, #2220, #1399, #2870, #2844, #1485, #134, #178, #55, #409, #1095, #2362, #723, #277, #1568, #3099, #1592, #652, #2710, #1434, #200, #1710, #1667, #2988, #1139, #2952, #3319, #2525, #2182, #3305, #3294, #803, #984, #1261, #1969, #1708, #2745, #1508, #2197, #3531, #173, #1806 ) ) ;
#895 = EDGE_CURVE ( 'NONE', #3178, #795, #2541, .T. ) ;
#896 = ORIENTED_EDGE ( 'NONE', *, *, #3132, .F. ) ;
#897 = CARTESIAN_POINT ( 'NONE',  ( -4.304399999999999338, -3.219399999999995821, -2.984999999999999876 ) ) ;
#898 = FACE_BOUND ( 'NONE', #2862, .T. ) ;
#899 = AXIS2_PLACEMENT_3D ( 'NONE', #2476, #1892, #286 ) ;
#900 = CARTESIAN_POINT ( 'NONE',  ( 0.06736203130231627201, -4.219399999999995821, -12.93836865193854813 ) ) ;
#901 = ORIENTED_EDGE ( 'NONE', *, *, #1259, .T. ) ;
#902 = CARTESIAN_POINT ( 'NONE',  ( -6.391389809102420827, -3.219399999999995821, -37.50000000000000000 ) ) ;
#903 = CARTESIAN_POINT ( 'NONE',  ( 0.1028499999999987757, -0.2752579228333828509, 17.43364606999999467 ) ) ;
#904 = DIRECTION ( 'NONE',  ( 0.000000000000000000, -1.000000000000000000, 0.000000000000000000 ) ) ;
#905 = ORIENTED_EDGE ( 'NONE', *, *, #1120, .T. ) ;
#906 = LINE ( 'NONE', #141, #3194 ) ;
#907 = DIRECTION ( 'NONE',  ( 1.000000000000000000, 0.000000000000000000, 0.000000000000000000 ) ) ;
#908 = CARTESIAN_POINT ( 'NONE',  ( -6.391389809102427044, -3.219399999999995821, 17.43354606999999490 ) ) ;
#909 = EDGE_LOOP ( 'NONE', ( #1055, #2471 ) ) ;
#910 = VERTEX_POINT ( 'NONE', #76 ) ;
#911 = EDGE_CURVE ( 'NONE', #2503, #2511, #3337, .T. ) ;
#912 = DIRECTION ( 'NONE',  ( -1.000000000000000000, 0.000000000000000000, 0.000000000000000000 ) ) ;
#913 = DIRECTION ( 'NONE',  ( 0.000000000000000000, 0.000000000000000000, -1.000000000000000000 ) ) ;
#914 = ORIENTED_EDGE ( 'NONE', *, *, #2504, .T. ) ;
#915 = LINE ( 'NONE', #2002, #153 ) ;
#916 = EDGE_CURVE ( 'NONE', #3056, #735, #2296, .T. ) ;
#917 = EDGE_CURVE ( 'NONE', #3109, #673, #138, .T. ) ;
#918 = LINE ( 'NONE', #380, #3369 ) ;
#919 = ORIENTED_EDGE ( 'NONE', *, *, #1230, .F. ) ;
#920 = CARTESIAN_POINT ( 'NONE',  ( -1.619400000000005502, -3.219399999999995821, 13.99365867402467600 ) ) ;
#921 = DIRECTION ( 'NONE',  ( 1.000000000000000000, 0.000000000000000000, 0.000000000000000000 ) ) ;
#922 = ORIENTED_EDGE ( 'NONE', *, *, #3123, .F. ) ;
#923 = CARTESIAN_POINT ( 'NONE',  ( -4.232463380792751195, -3.486899999999995448, -23.38200000000000145 ) ) ;
#924 = VECTOR ( 'NONE', #2682, 100.0000000000000000 ) ;
#925 = ORIENTED_EDGE ( 'NONE', *, *, #3445, .T. ) ;
#926 = CARTESIAN_POINT ( 'NONE',  ( -0.3043999999999991157, -4.489399999999990953, -3.649999999999999911 ) ) ;
#927 = FACE_OUTER_BOUND ( 'NONE', #2694, .T. ) ;
#928 = AXIS2_PLACEMENT_3D ( 'NONE', #1180, #1716, #2545 ) ;
#929 = EDGE_LOOP ( 'NONE', ( #736, #2850, #3215, #1694 ) ) ;
#930 = EDGE_LOOP ( 'NONE', ( #2627, #2805, #785, #1909 ) ) ;
#931 = CARTESIAN_POINT ( 'NONE',  ( -0.4859250974149631475, -3.486899999999995448, -23.38200000000000145 ) ) ;
#932 = CARTESIAN_POINT ( 'NONE',  ( -6.391389809102427044, -3.536899999999995714, 17.43354606999999490 ) ) ;
#933 = LINE ( 'NONE', #2074, #2642 ) ;
#934 = EDGE_CURVE ( 'NONE', #3056, #69, #2874, .T. ) ;
#935 = ORIENTED_EDGE ( 'NONE', *, *, #3132, .T. ) ;
#936 = CARTESIAN_POINT ( 'NONE',  ( -5.741649999999998144, -0.2752579228333828509, -3.635000000000000231 ) ) ;
#937 = DIRECTION ( 'NONE',  ( -0.000000000000000000, 1.000000000000000000, -0.000000000000000000 ) ) ;
#938 = EDGE_CURVE ( 'NONE', #253, #3109, #115, .T. ) ;
#939 = EDGE_LOOP ( 'NONE', ( #817, #919 ) ) ;
#940 = DIRECTION ( 'NONE',  ( 1.000000000000000000, 0.000000000000000000, 0.000000000000000000 ) ) ;
#941 = CARTESIAN_POINT ( 'NONE',  ( -1.586681514455094755, -3.536901199999995526, 16.51540525860821873 ) ) ;
#942 = ORIENTED_EDGE ( 'NONE', *, *, #2202, .T. ) ;
#943 = CARTESIAN_POINT ( 'NONE',  ( -5.463149999999998840, 0.000000000000000000, -2.364999999999999769 ) ) ;
#944 = ORIENTED_EDGE ( 'NONE', *, *, #1348, .T. ) ;
#945 = DIRECTION ( 'NONE',  ( 1.000000000000000000, 0.000000000000000000, 0.000000000000000000 ) ) ;
#946 = VECTOR ( 'NONE', #3028, 100.0000000000000000 ) ;
#947 = CYLINDRICAL_SURFACE ( 'NONE', #2014, 0.2799999999999991940 ) ;
#948 = EDGE_LOOP ( 'NONE', ( #1323, #2049, #1372, #1538 ) ) ;
#949 = VECTOR ( 'NONE', #1214, 100.0000000000000000 ) ;
#950 = VERTEX_POINT ( 'NONE', #3061 ) ;
#951 = CARTESIAN_POINT ( 'NONE',  ( -1.719358355299778207, -3.536901199999995526, 14.07047701402154338 ) ) ;
#952 = FACE_OUTER_BOUND ( 'NONE', #2987, .T. ) ;
#953 = AXIS2_PLACEMENT_3D ( 'NONE', #2837, #2281, #1241 ) ;
#954 = AXIS2_PLACEMENT_3D ( 'NONE', #1086, #2665, #3139 ) ;
#955 = ORIENTED_EDGE ( 'NONE', *, *, #2949, .F. ) ;
#956 = LINE ( 'NONE', #1487, #1575 ) ;
#957 = CIRCLE ( 'NONE', #271, 0.1250000000000001110 ) ;
#958 = AXIS2_PLACEMENT_3D ( 'NONE', #2058, #1365, #2173 ) ;
#959 = DIRECTION ( 'NONE',  ( -1.000000000000000000, 0.000000000000000000, 0.000000000000000000 ) ) ;
#960 = EDGE_CURVE ( 'NONE', #2974, #511, #1257, .T. ) ;
#961 = PLANE ( 'NONE',  #488 ) ;
#962 = EDGE_CURVE ( 'NONE', #3079, #2187, #2711, .T. ) ;
#963 = CARTESIAN_POINT ( 'NONE',  ( -4.019400000000003637, -3.219399999999995821, 13.99365867402467600 ) ) ;
#964 = CARTESIAN_POINT ( 'NONE',  ( -0.4541500000000003867, 0.2752579228333830175, 17.43364606999999467 ) ) ;
#965 = VERTEX_POINT ( 'NONE', #2815 ) ;
#966 = DIRECTION ( 'NONE',  ( 0.000000000000000000, 0.000000000000000000, -1.000000000000000000 ) ) ;
#967 = ORIENTED_EDGE ( 'NONE', *, *, #776, .T. ) ;
#968 = DIRECTION ( 'NONE',  ( 0.000000000000000000, -1.000000000000000000, 0.000000000000000000 ) ) ;
#969 = ADVANCED_FACE ( 'NONE', ( #383 ), #2793, .T. ) ;
#970 = CARTESIAN_POINT ( 'NONE',  ( 0.3743500000000002936, -3.219400000000000261, -3.000000000000000000 ) ) ;
#971 = DIRECTION ( 'NONE',  ( -1.000000000000000000, 0.000000000000000000, 0.000000000000000000 ) ) ;
#972 = EDGE_LOOP ( 'NONE', ( #1122, #2407 ) ) ;
#973 = ORIENTED_EDGE ( 'NONE', *, *, #1456, .T. ) ;
#974 = ORIENTED_EDGE ( 'NONE', *, *, #845, .T. ) ;
#975 = CARTESIAN_POINT ( 'NONE',  ( -1.696218339996870217, -3.536901199999995526, 13.89370031872489974 ) ) ;
#976 = DIRECTION ( 'NONE',  ( 0.000000000000000000, 0.000000000000000000, -1.000000000000000000 ) ) ;
#977 = VERTEX_POINT ( 'NONE', #672 ) ;
#978 = DIRECTION ( 'NONE',  ( 0.000000000000000000, -1.000000000000000000, 0.000000000000000000 ) ) ;
#979 = FACE_OUTER_BOUND ( 'NONE', #1046, .T. ) ;
#980 = CARTESIAN_POINT ( 'NONE',  ( -6.391389809102427044, -3.536899999999995714, 17.43354606999999490 ) ) ;
#981 = CARTESIAN_POINT ( 'NONE',  ( 0.3743500000000001826, 2.852409985391800795, -3.635000000000000231 ) ) ;
#982 = DIRECTION ( 'NONE',  ( -1.000000000000000000, 0.000000000000000000, 0.000000000000000000 ) ) ;
#983 = MANIFOLD_SOLID_BREP ( 'Tab and Slot-Tab3', #1682 ) ;
#984 = ADVANCED_FACE ( 'NONE', ( #190 ), #1770, .F. ) ;
#985 = VERTEX_POINT ( 'NONE', #2598 ) ;
#986 = LINE ( 'NONE', #1276, #3095 ) ;
#987 = CARTESIAN_POINT ( 'NONE',  ( -5.463149999999998840, 0.2752579228333829064, -3.000000000000000000 ) ) ;
#988 = ORIENTED_EDGE ( 'NONE', *, *, #2531, .F. ) ;
#989 = DIRECTION ( 'NONE',  ( 1.000000000000000000, 0.000000000000000000, 0.000000000000000000 ) ) ;
#990 = EDGE_CURVE ( 'NONE', #3479, #217, #3184, .T. ) ;
#991 = ORIENTED_EDGE ( 'NONE', *, *, #580, .T. ) ;
#992 = EDGE_CURVE ( 'NONE', #1390, #857, #2614, .T. ) ;
#993 = CARTESIAN_POINT ( 'NONE',  ( 0.06736203130231629976, -3.536899999999995714, -1.444325821154459843 ) ) ;
#994 = DIRECTION ( 'NONE',  ( 0.000000000000000000, -0.000000000000000000, 1.000000000000000000 ) ) ;
#995 = DIRECTION ( 'NONE',  ( -1.000000000000000000, 0.000000000000000000, 0.000000000000000000 ) ) ;
#996 = CARTESIAN_POINT ( 'NONE',  ( -1.485925097414963370, -3.486899999999995448, -23.38200000000000145 ) ) ;
#997 = CARTESIAN_POINT ( 'NONE',  ( -4.128623298544286335, -3.536901199999995526, 16.33070630147831181 ) ) ;
#998 = VERTEX_POINT ( 'NONE', #1807 ) ;
#999 = CARTESIAN_POINT ( 'NONE',  ( -1.619400000000005502, -3.219399999999995821, 14.11865867402467600 ) ) ;
#1000 = EDGE_LOOP ( 'NONE', ( #792, #1437, #2637, #405 ) ) ;
#1001 = CARTESIAN_POINT ( 'NONE',  ( -5.334399999999998698, -3.219399999999995821, -3.649999999999999911 ) ) ;
#1002 = VERTEX_POINT ( 'NONE', #1856 ) ;
#1003 = CIRCLE ( 'NONE', #3447, 0.1250000000000001110 ) ;
#1004 = EDGE_LOOP ( 'NONE', ( #732, #1393, #1881, #1193 ) ) ;
#1005 = CARTESIAN_POINT ( 'NONE',  ( -3.919441644700231375, -3.536901199999995526, 13.91684033402781040 ) ) ;
#1006 = CARTESIAN_POINT ( 'NONE',  ( -1.619400000000004614, 2.852409985391846092, 16.39365867402467458 ) ) ;
#1007 = EDGE_CURVE ( 'NONE', #635, #1993, #2382, .T. ) ;
#1008 = VECTOR ( 'NONE', #921, 100.0000000000000000 ) ;
#1009 = ORIENTED_EDGE ( 'NONE', *, *, #1185, .T. ) ;
#1010 = CARTESIAN_POINT ( 'NONE',  ( -1.619400000000004614, -3.536900599999995176, 16.26865867402467458 ) ) ;
#1011 = VECTOR ( 'NONE', #1720, 100.0000000000000000 ) ;
#1012 = VECTOR ( 'NONE', #2771, 100.0000000000000000 ) ;
#1013 = CARTESIAN_POINT ( 'NONE',  ( -4.052118485544915494, -3.536901199999995526, 16.27191208944113399 ) ) ;
#1014 = PLANE ( 'NONE',  #185 ) ;
#1015 = ORIENTED_EDGE ( 'NONE', *, *, #2078, .T. ) ;
#1016 =( NAMED_UNIT ( * ) PLANE_ANGLE_UNIT ( ) SI_UNIT ( $, .RADIAN. ) );
#1017 = LINE ( 'NONE', #3420, #375 ) ;
#1018 = EDGE_LOOP ( 'NONE', ( #316, #2990, #447, #2547 ) ) ;
#1019 = FACE_OUTER_BOUND ( 'NONE', #3233, .T. ) ;
#1020 = ORIENTED_EDGE ( 'NONE', *, *, #1298, .T. ) ;
#1021 = ORIENTED_EDGE ( 'NONE', *, *, #1448, .T. ) ;
#1022 = MANIFOLD_SOLID_BREP ( 'Cut-Extrude5', #894 ) ;
#1023 = LINE ( 'NONE', #2089, #728 ) ;
#1024 = LINE ( 'NONE', #2122, #2515 ) ;
#1025 = ORIENTED_EDGE ( 'NONE', *, *, #1595, .T. ) ;
#1026 = EDGE_CURVE ( 'NONE', #69, #419, #772, .T. ) ;
#1027 = APPLICATION_CONTEXT ( 'automotive_design' ) ;
#1028 = VECTOR ( 'NONE', #2116, 100.0000000000000000 ) ;
#1029 = CARTESIAN_POINT ( 'NONE',  ( -1.696218339996868885, -3.536901199999995082, 16.49361702932444729 ) ) ;
#1030 = EDGE_CURVE ( 'NONE', #1718, #2297, #454, .T. ) ;
#1031 = AXIS2_PLACEMENT_3D ( 'NONE', #1077, #3182, #749 ) ;
#1032 = ADVANCED_FACE ( 'NONE', ( #2026 ), #1984, .T. ) ;
#1033 = DIRECTION ( 'NONE',  ( 0.000000000000000000, 0.000000000000000000, 1.000000000000000000 ) ) ;
#1034 = CARTESIAN_POINT ( 'NONE',  ( -1.500925097414963050, -4.489400000000038915, -23.39699999999999847 ) ) ;
#1035 = EDGE_LOOP ( 'NONE', ( #2445, #1496, #1535, #503 ) ) ;
#1036 = CARTESIAN_POINT ( 'NONE',  ( -1.494400000000005724, -3.536901199999995082, 13.97729621228722685 ) ) ;
#1037 = ORIENTED_EDGE ( 'NONE', *, *, #603, .T. ) ;
#1038 = DIRECTION ( 'NONE',  ( 0.000000000000000000, 0.000000000000000000, 1.000000000000000000 ) ) ;
#1039 = VERTEX_POINT ( 'NONE', #936 ) ;
#1040 = VERTEX_POINT ( 'NONE', #417 ) ;
#1041 = CARTESIAN_POINT ( 'NONE',  ( -3.114797553316629664, -3.536899999999995714, -30.95970190092345220 ) ) ;
#1042 = FACE_OUTER_BOUND ( 'NONE', #3377, .T. ) ;
#1043 = AXIS2_PLACEMENT_3D ( 'NONE', #2032, #966, #1494 ) ;
#1044 = CARTESIAN_POINT ( 'NONE',  ( 0.3743500000000004047, 2.852409985391800795, -2.364999999999999769 ) ) ;
#1045 = AXIS2_PLACEMENT_3D ( 'NONE', #3207, #507, #489 ) ;
#1046 = EDGE_LOOP ( 'NONE', ( #1928, #1512, #1196, #699 ) ) ;
#1047 = LINE ( 'NONE', #802, #208 ) ;
#1048 = VECTOR ( 'NONE', #2167, 100.0000000000000000 ) ;
#1049 = ADVANCED_FACE ( 'NONE', ( #2061 ), #1229, .F. ) ;
#1050 = DIRECTION ( 'NONE',  ( -0.000000000000000000, 1.000000000000000000, -0.000000000000000000 ) ) ;
#1051 = ADVANCED_FACE ( 'NONE', ( #2828 ), #721, .T. ) ;
#1052 = PLANE ( 'NONE',  #3489 ) ;
#1053 = ORIENTED_EDGE ( 'NONE', *, *, #2319, .T. ) ;
#1054 = CARTESIAN_POINT ( 'NONE',  ( -1.619400000000004614, 2.852409985391846092, 16.26865867402467458 ) ) ;
#1055 = ORIENTED_EDGE ( 'NONE', *, *, #106, .F. ) ;
#1056 = DIRECTION ( 'NONE',  ( -0.000000000000000000, 1.000000000000000000, -0.000000000000000000 ) ) ;
#1057 = ORIENTED_EDGE ( 'NONE', *, *, #2247, .T. ) ;
#1058 = DIRECTION ( 'NONE',  ( -0.000000000000000000, 1.000000000000000000, -0.000000000000000000 ) ) ;
#1059 = DIRECTION ( 'NONE',  ( 0.000000000000000000, -1.000000000000000000, 0.000000000000000000 ) ) ;
#1060 = VECTOR ( 'NONE', #2163, 100.0000000000000000 ) ;
#1061 = VERTEX_POINT ( 'NONE', #2313 ) ;
#1062 = LINE ( 'NONE', #1869, #592 ) ;
#1063 = VECTOR ( 'NONE', #1325, 100.0000000000000000 ) ;
#1064 = CARTESIAN_POINT ( 'NONE',  ( -5.253149999999998876, 0.000000000000000000, -2.999999999999997335 ) ) ;
#1065 = PRODUCT ( 'Actuator Base', 'Actuator Base', '', ( #2386 ) ) ;
#1066 = AXIS2_PLACEMENT_3D ( 'NONE', #3074, #978, #1766 ) ;
#1067 = VECTOR ( 'NONE', #1978, 100.0000000000000000 ) ;
#1068 = AXIS2_PLACEMENT_3D ( 'NONE', #626, #1397, #609 ) ;
#1069 = CARTESIAN_POINT ( 'NONE',  ( -5.184649999999998649, -0.2752579228333829064, -3.635000000000000231 ) ) ;
#1070 = EDGE_CURVE ( 'NONE', #1166, #1622, #3153, .T. ) ;
#1071 = VECTOR ( 'NONE', #2177, 100.0000000000000000 ) ;
#1072 = EDGE_CURVE ( 'NONE', #69, #2503, #2846, .T. ) ;
#1073 = UNCERTAINTY_MEASURE_WITH_UNIT (LENGTH_MEASURE( 1.000000000000000082E-05 ), #1199, 'distance_accuracy_value', 'NONE');
#1074 = ORIENTED_EDGE ( 'NONE', *, *, #246, .T. ) ;
#1075 = DIRECTION ( 'NONE',  ( 0.000000000000000000, 0.000000000000000000, 1.000000000000000000 ) ) ;
#1076 = ORIENTED_EDGE ( 'NONE', *, *, #2380, .F. ) ;
#1077 = CARTESIAN_POINT ( 'NONE',  ( -0.1756500000000008055, 0.2752579228333829064, 17.43364606999999467 ) ) ;
#1078 = AXIS2_PLACEMENT_3D ( 'NONE', #2985, #3314, #860 ) ;
#1079 = EDGE_CURVE ( 'NONE', #1824, #1913, #3352, .T. ) ;
#1080 = ORIENTED_EDGE ( 'NONE', *, *, #224, .T. ) ;
#1081 = VECTOR ( 'NONE', #3512, 100.0000000000000000 ) ;
#1082 = CARTESIAN_POINT ( 'NONE',  ( -5.706162031302314475, -3.219399999999995821, -1.444325821154458955 ) ) ;
#1083 = CARTESIAN_POINT ( 'NONE',  ( -5.706162031302314475, -3.536899999999995714, -1.164325821154459817 ) ) ;
#1084 = DIRECTION ( 'NONE',  ( -0.000000000000000000, 1.000000000000000000, -0.000000000000000000 ) ) ;
#1085 = VERTEX_POINT ( 'NONE', #3390 ) ;
#1086 = CARTESIAN_POINT ( 'NONE',  ( -4.019400000000004525, 2.852409985391846092, 16.39365867402467458 ) ) ;
#1087 = CARTESIAN_POINT ( 'NONE',  ( 0.3743500000000001826, -1.317637338226829158, -3.000000000000000000 ) ) ;
#1088 = EDGE_LOOP ( 'NONE', ( #1486, #186, #871, #2208 ) ) ;
#1089 = FACE_OUTER_BOUND ( 'NONE', #1409, .T. ) ;
#1090 = EDGE_LOOP ( 'NONE', ( #2835, #922, #262, #811 ) ) ;
#1091 = DIRECTION ( 'NONE',  ( -0.000000000000000000, 1.000000000000000000, -0.000000000000000000 ) ) ;
#1092 = CARTESIAN_POINT ( 'NONE',  ( -5.232463380792751195, 2.852409985391846536, -23.38200000000000145 ) ) ;
#1093 = VERTEX_POINT ( 'NONE', #111 ) ;
#1094 = FACE_OUTER_BOUND ( 'NONE', #2419, .T. ) ;
#1095 = ADVANCED_FACE ( 'NONE', ( #1543 ), #1468, .F. ) ;
#1096 = EDGE_LOOP ( 'NONE', ( #876, #2719 ) ) ;
#1097 = FACE_OUTER_BOUND ( 'NONE', #1290, .T. ) ;
#1098 = PRESENTATION_STYLE_ASSIGNMENT (( #1620 ) ) ;
#1099 = CARTESIAN_POINT ( 'NONE',  ( -5.741649999999998144, 0.2752579228333827954, -3.000000000000000000 ) ) ;
#1100 = EDGE_CURVE ( 'NONE', #2971, #3097, #915, .T. ) ;
#1101 = ADVANCED_FACE ( 'NONE', ( #3093 ), #705, .T. ) ;
#1102 = EDGE_LOOP ( 'NONE', ( #1215, #2684, #2226, #788 ) ) ;
#1103 = CARTESIAN_POINT ( 'NONE',  ( 0.3743500000000002936, -3.219400000000000261, -3.635000000000000231 ) ) ;
#1104 = CIRCLE ( 'NONE', #3011, 0.2784999999999995812 ) ;
#1105 = CIRCLE ( 'NONE', #1987, 0.2799999999999991940 ) ;
#1106 = LINE ( 'NONE', #591, #3492 ) ;
#1107 = ORIENTED_EDGE ( 'NONE', *, *, #1202, .T. ) ;
#1108 = LINE ( 'NONE', #1600, #2754 ) ;
#1109 = CARTESIAN_POINT ( 'NONE',  ( -0.7256499999999995731, 0.000000000000000000, -2.364999999999999769 ) ) ;
#1110 = CARTESIAN_POINT ( 'NONE',  ( -0.3193999999999988515, -3.486899999999995448, -3.635000000000000231 ) ) ;
#1111 = ORIENTED_EDGE ( 'NONE', *, *, #2344, .T. ) ;
#1112 = DIRECTION ( 'NONE',  ( -0.000000000000000000, 1.000000000000000000, -0.000000000000000000 ) ) ;
#1113 = DIRECTION ( 'NONE',  ( -0.000000000000000000, 1.000000000000000000, -0.000000000000000000 ) ) ;
#1114 = EDGE_LOOP ( 'NONE', ( #176, #2307 ) ) ;
#1115 = EDGE_CURVE ( 'NONE', #2357, #3289, #3094, .T. ) ;
#1116 = EDGE_CURVE ( 'NONE', #735, #1615, #956, .T. ) ;
#1117 = CARTESIAN_POINT ( 'NONE',  ( -0.7256499999999995731, 0.000000000000000000, -3.000000000000000000 ) ) ;
#1118 = FACE_OUTER_BOUND ( 'NONE', #3003, .T. ) ;
#1119 = CIRCLE ( 'NONE', #3091, 0.2799999999999991940 ) ;
#1120 = EDGE_CURVE ( 'NONE', #2254, #3183, #2886, .T. ) ;
#1121 = CARTESIAN_POINT ( 'NONE',  ( -1.500925097414963050, -4.489400000000038915, -23.39699999999999847 ) ) ;
#1122 = ORIENTED_EDGE ( 'NONE', *, *, #2176, .T. ) ;
#1123 = VECTOR ( 'NONE', #1075, 100.0000000000000000 ) ;
#1124 = PLANE ( 'NONE',  #1796 ) ;
#1125 = DIRECTION ( 'NONE',  ( 0.000000000000000000, 0.000000000000000000, -1.000000000000000000 ) ) ;
#1126 = CIRCLE ( 'NONE', #2015, 0.2099999999999990763 ) ;
#1127 = CYLINDRICAL_SURFACE ( 'NONE', #2335, 2.093750000000000000 ) ;
#1128 = VECTOR ( 'NONE', #1930, 100.0000000000000000 ) ;
#1129 = ORIENTED_EDGE ( 'NONE', *, *, #1655, .T. ) ;
#1130 = DIRECTION ( 'NONE',  ( 0.000000000000000000, 0.000000000000000000, 1.000000000000000000 ) ) ;
#1131 = DIRECTION ( 'NONE',  ( 0.000000000000000000, 1.000000000000000000, 0.000000000000000000 ) ) ;
#1132 = ORIENTED_EDGE ( 'NONE', *, *, #2265, .F. ) ;
#1133 = ORIENTED_EDGE ( 'NONE', *, *, #1752, .F. ) ;
#1134 = CIRCLE ( 'NONE', #42, 2.093750000000000000 ) ;
#1135 = DIRECTION ( 'NONE',  ( 0.000000000000000000, 0.000000000000000000, 1.000000000000000000 ) ) ;
#1136 = FACE_BOUND ( 'NONE', #1814, .T. ) ;
#1137 = ADVANCED_FACE ( 'NONE', ( #132 ), #2867, .T. ) ;
#1138 = CARTESIAN_POINT ( 'NONE',  ( -5.247463380792750876, -3.536899999999995714, -22.73199999999999932 ) ) ;
#1139 = ADVANCED_FACE ( 'NONE', ( #1526 ), #656, .T. ) ;
#1140 = ADVANCED_FACE ( 'NONE', ( #2036 ), #1755, .F. ) ;
#1141 = VERTEX_POINT ( 'NONE', #694 ) ;
#1142 = DIRECTION ( 'NONE',  ( 0.000000000000000000, -0.000000000000000000, 1.000000000000000000 ) ) ;
#1143 = AXIS2_PLACEMENT_3D ( 'NONE', #1842, #526, #2688 ) ;
#1144 = FACE_OUTER_BOUND ( 'NONE', #2317, .T. ) ;
#1145 = ORIENTED_EDGE ( 'NONE', *, *, #386, .T. ) ;
#1146 = DIRECTION ( 'NONE',  ( -1.000000000000000000, -0.000000000000000000, -0.000000000000000000 ) ) ;
#1147 = FACE_OUTER_BOUND ( 'NONE', #498, .T. ) ;
#1148 = LINE ( 'NONE', #1392, #1950 ) ;
#1149 = CARTESIAN_POINT ( 'NONE',  ( -4.549400000000000333, 4.576446962273807821E-14, -22.74699999999999989 ) ) ;
#1150 = ORIENTED_EDGE ( 'NONE', *, *, #2159, .T. ) ;
#1151 = B_SPLINE_CURVE_WITH_KNOTS ( 'NONE', 3,
 ( #282, #1376, #3338, #2601, #2278, #2817, #2012, #2298, #1216, #1513, #1992, #1533, #140, #100, #385, #731, #2523, #3083 ),
 .UNSPECIFIED., .F., .F.,
 ( 4, 2, 2, 2, 2, 2, 2, 2, 4 ),
 ( 0.000000000000000000, 0.06250000000000000000, 0.1250000000000000000, 0.1875000000000000000, 0.2500000000000000000, 0.3125000000000000000, 0.3750000000000000000, 0.4375000000000000000, 0.5000000000000000000 ),
 .UNSPECIFIED. ) ;
#1152 = EDGE_LOOP ( 'NONE', ( #1838, #2845, #2638, #1532 ) ) ;
#1153 = FACE_OUTER_BOUND ( 'NONE', #1846, .T. ) ;
#1154 = LINE ( 'NONE', #570, #3503 ) ;
#1155 = CIRCLE ( 'NONE', #62, 0.2799999999999996936 ) ;
#1156 = LINE ( 'NONE', #1662, #3302 ) ;
#1157 = AXIS2_PLACEMENT_3D ( 'NONE', #285, #2439, #2425 ) ;
#1158 = ORIENTED_EDGE ( 'NONE', *, *, #3281, .T. ) ;
#1159 = EDGE_CURVE ( 'NONE', #3291, #1636, #2509, .T. ) ;
#1160 = CARTESIAN_POINT ( 'NONE',  ( -5.334399999999998698, -4.489399999999990953, -2.984999999999999876 ) ) ;
#1161 = DIRECTION ( 'NONE',  ( 0.000000000000000000, 0.000000000000000000, -1.000000000000000000 ) ) ;
#1162 = ORIENTED_EDGE ( 'NONE', *, *, #2600, .F. ) ;
#1163 = LINE ( 'NONE', #796, #2501 ) ;
#1164 = CARTESIAN_POINT ( 'NONE',  ( 0.06736203130231627201, -3.219399999999995821, -1.164325821154459817 ) ) ;
#1165 = LINE ( 'NONE', #3288, #3208 ) ;
#1166 = VERTEX_POINT ( 'NONE', #2821 ) ;
#1167 = ORIENTED_EDGE ( 'NONE', *, *, #2789, .T. ) ;
#1168 = CARTESIAN_POINT ( 'NONE',  ( -4.913149999999999906, 2.852409985391800795, -3.635000000000000231 ) ) ;
#1169 = DIRECTION ( 'NONE',  ( -1.000000000000000000, 1.577021341797097807E-16, -0.000000000000000000 ) ) ;
#1170 = CARTESIAN_POINT ( 'NONE',  ( -1.619400000000004614, -3.219399999999995821, 16.39365867402467458 ) ) ;
#1171 = VECTOR ( 'NONE', #747, 100.0000000000000000 ) ;
#1172 = ORIENTED_EDGE ( 'NONE', *, *, #895, .T. ) ;
#1173 = DIRECTION ( 'NONE',  ( -1.000000000000000000, 0.000000000000000000, 0.000000000000000000 ) ) ;
#1174 = CARTESIAN_POINT ( 'NONE',  ( -1.603037538262557238, -3.536901199999995082, 16.26865867402467813 ) ) ;
#1175 = VECTOR ( 'NONE', #3371, 100.0000000000000000 ) ;
#1176 = CARTESIAN_POINT ( 'NONE',  ( -1.319399999999999018, -3.219400000000000261, -3.635000000000000231 ) ) ;
#1177 = EDGE_CURVE ( 'NONE', #449, #1812, #2223, .T. ) ;
#1178 = AXIS2_PLACEMENT_3D ( 'NONE', #1995, #407, #3126 ) ;
#1179 = ORIENTED_EDGE ( 'NONE', *, *, #2531, .T. ) ;
#1180 = CARTESIAN_POINT ( 'NONE',  ( -4.232463380792751195, -3.754400000000038151, -23.38200000000000145 ) ) ;
#1181 = DIRECTION ( 'NONE',  ( 0.000000000000000000, -0.000000000000000000, 1.000000000000000000 ) ) ;
#1182 = DIRECTION ( 'NONE',  ( 0.000000000000000000, 0.000000000000000000, -1.000000000000000000 ) ) ;
#1183 = ORIENTED_EDGE ( 'NONE', *, *, #2292, .F. ) ;
#1184 = VECTOR ( 'NONE', #2568, 100.0000000000000000 ) ;
#1185 = EDGE_CURVE ( 'NONE', #3248, #834, #677, .T. ) ;
#1186 = VERTEX_POINT ( 'NONE', #3049 ) ;
#1187 = AXIS2_PLACEMENT_3D ( 'NONE', #3111, #2861, #1479 ) ;
#1188 = DIRECTION ( 'NONE',  ( 0.000000000000000000, 1.000000000000000000, 0.000000000000000000 ) ) ;
#1189 = FACE_BOUND ( 'NONE', #1583, .T. ) ;
#1190 = VECTOR ( 'NONE', #1360, 100.0000000000000000 ) ;
#1191 = CARTESIAN_POINT ( 'NONE',  ( -0.7256499999999995731, -1.317637338226828936, -2.364999999999999769 ) ) ;
#1192 = FACE_BOUND ( 'NONE', #1601, .T. ) ;
#1193 = ORIENTED_EDGE ( 'NONE', *, *, #2863, .F. ) ;
#1194 = CARTESIAN_POINT ( 'NONE',  ( -4.913149999999999906, -1.317637338226828492, -2.364999999999999769 ) ) ;
#1195 = DIRECTION ( 'NONE',  ( 0.000000000000000000, 0.000000000000000000, -1.000000000000000000 ) ) ;
#1196 = ORIENTED_EDGE ( 'NONE', *, *, #911, .F. ) ;
#1197 = CARTESIAN_POINT ( 'NONE',  ( -5.706162031302314475, -4.219399999999995821, -12.93836865193854813 ) ) ;
#1198 = ORIENTED_EDGE ( 'NONE', *, *, #3400, .T. ) ;
#1199 =( LENGTH_UNIT ( ) NAMED_UNIT ( * ) SI_UNIT ( .CENTI., .METRE. ) );
#1200 = DIRECTION ( 'NONE',  ( -0.000000000000000000, 1.000000000000000000, -0.000000000000000000 ) ) ;
#1201 = VERTEX_POINT ( 'NONE', #3323 ) ;
#1202 = EDGE_CURVE ( 'NONE', #2143, #1924, #1626, .T. ) ;
#1203 = DIRECTION ( 'NONE',  ( 0.000000000000000000, 1.000000000000000000, 0.000000000000000000 ) ) ;
#1204 = ORIENTED_EDGE ( 'NONE', *, *, #2215, .F. ) ;
#1205 = CARTESIAN_POINT ( 'NONE',  ( -5.247463380792750876, -4.489400000000038915, -22.73199999999999932 ) ) ;
#1206 = LINE ( 'NONE', #2826, #2300 ) ;
#1207 = EDGE_CURVE ( 'NONE', #483, #2251, #3341, .T. ) ;
#1208 = ORIENTED_EDGE ( 'NONE', *, *, #244, .T. ) ;
#1209 = DIRECTION ( 'NONE',  ( -0.000000000000000000, 1.000000000000000000, -0.000000000000000000 ) ) ;
#1210 = FACE_OUTER_BOUND ( 'NONE', #2645, .T. ) ;
#1211 = VECTOR ( 'NONE', #45, 100.0000000000000000 ) ;
#1212 = ORIENTED_EDGE ( 'NONE', *, *, #1394, .F. ) ;
#1213 = CARTESIAN_POINT ( 'NONE',  ( -0.3043999999999991157, -3.536899999999995714, -2.984999999999999876 ) ) ;
#1214 = DIRECTION ( 'NONE',  ( -0.000000000000000000, 1.000000000000000000, -0.000000000000000000 ) ) ;
#1215 = ORIENTED_EDGE ( 'NONE', *, *, #818, .T. ) ;
#1216 = CARTESIAN_POINT ( 'NONE',  ( -3.894400000000004969, -3.536901199999995082, 16.37729621228723076 ) ) ;
#1217 = ORIENTED_EDGE ( 'NONE', *, *, #3077, .T. ) ;
#1218 = PLANE ( 'NONE',  #928 ) ;
#1219 = CARTESIAN_POINT ( 'NONE',  ( -5.232463380792751195, -3.486899999999995448, -23.38200000000000145 ) ) ;
#1220 = DIRECTION ( 'NONE',  ( 1.010514616342476939E-16, 0.000000000000000000, -1.000000000000000000 ) ) ;
#1221 = AXIS2_PLACEMENT_3D ( 'NONE', #2703, #2970, #535 ) ;
#1222 = ORIENTED_EDGE ( 'NONE', *, *, #1377, .T. ) ;
#1223 = LINE ( 'NONE', #166, #2593 ) ;
#1224 = ORIENTED_EDGE ( 'NONE', *, *, #2667, .F. ) ;
#1225 = CARTESIAN_POINT ( 'NONE',  ( -0.5637295702258144914, -4.219399999999995821, -30.74970190092345490 ) ) ;
#1226 = LINE ( 'NONE', #1799, #2238 ) ;
#1227 = ORIENTED_EDGE ( 'NONE', *, *, #60, .F. ) ;
#1228 = EDGE_CURVE ( 'NONE', #2495, #3242, #370, .T. ) ;
#1229 = CYLINDRICAL_SURFACE ( 'NONE', #1731, 2.093750000000000000 ) ;
#1230 = EDGE_CURVE ( 'NONE', #1449, #2475, #1733, .T. ) ;
#1231 = CARTESIAN_POINT ( 'NONE',  ( -0.4859250974149631475, 2.852409985391846536, -22.74699999999999989 ) ) ;
#1232 = EDGE_CURVE ( 'NONE', #2594, #2880, #1476, .T. ) ;
#1233 = ORIENTED_EDGE ( 'NONE', *, *, #870, .F. ) ;
#1234 = CARTESIAN_POINT ( 'NONE',  ( -1.319399999999999018, -3.219400000000000261, -3.635000000000000231 ) ) ;
#1235 = CARTESIAN_POINT ( 'NONE',  ( -1.586681514455094311, -3.536901199999995082, 16.27191208944113399 ) ) ;
#1236 = ORIENTED_EDGE ( 'NONE', *, *, #1882, .T. ) ;
#1237 = FACE_BOUND ( 'NONE', #3119, .T. ) ;
#1238 = VERTEX_POINT ( 'NONE', #3107 ) ;
#1239 = CYLINDRICAL_SURFACE ( 'NONE', #2334, 0.2099999999999997702 ) ;
#1240 = VECTOR ( 'NONE', #1428, 100.0000000000000000 ) ;
#1241 = DIRECTION ( 'NONE',  ( 0.000000000000000000, 0.000000000000000000, -1.000000000000000000 ) ) ;
#1242 = LINE ( 'NONE', #908, #2869 ) ;
#1243 = ORIENTED_EDGE ( 'NONE', *, *, #1804, .T. ) ;
#1244 = COLOUR_RGB ( '',0.7921568627450980005, 0.8196078431372548767, 0.9333333333333333481 ) ;
#1245 = EDGE_LOOP ( 'NONE', ( #3166, #3170, #1321, #477, #1783, #1236, #3197, #3364 ) ) ;
#1246 = CARTESIAN_POINT ( 'NONE',  ( -5.232463380792751195, 2.852409985391846536, -23.38200000000000145 ) ) ;
#1247 = CARTESIAN_POINT ( 'NONE',  ( -0.5637295702258123820, -3.219399999999995821, -36.17953809907653806 ) ) ;
#1248 = VECTOR ( 'NONE', #2671, 100.0000000000000000 ) ;
#1249 = AXIS2_PLACEMENT_3D ( 'NONE', #3348, #40, #913 ) ;
#1250 = CARTESIAN_POINT ( 'NONE',  ( 0.3743500000000004047, 2.852409985391800795, -2.364999999999999769 ) ) ;
#1251 = AXIS2_PLACEMENT_3D ( 'NONE', #3145, #1794, #3438 ) ;
#1252 = AXIS2_PLACEMENT_3D ( 'NONE', #3155, #879, #2431 ) ;
#1253 = EDGE_CURVE ( 'NONE', #1556, #2297, #2857, .T. ) ;
#1254 = LINE ( 'NONE', #2027, #700 ) ;
#1255 = ORIENTED_EDGE ( 'NONE', *, *, #1752, .T. ) ;
#1256 = DIRECTION ( 'NONE',  ( 0.000000000000000000, -1.000000000000000000, 0.000000000000000000 ) ) ;
#1257 = LINE ( 'NONE', #3376, #3449 ) ;
#1258 = ORIENTED_EDGE ( 'NONE', *, *, #3152, .F. ) ;
#1259 = EDGE_CURVE ( 'NONE', #3178, #1632, #2546, .T. ) ;
#1260 = CARTESIAN_POINT ( 'NONE',  ( -5.706162031302314475, -3.536899999999995714, -12.65836865193854877 ) ) ;
#1261 = ADVANCED_FACE ( 'NONE', ( #1498 ), #947, .F. ) ;
#1262 = FACE_OUTER_BOUND ( 'NONE', #517, .T. ) ;
#1263 = ORIENTED_EDGE ( 'NONE', *, *, #742, .F. ) ;
#1264 = ORIENTED_EDGE ( 'NONE', *, *, #2683, .T. ) ;
#1265 = DIRECTION ( 'NONE',  ( -1.000000000000000000, 0.000000000000000000, 0.000000000000000000 ) ) ;
#1266 = LINE ( 'NONE', #932, #2810 ) ;
#1267 = ORIENTED_EDGE ( 'NONE', *, *, #2548, .F. ) ;
#1268 = DIRECTION ( 'NONE',  ( 0.000000000000000000, -0.000000000000000000, -1.000000000000000000 ) ) ;
#1269 = FACE_OUTER_BOUND ( 'NONE', #571, .T. ) ;
#1270 = CARTESIAN_POINT ( 'NONE',  ( -4.035762461737451900, -3.536901199999995082, 16.51865867402467103 ) ) ;
#1271 = ORIENTED_EDGE ( 'NONE', *, *, #818, .F. ) ;
#1272 = DIRECTION ( 'NONE',  ( 0.000000000000000000, 0.000000000000000000, -1.000000000000000000 ) ) ;
#1273 = ADVANCED_FACE ( 'NONE', ( #927 ), #2493, .F. ) ;
#1274 = ORIENTED_EDGE ( 'NONE', *, *, #283, .T. ) ;
#1275 =( NAMED_UNIT ( * ) SI_UNIT ( $, .STERADIAN. ) SOLID_ANGLE_UNIT ( ) );
#1276 = CARTESIAN_POINT ( 'NONE',  ( -6.013149999999998663, 2.852409985391800795, -3.635000000000000231 ) ) ;
#1277 = DIRECTION ( 'NONE',  ( 0.000000000000000000, 0.000000000000000000, 1.000000000000000000 ) ) ;
#1278 = ORIENTED_EDGE ( 'NONE', *, *, #1232, .T. ) ;
#1279 = CIRCLE ( 'NONE', #1495, 0.2099999999999990763 ) ;
#1280 = ORIENTED_EDGE ( 'NONE', *, *, #2117, .T. ) ;
#1281 = ORIENTED_EDGE ( 'NONE', *, *, #21, .F. ) ;
#1282 = CARTESIAN_POINT ( 'NONE',  ( -4.019400000000003637, -3.536900599999995176, 13.86865867402467600 ) ) ;
#1283 = DIRECTION ( 'NONE',  ( 0.000000000000000000, 0.000000000000000000, -1.000000000000000000 ) ) ;
#1284 = ORIENTED_EDGE ( 'NONE', *, *, #1159, .T. ) ;
#1285 = CARTESIAN_POINT ( 'NONE',  ( -1.652118485544914694, -3.536901199999995082, 16.51540525860821162 ) ) ;
#1286 = CARTESIAN_POINT ( 'NONE',  ( -4.144400000000005413, -3.536901199999995082, 16.41002113576211840 ) ) ;
#1287 = DIRECTION ( 'NONE',  ( 0.000000000000000000, -1.000000000000000000, 0.000000000000000000 ) ) ;
#1288 = ORIENTED_EDGE ( 'NONE', *, *, #1985, .T. ) ;
#1289 = DIRECTION ( 'NONE',  ( 1.000000000000000000, 0.000000000000000000, 0.000000000000000000 ) ) ;
#1290 = EDGE_LOOP ( 'NONE', ( #1444, #1490, #545, #1818 ) ) ;
#1291 = EDGE_CURVE ( 'NONE', #1378, #1085, #3405, .T. ) ;
#1292 = VECTOR ( 'NONE', #3499, 100.0000000000000000 ) ;
#1293 = ORIENTED_EDGE ( 'NONE', *, *, #3189, .T. ) ;
#1294 = CARTESIAN_POINT ( 'NONE',  ( -3.897653415416463929, -3.536901199999995526, 13.96094018847976415 ) ) ;
#1295 = CARTESIAN_POINT ( 'NONE',  ( -5.741649999999998144, 0.2752579228333827954, 17.43364606999999467 ) ) ;
#1296 = PRESENTATION_LAYER_ASSIGNMENT (  '', '', ( #1678 ) ) ;
#1297 = EDGE_CURVE ( 'NONE', #2422, #3221, #637, .T. ) ;
#1298 = EDGE_CURVE ( 'NONE', #1482, #1306, #1459, .T. ) ;
#1299 = ORIENTED_EDGE ( 'NONE', *, *, #2888, .T. ) ;
#1300 = AXIS2_PLACEMENT_3D ( 'NONE', #2924, #2086, #2053 ) ;
#1301 = CARTESIAN_POINT ( 'NONE',  ( -4.319399999999999018, -3.219400000000000261, -3.000000000000000000 ) ) ;
#1302 = CIRCLE ( 'NONE', #93, 0.1250000000000001110 ) ;
#1303 = VECTOR ( 'NONE', #2730, 100.0000000000000000 ) ;
#1304 =( LENGTH_UNIT ( ) NAMED_UNIT ( * ) SI_UNIT ( .CENTI., .METRE. ) );
#1305 = PLANE ( 'NONE',  #1326 ) ;
#1306 = VERTEX_POINT ( 'NONE', #1001 ) ;
#1307 = CARTESIAN_POINT ( 'NONE',  ( -1.556447627453642957, -3.536901199999994194, 13.88443537548039153 ) ) ;
#1308 = ORIENTED_EDGE ( 'NONE', *, *, #534, .F. ) ;
#1309 = DIRECTION ( 'NONE',  ( 0.000000000000000000, -0.000000000000000000, -1.000000000000000000 ) ) ;
#1310 = EDGE_CURVE ( 'NONE', #3515, #51, #3452, .T. ) ;
#1311 = DIRECTION ( 'NONE',  ( 0.000000000000000000, 0.000000000000000000, -1.000000000000000000 ) ) ;
#1312 = CYLINDRICAL_SURFACE ( 'NONE', #1400, 0.1250000000000001110 ) ;
#1313 = ORIENTED_EDGE ( 'NONE', *, *, #581, .F. ) ;
#1314 = ADVANCED_FACE ( 'NONE', ( #1262 ), #1565, .F. ) ;
#1315 = FACE_OUTER_BOUND ( 'NONE', #1004, .T. ) ;
#1316 = CARTESIAN_POINT ( 'NONE',  ( -1.728623298544287090, -3.536901199999995526, 16.33070630147831181 ) ) ;
#1317 = CARTESIAN_POINT ( 'NONE',  ( -4.141146584583543344, -3.536901199999995526, 16.42637715956958644 ) ) ;
#1318 = DIRECTION ( 'NONE',  ( 1.000000000000000000, 0.000000000000000000, 0.000000000000000000 ) ) ;
#1319 = ORIENTED_EDGE ( 'NONE', *, *, #1480, .T. ) ;
#1320 = CYLINDRICAL_SURFACE ( 'NONE', #1300, 0.2799999999999996936 ) ;
#1321 = ORIENTED_EDGE ( 'NONE', *, *, #1253, .T. ) ;
#1322 = CARTESIAN_POINT ( 'NONE',  ( -2.819399999999999462, 4.555260572648558843E-14, -23.38200000000000145 ) ) ;
#1323 = ORIENTED_EDGE ( 'NONE', *, *, #2460, .F. ) ;
#1324 = LINE ( 'NONE', #3498, #446 ) ;
#1325 = DIRECTION ( 'NONE',  ( 0.000000000000000000, 0.000000000000000000, -1.000000000000000000 ) ) ;
#1326 = AXIS2_PLACEMENT_3D ( 'NONE', #1034, #260, #1318 ) ;
#1327 = VECTOR ( 'NONE', #3253, 100.0000000000000000 ) ;
#1328 = ORIENTED_EDGE ( 'NONE', *, *, #3491, .F. ) ;
#1329 = FACE_BOUND ( 'NONE', #1114, .T. ) ;
#1330 = AXIS2_PLACEMENT_3D ( 'NONE', #3286, #814, #546 ) ;
#1331 = CARTESIAN_POINT ( 'NONE',  ( 0.3743500000000002936, -3.219400000000000261, -3.635000000000000231 ) ) ;
#1332 = EDGE_CURVE ( 'NONE', #1734, #2149, #2809, .T. ) ;
#1333 = ORIENTED_EDGE ( 'NONE', *, *, #1609, .F. ) ;
#1334 = DIRECTION ( 'NONE',  ( 0.000000000000000000, 1.000000000000000000, 0.000000000000000000 ) ) ;
#1335 = EDGE_CURVE ( 'NONE', #2733, #3079, #2619, .T. ) ;
#1336 = ORIENTED_EDGE ( 'NONE', *, *, #2437, .T. ) ;
#1337 = DIRECTION ( 'NONE',  ( -1.000000000000000000, 0.000000000000000000, 0.000000000000000000 ) ) ;
#1338 = FACE_OUTER_BOUND ( 'NONE', #1152, .T. ) ;
#1339 = EDGE_LOOP ( 'NONE', ( #3462, #167, #1349, #2124 ) ) ;
#1340 = DIRECTION ( 'NONE',  ( 0.000000000000000000, -0.000000000000000000, -1.000000000000000000 ) ) ;
#1341 = ORIENTED_EDGE ( 'NONE', *, *, #349, .T. ) ;
#1342 = CARTESIAN_POINT ( 'NONE',  ( -4.319399999999999018, -3.754399999999991078, -3.635000000000000231 ) ) ;
#1343 = CARTESIAN_POINT ( 'NONE',  ( -0.5637295702258144914, -4.219399999999995821, -30.95970190092345220 ) ) ;
#1344 = VERTEX_POINT ( 'NONE', #1859 ) ;
#1345 = CARTESIAN_POINT ( 'NONE',  ( -0.7256499999999996842, 2.852409985391801683, -3.000000000000000000 ) ) ;
#1346 = VECTOR ( 'NONE', #2094, 100.0000000000000000 ) ;
#1347 = AXIS2_PLACEMENT_3D ( 'NONE', #1907, #24, #2991 ) ;
#1348 = EDGE_CURVE ( 'NONE', #416, #3477, #986, .T. ) ;
#1349 = ORIENTED_EDGE ( 'NONE', *, *, #1904, .T. ) ;
#1350 = VECTOR ( 'NONE', #2706, 100.0000000000000000 ) ;
#1351 = VECTOR ( 'NONE', #2717, 100.0000000000000000 ) ;
#1352 = CYLINDRICAL_SURFACE ( 'NONE', #1045, 0.2099999999999990763 ) ;
#1353 = B_SPLINE_CURVE_WITH_KNOTS ( 'NONE', 3,
 ( #1833, #790, #1285, #2887, #1029, #725, #2081, #188, #2365, #2917, #2092, #1316, #520, #755, #2937, #3448, #485, #1010 ),
 .UNSPECIFIED., .F., .F.,
 ( 4, 2, 2, 2, 2, 2, 2, 2, 4 ),
 ( 0.5000000000000000000, 0.5625000000000000000, 0.6250000000000000000, 0.6875000000000000000, 0.7500000000000000000, 0.8125000000000000000, 0.8750000000000000000, 0.9375000000000000000, 1.000000000000000000 ),
 .UNSPECIFIED. ) ;
#1354 = AXIS2_PLACEMENT_3D ( 'NONE', #3175, #247, #3368 ) ;
#1355 = ORIENTED_EDGE ( 'NONE', *, *, #2399, .F. ) ;
#1356 = EDGE_CURVE ( 'NONE', #692, #1482, #3163, .T. ) ;
#1357 = CARTESIAN_POINT ( 'NONE',  ( 0.1028499999999987757, 0.2752579228333827954, -3.000000000000000000 ) ) ;
#1358 = CARTESIAN_POINT ( 'NONE',  ( -5.463149999999998840, -0.2752579228333829064, 17.43364606999999467 ) ) ;
#1359 = ORIENTED_EDGE ( 'NONE', *, *, #580, .F. ) ;
#1360 = DIRECTION ( 'NONE',  ( 0.000000000000000000, 0.000000000000000000, -1.000000000000000000 ) ) ;
#1361 = EDGE_CURVE ( 'NONE', #511, #222, #1680, .T. ) ;
#1362 = CIRCLE ( 'NONE', #3461, 1.730000000000000870 ) ;
#1363 = ORIENTED_EDGE ( 'NONE', *, *, #1837, .T. ) ;
#1364 =( NAMED_UNIT ( * ) SI_UNIT ( $, .STERADIAN. ) SOLID_ANGLE_UNIT ( ) );
#1365 = DIRECTION ( 'NONE',  ( 0.000000000000000000, -1.000000000000000000, 0.000000000000000000 ) ) ;
#1366 = DIRECTION ( 'NONE',  ( 0.000000000000000000, 0.000000000000000000, 1.000000000000000000 ) ) ;
#1367 = VERTEX_POINT ( 'NONE', #2653 ) ;
#1368 = LINE ( 'NONE', #52, #2235 ) ;
#1369 = CYLINDRICAL_SURFACE ( 'NONE', #2929, 0.2099999999999990763 ) ;
#1370 = LINE ( 'NONE', #1884, #2308 ) ;
#1371 = DIRECTION ( 'NONE',  ( 1.000000000000000000, 0.000000000000000000, 0.000000000000000000 ) ) ;
#1372 = ORIENTED_EDGE ( 'NONE', *, *, #1332, .T. ) ;
#1373 = LINE ( 'NONE', #848, #1123 ) ;
#1374 = DIRECTION ( 'NONE',  ( 1.000000000000000000, 0.000000000000000000, 0.000000000000000000 ) ) ;
#1375 = VERTEX_POINT ( 'NONE', #2098 ) ;
#1376 = CARTESIAN_POINT ( 'NONE',  ( -4.003037538262556261, -3.536901199999995082, 16.26865867402467813 ) ) ;
#1377 = EDGE_CURVE ( 'NONE', #2031, #2112, #2181, .T. ) ;
#1378 = VERTEX_POINT ( 'NONE', #1839 ) ;
#1379 = PLANE ( 'NONE',  #1157 ) ;
#1380 = LINE ( 'NONE', #2440, #94 ) ;
#1381 = CARTESIAN_POINT ( 'NONE',  ( 0.7525898091024261216, -3.536899999999995714, -37.50000000000000000 ) ) ;
#1382 = VERTEX_POINT ( 'NONE', #3458 ) ;
#1383 = CARTESIAN_POINT ( 'NONE',  ( -4.319399999999999018, -3.754399999999991078, -3.000000000000000000 ) ) ;
#1384 = CARTESIAN_POINT ( 'NONE',  ( 0.3743500000000002936, -3.219400000000000261, -3.635000000000000231 ) ) ;
#1385 = CARTESIAN_POINT ( 'NONE',  ( 0.3743500000000001826, 2.852409985391800795, -3.635000000000000231 ) ) ;
#1386 = ORIENTED_EDGE ( 'NONE', *, *, #150, .T. ) ;
#1387 = DIRECTION ( 'NONE',  ( 0.000000000000000000, 0.000000000000000000, 1.000000000000000000 ) ) ;
#1388 = FACE_OUTER_BOUND ( 'NONE', #2550, .T. ) ;
#1389 = DIRECTION ( 'NONE',  ( 0.000000000000000000, -0.000000000000000000, -1.000000000000000000 ) ) ;
#1390 = VERTEX_POINT ( 'NONE', #1517 ) ;
#1391 = DIRECTION ( 'NONE',  ( 0.000000000000000000, 0.000000000000000000, -1.000000000000000000 ) ) ;
#1392 = CARTESIAN_POINT ( 'NONE',  ( -6.013149999999998663, -1.317637338226828492, -2.364999999999999769 ) ) ;
#1393 = ORIENTED_EDGE ( 'NONE', *, *, #325, .T. ) ;
#1394 = EDGE_CURVE ( 'NONE', #1906, #180, #1017, .T. ) ;
#1395 = EDGE_LOOP ( 'NONE', ( #1673, #542, #2194, #2657 ) ) ;
#1396 = DIRECTION ( 'NONE',  ( 0.000000000000000000, -1.000000000000000000, 0.000000000000000000 ) ) ;
#1397 = DIRECTION ( 'NONE',  ( -0.000000000000000000, 1.000000000000000000, -0.000000000000000000 ) ) ;
#1398 = EDGE_CURVE ( 'NONE', #1467, #1913, #179, .T. ) ;
#1399 = ADVANCED_FACE ( 'NONE', ( #779 ), #1320, .F. ) ;
#1400 = AXIS2_PLACEMENT_3D ( 'NONE', #1848, #3518, #2375 ) ;
#1401 = DIRECTION ( 'NONE',  ( 0.000000000000000000, 0.000000000000000000, 1.000000000000000000 ) ) ;
#1402 = ORIENTED_EDGE ( 'NONE', *, *, #2911, .T. ) ;
#1403 = AXIS2_PLACEMENT_3D ( 'NONE', #2261, #1960, #907 ) ;
#1404 = LINE ( 'NONE', #3246, #1350 ) ;
#1405 = DIRECTION ( 'NONE',  ( -0.000000000000000000, 1.000000000000000000, -0.000000000000000000 ) ) ;
#1406 = AXIS2_PLACEMENT_3D ( 'NONE', #3090, #3410, #2059 ) ;
#1407 = CARTESIAN_POINT ( 'NONE',  ( 0.3743500000000002936, -3.219400000000000261, -3.635000000000000231 ) ) ;
#1408 = VECTOR ( 'NONE', #912, 100.0000000000000000 ) ;
#1409 = EDGE_LOOP ( 'NONE', ( #2562, #3385, #3202, #3419 ) ) ;
#1410 = LINE ( 'NONE', #1427, #549 ) ;
#1411 = CARTESIAN_POINT ( 'NONE',  ( -3.114797553316628775, -3.536899999999995714, -35.96953809907654431 ) ) ;
#1412 = ORIENTED_EDGE ( 'NONE', *, *, #610, .F. ) ;
#1413 = VECTOR ( 'NONE', #2675, 100.0000000000000000 ) ;
#1414 = CARTESIAN_POINT ( 'NONE',  ( -4.319399999999999018, -3.486899999999995448, -3.000000000000000000 ) ) ;
#1415 = ORIENTED_EDGE ( 'NONE', *, *, #1207, .F. ) ;
#1416 = EDGE_CURVE ( 'NONE', #3289, #116, #475, .T. ) ;
#1417 = LINE ( 'NONE', #2228, #607 ) ;
#1418 = FACE_BOUND ( 'NONE', #2294, .T. ) ;
#1419 = EDGE_CURVE ( 'NONE', #1914, #1429, #2746, .T. ) ;
#1420 = FACE_OUTER_BOUND ( 'NONE', #758, .T. ) ;
#1421 = ORIENTED_EDGE ( 'NONE', *, *, #587, .F. ) ;
#1422 = PLANE ( 'NONE',  #1627 ) ;
#1423 = CARTESIAN_POINT ( 'NONE',  ( 0.06736203130231627201, -4.219399999999995821, -24.24466247586125078 ) ) ;
#1424 = CIRCLE ( 'NONE', #342, 0.2799999999999996936 ) ;
#1425 = CARTESIAN_POINT ( 'NONE',  ( -1.319399999999999018, -3.219400000000000261, -3.000000000000000000 ) ) ;
#1426 = ORIENTED_EDGE ( 'NONE', *, *, #1348, .F. ) ;
#1427 = CARTESIAN_POINT ( 'NONE',  ( -4.913149999999999906, 0.000000000000000000, -2.364999999999999769 ) ) ;
#1428 = DIRECTION ( 'NONE',  ( -0.000000000000000000, 1.000000000000000000, -0.000000000000000000 ) ) ;
#1429 = VERTEX_POINT ( 'NONE', #1873 ) ;
#1430 = VERTEX_POINT ( 'NONE', #1357 ) ;
#1431 = CARTESIAN_POINT ( 'NONE',  ( -5.253149999999998876, 0.000000000000000000, -37.50009999999999621 ) ) ;
#1432 = FACE_BOUND ( 'NONE', #3073, .T. ) ;
#1433 = CIRCLE ( 'NONE', #2556, 1.730000000000000870 ) ;
#1434 = ADVANCED_FACE ( 'NONE', ( #2150 ), #2133, .T. ) ;
#1435 = ADVANCED_FACE ( 'NONE', ( #2472 ), #1664, .F. ) ;
#1436 = CARTESIAN_POINT ( 'NONE',  ( -1.619400000000004614, -3.536900599999995176, 16.26865867402467458 ) ) ;
#1437 = ORIENTED_EDGE ( 'NONE', *, *, #3171, .F. ) ;
#1438 = FACE_OUTER_BOUND ( 'NONE', #929, .T. ) ;
#1439 = EDGE_CURVE ( 'NONE', #910, #2193, #2402, .T. ) ;
#1440 = CARTESIAN_POINT ( 'NONE',  ( 0.06736203130231627201, -3.536899999999995714, -24.24466247586125078 ) ) ;
#1441 = DIRECTION ( 'NONE',  ( 0.000000000000000000, 0.000000000000000000, 1.000000000000000000 ) ) ;
#1442 = DIRECTION ( 'NONE',  ( -0.000000000000000000, 1.000000000000000000, -0.000000000000000000 ) ) ;
#1443 = ORIENTED_EDGE ( 'NONE', *, *, #1448, .F. ) ;
#1444 = ORIENTED_EDGE ( 'NONE', *, *, #2202, .F. ) ;
#1445 = CARTESIAN_POINT ( 'NONE',  ( -1.741146584583545431, -3.536901199999995526, 14.02637715956958431 ) ) ;
#1446 = PLANE ( 'NONE',  #1249 ) ;
#1447 = DIRECTION ( 'NONE',  ( 1.000000000000000000, 0.000000000000000000, 0.000000000000000000 ) ) ;
#1448 = EDGE_CURVE ( 'NONE', #1382, #1586, #3283, .T. ) ;
#1449 = VERTEX_POINT ( 'NONE', #2168 ) ;
#1450 = DIRECTION ( 'NONE',  ( -0.000000000000000000, 1.000000000000000000, -0.000000000000000000 ) ) ;
#1451 = DIRECTION ( 'NONE',  ( -0.000000000000000000, 1.000000000000000000, -0.000000000000000000 ) ) ;
#1452 = ORIENTED_EDGE ( 'NONE', *, *, #414, .F. ) ;
#1453 = VECTOR ( 'NONE', #577, 100.0000000000000000 ) ;
#1454 = DIRECTION ( 'NONE',  ( -0.000000000000000000, 0.000000000000000000, 1.000000000000000000 ) ) ;
#1455 = AXIS2_PLACEMENT_3D ( 'NONE', #2320, #2941, #1289 ) ;
#1456 = EDGE_CURVE ( 'NONE', #2039, #985, #1373, .T. ) ;
#1457 = ORIENTED_EDGE ( 'NONE', *, *, #2166, .T. ) ;
#1458 = CARTESIAN_POINT ( 'NONE',  ( -4.019400000000003637, 2.852409985391846092, 13.99365867402467600 ) ) ;
#1459 = LINE ( 'NONE', #2338, #828 ) ;
#1460 = EDGE_CURVE ( 'NONE', #449, #1061, #1404, .T. ) ;
#1461 = ORIENTED_EDGE ( 'NONE', *, *, #3173, .T. ) ;
#1462 = VECTOR ( 'NONE', #940, 100.0000000000000000 ) ;
#1463 = EDGE_LOOP ( 'NONE', ( #145, #2916, #2268, #3261 ) ) ;
#1464 = CIRCLE ( 'NONE', #2364, 0.2099999999999996314 ) ;
#1465 = CARTESIAN_POINT ( 'NONE',  ( -0.5637295702258144914, -3.219399999999995821, -30.53970190092345405 ) ) ;
#1466 = LINE ( 'NONE', #109, #1851 ) ;
#1467 = VERTEX_POINT ( 'NONE', #2434 ) ;
#1468 = PLANE ( 'NONE',  #2630 ) ;
#1469 = VERTEX_POINT ( 'NONE', #523 ) ;
#1470 = LINE ( 'NONE', #1491, #2021 ) ;
#1471 = CARTESIAN_POINT ( 'NONE',  ( -1.497653415416465128, -3.536901199999995526, 16.36094018847975917 ) ) ;
#1472 = EDGE_LOOP ( 'NONE', ( #2824, #2823, #944, #2629 ) ) ;
#1473 = DIRECTION ( 'NONE',  ( 0.000000000000000000, -0.000000000000000000, -1.000000000000000000 ) ) ;
#1474 = ORIENTED_EDGE ( 'NONE', *, *, #3241, .T. ) ;
#1475 = CARTESIAN_POINT ( 'NONE',  ( -1.500925097414963050, -3.536899999999995714, -23.39699999999999847 ) ) ;
#1476 = LINE ( 'NONE', #1219, #263 ) ;
#1477 = PLANE ( 'NONE',  #2687 ) ;
#1478 = EDGE_LOOP ( 'NONE', ( #748, #991, #712, #2190 ) ) ;
#1479 = DIRECTION ( 'NONE',  ( 0.000000000000000000, 0.000000000000000000, -1.000000000000000000 ) ) ;
#1480 = EDGE_CURVE ( 'NONE', #795, #2254, #2449, .T. ) ;
#1481 = AXIS2_PLACEMENT_3D ( 'NONE', #2944, #3234, #1309 ) ;
#1482 = VERTEX_POINT ( 'NONE', #2200 ) ;
#1483 = CARTESIAN_POINT ( 'NONE',  ( -1.652118485544916027, -3.536901199999995526, 13.87191208944113718 ) ) ;
#1484 = FACE_BOUND ( 'NONE', #2070, .T. ) ;
#1485 = ADVANCED_FACE ( 'NONE', ( #829 ), #3298, .F. ) ;
#1486 = ORIENTED_EDGE ( 'NONE', *, *, #2868, .T. ) ;
#1487 = CARTESIAN_POINT ( 'NONE',  ( 0.1028499999999987757, 0.2752579228333827954, -3.635000000000000231 ) ) ;
#1488 = CARTESIAN_POINT ( 'NONE',  ( -4.082352372546365515, -3.536901199999994194, 14.10288197256895870 ) ) ;
#1489 = CIRCLE ( 'NONE', #404, 0.2099999999999997702 ) ;
#1490 = ORIENTED_EDGE ( 'NONE', *, *, #2485, .F. ) ;
#1491 = CARTESIAN_POINT ( 'NONE',  ( -1.500925097414963050, -3.219399999999995821, 0.000000000000000000 ) ) ;
#1492 = CARTESIAN_POINT ( 'NONE',  ( -1.500925097414963050, -3.536899999999995714, -23.39699999999999847 ) ) ;
#1493 = ORIENTED_EDGE ( 'NONE', *, *, #3235, .F. ) ;
#1494 = DIRECTION ( 'NONE',  ( -1.000000000000000000, 0.000000000000000000, -0.000000000000000000 ) ) ;
#1495 = AXIS2_PLACEMENT_3D ( 'NONE', #191, #1287, #2084 ) ;
#1496 = ORIENTED_EDGE ( 'NONE', *, *, #3468, .F. ) ;
#1497 = LINE ( 'NONE', #3085, #2616 ) ;
#1498 = FACE_OUTER_BOUND ( 'NONE', #1571, .T. ) ;
#1499 = CIRCLE ( 'NONE', #1880, 0.2099999999999996314 ) ;
#1500 = VERTEX_POINT ( 'NONE', #2685 ) ;
#1501 = VERTEX_POINT ( 'NONE', #1921 ) ;
#1502 = EDGE_CURVE ( 'NONE', #965, #1040, #321, .T. ) ;
#1503 = CARTESIAN_POINT ( 'NONE',  ( -0.4709250974149626900, -3.536899999999995714, -23.39699999999999847 ) ) ;
#1504 = DIRECTION ( 'NONE',  ( 0.000000000000000000, 0.000000000000000000, -1.000000000000000000 ) ) ;
#1505 = ORIENTED_EDGE ( 'NONE', *, *, #2723, .F. ) ;
#1506 = CARTESIAN_POINT ( 'NONE',  ( -0.4541500000000003867, 0.2752579228333830175, -3.000000000000000000 ) ) ;
#1507 = EDGE_CURVE ( 'NONE', #2297, #2422, #1108, .T. ) ;
#1508 = ADVANCED_FACE ( 'NONE', ( #793 ), #7, .F. ) ;
#1509 = CARTESIAN_POINT ( 'NONE',  ( -4.035762461737451012, -3.536901199999995082, 14.11865867402467778 ) ) ;
#1510 = ORIENTED_EDGE ( 'NONE', *, *, #1530, .F. ) ;
#1511 = FILL_AREA_STYLE ('',( #2521 ) ) ;
#1512 = ORIENTED_EDGE ( 'NONE', *, *, #2271, .F. ) ;
#1513 = CARTESIAN_POINT ( 'NONE',  ( -3.894400000000004969, -3.536901199999995526, 16.41002113576212196 ) ) ;
#1514 = AXIS2_PLACEMENT_3D ( 'NONE', #2592, #1744, #184 ) ;
#1515 = EDGE_LOOP ( 'NONE', ( #2022, #1421, #1860, #2877 ) ) ;
#1516 = FACE_OUTER_BOUND ( 'NONE', #1339, .T. ) ;
#1517 = CARTESIAN_POINT ( 'NONE',  ( -0.7256499999999995731, -1.317637338226828936, -2.364999999999999769 ) ) ;
#1518 = ORIENTED_EDGE ( 'NONE', *, *, #3297, .T. ) ;
#1519 = CARTESIAN_POINT ( 'NONE',  ( -5.706162031302314475, -3.536899999999995714, -12.93836865193854813 ) ) ;
#1520 = AXIS2_PLACEMENT_3D ( 'NONE', #420, #3356, #1990 ) ;
#1521 = EDGE_LOOP ( 'NONE', ( #2587, #3339 ) ) ;
#1522 = DIRECTION ( 'NONE',  ( 0.000000000000000000, 0.000000000000000000, 1.000000000000000000 ) ) ;
#1523 = CYLINDRICAL_SURFACE ( 'NONE', #1514, 0.2799999999999991940 ) ;
#1524 = VECTOR ( 'NONE', #889, 100.0000000000000000 ) ;
#1525 = ORIENTED_EDGE ( 'NONE', *, *, #1253, .F. ) ;
#1526 = FACE_OUTER_BOUND ( 'NONE', #648, .T. ) ;
#1527 = VECTOR ( 'NONE', #701, 100.0000000000000000 ) ;
#1528 = VECTOR ( 'NONE', #1926, 100.0000000000000000 ) ;
#1529 = CARTESIAN_POINT ( 'NONE',  ( 0.3743500000000002936, -3.219400000000000261, -3.635000000000000231 ) ) ;
#1530 = EDGE_CURVE ( 'NONE', #1344, #2974, #296, .T. ) ;
#1531 = CARTESIAN_POINT ( 'NONE',  ( 0.3743500000000001826, -1.317637338226829158, -2.364999999999999769 ) ) ;
#1532 = ORIENTED_EDGE ( 'NONE', *, *, #3281, .F. ) ;
#1533 = CARTESIAN_POINT ( 'NONE',  ( -3.910176701455723158, -3.536901199999995526, 16.45661104657103735 ) ) ;
#1534 = EDGE_CURVE ( 'NONE', #3480, #2411, #2069, .T. ) ;
#1535 = ORIENTED_EDGE ( 'NONE', *, *, #610, .T. ) ;
#1536 = CARTESIAN_POINT ( 'NONE',  ( -1.556447627453642957, -3.536901199999995082, 14.10288197256895693 ) ) ;
#1537 = LINE ( 'NONE', #2321, #3264 ) ;
#1538 = ORIENTED_EDGE ( 'NONE', *, *, #3300, .F. ) ;
#1539 = DIRECTION ( 'NONE',  ( -0.000000000000000000, -1.000000000000000000, 0.000000000000000000 ) ) ;
#1540 = EDGE_LOOP ( 'NONE', ( #360, #1753 ) ) ;
#1541 = CARTESIAN_POINT ( 'NONE',  ( -1.319399999999999018, -3.486899999999995448, -3.000000000000000000 ) ) ;
#1542 = LINE ( 'NONE', #719, #322 ) ;
#1543 = FACE_OUTER_BOUND ( 'NONE', #2542, .T. ) ;
#1544 = CARTESIAN_POINT ( 'NONE',  ( 0.03434999999999883286, -6.475319950491627270E-16, -2.364999999999999769 ) ) ;
#1545 = ADVANCED_FACE ( 'NONE', ( #250 ), #1124, .T. ) ;
#1546 = CARTESIAN_POINT ( 'NONE',  ( -4.082352372546366404, -3.536901199999995082, 16.28443537548039188 ) ) ;
#1547 = ORIENTED_EDGE ( 'NONE', *, *, #1985, .F. ) ;
#1548 = DIRECTION ( 'NONE',  ( 0.000000000000000000, 0.000000000000000000, -1.000000000000000000 ) ) ;
#1549 = VERTEX_POINT ( 'NONE', #3316 ) ;
#1550 = EDGE_CURVE ( 'NONE', #3088, #1344, #3100, .T. ) ;
#1551 = DIRECTION ( 'NONE',  ( 1.000000000000000000, 0.000000000000000000, 0.000000000000000000 ) ) ;
#1552 = ORIENTED_EDGE ( 'NONE', *, *, #2911, .F. ) ;
#1553 = VECTOR ( 'NONE', #807, 100.0000000000000000 ) ;
#1554 = DIRECTION ( 'NONE',  ( 0.000000000000000000, 0.000000000000000000, -1.000000000000000000 ) ) ;
#1555 = ADVANCED_FACE ( 'NONE', ( #2540 ), #882, .F. ) ;
#1556 = VERTEX_POINT ( 'NONE', #351 ) ;
#1557 = MECHANICAL_DESIGN_GEOMETRIC_PRESENTATION_REPRESENTATION (  '', ( #1709 ), #578 ) ;
#1558 = CARTESIAN_POINT ( 'NONE',  ( -3.986681514455092668, -3.536901199999995082, 13.87191208944113541 ) ) ;
#1559 = LINE ( 'NONE', #236, #1063 ) ;
#1560 = EDGE_LOOP ( 'NONE', ( #2993, #2759, #1278, #2040 ) ) ;
#1561 = DIRECTION ( 'NONE',  ( 0.000000000000000000, 0.000000000000000000, 1.000000000000000000 ) ) ;
#1562 = CARTESIAN_POINT ( 'NONE',  ( -6.013149999999998663, 2.852409985391800795, -2.364999999999999769 ) ) ;
#1563 = EDGE_CURVE ( 'NONE', #1085, #57, #2560, .T. ) ;
#1564 = ORIENTED_EDGE ( 'NONE', *, *, #2819, .T. ) ;
#1565 = CYLINDRICAL_SURFACE ( 'NONE', #2582, 0.2784999999999995812 ) ;
#1566 = ORIENTED_EDGE ( 'NONE', *, *, #414, .T. ) ;
#1567 = PLANE ( 'NONE',  #1481 ) ;
#1568 = ADVANCED_FACE ( 'NONE', ( #1438 ), #2792, .T. ) ;
#1569 = ORIENTED_EDGE ( 'NONE', *, *, #1297, .F. ) ;
#1570 = VECTOR ( 'NONE', #2456, 100.0000000000000000 ) ;
#1571 = EDGE_LOOP ( 'NONE', ( #1415, #156, #3146, #2741 ) ) ;
#1572 = CARTESIAN_POINT ( 'NONE',  ( 0.06736203130231627201, -3.219399999999995821, -1.164325821154459817 ) ) ;
#1573 = PLANE ( 'NONE',  #1676 ) ;
#1574 = FACE_OUTER_BOUND ( 'NONE', #2708, .T. ) ;
#1575 = VECTOR ( 'NONE', #664, 100.0000000000000000 ) ;
#1576 = ORIENTED_EDGE ( 'NONE', *, *, #305, .F. ) ;
#1577 = AXIS2_PLACEMENT_3D ( 'NONE', #1164, #1776, #2780 ) ;
#1578 = CARTESIAN_POINT ( 'NONE',  ( -1.334399999999998698, -4.489399999999990953, -3.649999999999999911 ) ) ;
#1579 = CIRCLE ( 'NONE', #38, 0.2799999999999996936 ) ;
#1580 = CIRCLE ( 'NONE', #1742, 0.2799999999999996936 ) ;
#1581 = CARTESIAN_POINT ( 'NONE',  ( -4.128623298544287223, -3.536901199999995082, 16.45661104657104090 ) ) ;
#1582 = DIRECTION ( 'NONE',  ( -1.000000000000000000, 0.000000000000000000, 0.000000000000000000 ) ) ;
#1583 = EDGE_LOOP ( 'NONE', ( #390, #2802, #1133, #3066 ) ) ;
#1584 = CARTESIAN_POINT ( 'NONE',  ( -1.619400000000005502, -3.536900599999995176, 13.86865867402467600 ) ) ;
#1585 = DIRECTION ( 'NONE',  ( -1.000000000000000000, 0.000000000000000000, 0.000000000000000000 ) ) ;
#1586 = VERTEX_POINT ( 'NONE', #902 ) ;
#1587 = DIRECTION ( 'NONE',  ( 0.000000000000000000, 0.000000000000000000, 1.000000000000000000 ) ) ;
#1588 = ORIENTED_EDGE ( 'NONE', *, *, #759, .F. ) ;
#1589 = LINE ( 'NONE', #2660, #496 ) ;
#1590 = CARTESIAN_POINT ( 'NONE',  ( -0.4541500000000003867, -0.2752579228333829064, -3.635000000000000231 ) ) ;
#1591 = EDGE_CURVE ( 'NONE', #1765, #234, #400, .T. ) ;
#1592 = ADVANCED_FACE ( 'NONE', ( #2505 ), #1422, .T. ) ;
#1593 = ORIENTED_EDGE ( 'NONE', *, *, #1332, .F. ) ;
#1594 = DIRECTION ( 'NONE',  ( 0.000000000000000000, -0.000000000000000000, -1.000000000000000000 ) ) ;
#1595 = EDGE_CURVE ( 'NONE', #673, #1549, #2236, .T. ) ;
#1596 = CARTESIAN_POINT ( 'NONE',  ( 0.000000000000000000, 0.000000000000000000, -23.38200000000000145 ) ) ;
#1597 = CARTESIAN_POINT ( 'NONE',  ( -4.019400000000004525, -3.536900599999995176, 16.51865867402467458 ) ) ;
#1598 = DIRECTION ( 'NONE',  ( 0.000000000000000000, 1.000000000000000000, -0.000000000000000000 ) ) ;
#1599 = VERTEX_POINT ( 'NONE', #1712 ) ;
#1600 = CARTESIAN_POINT ( 'NONE',  ( 0.3743500000000001826, -1.317637338226829158, -3.000000000000000000 ) ) ;
#1601 = EDGE_LOOP ( 'NONE', ( #1402, #165, #2783, #36 ) ) ;
#1602 = CARTESIAN_POINT ( 'NONE',  ( -5.463149999999998840, 0.000000000000000000, -2.364999999999999769 ) ) ;
#1603 = EDGE_LOOP ( 'NONE', ( #118, #3416, #1224, #3354 ) ) ;
#1604 = CARTESIAN_POINT ( 'NONE',  ( -6.013149999999998663, -3.219400000000000261, -3.635000000000000231 ) ) ;
#1605 = DIRECTION ( 'NONE',  ( -0.000000000000000000, -1.000000000000000000, -0.000000000000000000 ) ) ;
#1606 = AXIS2_PLACEMENT_3D ( 'NONE', #2065, #2651, #3472 ) ;
#1607 = VECTOR ( 'NONE', #2280, 100.0000000000000000 ) ;
#1608 = VERTEX_POINT ( 'NONE', #1213 ) ;
#1609 = EDGE_CURVE ( 'NONE', #754, #1973, #2255, .T. ) ;
#1610 = DIRECTION ( 'NONE',  ( 1.000000000000000000, 0.000000000000000000, 1.010514616342476939E-16 ) ) ;
#1611 = PLANE ( 'NONE',  #2590 ) ;
#1612 = EDGE_CURVE ( 'NONE', #857, #1166, #665, .T. ) ;
#1613 = EDGE_CURVE ( 'NONE', #1430, #1615, #1955, .T. ) ;
#1614 = LINE ( 'NONE', #209, #2955 ) ;
#1615 = VERTEX_POINT ( 'NONE', #98 ) ;
#1616 = CARTESIAN_POINT ( 'NONE',  ( -4.319399999999999018, -3.219400000000000261, -3.635000000000000231 ) ) ;
#1617 = ORIENTED_EDGE ( 'NONE', *, *, #3076, .T. ) ;
#1618 = CARTESIAN_POINT ( 'NONE',  ( -5.673149999999997917, 2.571758278209438198E-17, -2.364999999999999769 ) ) ;
#1619 = EDGE_LOOP ( 'NONE', ( #1771, #2539, #2774, #2403 ) ) ;
#1620 = SURFACE_STYLE_USAGE ( .BOTH. , #2691 ) ;
#1621 = CARTESIAN_POINT ( 'NONE',  ( -4.019400000000003637, 2.852409985391846092, 14.11865867402467600 ) ) ;
#1622 = VERTEX_POINT ( 'NONE', #1194 ) ;
#1623 = CARTESIAN_POINT ( 'NONE',  ( -4.019400000000003637, -3.536900599999995176, 14.11865867402467600 ) ) ;
#1624 = FACE_BOUND ( 'NONE', #865, .T. ) ;
#1625 = VECTOR ( 'NONE', #1209, 100.0000000000000000 ) ;
#1626 = CIRCLE ( 'NONE', #1178, 0.2800000000000000266 ) ;
#1627 = AXIS2_PLACEMENT_3D ( 'NONE', #631, #1173, #75 ) ;
#1628 = EDGE_CURVE ( 'NONE', #2956, #2827, #1302, .T. ) ;
#1629 = VECTOR ( 'NONE', #223, 100.0000000000000000 ) ;
#1630 = LINE ( 'NONE', #2232, #1553 ) ;
#1631 = VECTOR ( 'NONE', #2206, 100.0000000000000000 ) ;
#1632 = VERTEX_POINT ( 'NONE', #649 ) ;
#1633 = DIRECTION ( 'NONE',  ( 0.000000000000000000, 0.000000000000000000, 1.000000000000000000 ) ) ;
#1634 = ORIENTED_EDGE ( 'NONE', *, *, #1177, .F. ) ;
#1635 = DIRECTION ( 'NONE',  ( -0.000000000000000000, 1.000000000000000000, -0.000000000000000000 ) ) ;
#1636 = VERTEX_POINT ( 'NONE', #1234 ) ;
#1637 = DIRECTION ( 'NONE',  ( 0.000000000000000000, -1.000000000000000000, 0.000000000000000000 ) ) ;
#1638 = CARTESIAN_POINT ( 'NONE',  ( -1.089399999999998370, 4.555260572648558843E-14, -22.74699999999999989 ) ) ;
#1639 = LINE ( 'NONE', #303, #3388 ) ;
#1640 = VERTEX_POINT ( 'NONE', #2814 ) ;
#1641 = CYLINDRICAL_SURFACE ( 'NONE', #3224, 0.1250000000000001110 ) ;
#1642 = DIRECTION ( 'NONE',  ( -1.428506063389983526E-17, 1.000000000000000000, 0.000000000000000000 ) ) ;
#1643 = CARTESIAN_POINT ( 'NONE',  ( -5.706162031302314475, -3.219399999999995821, -24.52466247586125192 ) ) ;
#1644 = CARTESIAN_POINT ( 'NONE',  ( -4.319399999999999018, -3.486899999999995448, -3.635000000000000231 ) ) ;
#1645 = EDGE_CURVE ( 'NONE', #1093, #3529, #1470, .T. ) ;
#1646 = ORIENTED_EDGE ( 'NONE', *, *, #536, .F. ) ;
#1647 = CARTESIAN_POINT ( 'NONE',  ( -5.706162031302314475, -3.219399999999995821, -24.24466247586125078 ) ) ;
#1648 = DIRECTION ( 'NONE',  ( -0.000000000000000000, 1.000000000000000000, -0.000000000000000000 ) ) ;
#1649 = CARTESIAN_POINT ( 'NONE',  ( -0.4859250974149631475, -3.219399999999952744, -23.38200000000000145 ) ) ;
#1650 = EDGE_CURVE ( 'NONE', #1739, #399, #1748, .T. ) ;
#1651 = EDGE_LOOP ( 'NONE', ( #914, #3407, #1510, #2367 ) ) ;
#1652 = CARTESIAN_POINT ( 'NONE',  ( -3.114797553316629664, -3.536899999999995714, -30.74970190092345490 ) ) ;
#1653 = LINE ( 'NONE', #854, #1528 ) ;
#1654 = DIRECTION ( 'NONE',  ( 0.000000000000000000, 0.000000000000000000, -1.000000000000000000 ) ) ;
#1655 = EDGE_CURVE ( 'NONE', #1040, #965, #957, .T. ) ;
#1656 = ORIENTED_EDGE ( 'NONE', *, *, #127, .F. ) ;
#1657 = ORIENTED_EDGE ( 'NONE', *, *, #938, .T. ) ;
#1658 = CARTESIAN_POINT ( 'NONE',  ( -4.304399999999999338, -3.536899999999995714, -2.984999999999999876 ) ) ;
#1659 = FACE_BOUND ( 'NONE', #1841, .T. ) ;
#1660 = VECTOR ( 'NONE', #1857, 100.0000000000000000 ) ;
#1661 = AXIS2_PLACEMENT_3D ( 'NONE', #2205, #3304, #12 ) ;
#1662 = CARTESIAN_POINT ( 'NONE',  ( -5.706162031302314475, -4.219399999999995821, -12.65836865193854877 ) ) ;
#1663 = ORIENTED_EDGE ( 'NONE', *, *, #1672, .F. ) ;
#1664 = CYLINDRICAL_SURFACE ( 'NONE', #2412, 0.2099999999999996314 ) ;
#1665 = CARTESIAN_POINT ( 'NONE',  ( -4.232463380792751195, -3.754400000000038151, -23.38200000000000145 ) ) ;
#1666 = CARTESIAN_POINT ( 'NONE',  ( -2.819399999999999906, 0.000000000000000000, -3.635000000000000231 ) ) ;
#1667 = ADVANCED_FACE ( 'NONE', ( #2831 ), #2295, .T. ) ;
#1668 = ORIENTED_EDGE ( 'NONE', *, *, #2553, .F. ) ;
#1669 = CARTESIAN_POINT ( 'NONE',  ( -1.485925097414963370, -3.219399999999952744, -23.38200000000000145 ) ) ;
#1670 = CARTESIAN_POINT ( 'NONE',  ( -6.391389809102427044, -3.536899999999995714, 17.43354606999999490 ) ) ;
#1671 = VERTEX_POINT ( 'NONE', #2760 ) ;
#1672 = EDGE_CURVE ( 'NONE', #1739, #1469, #1901, .T. ) ;
#1673 = ORIENTED_EDGE ( 'NONE', *, *, #441, .F. ) ;
#1674 = CARTESIAN_POINT ( 'NONE',  ( -1.619400000000005502, -3.536900599999995176, 13.86865867402467600 ) ) ;
#1675 = DIRECTION ( 'NONE',  ( 0.000000000000000000, -0.000000000000000000, -1.000000000000000000 ) ) ;
#1676 = AXIS2_PLACEMENT_3D ( 'NONE', #1865, #2104, #516 ) ;
#1677 = CARTESIAN_POINT ( 'NONE',  ( -5.319399999999999018, -3.219400000000000261, -3.635000000000000231 ) ) ;
#1678 = STYLED_ITEM ( 'NONE', ( #3176 ), #1022 ) ;
#1679 = ORIENTED_EDGE ( 'NONE', *, *, #150, .F. ) ;
#1680 = CIRCLE ( 'NONE', #539, 0.2784999999999995812 ) ;
#1681 = DIRECTION ( 'NONE',  ( 0.000000000000000000, 0.000000000000000000, 1.000000000000000000 ) ) ;
#1682 = CLOSED_SHELL ( 'NONE', ( #479, #2164, #497, #2731, #1545, #2342, #365, #2635, #850, #2644, #3418, #19 ) ) ;
#1683 = PLANE ( 'NONE',  #806 ) ;
#1684 = ORIENTED_EDGE ( 'NONE', *, *, #2705, .T. ) ;
#1685 = CARTESIAN_POINT ( 'NONE',  ( -5.706162031302314475, -4.219399999999995821, -23.96466247586124965 ) ) ;
#1686 = ORIENTED_EDGE ( 'NONE', *, *, #2789, .F. ) ;
#1687 = ORIENTED_EDGE ( 'NONE', *, *, #756, .T. ) ;
#1688 = ADVANCED_FACE ( 'NONE', ( #2331 ), #189, .T. ) ;
#1689 = FACE_OUTER_BOUND ( 'NONE', #1090, .T. ) ;
#1690 = LINE ( 'NONE', #2770, #2573 ) ;
#1691 = LINE ( 'NONE', #2165, #2986 ) ;
#1692 = EDGE_CURVE ( 'NONE', #2091, #1919, #2306, .T. ) ;
#1693 = DIRECTION ( 'NONE',  ( 0.000000000000000000, -1.000000000000000000, 0.000000000000000000 ) ) ;
#1694 = ORIENTED_EDGE ( 'NONE', *, *, #2723, .T. ) ;
#1695 = CARTESIAN_POINT ( 'NONE',  ( -3.114797553316628775, -4.219399999999995821, -36.17953809907653806 ) ) ;
#1696 = DIRECTION ( 'NONE',  ( 0.000000000000000000, 0.000000000000000000, 1.000000000000000000 ) ) ;
#1697 = CARTESIAN_POINT ( 'NONE',  ( -3.114797553316628775, -4.219399999999995821, -36.17953809907653806 ) ) ;
#1698 = ORIENTED_EDGE ( 'NONE', *, *, #1507, .F. ) ;
#1699 = CYLINDRICAL_SURFACE ( 'NONE', #298, 0.1250000000000001110 ) ;
#1700 = CARTESIAN_POINT ( 'NONE',  ( -0.7256499999999995731, -1.317637338226828936, -3.000000000000000000 ) ) ;
#1701 = CARTESIAN_POINT ( 'NONE',  ( -5.184649999999998649, 0.2752579228333830175, -3.635000000000000231 ) ) ;
#1702 = EDGE_LOOP ( 'NONE', ( #11, #2833, #3422, #973 ) ) ;
#1703 = ORIENTED_EDGE ( 'NONE', *, *, #895, .F. ) ;
#1704 = LINE ( 'NONE', #1205, #2077 ) ;
#1705 = FACE_BOUND ( 'NONE', #2925, .T. ) ;
#1706 = EDGE_CURVE ( 'NONE', #1201, #3529, #933, .T. ) ;
#1707 = CARTESIAN_POINT ( 'NONE',  ( -2.819399999999999906, 0.000000000000000000, -3.000000000000000000 ) ) ;
#1708 = ADVANCED_FACE ( 'NONE', ( #1574 ), #2641, .F. ) ;
#1709 = STYLED_ITEM ( 'NONE', ( #1910 ), #3344 ) ;
#1710 = ADVANCED_FACE ( 'NONE', ( #739 ), #3483, .T. ) ;
#1711 = ORIENTED_EDGE ( 'NONE', *, *, #2344, .F. ) ;
#1712 = CARTESIAN_POINT ( 'NONE',  ( -5.706162031302314475, -3.536899999999995714, -23.96466247586124965 ) ) ;
#1713 = CARTESIAN_POINT ( 'NONE',  ( -1.556447627453641847, -3.536901199999995082, 16.50288197256895728 ) ) ;
#1714 = CARTESIAN_POINT ( 'NONE',  ( -1.485925097414963370, -3.754400000000038151, -23.38200000000000145 ) ) ;
#1715 = ORIENTED_EDGE ( 'NONE', *, *, #3504, .F. ) ;
#1716 = DIRECTION ( 'NONE',  ( -1.000000000000000000, 0.000000000000000000, 0.000000000000000000 ) ) ;
#1717 = CARTESIAN_POINT ( 'NONE',  ( -0.3193999999999988515, -3.486899999999995448, -3.000000000000000000 ) ) ;
#1718 = VERTEX_POINT ( 'NONE', #1044 ) ;
#1719 = VERTEX_POINT ( 'NONE', #2395 ) ;
#1720 = DIRECTION ( 'NONE',  ( -0.000000000000000000, 1.000000000000000000, -0.000000000000000000 ) ) ;
#1721 = FACE_BOUND ( 'NONE', #1843, .T. ) ;
#1722 = ORIENTED_EDGE ( 'NONE', *, *, #2596, .F. ) ;
#1723 = CARTESIAN_POINT ( 'NONE',  ( -0.4541500000000003867, -0.2752579228333829064, 17.43364606999999467 ) ) ;
#1724 = CARTESIAN_POINT ( 'NONE',  ( -4.035762461737451012, -3.536901199999995526, 13.86865867402467600 ) ) ;
#1725 = VECTOR ( 'NONE', #1113, 100.0000000000000000 ) ;
#1726 = VERTEX_POINT ( 'NONE', #468 ) ;
#1727 = EDGE_CURVE ( 'NONE', #644, #1980, #3466, .T. ) ;
#1728 = DIRECTION ( 'NONE',  ( -1.000000000000000000, 6.308085367188390241E-16, 0.000000000000000000 ) ) ;
#1729 = CARTESIAN_POINT ( 'NONE',  ( -1.542581660003140120, -3.536901199999995526, 16.49361702932444373 ) ) ;
#1730 = EDGE_LOOP ( 'NONE', ( #2457, #3115, #364, #3497, #2171, #3379, #2873, #630 ) ) ;
#1731 = AXIS2_PLACEMENT_3D ( 'NONE', #2595, #171, #3116 ) ;
#1732 = LINE ( 'NONE', #2318, #242 ) ;
#1733 = CIRCLE ( 'NONE', #1577, 0.2800000000000000266 ) ;
#1734 = VERTEX_POINT ( 'NONE', #1149 ) ;
#1735 = FACE_OUTER_BOUND ( 'NONE', #2257, .T. ) ;
#1736 = EDGE_CURVE ( 'NONE', #2411, #3480, #1579, .T. ) ;
#1737 = CARTESIAN_POINT ( 'NONE',  ( -5.706162031302314475, -4.219399999999995821, -1.444325821154458955 ) ) ;
#1738 = CARTESIAN_POINT ( 'NONE',  ( -3.114797553316629664, -4.219399999999995821, -30.53970190092345405 ) ) ;
#1739 = VERTEX_POINT ( 'NONE', #2282 ) ;
#1740 = VECTOR ( 'NONE', #589, 100.0000000000000000 ) ;
#1741 = VERTEX_POINT ( 'NONE', #104 ) ;
#1742 = AXIS2_PLACEMENT_3D ( 'NONE', #752, #2639, #218 ) ;
#1743 = LINE ( 'NONE', #429, #1011 ) ;
#1744 = DIRECTION ( 'NONE',  ( -0.000000000000000000, 1.000000000000000000, -0.000000000000000000 ) ) ;
#1745 = VERTEX_POINT ( 'NONE', #2800 ) ;
#1746 = CARTESIAN_POINT ( 'NONE',  ( -4.119358355299775454, -3.536901199999995082, 13.91684033402781040 ) ) ;
#1747 = EDGE_LOOP ( 'NONE', ( #1684, #196, #2487, #2768 ) ) ;
#1748 = LINE ( 'NONE', #2275, #2756 ) ;
#1749 = SURFACE_STYLE_FILL_AREA ( #1511 ) ;
#1750 = ORIENTED_EDGE ( 'NONE', *, *, #3327, .F. ) ;
#1751 = DIRECTION ( 'NONE',  ( 0.000000000000000000, -1.000000000000000000, 0.000000000000000000 ) ) ;
#1752 = EDGE_CURVE ( 'NONE', #1726, #1201, #1757, .T. ) ;
#1753 = ORIENTED_EDGE ( 'NONE', *, *, #3445, .F. ) ;
#1754 = LINE ( 'NONE', #163, #245 ) ;
#1755 = CYLINDRICAL_SURFACE ( 'NONE', #1403, 0.2099999999999997702 ) ;
#1756 = CARTESIAN_POINT ( 'NONE',  ( -4.913149999999999906, 2.852409985391800795, -3.635000000000000231 ) ) ;
#1757 = LINE ( 'NONE', #3406, #2982 ) ;
#1758 = VERTEX_POINT ( 'NONE', #3127 ) ;
#1759 = DIRECTION ( 'NONE',  ( -0.000000000000000000, 1.000000000000000000, -0.000000000000000000 ) ) ;
#1760 = EDGE_CURVE ( 'NONE', #635, #23, #3519, .T. ) ;
#1761 = ORIENTED_EDGE ( 'NONE', *, *, #2602, .F. ) ;
#1762 = EDGE_CURVE ( 'NONE', #1741, #3088, #324, .T. ) ;
#1763 = DIRECTION ( 'NONE',  ( 0.000000000000000000, 0.000000000000000000, -1.000000000000000000 ) ) ;
#1764 = CARTESIAN_POINT ( 'NONE',  ( -0.5637295702258144914, -3.536899999999995714, -30.74970190092345490 ) ) ;
#1765 = VERTEX_POINT ( 'NONE', #2339 ) ;
#1766 = DIRECTION ( 'NONE',  ( 0.000000000000000000, -0.000000000000000000, -1.000000000000000000 ) ) ;
#1767 = CARTESIAN_POINT ( 'NONE',  ( -4.913149999999999906, 0.000000000000000000, -3.000000000000000000 ) ) ;
#1768 = AXIS2_PLACEMENT_3D ( 'NONE', #3505, #1598, #3490 ) ;
#1769 = DIRECTION ( 'NONE',  ( -1.000000000000000000, -6.081606377978406119E-17, 0.000000000000000000 ) ) ;
#1770 = CYLINDRICAL_SURFACE ( 'NONE', #597, 0.2799999999999996936 ) ;
#1771 = ORIENTED_EDGE ( 'NONE', *, *, #1416, .F. ) ;
#1772 = CYLINDRICAL_SURFACE ( 'NONE', #2330, 0.2799999999999996936 ) ;
#1773 = AXIS2_PLACEMENT_3D ( 'NONE', #3105, #968, #406 ) ;
#1774 = ORIENTED_EDGE ( 'NONE', *, *, #1007, .T. ) ;
#1775 = DIRECTION ( 'NONE',  ( 0.000000000000000000, 0.000000000000000000, 1.000000000000000000 ) ) ;
#1776 = DIRECTION ( 'NONE',  ( 0.000000000000000000, 1.000000000000000000, -0.000000000000000000 ) ) ;
#1777 = DIRECTION ( 'NONE',  ( 0.000000000000000000, -1.000000000000000000, 0.000000000000000000 ) ) ;
#1778 = ORIENTED_EDGE ( 'NONE', *, *, #1822, .T. ) ;
#1779 = ORIENTED_EDGE ( 'NONE', *, *, #3468, .T. ) ;
#1780 = CARTESIAN_POINT ( 'NONE',  ( -1.744400000000006390, -3.536901199999995082, 14.01002113576212338 ) ) ;
#1781 = LINE ( 'NONE', #2552, #3039 ) ;
#1782 = EDGE_CURVE ( 'NONE', #2611, #1002, #2075, .T. ) ;
#1783 = ORIENTED_EDGE ( 'NONE', *, *, #1297, .T. ) ;
#1784 = CARTESIAN_POINT ( 'NONE',  ( -2.819399999999999906, 0.000000000000000000, -3.000000000000000000 ) ) ;
#1785 = DIRECTION ( 'NONE',  ( -0.000000000000000000, 0.000000000000000000, -1.000000000000000000 ) ) ;
#1786 = DIRECTION ( 'NONE',  ( 0.000000000000000000, -1.000000000000000000, 0.000000000000000000 ) ) ;
#1787 = CARTESIAN_POINT ( 'NONE',  ( -1.494400000000004614, -3.536901199999995526, 16.41002113576212196 ) ) ;
#1788 = CARTESIAN_POINT ( 'NONE',  ( -4.913149999999999906, 0.000000000000000000, -2.364999999999999769 ) ) ;
#1789 = VECTOR ( 'NONE', #2822, 100.0000000000000000 ) ;
#1790 = ORIENTED_EDGE ( 'NONE', *, *, #2572, .F. ) ;
#1791 = DIRECTION ( 'NONE',  ( 1.000000000000000000, 0.000000000000000000, 0.000000000000000000 ) ) ;
#1792 =( GEOMETRIC_REPRESENTATION_CONTEXT ( 3 ) GLOBAL_UNCERTAINTY_ASSIGNED_CONTEXT ( ( #2148 ) ) GLOBAL_UNIT_ASSIGNED_CONTEXT ( ( #1304, #226, #2109 ) ) REPRESENTATION_CONTEXT ( 'NONE', 'WORKASPACE' ) );
#1793 = CARTESIAN_POINT ( 'NONE',  ( -1.510176701455723469, -3.536901199999995082, 13.93070630147831324 ) ) ;
#1794 = DIRECTION ( 'NONE',  ( -0.000000000000000000, -0.000000000000000000, 1.000000000000000000 ) ) ;
#1795 = ORIENTED_EDGE ( 'NONE', *, *, #1356, .T. ) ;
#1796 = AXIS2_PLACEMENT_3D ( 'NONE', #540, #1337, #1633 ) ;
#1797 = EDGE_LOOP ( 'NONE', ( #1656, #1679, #663, #33 ) ) ;
#1798 = CARTESIAN_POINT ( 'NONE',  ( -5.706162031302314475, -3.219399999999995821, -13.21836865193854749 ) ) ;
#1799 = CARTESIAN_POINT ( 'NONE',  ( -5.706162031302314475, -4.219399999999995821, -24.52466247586125192 ) ) ;
#1800 = VECTOR ( 'NONE', #3355, 100.0000000000000000 ) ;
#1801 = AXIS2_PLACEMENT_3D ( 'NONE', #442, #1786, #2127 ) ;
#1802 = DIRECTION ( 'NONE',  ( -0.000000000000000000, -0.000000000000000000, 1.000000000000000000 ) ) ;
#1803 = AXIS2_PLACEMENT_3D ( 'NONE', #2851, #1256, #708 ) ;
#1804 = EDGE_CURVE ( 'NONE', #714, #3051, #2361, .T. ) ;
#1805 = LINE ( 'NONE', #456, #2818 ) ;
#1806 = ADVANCED_FACE ( 'NONE', ( #1689 ), #1641, .F. ) ;
#1807 = CARTESIAN_POINT ( 'NONE',  ( -4.232463380792751195, -3.486899999999995448, -22.74699999999999989 ) ) ;
#1808 = VERTEX_POINT ( 'NONE', #1623 ) ;
#1809 = CARTESIAN_POINT ( 'NONE',  ( -5.319399999999999018, -3.219400000000000261, -3.635000000000000231 ) ) ;
#1810 = ORIENTED_EDGE ( 'NONE', *, *, #1480, .F. ) ;
#1811 = CARTESIAN_POINT ( 'NONE',  ( -5.463149999999998840, 0.2752579228333829064, -3.635000000000000231 ) ) ;
#1812 = VERTEX_POINT ( 'NONE', #858 ) ;
#1813 = CARTESIAN_POINT ( 'NONE',  ( 0.06736203130231627201, -4.219399999999995821, -0.8843258211544597902 ) ) ;
#1814 = EDGE_LOOP ( 'NONE', ( #3124, #1412, #530, #372 ) ) ;
#1815 = ORIENTED_EDGE ( 'NONE', *, *, #1939, .F. ) ;
#1816 = CARTESIAN_POINT ( 'NONE',  ( -3.910176701455720494, -3.536901199999995526, 14.05661104657104055 ) ) ;
#1817 = CARTESIAN_POINT ( 'NONE',  ( -2.819399999999999906, 0.000000000000000000, -3.635000000000000231 ) ) ;
#1818 = ORIENTED_EDGE ( 'NONE', *, *, #2113, .F. ) ;
#1819 = EDGE_CURVE ( 'NONE', #1632, #2254, #290, .T. ) ;
#1820 = CARTESIAN_POINT ( 'NONE',  ( 0.3743500000000004047, 2.852409985391800795, -3.000000000000000000 ) ) ;
#1821 = CARTESIAN_POINT ( 'NONE',  ( -4.096218339996869240, -3.536901199999995526, 16.29370031872489832 ) ) ;
#1822 = EDGE_CURVE ( 'NONE', #3102, #57, #326, .T. ) ;
#1823 = CARTESIAN_POINT ( 'NONE',  ( -5.706162031302314475, -3.536899999999995714, -12.93836865193854813 ) ) ;
#1824 = VERTEX_POINT ( 'NONE', #1658 ) ;
#1825 = DIRECTION ( 'NONE',  ( 0.000000000000000000, 0.000000000000000000, 1.000000000000000000 ) ) ;
#1826 = ORIENTED_EDGE ( 'NONE', *, *, #756, .F. ) ;
#1827 = LINE ( 'NONE', #2390, #2701 ) ;
#1828 = ORIENTED_EDGE ( 'NONE', *, *, #1291, .T. ) ;
#1829 = ORIENTED_EDGE ( 'NONE', *, *, #2096, .T. ) ;
#1830 = CARTESIAN_POINT ( 'NONE',  ( -3.897653415416464817, -3.536901199999995082, 14.02637715956958964 ) ) ;
#1831 = CARTESIAN_POINT ( 'NONE',  ( -2.819399999999999462, 4.555260572648558843E-14, -23.38200000000000145 ) ) ;
#1832 = ORIENTED_EDGE ( 'NONE', *, *, #1920, .T. ) ;
#1833 = CARTESIAN_POINT ( 'NONE',  ( -1.619400000000004614, -3.536900599999995176, 16.51865867402467458 ) ) ;
#1834 = CARTESIAN_POINT ( 'NONE',  ( -4.082352372546367292, -3.536901199999994194, 16.50288197256896083 ) ) ;
#1835 = FACE_OUTER_BOUND ( 'NONE', #233, .T. ) ;
#1836 = EDGE_CURVE ( 'NONE', #2376, #203, #1417, .T. ) ;
#1837 = EDGE_CURVE ( 'NONE', #1238, #1874, #777, .T. ) ;
#1838 = ORIENTED_EDGE ( 'NONE', *, *, #1530, .T. ) ;
#1839 = CARTESIAN_POINT ( 'NONE',  ( 0.3743500000000002936, -3.219400000000000261, -3.000000000000000000 ) ) ;
#1840 = LINE ( 'NONE', #213, #1171 ) ;
#1841 = EDGE_LOOP ( 'NONE', ( #2009, #451 ) ) ;
#1842 = CARTESIAN_POINT ( 'NONE',  ( -0.5637295702258144914, -3.219399999999995821, -30.74970190092345490 ) ) ;
#1843 = EDGE_LOOP ( 'NONE', ( #68, #3526 ) ) ;
#1844 = CIRCLE ( 'NONE', #823, 0.2799999999999991940 ) ;
#1845 = ADVANCED_FACE ( 'NONE', ( #274 ), #2162, .T. ) ;
#1846 = EDGE_LOOP ( 'NONE', ( #1525, #839, #875, #3484 ) ) ;
#1847 = CARTESIAN_POINT ( 'NONE',  ( -4.019400000000003637, -3.536900599999995176, 14.11865867402467600 ) ) ;
#1848 = CARTESIAN_POINT ( 'NONE',  ( -1.619400000000005502, 2.852409985391846092, 13.99365867402467600 ) ) ;
#1849 = VECTOR ( 'NONE', #1696, 100.0000000000000000 ) ;
#1850 = EDGE_LOOP ( 'NONE', ( #2497, #1208, #1774, #193 ) ) ;
#1851 = VECTOR ( 'NONE', #660, 100.0000000000000000 ) ;
#1852 = PLANE ( 'NONE',  #3271 ) ;
#1853 = PLANE ( 'NONE',  #161 ) ;
#1854 = CIRCLE ( 'NONE', #2415, 0.2784999999999995812 ) ;
#1855 = VECTOR ( 'NONE', #1050, 100.0000000000000000 ) ;
#1856 = CARTESIAN_POINT ( 'NONE',  ( 0.03434999999999883286, -6.475319950491627270E-16, -2.999999999999997335 ) ) ;
#1857 = DIRECTION ( 'NONE',  ( 0.000000000000000000, -1.000000000000000000, 0.000000000000000000 ) ) ;
#1858 = ORIENTED_EDGE ( 'NONE', *, *, #2949, .T. ) ;
#1859 = CARTESIAN_POINT ( 'NONE',  ( -5.184649999999998649, -0.2752579228333829064, -3.000000000000000000 ) ) ;
#1860 = ORIENTED_EDGE ( 'NONE', *, *, #436, .F. ) ;
#1861 = DIRECTION ( 'NONE',  ( -0.000000000000000000, 0.000000000000000000, -1.000000000000000000 ) ) ;
#1862 = EDGE_CURVE ( 'NONE', #387, #2064, #1368, .T. ) ;
#1863 = ORIENTED_EDGE ( 'NONE', *, *, #2753, .F. ) ;
#1864 = CARTESIAN_POINT ( 'NONE',  ( -3.910176701455721382, -3.536901199999995082, 13.93070630147831324 ) ) ;
#1865 = CARTESIAN_POINT ( 'NONE',  ( -6.391389809102420827, -3.536899999999995714, -37.50000000000000000 ) ) ;
#1866 = ADVANCED_FACE ( 'NONE', ( #1153 ), #2461, .T. ) ;
#1867 = EDGE_CURVE ( 'NONE', #57, #3252, #2769, .T. ) ;
#1868 = ORIENTED_EDGE ( 'NONE', *, *, #3345, .T. ) ;
#1869 = CARTESIAN_POINT ( 'NONE',  ( 0.7525898091024176839, -3.536899999999995714, 17.43354606999999490 ) ) ;
#1870 = CARTESIAN_POINT ( 'NONE',  ( -0.4541500000000003867, 0.2752579228333830175, -3.635000000000000231 ) ) ;
#1871 = CARTESIAN_POINT ( 'NONE',  ( -0.3193999999999988515, -3.219400000000000261, -3.635000000000000231 ) ) ;
#1872 = ORIENTED_EDGE ( 'NONE', *, *, #2483, .T. ) ;
#1873 = CARTESIAN_POINT ( 'NONE',  ( -1.619400000000005502, -3.536900599999995176, 14.11865867402467600 ) ) ;
#1874 = VERTEX_POINT ( 'NONE', #3329 ) ;
#1875 = LINE ( 'NONE', #2709, #1190 ) ;
#1876 = SURFACE_STYLE_USAGE ( .BOTH. , #835 ) ;
#1877 = CYLINDRICAL_SURFACE ( 'NONE', #216, 0.2800000000000000266 ) ;
#1878 = DIRECTION ( 'NONE',  ( 0.000000000000000000, 0.000000000000000000, -1.000000000000000000 ) ) ;
#1879 = CIRCLE ( 'NONE', #804, 0.2799999999999996936 ) ;
#1880 = AXIS2_PLACEMENT_3D ( 'NONE', #30, #599, #2962 ) ;
#1881 = ORIENTED_EDGE ( 'NONE', *, *, #990, .T. ) ;
#1882 = EDGE_CURVE ( 'NONE', #3221, #2357, #1947, .T. ) ;
#1883 = LINE ( 'NONE', #2967, #440 ) ;
#1884 = CARTESIAN_POINT ( 'NONE',  ( -0.3043999999999991157, -4.489399999999990953, -2.984999999999999876 ) ) ;
#1885 = CARTESIAN_POINT ( 'NONE',  ( -5.706162031302314475, -3.219399999999995821, -12.93836865193854813 ) ) ;
#1886 = ORIENTED_EDGE ( 'NONE', *, *, #501, .F. ) ;
#1887 = DIRECTION ( 'NONE',  ( 0.000000000000000000, -1.000000000000000000, 0.000000000000000000 ) ) ;
#1888 = PLANE ( 'NONE',  #2580 ) ;
#1889 = EDGE_LOOP ( 'NONE', ( #2020, #525, #856, #2424 ) ) ;
#1890 = LINE ( 'NONE', #3496, #668 ) ;
#1891 = ORIENTED_EDGE ( 'NONE', *, *, #300, .F. ) ;
#1892 = DIRECTION ( 'NONE',  ( -0.000000000000000000, -1.000000000000000000, -0.000000000000000000 ) ) ;
#1893 = PLANE ( 'NONE',  #716 ) ;
#1894 = ORIENTED_EDGE ( 'NONE', *, *, #2176, .F. ) ;
#1895 = CARTESIAN_POINT ( 'NONE',  ( -0.3193999999999988515, -3.219400000000000261, -3.635000000000000231 ) ) ;
#1896 = FACE_BOUND ( 'NONE', #381, .T. ) ;
#1897 = PRESENTATION_LAYER_ASSIGNMENT (  '', '', ( #771 ) ) ;
#1898 = ADVANCED_FACE ( 'NONE', ( #3034 ), #2211, .F. ) ;
#1899 = VERTEX_POINT ( 'NONE', #2999 ) ;
#1900 = VECTOR ( 'NONE', #120, 100.0000000000000000 ) ;
#1901 = CIRCLE ( 'NONE', #1803, 0.2799999999999996936 ) ;
#1902 = LINE ( 'NONE', #2432, #3071 ) ;
#1903 = EDGE_CURVE ( 'NONE', #1306, #1467, #569, .T. ) ;
#1904 = EDGE_CURVE ( 'NONE', #2343, #2909, #39, .T. ) ;
#1905 = AXIS2_PLACEMENT_3D ( 'NONE', #1342, #2884, #452 ) ;
#1906 = VERTEX_POINT ( 'NONE', #1895 ) ;
#1907 = CARTESIAN_POINT ( 'NONE',  ( -0.5637295702258123820, -4.219399999999995821, -36.17953809907653806 ) ) ;
#1908 = CYLINDRICAL_SURFACE ( 'NONE', #3413, 0.1250000000000001110 ) ;
#1909 = ORIENTED_EDGE ( 'NONE', *, *, #675, .T. ) ;
#1910 = PRESENTATION_STYLE_ASSIGNMENT (( #1876 ) ) ;
#1911 = LINE ( 'NONE', #2995, #1631 ) ;
#1912 = DIRECTION ( 'NONE',  ( -0.000000000000000000, 0.000000000000000000, -1.000000000000000000 ) ) ;
#1913 = VERTEX_POINT ( 'NONE', #897 ) ;
#1914 = VERTEX_POINT ( 'NONE', #1674 ) ;
#1915 = DIRECTION ( 'NONE',  ( 6.081606377978406119E-17, -1.000000000000000000, 0.000000000000000000 ) ) ;
#1916 = FACE_BOUND ( 'NONE', #2216, .T. ) ;
#1917 = ADVANCED_FACE ( 'NONE', ( #2749 ), #2966, .T. ) ;
#1918 = CARTESIAN_POINT ( 'NONE',  ( 0.06736203130231627201, -3.219399999999995821, -12.93836865193854813 ) ) ;
#1919 = VERTEX_POINT ( 'NONE', #394 ) ;
#1920 = EDGE_CURVE ( 'NONE', #1429, #1914, #2530, .T. ) ;
#1921 = CARTESIAN_POINT ( 'NONE',  ( -0.4709250974149626900, -3.219399999999995821, -22.73199999999999932 ) ) ;
#1922 = LINE ( 'NONE', #3004, #2231 ) ;
#1923 = CARTESIAN_POINT ( 'NONE',  ( -1.619400000000004614, -3.219399999999995821, 16.26865867402467458 ) ) ;
#1924 = VERTEX_POINT ( 'NONE', #147 ) ;
#1925 = CARTESIAN_POINT ( 'NONE',  ( 0.7525898091024176839, -3.536899999999995714, 17.43354606999999490 ) ) ;
#1926 = DIRECTION ( 'NONE',  ( 0.000000000000000000, 0.000000000000000000, 1.000000000000000000 ) ) ;
#1927 = CARTESIAN_POINT ( 'NONE',  ( -4.232463380792751195, -3.486899999999995448, -22.74699999999999989 ) ) ;
#1928 = ORIENTED_EDGE ( 'NONE', *, *, #1026, .T. ) ;
#1929 = EDGE_LOOP ( 'NONE', ( #1129, #101 ) ) ;
#1930 = DIRECTION ( 'NONE',  ( -0.000000000000000000, 1.000000000000000000, -0.000000000000000000 ) ) ;
#1931 = FACE_OUTER_BOUND ( 'NONE', #827, .T. ) ;
#1932 = AXIS2_PLACEMENT_3D ( 'NONE', #2773, #3260, #1371 ) ;
#1933 = VECTOR ( 'NONE', #1146, 100.0000000000000000 ) ;
#1934 = LINE ( 'NONE', #825, #805 ) ;
#1935 = ORIENTED_EDGE ( 'NONE', *, *, #2969, .T. ) ;
#1936 = CARTESIAN_POINT ( 'NONE',  ( -4.319399999999999018, -3.219400000000000261, -3.000000000000000000 ) ) ;
#1937 = DIRECTION ( 'NONE',  ( 0.000000000000000000, -1.000000000000000000, 0.000000000000000000 ) ) ;
#1938 = DIRECTION ( 'NONE',  ( -1.000000000000000000, 0.000000000000000000, -0.000000000000000000 ) ) ;
#1939 = EDGE_CURVE ( 'NONE', #50, #2594, #2309, .T. ) ;
#1940 = ORIENTED_EDGE ( 'NONE', *, *, #3509, .F. ) ;
#1941 = DIRECTION ( 'NONE',  ( -1.000000000000000000, 0.000000000000000000, 0.000000000000000000 ) ) ;
#1942 = DIRECTION ( 'NONE',  ( -1.000000000000000000, 0.000000000000000000, 0.000000000000000000 ) ) ;
#1943 = DIRECTION ( 'NONE',  ( -0.000000000000000000, 1.000000000000000000, -0.000000000000000000 ) ) ;
#1944 = ORIENTED_EDGE ( 'NONE', *, *, #1228, .F. ) ;
#1945 = EDGE_CURVE ( 'NONE', #1622, #116, #681, .T. ) ;
#1946 = ORIENTED_EDGE ( 'NONE', *, *, #783, .T. ) ;
#1947 = LINE ( 'NONE', #1117, #1071 ) ;
#1948 = FACE_BOUND ( 'NONE', #761, .T. ) ;
#1949 = DIRECTION ( 'NONE',  ( -0.000000000000000000, 1.000000000000000000, -0.000000000000000000 ) ) ;
#1950 = VECTOR ( 'NONE', #585, 100.0000000000000000 ) ;
#1951 = FACE_OUTER_BOUND ( 'NONE', #2599, .T. ) ;
#1952 =( GEOMETRIC_REPRESENTATION_CONTEXT ( 3 ) GLOBAL_UNCERTAINTY_ASSIGNED_CONTEXT ( ( #3078 ) ) GLOBAL_UNIT_ASSIGNED_CONTEXT ( ( #709, #2506, #506 ) ) REPRESENTATION_CONTEXT ( 'NONE', 'WORKASPACE' ) );
#1953 = CARTESIAN_POINT ( 'NONE',  ( -0.7256499999999996842, 2.852409985391801683, -3.635000000000000231 ) ) ;
#1954 = AXIS2_PLACEMENT_3D ( 'NONE', #356, #1181, #2303 ) ;
#1955 = LINE ( 'NONE', #3060, #1800 ) ;
#1956 = CARTESIAN_POINT ( 'NONE',  ( -5.741649999999998144, 0.2752579228333827954, 17.43364606999999467 ) ) ;
#1957 = VECTOR ( 'NONE', #1763, 100.0000000000000000 ) ;
#1958 = ORIENTED_EDGE ( 'NONE', *, *, #1706, .F. ) ;
#1959 = FACE_OUTER_BOUND ( 'NONE', #1395, .T. ) ;
#1960 = DIRECTION ( 'NONE',  ( 0.000000000000000000, -0.000000000000000000, 1.000000000000000000 ) ) ;
#1961 = DIRECTION ( 'NONE',  ( 0.000000000000000000, -1.000000000000000000, 0.000000000000000000 ) ) ;
#1962 = ORIENTED_EDGE ( 'NONE', *, *, #717, .F. ) ;
#1963 = CIRCLE ( 'NONE', #2646, 0.2800000000000000266 ) ;
#1964 = EDGE_CURVE ( 'NONE', #2175, #1467, #1743, .T. ) ;
#1965 = ORIENTED_EDGE ( 'NONE', *, *, #460, .F. ) ;
#1966 = VECTOR ( 'NONE', #2404, 100.0000000000000000 ) ;
#1967 = CARTESIAN_POINT ( 'NONE',  ( 0.000000000000000000, -3.219399999999995821, -22.73199999999999932 ) ) ;
#1968 = FACE_BOUND ( 'NONE', #909, .T. ) ;
#1969 = ADVANCED_FACE ( 'NONE', ( #2513 ), #2803, .F. ) ;
#1970 = ADVANCED_FACE ( 'NONE', ( #3424 ), #373, .T. ) ;
#1971 = CARTESIAN_POINT ( 'NONE',  ( -0.4541500000000003867, 0.2752579228333830175, 17.43364606999999467 ) ) ;
#1972 = UNCERTAINTY_MEASURE_WITH_UNIT (LENGTH_MEASURE( 1.000000000000000082E-05 ), #2191, 'distance_accuracy_value', 'NONE');
#1973 = VERTEX_POINT ( 'NONE', #625 ) ;
#1974 = DIRECTION ( 'NONE',  ( -1.000000000000000000, 0.000000000000000000, 0.000000000000000000 ) ) ;
#1975 = DIRECTION ( 'NONE',  ( 0.000000000000000000, 0.000000000000000000, -1.000000000000000000 ) ) ;
#1976 = DIRECTION ( 'NONE',  ( 1.000000000000000000, 0.000000000000000000, 0.000000000000000000 ) ) ;
#1977 = DIRECTION ( 'NONE',  ( -1.000000000000000000, -0.000000000000000000, -0.000000000000000000 ) ) ;
#1978 = DIRECTION ( 'NONE',  ( -1.000000000000000000, 0.000000000000000000, 0.000000000000000000 ) ) ;
#1979 = ORIENTED_EDGE ( 'NONE', *, *, #224, .F. ) ;
#1980 = VERTEX_POINT ( 'NONE', #2842 ) ;
#1981 = DIRECTION ( 'NONE',  ( 1.000000000000000000, 0.000000000000000000, 0.000000000000000000 ) ) ;
#1982 = FACE_BOUND ( 'NONE', #1983, .T. ) ;
#1983 = EDGE_LOOP ( 'NONE', ( #1145, #2034 ) ) ;
#1984 = PLANE ( 'NONE',  #1066 ) ;
#1985 = EDGE_CURVE ( 'NONE', #1824, #2175, #2551, .T. ) ;
#1986 = LINE ( 'NONE', #1529, #2732 ) ;
#1987 = AXIS2_PLACEMENT_3D ( 'NONE', #80, #3321, #2798 ) ;
#1988 = ORIENTED_EDGE ( 'NONE', *, *, #611, .F. ) ;
#1989 = CARTESIAN_POINT ( 'NONE',  ( 0.3743500000000001826, 2.852409985391800795, -3.000000000000000000 ) ) ;
#1990 = DIRECTION ( 'NONE',  ( -1.000000000000000000, 0.000000000000000000, 0.000000000000000000 ) ) ;
#1991 = ORIENTED_EDGE ( 'NONE', *, *, #3192, .T. ) ;
#1992 = CARTESIAN_POINT ( 'NONE',  ( -3.897653415416466594, -3.536901199999995082, 16.42637715956958999 ) ) ;
#1993 = VERTEX_POINT ( 'NONE', #1465 ) ;
#1994 = LINE ( 'NONE', #2508, #67 ) ;
#1995 = CARTESIAN_POINT ( 'NONE',  ( 0.06736203130231627201, -3.536899999999995714, -1.164325821154459817 ) ) ;
#1996 = CARTESIAN_POINT ( 'NONE',  ( 0.06736203130231629976, -3.536899999999995714, -24.52466247586125192 ) ) ;
#1997 = VERTEX_POINT ( 'NONE', #1503 ) ;
#1998 = ORIENTED_EDGE ( 'NONE', *, *, #1628, .F. ) ;
#1999 = LINE ( 'NONE', #2345, #3104 ) ;
#2000 = DIRECTION ( 'NONE',  ( 0.000000000000000000, -1.000000000000000000, 0.000000000000000000 ) ) ;
#2001 = ORIENTED_EDGE ( 'NONE', *, *, #305, .T. ) ;
#2002 = CARTESIAN_POINT ( 'NONE',  ( -6.013149999999998663, -1.317637338226828492, -2.364999999999999769 ) ) ;
#2003 = EDGE_CURVE ( 'NONE', #2611, #3495, #2825, .T. ) ;
#2004 = DIRECTION ( 'NONE',  ( 0.000000000000000000, 0.000000000000000000, -1.000000000000000000 ) ) ;
#2005 = CIRCLE ( 'NONE', #595, 0.2099999999999990763 ) ;
#2006 = ORIENTED_EDGE ( 'NONE', *, *, #1613, .F. ) ;
#2007 = DIRECTION ( 'NONE',  ( 0.000000000000000000, -1.000000000000000000, 0.000000000000000000 ) ) ;
#2008 = CARTESIAN_POINT ( 'NONE',  ( -1.619400000000004614, -3.536900599999995176, 16.51865867402467458 ) ) ;
#2009 = ORIENTED_EDGE ( 'NONE', *, *, #1534, .T. ) ;
#2010 = VECTOR ( 'NONE', #2169, 100.0000000000000000 ) ;
#2011 = EDGE_CURVE ( 'NONE', #3529, #1501, #2787, .T. ) ;
#2012 = CARTESIAN_POINT ( 'NONE',  ( -3.910176701455723158, -3.536901199999995082, 16.33070630147831181 ) ) ;
#2013 = EDGE_CURVE ( 'NONE', #1973, #3178, #3347, .T. ) ;
#2014 = AXIS2_PLACEMENT_3D ( 'NONE', #2018, #2565, #142 ) ;
#2015 = AXIS2_PLACEMENT_3D ( 'NONE', #1247, #3387, #2843 ) ;
#2016 = ORIENTED_EDGE ( 'NONE', *, *, #1377, .F. ) ;
#2017 = CARTESIAN_POINT ( 'NONE',  ( -6.013149999999998663, 2.852409985391800795, -3.635000000000000231 ) ) ;
#2018 = CARTESIAN_POINT ( 'NONE',  ( -5.706162031302314475, -4.219399999999995821, -1.164325821154459817 ) ) ;
#2019 = LINE ( 'NONE', #1756, #2575 ) ;
#2020 = ORIENTED_EDGE ( 'NONE', *, *, #2576, .F. ) ;
#2021 = VECTOR ( 'NONE', #114, 100.0000000000000000 ) ;
#2022 = ORIENTED_EDGE ( 'NONE', *, *, #1645, .F. ) ;
#2023 = CARTESIAN_POINT ( 'NONE',  ( -1.728623298544288200, -3.536901199999995082, 14.05661104657104055 ) ) ;
#2024 = LINE ( 'NONE', #2535, #3514 ) ;
#2025 = ORIENTED_EDGE ( 'NONE', *, *, #3318, .F. ) ;
#2026 = FACE_OUTER_BOUND ( 'NONE', #623, .T. ) ;
#2027 = CARTESIAN_POINT ( 'NONE',  ( -1.619400000000004614, 2.852409985391846092, 16.51865867402467458 ) ) ;
#2028 = EDGE_CURVE ( 'NONE', #1615, #2511, #1854, .T. ) ;
#2029 = ORIENTED_EDGE ( 'NONE', *, *, #1026, .F. ) ;
#2030 = CARTESIAN_POINT ( 'NONE',  ( -1.603037538262557682, -3.536901199999995526, 16.51865867402467458 ) ) ;
#2031 = VERTEX_POINT ( 'NONE', #2325 ) ;
#2032 = CARTESIAN_POINT ( 'NONE',  ( -2.819399999999999906, 0.000000000000000000, -2.364999999999999769 ) ) ;
#2033 = EDGE_CURVE ( 'NONE', #3109, #387, #1704, .T. ) ;
#2034 = ORIENTED_EDGE ( 'NONE', *, *, #646, .T. ) ;
#2035 = FACE_OUTER_BOUND ( 'NONE', #392, .T. ) ;
#2036 = FACE_OUTER_BOUND ( 'NONE', #3343, .T. ) ;
#2037 = CARTESIAN_POINT ( 'NONE',  ( -6.013149999999998663, -3.219400000000000261, -3.000000000000000000 ) ) ;
#2038 = DIRECTION ( 'NONE',  ( -1.000000000000000000, 0.000000000000000000, 0.000000000000000000 ) ) ;
#2039 = VERTEX_POINT ( 'NONE', #931 ) ;
#2040 = ORIENTED_EDGE ( 'NONE', *, *, #2902, .T. ) ;
#2041 = EDGE_CURVE ( 'NONE', #1640, #910, #1999, .T. ) ;
#2042 = CARTESIAN_POINT ( 'NONE',  ( -1.682352372546368491, -3.536901199999995082, 13.88443537548039508 ) ) ;
#2043 = FACE_OUTER_BOUND ( 'NONE', #3143, .T. ) ;
#2044 = ORIENTED_EDGE ( 'NONE', *, *, #239, .F. ) ;
#2045 = DIRECTION ( 'NONE',  ( -1.000000000000000000, 0.000000000000000000, 0.000000000000000000 ) ) ;
#2046 = CARTESIAN_POINT ( 'NONE',  ( -4.019400000000003637, -3.536900599999995176, 14.11865867402467600 ) ) ;
#2047 = LINE ( 'NONE', #3522, #1629 ) ;
#2048 = PRESENTATION_STYLE_ASSIGNMENT (( #2832 ) ) ;
#2049 = ORIENTED_EDGE ( 'NONE', *, *, #742, .T. ) ;
#2050 = DIRECTION ( 'NONE',  ( -0.000000000000000000, 1.000000000000000000, -0.000000000000000000 ) ) ;
#2051 = VECTOR ( 'NONE', #1112, 100.0000000000000000 ) ;
#2052 = EDGE_LOOP ( 'NONE', ( #3374, #1663 ) ) ;
#2053 = DIRECTION ( 'NONE',  ( 0.000000000000000000, 0.000000000000000000, 1.000000000000000000 ) ) ;
#2054 = ORIENTED_EDGE ( 'NONE', *, *, #874, .F. ) ;
#2055 = DIRECTION ( 'NONE',  ( 0.000000000000000000, 0.000000000000000000, -1.000000000000000000 ) ) ;
#2056 = EDGE_CURVE ( 'NONE', #2175, #1899, #3442, .T. ) ;
#2057 = VERTEX_POINT ( 'NONE', #1798 ) ;
#2058 = CARTESIAN_POINT ( 'NONE',  ( -0.5637295702258123820, -3.536899999999995714, -36.17953809907653806 ) ) ;
#2059 = DIRECTION ( 'NONE',  ( -1.000000000000000000, 0.000000000000000000, 0.000000000000000000 ) ) ;
#2060 = EDGE_CURVE ( 'NONE', #1141, #685, #2103, .T. ) ;
#2061 = FACE_OUTER_BOUND ( 'NONE', #433, .T. ) ;
#2062 = CARTESIAN_POINT ( 'NONE',  ( -1.334399999999998698, -3.536899999999995714, -2.984999999999999876 ) ) ;
#2063 = B_SPLINE_CURVE_WITH_KNOTS ( 'NONE', 1,
 ( #1425, #1176 ),
 .UNSPECIFIED., .F., .F.,
 ( 2, 2 ),
 ( 0.5000000000000000000, 0.6941896024464832005 ),
 .UNSPECIFIED. ) ;
#2064 = VERTEX_POINT ( 'NONE', #2393 ) ;
#2065 = CARTESIAN_POINT ( 'NONE',  ( -0.1756500000000008055, 0.2752579228333829064, -3.000000000000000000 ) ) ;
#2066 = ORIENTED_EDGE ( 'NONE', *, *, #2142, .T. ) ;
#2067 = DIRECTION ( 'NONE',  ( -1.000000000000000000, -0.000000000000000000, -0.000000000000000000 ) ) ;
#2068 = VERTEX_POINT ( 'NONE', #481 ) ;
#2069 = CIRCLE ( 'NONE', #3331, 0.2799999999999996936 ) ;
#2070 = EDGE_LOOP ( 'NONE', ( #2748, #238, #1935, #182 ) ) ;
#2071 = ADVANCED_FACE ( 'NONE', ( #3185 ), #183, .F. ) ;
#2072 = DIRECTION ( 'NONE',  ( 0.000000000000000000, 0.000000000000000000, 1.000000000000000000 ) ) ;
#2073 = DIRECTION ( 'NONE',  ( -0.000000000000000000, -1.000000000000000000, -0.000000000000000000 ) ) ;
#2074 = CARTESIAN_POINT ( 'NONE',  ( -1.500925097414963050, -4.489400000000038915, -22.73199999999999932 ) ) ;
#2075 = CIRCLE ( 'NONE', #1251, 0.2099999999999996314 ) ;
#2076 = ORIENTED_EDGE ( 'NONE', *, *, #2028, .F. ) ;
#2077 = VECTOR ( 'NONE', #361, 100.0000000000000000 ) ;
#2078 = EDGE_CURVE ( 'NONE', #1812, #3291, #254, .T. ) ;
#2079 = EDGE_CURVE ( 'NONE', #2475, #1449, #1963, .T. ) ;
#2080 = AXIS2_PLACEMENT_3D ( 'NONE', #1519, #2549, #1554 ) ;
#2081 = CARTESIAN_POINT ( 'NONE',  ( -1.728623298544287090, -3.536901199999995082, 16.45661104657104090 ) ) ;
#2082 = CARTESIAN_POINT ( 'NONE',  ( -0.5637295702258144914, -4.219399999999995821, -30.53970190092345405 ) ) ;
#2083 = EDGE_LOOP ( 'NONE', ( #2327, #3433 ) ) ;
#2084 = DIRECTION ( 'NONE',  ( 0.000000000000000000, 0.000000000000000000, -1.000000000000000000 ) ) ;
#2085 = EDGE_LOOP ( 'NONE', ( #2347, #1179, #794, #3532 ) ) ;
#2086 = DIRECTION ( 'NONE',  ( -0.000000000000000000, 1.000000000000000000, -0.000000000000000000 ) ) ;
#2087 = VERTEX_POINT ( 'NONE', #2609 ) ;
#2088 = CARTESIAN_POINT ( 'NONE',  ( 0.3743500000000001826, -1.317637338226829158, -2.364999999999999769 ) ) ;
#2089 = CARTESIAN_POINT ( 'NONE',  ( -5.319399999999999018, -3.754399999999991078, -3.000000000000000000 ) ) ;
#2090 = FACE_BOUND ( 'NONE', #2625, .T. ) ;
#2091 = VERTEX_POINT ( 'NONE', #1041 ) ;
#2092 = CARTESIAN_POINT ( 'NONE',  ( -1.741146584583544321, -3.536901199999995082, 16.36094018847976272 ) ) ;
#2093 = EDGE_CURVE ( 'NONE', #1671, #1808, #2662, .T. ) ;
#2094 = DIRECTION ( 'NONE',  ( -0.000000000000000000, 1.000000000000000000, -0.000000000000000000 ) ) ;
#2095 = CARTESIAN_POINT ( 'NONE',  ( -5.319399999999999018, -3.219400000000000261, -3.000000000000000000 ) ) ;
#2096 = EDGE_CURVE ( 'NONE', #1765, #1719, #422, .T. ) ;
#2097 = ORIENTED_EDGE ( 'NONE', *, *, #3444, .T. ) ;
#2098 = CARTESIAN_POINT ( 'NONE',  ( -1.485925097414963370, -3.219399999999952744, -22.74699999999999989 ) ) ;
#2099 = ORIENTED_EDGE ( 'NONE', *, *, #1298, .F. ) ;
#2100 = CARTESIAN_POINT ( 'NONE',  ( -1.334399999999998698, -3.219399999999995821, 0.000000000000000000 ) ) ;
#2101 = PRESENTATION_LAYER_ASSIGNMENT (  '', '', ( #1709 ) ) ;
#2102 = EDGE_LOOP ( 'NONE', ( #2704, #3255, #2262, #1962 ) ) ;
#2103 = LINE ( 'NONE', #1604, #3521 ) ;
#2104 = DIRECTION ( 'NONE',  ( -0.000000000000000000, 0.000000000000000000, 1.000000000000000000 ) ) ;
#2105 = ORIENTED_EDGE ( 'NONE', *, *, #2003, .F. ) ;
#2106 = FACE_OUTER_BOUND ( 'NONE', #3285, .T. ) ;
#2107 = CARTESIAN_POINT ( 'NONE',  ( -0.3193999999999988515, -3.754399999999991078, -3.635000000000000231 ) ) ;
#2108 = EDGE_CURVE ( 'NONE', #754, #3473, #1023, .T. ) ;
#2109 =( NAMED_UNIT ( * ) SI_UNIT ( $, .STERADIAN. ) SOLID_ANGLE_UNIT ( ) );
#2110 = ORIENTED_EDGE ( 'NONE', *, *, #864, .F. ) ;
#2111 = CARTESIAN_POINT ( 'NONE',  ( -6.013149999999998663, -3.219400000000000261, -3.635000000000000231 ) ) ;
#2112 = VERTEX_POINT ( 'NONE', #499 ) ;
#2113 = EDGE_CURVE ( 'NONE', #2057, #251, #1580, .T. ) ;
#2114 = DIRECTION ( 'NONE',  ( 1.000000000000000000, 0.000000000000000000, 0.000000000000000000 ) ) ;
#2115 = ORIENTED_EDGE ( 'NONE', *, *, #37, .F. ) ;
#2116 = DIRECTION ( 'NONE',  ( -1.000000000000000000, 0.000000000000000000, 0.000000000000000000 ) ) ;
#2117 = EDGE_CURVE ( 'NONE', #203, #644, #1589, .T. ) ;
#2118 = ORIENTED_EDGE ( 'NONE', *, *, #2968, .F. ) ;
#2119 = AXIS2_PLACEMENT_3D ( 'NONE', #2174, #566, #319 ) ;
#2120 = ORIENTED_EDGE ( 'NONE', *, *, #2921, .F. ) ;
#2121 = DIRECTION ( 'NONE',  ( 0.000000000000000000, 0.000000000000000000, 1.000000000000000000 ) ) ;
#2122 = CARTESIAN_POINT ( 'NONE',  ( -1.619400000000005502, 2.852409985391846092, 14.11865867402467600 ) ) ;
#2123 = VECTOR ( 'NONE', #1405, 100.0000000000000000 ) ;
#2124 = ORIENTED_EDGE ( 'NONE', *, *, #2533, .F. ) ;
#2125 = AXIS2_PLACEMENT_3D ( 'NONE', #1695, #1450, #3045 ) ;
#2126 = AXIS2_PLACEMENT_3D ( 'NONE', #3330, #3313, #2750 ) ;
#2127 = DIRECTION ( 'NONE',  ( 0.000000000000000000, -0.000000000000000000, -1.000000000000000000 ) ) ;
#2128 = CARTESIAN_POINT ( 'NONE',  ( -0.7256499999999995731, 0.000000000000000000, -3.000000000000000000 ) ) ;
#2129 = AXIS2_PLACEMENT_3D ( 'NONE', #17, #2734, #1135 ) ;
#2130 = CIRCLE ( 'NONE', #1078, 0.2099999999999997702 ) ;
#2131 = DIRECTION ( 'NONE',  ( 0.000000000000000000, 0.000000000000000000, 1.000000000000000000 ) ) ;
#2132 = ORIENTED_EDGE ( 'NONE', *, *, #3123, .T. ) ;
#2133 = PLANE ( 'NONE',  #2355 ) ;
#2134 = CYLINDRICAL_SURFACE ( 'NONE', #3154, 0.2784999999999995812 ) ;
#2135 = ORIENTED_EDGE ( 'NONE', *, *, #73, .F. ) ;
#2136 = CARTESIAN_POINT ( 'NONE',  ( -2.819399999999999906, 0.000000000000000000, -3.000000000000000000 ) ) ;
#2137 = EDGE_CURVE ( 'NONE', #1186, #2522, #1324, .T. ) ;
#2138 = EDGE_LOOP ( 'NONE', ( #125, #813, #1988, #3370, #598, #690, #2161, #1474 ) ) ;
#2139 =( NAMED_UNIT ( * ) SI_UNIT ( $, .STERADIAN. ) SOLID_ANGLE_UNIT ( ) );
#2140 = LINE ( 'NONE', #798, #149 ) ;
#2141 = CARTESIAN_POINT ( 'NONE',  ( -5.247463380792750876, -4.489400000000038915, -23.39699999999999847 ) ) ;
#2142 = EDGE_CURVE ( 'NONE', #3291, #2763, #2947, .T. ) ;
#2143 = VERTEX_POINT ( 'NONE', #993 ) ;
#2144 = DIRECTION ( 'NONE',  ( 0.000000000000000000, 0.000000000000000000, -1.000000000000000000 ) ) ;
#2145 = LINE ( 'NONE', #533, #838 ) ;
#2146 = MANIFOLD_SOLID_BREP ( 'Cut-Extrude1', #3096 ) ;
#2147 = CARTESIAN_POINT ( 'NONE',  ( -5.463149999999998840, -0.2752579228333829064, -3.635000000000000231 ) ) ;
#2148 = UNCERTAINTY_MEASURE_WITH_UNIT (LENGTH_MEASURE( 1.000000000000000082E-05 ), #1304, 'distance_accuracy_value', 'NONE');
#2149 = VERTEX_POINT ( 'NONE', #1638 ) ;
#2150 = FACE_OUTER_BOUND ( 'NONE', #3015, .T. ) ;
#2151 = DIRECTION ( 'NONE',  ( 0.000000000000000000, 0.000000000000000000, 1.000000000000000000 ) ) ;
#2152 = ORIENTED_EDGE ( 'NONE', *, *, #2486, .T. ) ;
#2153 = FACE_OUTER_BOUND ( 'NONE', #750, .T. ) ;
#2154 = ORIENTED_EDGE ( 'NONE', *, *, #537, .T. ) ;
#2155 = DIRECTION ( 'NONE',  ( 0.000000000000000000, 0.000000000000000000, 1.000000000000000000 ) ) ;
#2156 = DIRECTION ( 'NONE',  ( -0.000000000000000000, 1.000000000000000000, -0.000000000000000000 ) ) ;
#2157 = CARTESIAN_POINT ( 'NONE',  ( -5.706162031302314475, -3.536899999999995714, -1.444325821154458955 ) ) ;
#2158 = AXIS2_PLACEMENT_3D ( 'NONE', #1823, #276, #347 ) ;
#2159 = EDGE_CURVE ( 'NONE', #3024, #1500, #2883, .T. ) ;
#2160 = CIRCLE ( 'NONE', #3137, 0.2799999999999996936 ) ;
#2161 = ORIENTED_EDGE ( 'NONE', *, *, #3106, .F. ) ;
#2162 = PLANE ( 'NONE',  #3098 ) ;
#2163 = DIRECTION ( 'NONE',  ( -0.000000000000000000, 1.000000000000000000, -0.000000000000000000 ) ) ;
#2164 = ADVANCED_FACE ( 'NONE', ( #3268 ), #797, .T. ) ;
#2165 = CARTESIAN_POINT ( 'NONE',  ( 0.3743500000000002936, -3.219400000000000261, -3.000000000000000000 ) ) ;
#2166 = EDGE_CURVE ( 'NONE', #977, #1375, #1911, .T. ) ;
#2167 = DIRECTION ( 'NONE',  ( -0.000000000000000000, 1.000000000000000000, -0.000000000000000000 ) ) ;
#2168 = CARTESIAN_POINT ( 'NONE',  ( 0.06736203130231629976, -3.219399999999995821, -1.444325821154459843 ) ) ;
#2169 = DIRECTION ( 'NONE',  ( 0.000000000000000000, 0.000000000000000000, -1.000000000000000000 ) ) ;
#2170 = PLANE ( 'NONE',  #2946 ) ;
#2171 = ORIENTED_EDGE ( 'NONE', *, *, #197, .F. ) ;
#2172 = CARTESIAN_POINT ( 'NONE',  ( -0.4709250974149626900, -4.489400000000038915, -23.39699999999999847 ) ) ;
#2173 = DIRECTION ( 'NONE',  ( 0.000000000000000000, 0.000000000000000000, -1.000000000000000000 ) ) ;
#2174 = CARTESIAN_POINT ( 'NONE',  ( -0.4859250974149631475, 2.852409985391846536, -23.38200000000000145 ) ) ;
#2175 = VERTEX_POINT ( 'NONE', #872 ) ;
#2176 = EDGE_CURVE ( 'NONE', #1002, #2611, #1464, .T. ) ;
#2177 = DIRECTION ( 'NONE',  ( -0.000000000000000000, 1.000000000000000000, -0.000000000000000000 ) ) ;
#2178 = FACE_BOUND ( 'NONE', #586, .T. ) ;
#2179 = VECTOR ( 'NONE', #1975, 100.0000000000000000 ) ;
#2180 = CARTESIAN_POINT ( 'NONE',  ( -4.217463380792750627, -4.489400000000038915, -22.73199999999999932 ) ) ;
#2181 = CIRCLE ( 'NONE', #1455, 1.730000000000000870 ) ;
#2182 = ADVANCED_FACE ( 'NONE', ( #2726 ), #1877, .F. ) ;
#2183 = VECTOR ( 'NONE', #2196, 100.0000000000000000 ) ;
#2184 = AXIS2_PLACEMENT_3D ( 'NONE', #1225, #3366, #1522 ) ;
#2185 = CARTESIAN_POINT ( 'NONE',  ( -1.319399999999999018, -3.219400000000000261, -3.000000000000000000 ) ) ;
#2186 = CIRCLE ( 'NONE', #2524, 2.093750000000000000 ) ;
#2187 = VERTEX_POINT ( 'NONE', #3533 ) ;
#2188 = CARTESIAN_POINT ( 'NONE',  ( -1.586681514455095643, -3.536901199999995526, 14.11540525860821305 ) ) ;
#2189 = FACE_OUTER_BOUND ( 'NONE', #1889, .T. ) ;
#2190 = ORIENTED_EDGE ( 'NONE', *, *, #2486, .F. ) ;
#2191 =( LENGTH_UNIT ( ) NAMED_UNIT ( * ) SI_UNIT ( .CENTI., .METRE. ) );
#2192 = DIRECTION ( 'NONE',  ( 0.000000000000000000, 0.000000000000000000, -1.000000000000000000 ) ) ;
#2193 = VERTEX_POINT ( 'NONE', #48 ) ;
#2194 = ORIENTED_EDGE ( 'NONE', *, *, #37, .T. ) ;
#2195 = DIRECTION ( 'NONE',  ( -0.000000000000000000, 1.000000000000000000, -0.000000000000000000 ) ) ;
#2196 = DIRECTION ( 'NONE',  ( 1.000000000000000000, 0.000000000000000000, 0.000000000000000000 ) ) ;
#2197 = ADVANCED_FACE ( 'NONE', ( #3287 ), #2765, .F. ) ;
#2198 = LINE ( 'NONE', #2469, #415 ) ;
#2199 = ORIENTED_EDGE ( 'NONE', *, *, #3372, .T. ) ;
#2200 = CARTESIAN_POINT ( 'NONE',  ( -4.304399999999999338, -3.219399999999995821, -3.649999999999999911 ) ) ;
#2201 = LINE ( 'NONE', #3021, #2976 ) ;
#2202 = EDGE_CURVE ( 'NONE', #2729, #2057, #1380, .T. ) ;
#2203 = LINE ( 'NONE', #1714, #3426 ) ;
#2204 = VERTEX_POINT ( 'NONE', #13 ) ;
#2205 = CARTESIAN_POINT ( 'NONE',  ( -0.1756500000000008055, -0.2752579228333829064, -3.635000000000000231 ) ) ;
#2206 = DIRECTION ( 'NONE',  ( -0.000000000000000000, 1.000000000000000000, -0.000000000000000000 ) ) ;
#2207 = FACE_OUTER_BOUND ( 'NONE', #2930, .T. ) ;
#2208 = ORIENTED_EDGE ( 'NONE', *, *, #518, .F. ) ;
#2209 = EDGE_LOOP ( 'NONE', ( #1564, #3164 ) ) ;
#2210 = VECTOR ( 'NONE', #22, 100.0000000000000000 ) ;
#2211 = CYLINDRICAL_SURFACE ( 'NONE', #2813, 0.2784999999999995812 ) ;
#2212 = FACE_BOUND ( 'NONE', #2567, .T. ) ;
#2213 = AXIS2_PLACEMENT_3D ( 'NONE', #355, #2584, #1441 ) ;
#2214 = LINE ( 'NONE', #331, #1048 ) ;
#2215 = EDGE_CURVE ( 'NONE', #180, #1378, #1653, .T. ) ;
#2216 = EDGE_LOOP ( 'NONE', ( #464, #1617 ) ) ;
#2217 = CARTESIAN_POINT ( 'NONE',  ( -0.4859250974149631475, -3.219399999999952744, -23.38200000000000145 ) ) ;
#2218 = CARTESIAN_POINT ( 'NONE',  ( -5.247463380792750876, -3.219399999999995821, -23.39699999999999847 ) ) ;
#2219 = DIRECTION ( 'NONE',  ( 0.000000000000000000, 0.000000000000000000, -1.000000000000000000 ) ) ;
#2220 = ADVANCED_FACE ( 'NONE', ( #1147 ), #3009, .F. ) ;
#2221 = ORIENTED_EDGE ( 'NONE', *, *, #1672, .T. ) ;
#2222 = DIRECTION ( 'NONE',  ( -0.000000000000000000, 1.000000000000000000, -0.000000000000000000 ) ) ;
#2223 = LINE ( 'NONE', #1717, #3159 ) ;
#2224 = DIRECTION ( 'NONE',  ( -1.000000000000000000, 0.000000000000000000, 0.000000000000000000 ) ) ;
#2225 = EDGE_CURVE ( 'NONE', #1375, #234, #627, .T. ) ;
#2226 = ORIENTED_EDGE ( 'NONE', *, *, #3488, .T. ) ;
#2227 = ORIENTED_EDGE ( 'NONE', *, *, #288, .T. ) ;
#2228 = CARTESIAN_POINT ( 'NONE',  ( -1.334399999999998698, -4.489399999999990953, -2.984999999999999876 ) ) ;
#2229 = DIRECTION ( 'NONE',  ( 0.000000000000000000, 0.000000000000000000, 1.000000000000000000 ) ) ;
#2230 = VECTOR ( 'NONE', #2224, 100.0000000000000000 ) ;
#2231 = VECTOR ( 'NONE', #297, 100.0000000000000000 ) ;
#2232 = CARTESIAN_POINT ( 'NONE',  ( -0.4709250974149626900, -4.489400000000038915, -23.39699999999999847 ) ) ;
#2233 = VECTOR ( 'NONE', #425, 100.0000000000000000 ) ;
#2234 = PLANE ( 'NONE',  #1801 ) ;
#2235 = VECTOR ( 'NONE', #344, 100.0000000000000000 ) ;
#2236 = LINE ( 'NONE', #137, #1462 ) ;
#2237 = CARTESIAN_POINT ( 'NONE',  ( -1.494400000000004614, -3.536901199999995082, 16.37729621228723076 ) ) ;
#2238 = VECTOR ( 'NONE', #2267, 100.0000000000000000 ) ;
#2239 = CARTESIAN_POINT ( 'NONE',  ( -1.334399999999998698, -4.489399999999990953, -2.984999999999999876 ) ) ;
#2240 = VECTOR ( 'NONE', #1311, 100.0000000000000000 ) ;
#2241 = VERTEX_POINT ( 'NONE', #318 ) ;
#2242 = DIRECTION ( 'NONE',  ( -0.000000000000000000, 1.000000000000000000, -0.000000000000000000 ) ) ;
#2243 = CARTESIAN_POINT ( 'NONE',  ( -1.319399999999999018, -3.754399999999991078, -3.635000000000000231 ) ) ;
#2244 = DIRECTION ( 'NONE',  ( 0.000000000000000000, 0.000000000000000000, -1.000000000000000000 ) ) ;
#2245 = ORIENTED_EDGE ( 'NONE', *, *, #2443, .F. ) ;
#2246 = VECTOR ( 'NONE', #3172, 100.0000000000000000 ) ;
#2247 = EDGE_CURVE ( 'NONE', #1166, #3289, #1410, .T. ) ;
#2248 = ORIENTED_EDGE ( 'NONE', *, *, #822, .T. ) ;
#2249 = CARTESIAN_POINT ( 'NONE',  ( -0.3856500000000004369, -6.218144122670683419E-16, -37.50009999999999621 ) ) ;
#2250 = FACE_OUTER_BOUND ( 'NONE', #3359, .T. ) ;
#2251 = VERTEX_POINT ( 'NONE', #1082 ) ;
#2252 = DIRECTION ( 'NONE',  ( -1.577021341797097807E-16, -1.000000000000000000, 0.000000000000000000 ) ) ;
#2253 = PLANE ( 'NONE',  #868 ) ;
#2254 = VERTEX_POINT ( 'NONE', #1301 ) ;
#2255 = LINE ( 'NONE', #3336, #2881 ) ;
#2256 = CARTESIAN_POINT ( 'NONE',  ( -1.556447627453641402, -3.536901199999994194, 16.28443537548038478 ) ) ;
#2257 = EDGE_LOOP ( 'NONE', ( #2118, #2433, #588, #214 ) ) ;
#2258 = DIRECTION ( 'NONE',  ( -0.000000000000000000, 1.000000000000000000, -0.000000000000000000 ) ) ;
#2259 = ORIENTED_EDGE ( 'NONE', *, *, #1439, .T. ) ;
#2260 = CARTESIAN_POINT ( 'NONE',  ( -4.019400000000004525, -3.536900599999995176, 16.51865867402467458 ) ) ;
#2261 = CARTESIAN_POINT ( 'NONE',  ( -5.463149999999998840, 0.000000000000000000, -37.50009999999999621 ) ) ;
#2262 = ORIENTED_EDGE ( 'NONE', *, *, #2664, .T. ) ;
#2263 = LINE ( 'NONE', #1813, #840 ) ;
#2264 = ORIENTED_EDGE ( 'NONE', *, *, #1692, .F. ) ;
#2265 = EDGE_CURVE ( 'NONE', #2187, #3079, #1353, .T. ) ;
#2266 = CARTESIAN_POINT ( 'NONE',  ( -1.744400000000006390, -3.536901199999995526, 13.97729621228723218 ) ) ;
#2267 = DIRECTION ( 'NONE',  ( -0.000000000000000000, 1.000000000000000000, -0.000000000000000000 ) ) ;
#2268 = ORIENTED_EDGE ( 'NONE', *, *, #3318, .T. ) ;
#2269 = AXIS2_PLACEMENT_3D ( 'NONE', #1697, #2740, #2453 ) ;
#2270 = DIRECTION ( 'NONE',  ( 0.000000000000000000, 1.000000000000000000, 0.000000000000000000 ) ) ;
#2271 = EDGE_CURVE ( 'NONE', #2511, #419, #204, .T. ) ;
#2272 = EDGE_CURVE ( 'NONE', #3112, #3102, #1805, .T. ) ;
#2273 = DIRECTION ( 'NONE',  ( 0.000000000000000000, 0.000000000000000000, 1.000000000000000000 ) ) ;
#2274 = VERTEX_POINT ( 'NONE', #1544 ) ;
#2275 = CARTESIAN_POINT ( 'NONE',  ( 0.06736203130231629976, -4.219399999999995821, -13.21836865193854749 ) ) ;
#2276 = CARTESIAN_POINT ( 'NONE',  ( -1.519441644700231908, -3.536901199999995526, 16.31684033402781253 ) ) ;
#2277 = ORIENTED_EDGE ( 'NONE', *, *, #21, .T. ) ;
#2278 = CARTESIAN_POINT ( 'NONE',  ( -3.942581660003141586, -3.536901199999995082, 16.29370031872490543 ) ) ;
#2279 = ORIENTED_EDGE ( 'NONE', *, *, #2225, .F. ) ;
#2280 = DIRECTION ( 'NONE',  ( -1.000000000000000000, 0.000000000000000000, 0.000000000000000000 ) ) ;
#2281 = DIRECTION ( 'NONE',  ( 1.000000000000000000, 0.000000000000000000, 0.000000000000000000 ) ) ;
#2282 = CARTESIAN_POINT ( 'NONE',  ( 0.06736203130231629976, -3.536899999999995714, -13.21836865193854749 ) ) ;
#2283 = ORIENTED_EDGE ( 'NONE', *, *, #1628, .T. ) ;
#2284 = DIRECTION ( 'NONE',  ( -0.000000000000000000, 0.000000000000000000, -1.000000000000000000 ) ) ;
#2285 = ORIENTED_EDGE ( 'NONE', *, *, #2796, .F. ) ;
#2286 = CARTESIAN_POINT ( 'NONE',  ( -1.682352372546367825, -3.536901199999994194, 14.10288197256895870 ) ) ;
#2287 = PLANE ( 'NONE',  #831 ) ;
#2288 = EDGE_CURVE ( 'NONE', #887, #1640, #2186, .T. ) ;
#2289 = EDGE_LOOP ( 'NONE', ( #44, #568, #3507, #658 ) ) ;
#2290 = PRODUCT_DEFINITION ( 'UNKNOWN', '', #2960, #3043 ) ;
#2291 = CARTESIAN_POINT ( 'NONE',  ( -4.019400000000003637, -3.536900599999995176, 13.86865867402467600 ) ) ;
#2292 = EDGE_CURVE ( 'NONE', #2744, #2204, #741, .T. ) ;
#2293 = VECTOR ( 'NONE', #255, 100.0000000000000000 ) ;
#2294 = EDGE_LOOP ( 'NONE', ( #494, #1940 ) ) ;
#2295 = PLANE ( 'NONE',  #3332 ) ;
#2296 = LINE ( 'NONE', #903, #720 ) ;
#2297 = VERTEX_POINT ( 'NONE', #1820 ) ;
#2298 = CARTESIAN_POINT ( 'NONE',  ( -3.897653415416466594, -3.536901199999995526, 16.36094018847975917 ) ) ;
#2299 = AXIS2_PLACEMENT_3D ( 'NONE', #809, #866, #510 ) ;
#2300 = VECTOR ( 'NONE', #395, 100.0000000000000000 ) ;
#2301 = ORIENTED_EDGE ( 'NONE', *, *, #1079, .F. ) ;
#2302 = CARTESIAN_POINT ( 'NONE',  ( -5.463149999999998840, 0.000000000000000000, -37.50009999999999621 ) ) ;
#2303 = DIRECTION ( 'NONE',  ( 1.000000000000000000, 0.000000000000000000, 0.000000000000000000 ) ) ;
#2304 = DIRECTION ( 'NONE',  ( -4.159961125984227510E-17, -1.000000000000000000, -0.000000000000000000 ) ) ;
#2305 = ORIENTED_EDGE ( 'NONE', *, *, #2377, .F. ) ;
#2306 = CIRCLE ( 'NONE', #726, 0.2099999999999990763 ) ;
#2307 = ORIENTED_EDGE ( 'NONE', *, *, #990, .F. ) ;
#2308 = VECTOR ( 'NONE', #1949, 100.0000000000000000 ) ;
#2309 = LINE ( 'NONE', #1246, #1527 ) ;
#2310 = CARTESIAN_POINT ( 'NONE',  ( -6.013149999999998663, 2.852409985391800795, -3.000000000000000000 ) ) ;
#2311 = CIRCLE ( 'NONE', #3110, 0.2099999999999997702 ) ;
#2312 = ORIENTED_EDGE ( 'NONE', *, *, #501, .T. ) ;
#2313 = CARTESIAN_POINT ( 'NONE',  ( -0.3193999999999988515, -3.219400000000000261, -3.000000000000000000 ) ) ;
#2314 = DIRECTION ( 'NONE',  ( 0.000000000000000000, -1.000000000000000000, 0.000000000000000000 ) ) ;
#2315 = ADVANCED_FACE ( 'NONE', ( #471 ), #505, .F. ) ;
#2316 = DIRECTION ( 'NONE',  ( 0.000000000000000000, 0.000000000000000000, -1.000000000000000000 ) ) ;
#2317 = EDGE_LOOP ( 'NONE', ( #2652, #107, #2279, #3162 ) ) ;
#2318 = CARTESIAN_POINT ( 'NONE',  ( -0.4859250974149631475, 2.852409985391846536, -23.38200000000000145 ) ) ;
#2319 = EDGE_CURVE ( 'NONE', #887, #3252, #225, .T. ) ;
#2320 = CARTESIAN_POINT ( 'NONE',  ( -2.819399999999999462, 4.555260572648558843E-14, -23.38200000000000145 ) ) ;
#2321 = CARTESIAN_POINT ( 'NONE',  ( 0.3743500000000001826, -1.317637338226829158, -2.364999999999999769 ) ) ;
#2322 = ORIENTED_EDGE ( 'NONE', *, *, #259, .F. ) ;
#2323 = CARTESIAN_POINT ( 'NONE',  ( -3.114797553316628775, -3.219399999999995821, -36.38953809907653891 ) ) ;
#2324 = ORIENTED_EDGE ( 'NONE', *, *, #822, .F. ) ;
#2325 = CARTESIAN_POINT ( 'NONE',  ( -1.089399999999998370, 4.555260572648558843E-14, -23.38200000000000145 ) ) ;
#2326 = CARTESIAN_POINT ( 'NONE',  ( -1.485925097414963370, -3.219399999999952744, -23.38200000000000145 ) ) ;
#2327 = ORIENTED_EDGE ( 'NONE', *, *, #2093, .F. ) ;
#2328 = CARTESIAN_POINT ( 'NONE',  ( 0.3743500000000002936, -3.219400000000000261, -3.635000000000000231 ) ) ;
#2329 = DIRECTION ( 'NONE',  ( 0.000000000000000000, 0.000000000000000000, -1.000000000000000000 ) ) ;
#2330 = AXIS2_PLACEMENT_3D ( 'NONE', #2854, #423, #2581 ) ;
#2331 = FACE_OUTER_BOUND ( 'NONE', #1651, .T. ) ;
#2332 = ORIENTED_EDGE ( 'NONE', *, *, #2863, .T. ) ;
#2333 = CARTESIAN_POINT ( 'NONE',  ( -5.253149999999998876, 0.000000000000000000, -2.364999999999999769 ) ) ;
#2334 = AXIS2_PLACEMENT_3D ( 'NONE', #2302, #2820, #945 ) ;
#2335 = AXIS2_PLACEMENT_3D ( 'NONE', #1666, #885, #3284 ) ;
#2336 = EDGE_CURVE ( 'NONE', #2091, #402, #3190, .T. ) ;
#2337 = EDGE_LOOP ( 'NONE', ( #343, #1457, #2913, #3325 ) ) ;
#2338 = CARTESIAN_POINT ( 'NONE',  ( 0.000000000000000000, -3.219399999999995821, -3.649999999999999911 ) ) ;
#2339 = CARTESIAN_POINT ( 'NONE',  ( -4.232463380792751195, -3.219399999999952744, -23.38200000000000145 ) ) ;
#2340 = ORIENTED_EDGE ( 'NONE', *, *, #1819, .F. ) ;
#2341 = CARTESIAN_POINT ( 'NONE',  ( -0.4541500000000003867, 0.2752579228333830175, -3.000000000000000000 ) ) ;
#2342 = ADVANCED_FACE ( 'NONE', ( #3205, #258 ), #1853, .F. ) ;
#2343 = VERTEX_POINT ( 'NONE', #1064 ) ;
#2344 = EDGE_CURVE ( 'NONE', #795, #1636, #243, .T. ) ;
#2345 = CARTESIAN_POINT ( 'NONE',  ( -4.913149999999999906, 0.000000000000000000, -3.635000000000000231 ) ) ;
#2346 = DIRECTION ( 'NONE',  ( 0.000000000000000000, 0.000000000000000000, -1.000000000000000000 ) ) ;
#2347 = ORIENTED_EDGE ( 'NONE', *, *, #3151, .F. ) ;
#2348 = CARTESIAN_POINT ( 'NONE',  ( -0.7256499999999995731, 0.000000000000000000, -2.364999999999999769 ) ) ;
#2349 = DIRECTION ( 'NONE',  ( 1.000000000000000000, 0.000000000000000000, 0.000000000000000000 ) ) ;
#2350 = CIRCLE ( 'NONE', #2920, 0.2099999999999990763 ) ;
#2351 = EDGE_LOOP ( 'NONE', ( #2853, #2566, #1158, #730 ) ) ;
#2352 = CARTESIAN_POINT ( 'NONE',  ( -2.819399999999999462, 4.555260572648558843E-14, -22.74699999999999989 ) ) ;
#2353 = ORIENTED_EDGE ( 'NONE', *, *, #800, .F. ) ;
#2354 = CARTESIAN_POINT ( 'NONE',  ( -0.3856500000000004369, -6.218144122670683419E-16, -2.999999999999997335 ) ) ;
#2355 = AXIS2_PLACEMENT_3D ( 'NONE', #3510, #279, #264 ) ;
#2356 = AXIS2_PLACEMENT_3D ( 'NONE', #1006, #2073, #738 ) ;
#2357 = VERTEX_POINT ( 'NONE', #2128 ) ;
#2358 = CARTESIAN_POINT ( 'NONE',  ( -4.003037538262556261, -3.536901199999995526, 14.11865867402467778 ) ) ;
#2359 = CARTESIAN_POINT ( 'NONE',  ( 0.06736203130231629976, -3.219399999999995821, -13.21836865193854749 ) ) ;
#2360 = DIRECTION ( 'NONE',  ( 1.000000000000000000, 0.000000000000000000, 0.000000000000000000 ) ) ;
#2361 = CIRCLE ( 'NONE', #3161, 0.2799999999999996936 ) ;
#2362 = ADVANCED_FACE ( 'NONE', ( #3228 ), #1611, .F. ) ;
#2363 = EDGE_LOOP ( 'NONE', ( #1280, #3131, #444, #2606 ) ) ;
#2364 = AXIS2_PLACEMENT_3D ( 'NONE', #2979, #31, #1942 ) ;
#2365 = CARTESIAN_POINT ( 'NONE',  ( -1.744400000000004614, -3.536901199999995082, 16.41002113576211840 ) ) ;
#2366 = CARTESIAN_POINT ( 'NONE',  ( -4.119358355299777230, -3.536901199999995526, 16.47047701402154374 ) ) ;
#2367 = ORIENTED_EDGE ( 'NONE', *, *, #1550, .F. ) ;
#2368 = LINE ( 'NONE', #1562, #924 ) ;
#2369 = VERTEX_POINT ( 'NONE', #996 ) ;
#2370 = CARTESIAN_POINT ( 'NONE',  ( -1.542581660003141231, -3.536901199999995082, 13.89370031872490330 ) ) ;
#2371 = EDGE_LOOP ( 'NONE', ( #582, #3439, #2670, #2227 ) ) ;
#2372 = CARTESIAN_POINT ( 'NONE',  ( -3.114797553316629664, -3.219399999999995821, -30.74970190092345490 ) ) ;
#2373 = ORIENTED_EDGE ( 'NONE', *, *, #288, .F. ) ;
#2374 = DIRECTION ( 'NONE',  ( 0.000000000000000000, 1.000000000000000000, -0.000000000000000000 ) ) ;
#2375 = DIRECTION ( 'NONE',  ( 0.000000000000000000, 0.000000000000000000, -1.000000000000000000 ) ) ;
#2376 = VERTEX_POINT ( 'NONE', #2062 ) ;
#2377 = EDGE_CURVE ( 'NONE', #1993, #421, #2758, .T. ) ;
#2378 = CYLINDRICAL_SURFACE ( 'NONE', #954, 0.1250000000000001110 ) ;
#2379 = CARTESIAN_POINT ( 'NONE',  ( -3.114797553316629664, -4.219399999999995821, -30.95970190092345220 ) ) ;
#2380 = EDGE_CURVE ( 'NONE', #253, #2064, #2464, .T. ) ;
#2381 = EDGE_CURVE ( 'NONE', #1608, #644, #1370, .T. ) ;
#2382 = LINE ( 'NONE', #2082, #1346 ) ;
#2383 = FACE_OUTER_BOUND ( 'NONE', #2289, .T. ) ;
#2384 = VECTOR ( 'NONE', #3358, 100.0000000000000000 ) ;
#2385 = EDGE_LOOP ( 'NONE', ( #29, #3121, #3188, #3019 ) ) ;
#2386 = PRODUCT_CONTEXT ( 'NONE', #1027, 'mechanical' ) ;
#2387 = CARTESIAN_POINT ( 'NONE',  ( -1.497653415416466016, -3.536901199999995082, 14.02637715956958964 ) ) ;
#2388 = ORIENTED_EDGE ( 'NONE', *, *, #783, .F. ) ;
#2389 = AXIS2_PLACEMENT_3D ( 'NONE', #3177, #1334, #3229 ) ;
#2390 = CARTESIAN_POINT ( 'NONE',  ( -1.485925097414963370, -3.486899999999995448, -23.38200000000000145 ) ) ;
#2391 = AXIS2_PLACEMENT_3D ( 'NONE', #667, #1785, #2808 ) ;
#2392 = EDGE_LOOP ( 'NONE', ( #3219, #901, #2945, #3408 ) ) ;
#2393 = CARTESIAN_POINT ( 'NONE',  ( -4.217463380792750627, -3.219399999999995821, -22.73199999999999932 ) ) ;
#2394 = LINE ( 'NONE', #1343, #1292 ) ;
#2395 = CARTESIAN_POINT ( 'NONE',  ( -4.232463380792751195, -3.219399999999952744, -22.74699999999999989 ) ) ;
#2396 = ORIENTED_EDGE ( 'NONE', *, *, #2753, .T. ) ;
#2397 = FACE_BOUND ( 'NONE', #2577, .T. ) ;
#2398 = DIRECTION ( 'NONE',  ( -0.000000000000000000, 0.000000000000000000, -1.000000000000000000 ) ) ;
#2399 = EDGE_CURVE ( 'NONE', #2343, #3435, #2130, .T. ) ;
#2400 = CARTESIAN_POINT ( 'NONE',  ( -0.4709250974149626900, -3.219399999999995821, -23.39699999999999847 ) ) ;
#2401 = VERTEX_POINT ( 'NONE', #2482 ) ;
#2402 = LINE ( 'NONE', #311, #3394 ) ;
#2403 = ORIENTED_EDGE ( 'NONE', *, *, #1945, .T. ) ;
#2404 = DIRECTION ( 'NONE',  ( -1.000000000000000000, 0.000000000000000000, 0.000000000000000000 ) ) ;
#2405 = ORIENTED_EDGE ( 'NONE', *, *, #3491, .T. ) ;
#2406 = AXIS2_PLACEMENT_3D ( 'NONE', #3050, #3307, #1182 ) ;
#2407 = ORIENTED_EDGE ( 'NONE', *, *, #1782, .T. ) ;
#2408 = CARTESIAN_POINT ( 'NONE',  ( -3.942581660003139366, -3.536901199999995526, 14.09361702932445404 ) ) ;
#2409 = LINE ( 'NONE', #1099, #313 ) ;
#2410 = VECTOR ( 'NONE', #2489, 100.0000000000000000 ) ;
#2411 = VERTEX_POINT ( 'NONE', #1643 ) ;
#2412 = AXIS2_PLACEMENT_3D ( 'NONE', #3527, #1142, #2739 ) ;
#2413 = CARTESIAN_POINT ( 'NONE',  ( -0.5637295702258123820, -4.219399999999995821, -35.96953809907653721 ) ) ;
#2414 = CARTESIAN_POINT ( 'NONE',  ( -6.391389809102427044, -3.536899999999995714, 17.43354606999999490 ) ) ;
#2415 = AXIS2_PLACEMENT_3D ( 'NONE', #108, #3409, #1265 ) ;
#2416 = STYLED_ITEM ( 'NONE', ( #1098 ), #2146 ) ;
#2417 = CARTESIAN_POINT ( 'NONE',  ( 0.06736203130231627201, -3.536899999999995714, -23.96466247586124965 ) ) ;
#2418 = EDGE_CURVE ( 'NONE', #575, #1382, #292, .T. ) ;
#2419 = EDGE_LOOP ( 'NONE', ( #3067, #1858, #1363, #1227 ) ) ;
#2420 = CARTESIAN_POINT ( 'NONE',  ( -1.619400000000005502, -3.536900599999995176, 14.11865867402467600 ) ) ;
#2421 = DIRECTION ( 'NONE',  ( -0.000000000000000000, 1.000000000000000000, -0.000000000000000000 ) ) ;
#2422 = VERTEX_POINT ( 'NONE', #1087 ) ;
#2423 = EDGE_CURVE ( 'NONE', #685, #3473, #1691, .T. ) ;
#2424 = ORIENTED_EDGE ( 'NONE', *, *, #2041, .T. ) ;
#2425 = DIRECTION ( 'NONE',  ( -0.000000000000000000, 0.000000000000000000, 1.000000000000000000 ) ) ;
#2426 = CARTESIAN_POINT ( 'NONE',  ( 0.06736203130231627201, -4.219399999999995821, -1.164325821154459817 ) ) ;
#2427 = DIRECTION ( 'NONE',  ( 1.000000000000000000, 0.000000000000000000, 0.000000000000000000 ) ) ;
#2428 = ORIENTED_EDGE ( 'NONE', *, *, #73, .T. ) ;
#2429 = DIRECTION ( 'NONE',  ( 0.000000000000000000, 0.000000000000000000, -1.000000000000000000 ) ) ;
#2430 = CARTESIAN_POINT ( 'NONE',  ( -3.114797553316629664, -4.219399999999995821, -30.74970190092345490 ) ) ;
#2431 = DIRECTION ( 'NONE',  ( 0.000000000000000000, 0.000000000000000000, 1.000000000000000000 ) ) ;
#2432 = CARTESIAN_POINT ( 'NONE',  ( -5.247463380792750876, -3.219399999999995821, 0.000000000000000000 ) ) ;
#2433 = ORIENTED_EDGE ( 'NONE', *, *, #2423, .F. ) ;
#2434 = CARTESIAN_POINT ( 'NONE',  ( -5.334399999999998698, -3.219399999999995821, -2.984999999999999876 ) ) ;
#2435 = CARTESIAN_POINT ( 'NONE',  ( -6.391389809102427044, -3.536899999999995714, 17.43354606999999490 ) ) ;
#2436 = DIRECTION ( 'NONE',  ( -0.000000000000000000, 1.000000000000000000, -0.000000000000000000 ) ) ;
#2437 = EDGE_CURVE ( 'NONE', #3272, #1039, #2145, .T. ) ;
#2438 = VERTEX_POINT ( 'NONE', #3259 ) ;
#2439 = DIRECTION ( 'NONE',  ( -1.000000000000000000, 0.000000000000000000, -0.000000000000000000 ) ) ;
#2440 = CARTESIAN_POINT ( 'NONE',  ( -5.706162031302314475, -4.219399999999995821, -13.21836865193854749 ) ) ;
#2441 = LINE ( 'NONE', #622, #1240 ) ;
#2442 = CIRCLE ( 'NONE', #126, 0.2799999999999996936 ) ;
#2443 = EDGE_CURVE ( 'NONE', #513, #1556, #2448, .T. ) ;
#2444 = CIRCLE ( 'NONE', #1661, 0.2784999999999995812 ) ;
#2445 = ORIENTED_EDGE ( 'NONE', *, *, #1727, .T. ) ;
#2446 = DIRECTION ( 'NONE',  ( 0.000000000000000000, 0.000000000000000000, 1.000000000000000000 ) ) ;
#2447 = CARTESIAN_POINT ( 'NONE',  ( -1.334399999999998698, -3.219399999999995821, -2.984999999999999876 ) ) ;
#2448 = LINE ( 'NONE', #20, #3042 ) ;
#2449 = B_SPLINE_CURVE_WITH_KNOTS ( 'NONE', 1,
 ( #1616, #1936 ),
 .UNSPECIFIED., .F., .F.,
 ( 2, 2 ),
 ( 0.000000000000000000, 0.1941896024464832005 ),
 .UNSPECIFIED. ) ;
#2450 = CARTESIAN_POINT ( 'NONE',  ( 0.7525898091024176839, -3.536899999999995714, 17.43354606999999490 ) ) ;
#2451 = ORIENTED_EDGE ( 'NONE', *, *, #938, .F. ) ;
#2452 = DIRECTION ( 'NONE',  ( 0.000000000000000000, 0.000000000000000000, -1.000000000000000000 ) ) ;
#2453 = DIRECTION ( 'NONE',  ( 0.000000000000000000, 0.000000000000000000, 1.000000000000000000 ) ) ;
#2454 = ORIENTED_EDGE ( 'NONE', *, *, #3130, .F. ) ;
#2455 = DIRECTION ( 'NONE',  ( 0.000000000000000000, 0.000000000000000000, -1.000000000000000000 ) ) ;
#2456 = DIRECTION ( 'NONE',  ( -0.000000000000000000, 1.000000000000000000, -0.000000000000000000 ) ) ;
#2457 = ORIENTED_EDGE ( 'NONE', *, *, #434, .F. ) ;
#2458 = ORIENTED_EDGE ( 'NONE', *, *, #654, .T. ) ;
#2459 = EDGE_CURVE ( 'NONE', #1632, #754, #3270, .T. ) ;
#2460 = EDGE_CURVE ( 'NONE', #2112, #2031, #1362, .T. ) ;
#2461 = PLANE ( 'NONE',  #833 ) ;
#2462 = CARTESIAN_POINT ( 'NONE',  ( -4.019400000000004525, -3.536900599999995176, 16.26865867402467458 ) ) ;
#2463 = VECTOR ( 'NONE', #2151, 100.0000000000000000 ) ;
#2464 = LINE ( 'NONE', #2180, #1012 ) ;
#2465 = VECTOR ( 'NONE', #2799, 100.0000000000000000 ) ;
#2466 = AXIS2_PLACEMENT_3D ( 'NONE', #980, #1610, #3227 ) ;
#2467 = EDGE_CURVE ( 'NONE', #1186, #514, #3276, .T. ) ;
#2468 = AXIS2_PLACEMENT_3D ( 'NONE', #695, #1777, #2859 ) ;
#2469 = CARTESIAN_POINT ( 'NONE',  ( -1.619400000000005502, 2.852409985391846092, 13.86865867402467600 ) ) ;
#2470 =( GEOMETRIC_REPRESENTATION_CONTEXT ( 3 ) GLOBAL_UNCERTAINTY_ASSIGNED_CONTEXT ( ( #556 ) ) GLOBAL_UNIT_ASSIGNED_CONTEXT ( ( #547, #3306, #2139 ) ) REPRESENTATION_CONTEXT ( 'NONE', 'WORKASPACE' ) );
#2471 = ORIENTED_EDGE ( 'NONE', *, *, #1202, .F. ) ;
#2472 = FACE_OUTER_BOUND ( 'NONE', #3459, .T. ) ;
#2473 = DIRECTION ( 'NONE',  ( 0.000000000000000000, 0.000000000000000000, -1.000000000000000000 ) ) ;
#2474 = CARTESIAN_POINT ( 'NONE',  ( -0.4709250974149626900, -4.489400000000038915, -22.73199999999999932 ) ) ;
#2475 = VERTEX_POINT ( 'NONE', #144 ) ;
#2476 = CARTESIAN_POINT ( 'NONE',  ( -4.019400000000004525, 2.852409985391846092, 16.39365867402467458 ) ) ;
#2477 = DIRECTION ( 'NONE',  ( -1.000000000000000000, 0.000000000000000000, 0.000000000000000000 ) ) ;
#2478 = EDGE_LOOP ( 'NONE', ( #1336, #3082, #3128, #1965 ) ) ;
#2479 = ORIENTED_EDGE ( 'NONE', *, *, #1650, .F. ) ;
#2480 = DIRECTION ( 'NONE',  ( -0.000000000000000000, 0.000000000000000000, -1.000000000000000000 ) ) ;
#2481 = FACE_BOUND ( 'NONE', #1515, .T. ) ;
#2482 = CARTESIAN_POINT ( 'NONE',  ( -1.619400000000004614, -3.219399999999995821, 16.51865867402467458 ) ) ;
#2483 = EDGE_CURVE ( 'NONE', #2251, #1758, #96, .T. ) ;
#2484 = CARTESIAN_POINT ( 'NONE',  ( -0.7256499999999996842, 2.852409985391801683, -3.635000000000000231 ) ) ;
#2485 = EDGE_CURVE ( 'NONE', #2841, #2729, #330, .T. ) ;
#2486 = EDGE_CURVE ( 'NONE', #1924, #2475, #2263, .T. ) ;
#2487 = ORIENTED_EDGE ( 'NONE', *, *, #2504, .F. ) ;
#2488 = DIRECTION ( 'NONE',  ( 1.000000000000000000, 0.000000000000000000, 0.000000000000000000 ) ) ;
#2489 = DIRECTION ( 'NONE',  ( -0.000000000000000000, 1.000000000000000000, -0.000000000000000000 ) ) ;
#2490 = FACE_OUTER_BOUND ( 'NONE', #1245, .T. ) ;
#2491 = ORIENTED_EDGE ( 'NONE', *, *, #537, .F. ) ;
#2492 = FILL_AREA_STYLE ('',( #2978 ) ) ;
#2493 = CYLINDRICAL_SURFACE ( 'NONE', #1954, 0.2099999999999996314 ) ;
#2494 = PLANE ( 'NONE',  #369 ) ;
#2495 = VERTEX_POINT ( 'NONE', #124 ) ;
#2496 = AXIS2_PLACEMENT_3D ( 'NONE', #445, #1454, #2563 ) ;
#2497 = ORIENTED_EDGE ( 'NONE', *, *, #455, .F. ) ;
#2498 = VECTOR ( 'NONE', #1582, 100.0000000000000000 ) ;
#2499 = DIRECTION ( 'NONE',  ( -0.000000000000000000, 1.000000000000000000, 0.000000000000000000 ) ) ;
#2500 = FACE_BOUND ( 'NONE', #143, .T. ) ;
#2501 = VECTOR ( 'NONE', #1977, 100.0000000000000000 ) ;
#2502 = LINE ( 'NONE', #1121, #2669 ) ;
#2503 = VERTEX_POINT ( 'NONE', #2341 ) ;
#2504 = EDGE_CURVE ( 'NONE', #3088, #511, #1223, .T. ) ;
#2505 = FACE_OUTER_BOUND ( 'NONE', #1035, .T. ) ;
#2506 =( NAMED_UNIT ( * ) PLANE_ANGLE_UNIT ( ) SI_UNIT ( $, .RADIAN. ) );
#2507 = CARTESIAN_POINT ( 'NONE',  ( -5.706162031302314475, -3.536899999999995714, -13.21836865193854749 ) ) ;
#2508 = CARTESIAN_POINT ( 'NONE',  ( -4.217463380792750627, -3.219399999999995821, 0.000000000000000000 ) ) ;
#2509 = LINE ( 'NONE', #2243, #2465 ) ;
#2510 = CARTESIAN_POINT ( 'NONE',  ( -4.232463380792751195, -3.754400000000038151, -22.74699999999999989 ) ) ;
#2511 = VERTEX_POINT ( 'NONE', #3384 ) ;
#2512 = ORIENTED_EDGE ( 'NONE', *, *, #2142, .F. ) ;
#2513 = FACE_OUTER_BOUND ( 'NONE', #1850, .T. ) ;
#2514 = DIRECTION ( 'NONE',  ( -0.000000000000000000, -1.000000000000000000, -0.000000000000000000 ) ) ;
#2515 = VECTOR ( 'NONE', #1605, 100.0000000000000000 ) ;
#2516 = VECTOR ( 'NONE', #734, 100.0000000000000000 ) ;
#2517 = CARTESIAN_POINT ( 'NONE',  ( -1.319399999999999018, -3.486899999999995448, -3.635000000000000231 ) ) ;
#2518 = AXIS2_PLACEMENT_3D ( 'NONE', #746, #2893, #493 ) ;
#2519 = ORIENTED_EDGE ( 'NONE', *, *, #1563, .F. ) ;
#2520 = DIRECTION ( 'NONE',  ( 0.000000000000000000, 0.000000000000000000, -1.000000000000000000 ) ) ;
#2521 = FILL_AREA_STYLE_COLOUR ( '', #2751 ) ;
#2522 = VERTEX_POINT ( 'NONE', #2323 ) ;
#2523 = CARTESIAN_POINT ( 'NONE',  ( -4.003037538262558037, -3.536901199999995526, 16.51865867402467458 ) ) ;
#2524 = AXIS2_PLACEMENT_3D ( 'NONE', #2612, #2398, #2901 ) ;
#2525 = ADVANCED_FACE ( 'NONE', ( #450 ), #2607, .T. ) ;
#2526 = ORIENTED_EDGE ( 'NONE', *, *, #2667, .T. ) ;
#2527 = DIRECTION ( 'NONE',  ( -0.000000000000000000, -1.000000000000000000, -0.000000000000000000 ) ) ;
#2528 = ORIENTED_EDGE ( 'NONE', *, *, #3151, .T. ) ;
#2529 = AXIS2_PLACEMENT_3D ( 'NONE', #181, #2284, #2839 ) ;
#2530 = B_SPLINE_CURVE_WITH_KNOTS ( 'NONE', 3,
 ( #642, #3113, #89, #2286, #2534, #951, #2023, #1445, #1780, #2266, #168, #3089, #659, #975, #2042, #1483, #3386, #3133 ),
 .UNSPECIFIED., .F., .F.,
 ( 4, 2, 2, 2, 2, 2, 2, 2, 4 ),
 ( 0.5000000000000000000, 0.5625000000000000000, 0.6250000000000000000, 0.6875000000000000000, 0.7500000000000000000, 0.8125000000000000000, 0.8750000000000000000, 0.9375000000000000000, 1.000000000000000000 ),
 .UNSPECIFIED. ) ;
#2531 = EDGE_CURVE ( 'NONE', #2763, #1906, #267, .T. ) ;
#2532 = ORIENTED_EDGE ( 'NONE', *, *, #300, .T. ) ;
#2533 = EDGE_CURVE ( 'NONE', #2663, #2909, #2311, .T. ) ;
#2534 = CARTESIAN_POINT ( 'NONE',  ( -1.696218339996869995, -3.536901199999995082, 14.09361702932444871 ) ) ;
#2535 = CARTESIAN_POINT ( 'NONE',  ( -6.013149999999998663, 2.852409985391800795, -2.364999999999999769 ) ) ;
#2536 = ORIENTED_EDGE ( 'NONE', *, *, #2459, .F. ) ;
#2537 = DIRECTION ( 'NONE',  ( -1.000000000000000000, 0.000000000000000000, -1.515771924513715347E-16 ) ) ;
#2538 = CARTESIAN_POINT ( 'NONE',  ( -0.7256499999999995731, 0.000000000000000000, -3.000000000000000000 ) ) ;
#2539 = ORIENTED_EDGE ( 'NONE', *, *, #2247, .F. ) ;
#2540 = FACE_OUTER_BOUND ( 'NONE', #1018, .T. ) ;
#2541 = LINE ( 'NONE', #2561, #949 ) ;
#2542 = EDGE_LOOP ( 'NONE', ( #3135, #896, #3493, #2154 ) ) ;
#2543 = LINE ( 'NONE', #691, #2384 ) ;
#2544 = EDGE_LOOP ( 'NONE', ( #2882, #3181, #1299, #1386 ) ) ;
#2545 = DIRECTION ( 'NONE',  ( 0.000000000000000000, 0.000000000000000000, 1.000000000000000000 ) ) ;
#2546 = LINE ( 'NONE', #3361, #2233 ) ;
#2547 = ORIENTED_EDGE ( 'NONE', *, *, #3220, .F. ) ;
#2548 = EDGE_CURVE ( 'NONE', #1973, #3141, #1890, .T. ) ;
#2549 = DIRECTION ( 'NONE',  ( -0.000000000000000000, 1.000000000000000000, -0.000000000000000000 ) ) ;
#2550 = EDGE_LOOP ( 'NONE', ( #1333, #2686, #2912, #1267 ) ) ;
#2551 = LINE ( 'NONE', #412, #1408 ) ;
#2552 = CARTESIAN_POINT ( 'NONE',  ( 0.03434999999999883286, -6.475319950491627270E-16, -37.50009999999999621 ) ) ;
#2553 = EDGE_CURVE ( 'NONE', #1382, #745, #3216, .T. ) ;
#2554 = ORIENTED_EDGE ( 'NONE', *, *, #763, .F. ) ;
#2555 = CARTESIAN_POINT ( 'NONE',  ( 0.3743500000000002936, -3.219400000000000261, -3.000000000000000000 ) ) ;
#2556 = AXIS2_PLACEMENT_3D ( 'NONE', #775, #2131, #2939 ) ;
#2557 = CARTESIAN_POINT ( 'NONE',  ( -4.052118485544913717, -3.536901199999995526, 13.87191208944113718 ) ) ;
#2558 =( GEOMETRIC_REPRESENTATION_CONTEXT ( 3 ) GLOBAL_UNCERTAINTY_ASSIGNED_CONTEXT ( ( #1073 ) ) GLOBAL_UNIT_ASSIGNED_CONTEXT ( ( #1199, #1016, #1275 ) ) REPRESENTATION_CONTEXT ( 'NONE', 'WORKASPACE' ) );
#2559 = ORIENTED_EDGE ( 'NONE', *, *, #3209, .T. ) ;
#2560 = LINE ( 'NONE', #1989, #604 ) ;
#2561 = CARTESIAN_POINT ( 'NONE',  ( -4.319399999999999018, -3.754399999999991078, -3.635000000000000231 ) ) ;
#2562 = ORIENTED_EDGE ( 'NONE', *, *, #1760, .T. ) ;
#2563 = DIRECTION ( 'NONE',  ( 1.000000000000000000, 0.000000000000000000, 0.000000000000000000 ) ) ;
#2564 = CARTESIAN_POINT ( 'NONE',  ( -3.114797553316628775, -3.219399999999995821, -36.17953809907653806 ) ) ;
#2565 = DIRECTION ( 'NONE',  ( -0.000000000000000000, 1.000000000000000000, -0.000000000000000000 ) ) ;
#2566 = ORIENTED_EDGE ( 'NONE', *, *, #1550, .T. ) ;
#2567 = EDGE_LOOP ( 'NONE', ( #1271, #88, #410, #2099 ) ) ;
#2568 = DIRECTION ( 'NONE',  ( 0.000000000000000000, -0.000000000000000000, 1.000000000000000000 ) ) ;
#2569 = CARTESIAN_POINT ( 'NONE',  ( -0.4859250974149631475, 2.852409985391846536, -22.74699999999999989 ) ) ;
#2570 = ORIENTED_EDGE ( 'NONE', *, *, #3280, .T. ) ;
#2571 = DIRECTION ( 'NONE',  ( -1.515771924513715347E-16, 0.000000000000000000, 1.000000000000000000 ) ) ;
#2572 = EDGE_CURVE ( 'NONE', #116, #513, #2975, .T. ) ;
#2573 = VECTOR ( 'NONE', #1169, 100.0000000000000000 ) ;
#2574 = CARTESIAN_POINT ( 'NONE',  ( -4.144400000000004525, -3.536901199999995526, 13.97729621228723218 ) ) ;
#2575 = VECTOR ( 'NONE', #1277, 100.0000000000000000 ) ;
#2576 = EDGE_CURVE ( 'NONE', #3252, #910, #1134, .T. ) ;
#2577 = EDGE_LOOP ( 'NONE', ( #3446, #159 ) ) ;
#2578 = CARTESIAN_POINT ( 'NONE',  ( -1.619400000000004614, -3.536900599999995176, 16.26865867402467458 ) ) ;
#2579 = ORIENTED_EDGE ( 'NONE', *, *, #441, .T. ) ;
#2580 = AXIS2_PLACEMENT_3D ( 'NONE', #25, #1374, #1125 ) ;
#2581 = DIRECTION ( 'NONE',  ( 0.000000000000000000, 0.000000000000000000, 1.000000000000000000 ) ) ;
#2582 = AXIS2_PLACEMENT_3D ( 'NONE', #2604, #3436, #462 ) ;
#2583 = ORIENTED_EDGE ( 'NONE', *, *, #2819, .F. ) ;
#2584 = DIRECTION ( 'NONE',  ( 0.000000000000000000, 1.000000000000000000, -0.000000000000000000 ) ) ;
#2585 = DIRECTION ( 'NONE',  ( 0.000000000000000000, -1.000000000000000000, 0.000000000000000000 ) ) ;
#2586 = LINE ( 'NONE', #3362, #428 ) ;
#2587 = ORIENTED_EDGE ( 'NONE', *, *, #2683, .F. ) ;
#2588 = AXIS2_PLACEMENT_3D ( 'NONE', #3169, #1084, #220 ) ;
#2589 = EDGE_LOOP ( 'NONE', ( #2245, #1886, #384, #1274 ) ) ;
#2590 = AXIS2_PLACEMENT_3D ( 'NONE', #2680, #2329, #3431 ) ;
#2591 = DIRECTION ( 'NONE',  ( 0.000000000000000000, -0.000000000000000000, 1.000000000000000000 ) ) ;
#2592 = CARTESIAN_POINT ( 'NONE',  ( -5.706162031302314475, -4.219399999999995821, -1.164325821154459817 ) ) ;
#2593 = VECTOR ( 'NONE', #2055, 100.0000000000000000 ) ;
#2594 = VERTEX_POINT ( 'NONE', #2634 ) ;
#2595 = CARTESIAN_POINT ( 'NONE',  ( -2.819399999999999906, 0.000000000000000000, -2.364999999999999769 ) ) ;
#2596 = EDGE_CURVE ( 'NONE', #63, #2422, #3198, .T. ) ;
#2597 = FACE_BOUND ( 'NONE', #2351, .T. ) ;
#2598 = CARTESIAN_POINT ( 'NONE',  ( -0.4859250974149631475, -3.486899999999995448, -22.74699999999999989 ) ) ;
#2599 = EDGE_LOOP ( 'NONE', ( #1020, #1505, #1518, #1795 ) ) ;
#2600 = EDGE_CURVE ( 'NONE', #2369, #2039, #1827, .T. ) ;
#2601 = CARTESIAN_POINT ( 'NONE',  ( -3.956447627453642202, -3.536901199999994194, 16.28443537548038478 ) ) ;
#2602 = EDGE_CURVE ( 'NONE', #2715, #2594, #1875, .T. ) ;
#2603 = ORIENTED_EDGE ( 'NONE', *, *, #558, .F. ) ;
#2604 = CARTESIAN_POINT ( 'NONE',  ( -0.1756500000000008055, -0.2752579228333829064, 17.43364606999999467 ) ) ;
#2605 = LINE ( 'NONE', #3421, #3322 ) ;
#2606 = ORIENTED_EDGE ( 'NONE', *, *, #1836, .T. ) ;
#2607 = PLANE ( 'NONE',  #2529 ) ;
#2608 = ORIENTED_EDGE ( 'NONE', *, *, #2011, .T. ) ;
#2609 = CARTESIAN_POINT ( 'NONE',  ( -5.706162031302314475, -3.536899999999995714, -0.8843258211544605674 ) ) ;
#2610 = DIRECTION ( 'NONE',  ( 1.000000000000000000, 0.000000000000000000, 0.000000000000000000 ) ) ;
#2611 = VERTEX_POINT ( 'NONE', #2354 ) ;
#2612 = CARTESIAN_POINT ( 'NONE',  ( -2.819399999999999906, 0.000000000000000000, -3.635000000000000231 ) ) ;
#2613 = CIRCLE ( 'NONE', #2389, 0.2099999999999990763 ) ;
#2614 = LINE ( 'NONE', #2348, #3391 ) ;
#2615 = DIRECTION ( 'NONE',  ( -1.000000000000000000, 0.000000000000000000, 0.000000000000000000 ) ) ;
#2616 = VECTOR ( 'NONE', #2222, 100.0000000000000000 ) ;
#2617 = ADVANCED_FACE ( 'NONE', ( #1094 ), #781, .F. ) ;
#2618 = ORIENTED_EDGE ( 'NONE', *, *, #2576, .T. ) ;
#2619 = LINE ( 'NONE', #1054, #487 ) ;
#2620 = DIRECTION ( 'NONE',  ( -1.000000000000000000, 0.000000000000000000, 0.000000000000000000 ) ) ;
#2621 = EDGE_LOOP ( 'NONE', ( #3335, #1204, #2277, #74 ) ) ;
#2622 = ORIENTED_EDGE ( 'NONE', *, *, #1867, .F. ) ;
#2623 = EDGE_CURVE ( 'NONE', #1608, #2376, #2655, .T. ) ;
#2624 = CARTESIAN_POINT ( 'NONE',  ( -4.913149999999999906, 2.852409985391800795, -3.635000000000000231 ) ) ;
#2625 = EDGE_LOOP ( 'NONE', ( #2654, #1593 ) ) ;
#2626 = DIRECTION ( 'NONE',  ( -1.000000000000000000, 6.308085367188390241E-16, 0.000000000000000000 ) ) ;
#2627 = ORIENTED_EDGE ( 'NONE', *, *, #1439, .F. ) ;
#2628 = CARTESIAN_POINT ( 'NONE',  ( -1.619400000000005502, -3.219399999999995821, 13.86865867402467600 ) ) ;
#2629 = ORIENTED_EDGE ( 'NONE', *, *, #703, .T. ) ;
#2630 = AXIS2_PLACEMENT_3D ( 'NONE', #3136, #2537, #2571 ) ;
#2631 = DIRECTION ( 'NONE',  ( 1.000000000000000000, 0.000000000000000000, 0.000000000000000000 ) ) ;
#2632 = DIRECTION ( 'NONE',  ( 0.000000000000000000, 0.000000000000000000, -1.000000000000000000 ) ) ;
#2633 = ORIENTED_EDGE ( 'NONE', *, *, #2423, .T. ) ;
#2634 = CARTESIAN_POINT ( 'NONE',  ( -5.232463380792751195, -3.486899999999995448, -23.38200000000000145 ) ) ;
#2635 = ADVANCED_FACE ( 'NONE', ( #2153 ), #3460, .F. ) ;
#2636 = AXIS2_PLACEMENT_3D ( 'NONE', #1764, #2000, #1504 ) ;
#2637 = ORIENTED_EDGE ( 'NONE', *, *, #893, .T. ) ;
#2638 = ORIENTED_EDGE ( 'NONE', *, *, #2437, .F. ) ;
#2639 = DIRECTION ( 'NONE',  ( -0.000000000000000000, -1.000000000000000000, 0.000000000000000000 ) ) ;
#2640 = FACE_OUTER_BOUND ( 'NONE', #3087, .T. ) ;
#2641 = CYLINDRICAL_SURFACE ( 'NONE', #2588, 0.2099999999999990763 ) ;
#2642 = VECTOR ( 'NONE', #799, 100.0000000000000000 ) ;
#2643 = ADVANCED_FACE ( 'NONE', ( #1019 ), #3251, .F. ) ;
#2644 = ADVANCED_FACE ( 'NONE', ( #478 ), #1567, .T. ) ;
#2645 = EDGE_LOOP ( 'NONE', ( #2633, #2897, #2536, #696, #905, #2324, #1634, #266, #1687, #1828, #764, #3048, #2618, #2259, #1198, #359 ) ) ;
#2646 = AXIS2_PLACEMENT_3D ( 'NONE', #1572, #2374, #2121 ) ;
#2647 = CARTESIAN_POINT ( 'NONE',  ( -0.4541500000000003867, -0.2752579228333829064, -3.000000000000000000 ) ) ;
#2648 = VECTOR ( 'NONE', #512, 100.0000000000000000 ) ;
#2649 = DIRECTION ( 'NONE',  ( -1.000000000000000000, 0.000000000000000000, 0.000000000000000000 ) ) ;
#2650 = DIRECTION ( 'NONE',  ( -0.000000000000000000, 1.000000000000000000, -0.000000000000000000 ) ) ;
#2651 = DIRECTION ( 'NONE',  ( -0.000000000000000000, 0.000000000000000000, -1.000000000000000000 ) ) ;
#2652 = ORIENTED_EDGE ( 'NONE', *, *, #2096, .F. ) ;
#2653 = CARTESIAN_POINT ( 'NONE',  ( -5.706162031302314475, -3.536899999999995714, -24.52466247586125192 ) ) ;
#2654 = ORIENTED_EDGE ( 'NONE', *, *, #3012, .F. ) ;
#2655 = LINE ( 'NONE', #812, #1028 ) ;
#2656 = ORIENTED_EDGE ( 'NONE', *, *, #844, .F. ) ;
#2657 = ORIENTED_EDGE ( 'NONE', *, *, #2093, .T. ) ;
#2658 = AXIS2_PLACEMENT_3D ( 'NONE', #2372, #3478, #1038 ) ;
#2659 = EDGE_CURVE ( 'NONE', #421, #1993, #3476, .T. ) ;
#2660 = CARTESIAN_POINT ( 'NONE',  ( 0.000000000000000000, -3.219399999999995821, -2.984999999999999876 ) ) ;
#2661 = DIRECTION ( 'NONE',  ( -1.000000000000000000, 0.000000000000000000, 0.000000000000000000 ) ) ;
#2662 = B_SPLINE_CURVE_WITH_KNOTS ( 'NONE', 3,
 ( #1282, #3481, #1558, #3200, #766, #1005, #1864, #1294, #3167, #3222, #1830, #1816, #2898, #2408, #466, #201, #2358, #1847 ),
 .UNSPECIFIED., .F., .F.,
 ( 4, 2, 2, 2, 2, 2, 2, 2, 4 ),
 ( 0.000000000000000000, 0.06250000000000000000, 0.1250000000000000000, 0.1875000000000000000, 0.2500000000000000000, 0.3125000000000000000, 0.3750000000000000000, 0.4375000000000000000, 0.5000000000000000000 ),
 .UNSPECIFIED. ) ;
#2663 = VERTEX_POINT ( 'NONE', #1618 ) ;
#2664 = EDGE_CURVE ( 'NONE', #402, #2241, #230, .T. ) ;
#2665 = DIRECTION ( 'NONE',  ( -0.000000000000000000, -1.000000000000000000, -0.000000000000000000 ) ) ;
#2666 = DIRECTION ( 'NONE',  ( 0.000000000000000000, 0.000000000000000000, 1.000000000000000000 ) ) ;
#2667 = EDGE_CURVE ( 'NONE', #2204, #203, #495, .T. ) ;
#2668 = DIRECTION ( 'NONE',  ( 0.000000000000000000, 0.000000000000000000, 1.000000000000000000 ) ) ;
#2669 = VECTOR ( 'NONE', #2737, 100.0000000000000000 ) ;
#2670 = ORIENTED_EDGE ( 'NONE', *, *, #41, .T. ) ;
#2671 = DIRECTION ( 'NONE',  ( 0.000000000000000000, 0.000000000000000000, -1.000000000000000000 ) ) ;
#2672 = ORIENTED_EDGE ( 'NONE', *, *, #934, .F. ) ;
#2673 = COLOUR_RGB ( '',0.7921568627450980005, 0.8196078431372548767, 0.9333333333333333481 ) ;
#2674 = DIRECTION ( 'NONE',  ( -1.000000000000000000, 0.000000000000000000, 0.000000000000000000 ) ) ;
#2675 = DIRECTION ( 'NONE',  ( 1.000000000000000000, 0.000000000000000000, 0.000000000000000000 ) ) ;
#2676 = CARTESIAN_POINT ( 'NONE',  ( -4.019400000000004525, -3.219399999999995821, 16.39365867402467458 ) ) ;
#2677 = ORIENTED_EDGE ( 'NONE', *, *, #3171, .T. ) ;
#2678 = CARTESIAN_POINT ( 'NONE',  ( -0.5637295702258144914, -3.536899999999995714, -30.95970190092345220 ) ) ;
#2679 = ADVANCED_FACE ( 'NONE', ( #2490, #353, #561 ), #2170, .T. ) ;
#2680 = CARTESIAN_POINT ( 'NONE',  ( -6.391389809102427044, -3.536899999999995714, 17.43354606999999490 ) ) ;
#2681 = ADVANCED_FACE ( 'NONE', ( #832 ), #1908, .F. ) ;
#2682 = DIRECTION ( 'NONE',  ( 1.000000000000000000, 0.000000000000000000, 0.000000000000000000 ) ) ;
#2683 = EDGE_CURVE ( 'NONE', #3051, #714, #1424, .T. ) ;
#2684 = ORIENTED_EDGE ( 'NONE', *, *, #1356, .F. ) ;
#2685 = CARTESIAN_POINT ( 'NONE',  ( -0.5637295702258123820, -3.536899999999995714, -35.96953809907653721 ) ) ;
#2686 = ORIENTED_EDGE ( 'NONE', *, *, #2108, .T. ) ;
#2687 = AXIS2_PLACEMENT_3D ( 'NONE', #3382, #1585, #2942 ) ;
#2688 = DIRECTION ( 'NONE',  ( 0.000000000000000000, 0.000000000000000000, 1.000000000000000000 ) ) ;
#2689 = AXIS2_PLACEMENT_3D ( 'NONE', #981, #3101, #3140 ) ;
#2690 = CARTESIAN_POINT ( 'NONE',  ( -4.913149999999999906, -1.317637338226828492, -2.364999999999999769 ) ) ;
#2691 = SURFACE_SIDE_STYLE ('',( #2713 ) ) ;
#2692 = CARTESIAN_POINT ( 'NONE',  ( -0.3193999999999988515, -3.486899999999995448, -3.000000000000000000 ) ) ;
#2693 = VECTOR ( 'NONE', #621, 100.0000000000000000 ) ;
#2694 = EDGE_LOOP ( 'NONE', ( #751, #174, #1868, #1979 ) ) ;
#2695 = VECTOR ( 'NONE', #1915, 100.0000000000000000 ) ;
#2696 = DIRECTION ( 'NONE',  ( 0.000000000000000000, -1.000000000000000000, 0.000000000000000000 ) ) ;
#2697 = VECTOR ( 'NONE', #2865, 100.0000000000000000 ) ;
#2698 = FACE_BOUND ( 'NONE', #3451, .T. ) ;
#2699 = DIRECTION ( 'NONE',  ( 0.000000000000000000, 0.000000000000000000, -1.000000000000000000 ) ) ;
#2700 = VECTOR ( 'NONE', #3037, 100.0000000000000000 ) ;
#2701 = VECTOR ( 'NONE', #2910, 100.0000000000000000 ) ;
#2702 = ADVANCED_FACE ( 'NONE', ( #2189 ), #1127, .F. ) ;
#2703 = CARTESIAN_POINT ( 'NONE',  ( 0.1028499999999987757, 0.2752579228333827954, 17.43364606999999467 ) ) ;
#2704 = ORIENTED_EDGE ( 'NONE', *, *, #3327, .T. ) ;
#2705 = EDGE_CURVE ( 'NONE', #1741, #222, #3301, .T. ) ;
#2706 = DIRECTION ( 'NONE',  ( -0.000000000000000000, 1.000000000000000000, -0.000000000000000000 ) ) ;
#2707 = LINE ( 'NONE', #2435, #2123 ) ;
#2708 = EDGE_LOOP ( 'NONE', ( #602, #2855, #553, #3310 ) ) ;
#2709 = CARTESIAN_POINT ( 'NONE',  ( -5.232463380792751195, -3.486899999999995448, -22.74699999999999989 ) ) ;
#2710 = ADVANCED_FACE ( 'NONE', ( #2992 ), #1683, .T. ) ;
#2711 = B_SPLINE_CURVE_WITH_KNOTS ( 'NONE', 3,
 ( #2578, #1174, #1235, #2256, #3081, #2276, #3120, #1471, #2237, #1787, #650, #3415, #2852, #1729, #1713, #941, #2030, #2008 ),
 .UNSPECIFIED., .F., .F.,
 ( 4, 2, 2, 2, 2, 2, 2, 2, 4 ),
 ( 0.000000000000000000, 0.06250000000000000000, 0.1250000000000000000, 0.1875000000000000000, 0.2500000000000000000, 0.3125000000000000000, 0.3750000000000000000, 0.4375000000000000000, 0.5000000000000000000 ),
 .UNSPECIFIED. ) ;
#2712 = ORIENTED_EDGE ( 'NONE', *, *, #1837, .F. ) ;
#2713 = SURFACE_STYLE_FILL_AREA ( #3238 ) ;
#2714 = CARTESIAN_POINT ( 'NONE',  ( 0.3743500000000001826, 2.852409985391800795, -3.635000000000000231 ) ) ;
#2715 = VERTEX_POINT ( 'NONE', #3022 ) ;
#2716 = CARTESIAN_POINT ( 'NONE',  ( 0.06736203130231627201, -3.536899999999995714, -24.24466247586125078 ) ) ;
#2717 = DIRECTION ( 'NONE',  ( -0.000000000000000000, 1.000000000000000000, -0.000000000000000000 ) ) ;
#2718 = DIRECTION ( 'NONE',  ( -0.000000000000000000, 1.000000000000000000, -0.000000000000000000 ) ) ;
#2719 = ORIENTED_EDGE ( 'NONE', *, *, #244, .F. ) ;
#2720 = CARTESIAN_POINT ( 'NONE',  ( -4.019400000000003637, -3.219399999999995821, 13.99365867402467600 ) ) ;
#2721 = DIRECTION ( 'NONE',  ( 0.000000000000000000, 0.000000000000000000, 1.000000000000000000 ) ) ;
#2722 = DIRECTION ( 'NONE',  ( 0.000000000000000000, 0.000000000000000000, -1.000000000000000000 ) ) ;
#2723 = EDGE_CURVE ( 'NONE', #1899, #1306, #27, .T. ) ;
#2724 = ORIENTED_EDGE ( 'NONE', *, *, #1920, .F. ) ;
#2725 = CARTESIAN_POINT ( 'NONE',  ( -0.4859250974149631475, -3.219399999999952744, -22.74699999999999989 ) ) ;
#2726 = FACE_OUTER_BOUND ( 'NONE', #310, .T. ) ;
#2727 = CARTESIAN_POINT ( 'NONE',  ( -0.3043999999999991157, -3.219399999999995821, -2.984999999999999876 ) ) ;
#2728 = AXIS2_PLACEMENT_3D ( 'NONE', #1788, #2875, #1272 ) ;
#2729 = VERTEX_POINT ( 'NONE', #2507 ) ;
#2730 = DIRECTION ( 'NONE',  ( -1.000000000000000000, 0.000000000000000000, 0.000000000000000000 ) ) ;
#2731 = ADVANCED_FACE ( 'NONE', ( #1144 ), #299, .T. ) ;
#2732 = VECTOR ( 'NONE', #3353, 100.0000000000000000 ) ;
#2733 = VERTEX_POINT ( 'NONE', #1923 ) ;
#2734 = DIRECTION ( 'NONE',  ( 0.000000000000000000, 1.000000000000000000, 0.000000000000000000 ) ) ;
#2735 = PLANE ( 'NONE',  #727 ) ;
#2736 = AXIS2_PLACEMENT_3D ( 'NONE', #3212, #177, #1791 ) ;
#2737 = DIRECTION ( 'NONE',  ( -0.000000000000000000, 1.000000000000000000, -0.000000000000000000 ) ) ;
#2738 = EDGE_LOOP ( 'NONE', ( #2132, #821 ) ) ;
#2739 = DIRECTION ( 'NONE',  ( 1.000000000000000000, 0.000000000000000000, 0.000000000000000000 ) ) ;
#2740 = DIRECTION ( 'NONE',  ( -0.000000000000000000, 1.000000000000000000, -0.000000000000000000 ) ) ;
#2741 = ORIENTED_EDGE ( 'NONE', *, *, #2483, .F. ) ;
#2742 = DIRECTION ( 'NONE',  ( 0.000000000000000000, 1.000000000000000000, -0.000000000000000000 ) ) ;
#2743 = CARTESIAN_POINT ( 'NONE',  ( 0.000000000000000000, -3.219399999999995821, -23.39699999999999847 ) ) ;
#2744 = VERTEX_POINT ( 'NONE', #579 ) ;
#2745 = ADVANCED_FACE ( 'NONE', ( #335 ), #77, .F. ) ;
#2746 = B_SPLINE_CURVE_WITH_KNOTS ( 'NONE', 3,
 ( #1584, #713, #212, #1307, #2370, #3475, #1793, #164, #1036, #229, #2387, #3494, #2878, #448, #1536, #2188, #576, #2420 ),
 .UNSPECIFIED., .F., .F.,
 ( 4, 2, 2, 2, 2, 2, 2, 2, 4 ),
 ( 0.000000000000000000, 0.06250000000000000000, 0.1250000000000000000, 0.1875000000000000000, 0.2500000000000000000, 0.3125000000000000000, 0.3750000000000000000, 0.4375000000000000000, 0.5000000000000000000 ),
 .UNSPECIFIED. ) ;
#2747 = AXIS2_PLACEMENT_3D ( 'NONE', #1831, #1366, #2427 ) ;
#2748 = ORIENTED_EDGE ( 'NONE', *, *, #960, .T. ) ;
#2749 = FACE_OUTER_BOUND ( 'NONE', #2392, .T. ) ;
#2750 = DIRECTION ( 'NONE',  ( 0.000000000000000000, -0.000000000000000000, -1.000000000000000000 ) ) ;
#2751 = COLOUR_RGB ( '',0.7921568627450980005, 0.8196078431372548767, 0.9333333333333333481 ) ;
#2752 = ADVANCED_FACE ( 'NONE', ( #3047 ), #314, .T. ) ;
#2753 = EDGE_CURVE ( 'NONE', #1726, #1501, #2777, .T. ) ;
#2754 = VECTOR ( 'NONE', #3262, 100.0000000000000000 ) ;
#2755 = AXIS2_PLACEMENT_3D ( 'NONE', #482, #219, #767 ) ;
#2756 = VECTOR ( 'NONE', #3375, 100.0000000000000000 ) ;
#2757 = DIRECTION ( 'NONE',  ( -0.000000000000000000, 1.000000000000000000, -0.000000000000000000 ) ) ;
#2758 = CIRCLE ( 'NONE', #1252, 0.2099999999999990763 ) ;
#2759 = ORIENTED_EDGE ( 'NONE', *, *, #2602, .T. ) ;
#2760 = CARTESIAN_POINT ( 'NONE',  ( -4.019400000000003637, -3.536900599999995176, 13.86865867402467600 ) ) ;
#2761 = DIRECTION ( 'NONE',  ( 0.000000000000000000, 0.000000000000000000, -1.000000000000000000 ) ) ;
#2762 = DIRECTION ( 'NONE',  ( 0.000000000000000000, 0.000000000000000000, -1.000000000000000000 ) ) ;
#2763 = VERTEX_POINT ( 'NONE', #1110 ) ;
#2764 = FACE_OUTER_BOUND ( 'NONE', #522, .T. ) ;
#2765 = CYLINDRICAL_SURFACE ( 'NONE', #899, 0.1250000000000001110 ) ;
#2766 = LINE ( 'NONE', #1381, #1725 ) ;
#2767 = ORIENTED_EDGE ( 'NONE', *, *, #1115, .F. ) ;
#2768 = ORIENTED_EDGE ( 'NONE', *, *, #1762, .F. ) ;
#2769 = LINE ( 'NONE', #3274, #2695 ) ;
#2770 = CARTESIAN_POINT ( 'NONE',  ( -0.7256499999999995731, -1.317637338226828936, -2.364999999999999769 ) ) ;
#2771 = DIRECTION ( 'NONE',  ( -0.000000000000000000, 1.000000000000000000, -0.000000000000000000 ) ) ;
#2772 = EDGE_CURVE ( 'NONE', #2369, #234, #2203, .T. ) ;
#2773 = CARTESIAN_POINT ( 'NONE',  ( -5.334399999999998698, -4.489399999999990953, -3.649999999999999911 ) ) ;
#2774 = ORIENTED_EDGE ( 'NONE', *, *, #1070, .T. ) ;
#2775 = DIRECTION ( 'NONE',  ( 1.000000000000000000, -0.000000000000000000, -0.000000000000000000 ) ) ;
#2776 = CYLINDRICAL_SURFACE ( 'NONE', #3036, 0.2799999999999996936 ) ;
#2777 = LINE ( 'NONE', #2474, #1211 ) ;
#2778 = ORIENTED_EDGE ( 'NONE', *, *, #911, .T. ) ;
#2779 = CARTESIAN_POINT ( 'NONE',  ( -5.319399999999999018, -3.219400000000000261, -3.000000000000000000 ) ) ;
#2780 = DIRECTION ( 'NONE',  ( 0.000000000000000000, 0.000000000000000000, 1.000000000000000000 ) ) ;
#2781 = CARTESIAN_POINT ( 'NONE',  ( -0.5637295702258144914, -3.536899999999995714, -30.53970190092345405 ) ) ;
#2782 = DIRECTION ( 'NONE',  ( -0.000000000000000000, 0.000000000000000000, -1.000000000000000000 ) ) ;
#2783 = ORIENTED_EDGE ( 'NONE', *, *, #934, .T. ) ;
#2784 = ORIENTED_EDGE ( 'NONE', *, *, #3173, .F. ) ;
#2785 = CIRCLE ( 'NONE', #3068, 0.1250000000000001110 ) ;
#2786 = PRODUCT_DEFINITION_SHAPE ( 'NONE', 'NONE',  #2290 ) ;
#2787 = LINE ( 'NONE', #1967, #3396 ) ;
#2788 = FACE_OUTER_BOUND ( 'NONE', #3044, .T. ) ;
#2789 = EDGE_CURVE ( 'NONE', #3183, #1636, #2063, .T. ) ;
#2790 = CARTESIAN_POINT ( 'NONE',  ( -4.096218339996867464, -3.536901199999995526, 13.89370031872489974 ) ) ;
#2791 = EDGE_LOOP ( 'NONE', ( #105, #2570, #289, #2801 ) ) ;
#2792 = PLANE ( 'NONE',  #722 ) ;
#2793 = PLANE ( 'NONE',  #2689 ) ;
#2794 = EDGE_CURVE ( 'NONE', #217, #3479, #1151, .T. ) ;
#2795 = LINE ( 'NONE', #367, #354 ) ;
#2796 = EDGE_CURVE ( 'NONE', #3435, #2343, #123, .T. ) ;
#2797 = EDGE_LOOP ( 'NONE', ( #2135, #1243, #3225, #3500 ) ) ;
#2798 = DIRECTION ( 'NONE',  ( 0.000000000000000000, 0.000000000000000000, 1.000000000000000000 ) ) ;
#2799 = DIRECTION ( 'NONE',  ( -0.000000000000000000, 1.000000000000000000, -0.000000000000000000 ) ) ;
#2800 = CARTESIAN_POINT ( 'NONE',  ( -5.232463380792751195, 2.852409985391846536, -22.74699999999999989 ) ) ;
#2801 = ORIENTED_EDGE ( 'NONE', *, *, #1335, .F. ) ;
#2802 = ORIENTED_EDGE ( 'NONE', *, *, #349, .F. ) ;
#2803 = CYLINDRICAL_SURFACE ( 'NONE', #2184, 0.2099999999999990763 ) ;
#2804 = CARTESIAN_POINT ( 'NONE',  ( 0.000000000000000000, -3.219399999999995821, 0.000000000000000000 ) ) ;
#2805 = ORIENTED_EDGE ( 'NONE', *, *, #2041, .F. ) ;
#2806 = DIRECTION ( 'NONE',  ( 0.000000000000000000, 0.000000000000000000, 1.000000000000000000 ) ) ;
#2807 = VECTOR ( 'NONE', #378, 100.0000000000000000 ) ;
#2808 = DIRECTION ( 'NONE',  ( -1.000000000000000000, 0.000000000000000000, 0.000000000000000000 ) ) ;
#2809 = CIRCLE ( 'NONE', #2876, 1.730000000000000870 ) ;
#2810 = VECTOR ( 'NONE', #3149, 100.0000000000000000 ) ;
#2811 = ADVANCED_FACE ( 'NONE', ( #1237, #653, #3378 ), #3401, .F. ) ;
#2812 = EDGE_LOOP ( 'NONE', ( #1547, #3195, #323, #3199 ) ) ;
#2813 = AXIS2_PLACEMENT_3D ( 'NONE', #877, #3312, #608 ) ;
#2814 = CARTESIAN_POINT ( 'NONE',  ( -4.913149999999999906, 0.000000000000000000, -3.635000000000000231 ) ) ;
#2815 = CARTESIAN_POINT ( 'NONE',  ( -4.019400000000003637, -3.219399999999995821, 14.11865867402467600 ) ) ;
#2816 = ORIENTED_EDGE ( 'NONE', *, *, #2380, .T. ) ;
#2817 = CARTESIAN_POINT ( 'NONE',  ( -3.919441644700232708, -3.536901199999995526, 16.31684033402781253 ) ) ;
#2818 = VECTOR ( 'NONE', #2626, 100.0000000000000000 ) ;
#2819 = EDGE_CURVE ( 'NONE', #2909, #2663, #1489, .T. ) ;
#2820 = DIRECTION ( 'NONE',  ( 0.000000000000000000, -0.000000000000000000, 1.000000000000000000 ) ) ;
#2821 = CARTESIAN_POINT ( 'NONE',  ( -4.913149999999999906, 0.000000000000000000, -2.364999999999999769 ) ) ;
#2822 = DIRECTION ( 'NONE',  ( -0.000000000000000000, 1.000000000000000000, -0.000000000000000000 ) ) ;
#2823 = ORIENTED_EDGE ( 'NONE', *, *, #675, .F. ) ;
#2824 = ORIENTED_EDGE ( 'NONE', *, *, #3400, .F. ) ;
#2825 = LINE ( 'NONE', #2249, #1184 ) ;
#2826 = CARTESIAN_POINT ( 'NONE',  ( -1.500925097414963050, -3.536899999999995714, -22.73199999999999932 ) ) ;
#2827 = VERTEX_POINT ( 'NONE', #999 ) ;
#2828 = FACE_OUTER_BOUND ( 'NONE', #2589, .T. ) ;
#2829 = DIRECTION ( 'NONE',  ( 1.000000000000000000, 0.000000000000000000, 0.000000000000000000 ) ) ;
#2830 = ORIENTED_EDGE ( 'NONE', *, *, #2078, .F. ) ;
#2831 = FACE_OUTER_BOUND ( 'NONE', #3328, .T. ) ;
#2832 = SURFACE_STYLE_USAGE ( .BOTH. , #158 ) ;
#2833 = ORIENTED_EDGE ( 'NONE', *, *, #78, .T. ) ;
#2834 = DIRECTION ( 'NONE',  ( 0.000000000000000000, 0.000000000000000000, -1.000000000000000000 ) ) ;
#2835 = ORIENTED_EDGE ( 'NONE', *, *, #3280, .F. ) ;
#2836 = CARTESIAN_POINT ( 'NONE',  ( -0.3856500000000004369, -6.218144122670683419E-16, -2.364999999999999769 ) ) ;
#2837 = CARTESIAN_POINT ( 'NONE',  ( -1.500925097414963050, -4.489400000000038915, -22.73199999999999932 ) ) ;
#2838 = EDGE_LOOP ( 'NONE', ( #2519, #2603, #469, #1778 ) ) ;
#2839 = DIRECTION ( 'NONE',  ( -1.000000000000000000, 0.000000000000000000, 0.000000000000000000 ) ) ;
#2840 = EDGE_CURVE ( 'NONE', #2274, #3495, #861, .T. ) ;
#2841 = VERTEX_POINT ( 'NONE', #1260 ) ;
#2842 = CARTESIAN_POINT ( 'NONE',  ( -0.3043999999999991157, -3.219399999999995821, -3.649999999999999911 ) ) ;
#2843 = DIRECTION ( 'NONE',  ( 0.000000000000000000, 0.000000000000000000, 1.000000000000000000 ) ) ;
#2844 = ADVANCED_FACE ( 'NONE', ( #3122 ), #3160, .F. ) ;
#2845 = ORIENTED_EDGE ( 'NONE', *, *, #3053, .F. ) ;
#2846 = LINE ( 'NONE', #1506, #3213 ) ;
#2847 = CIRCLE ( 'NONE', #3014, 0.2099999999999990763 ) ;
#2848 = DIRECTION ( 'NONE',  ( -0.000000000000000000, 1.000000000000000000, -0.000000000000000000 ) ) ;
#2849 = VECTOR ( 'NONE', #1447, 100.0000000000000000 ) ;
#2850 = ORIENTED_EDGE ( 'NONE', *, *, #1964, .F. ) ;
#2851 = CARTESIAN_POINT ( 'NONE',  ( 0.06736203130231627201, -3.536899999999995714, -12.93836865193854813 ) ) ;
#2852 = CARTESIAN_POINT ( 'NONE',  ( -1.519441644700232130, -3.536901199999995082, 16.47047701402153663 ) ) ;
#2853 = ORIENTED_EDGE ( 'NONE', *, *, #1762, .T. ) ;
#2854 = CARTESIAN_POINT ( 'NONE',  ( 0.06736203130231627201, -4.219399999999995821, -12.93836865193854813 ) ) ;
#2855 = ORIENTED_EDGE ( 'NONE', *, *, #1692, .T. ) ;
#2856 = LINE ( 'NONE', #926, #130 ) ;
#2857 = LINE ( 'NONE', #3381, #1524 ) ;
#2858 = CARTESIAN_POINT ( 'NONE',  ( -4.304399999999999338, -3.536899999999995714, -3.649999999999999911 ) ) ;
#2859 = DIRECTION ( 'NONE',  ( 0.000000000000000000, 0.000000000000000000, -1.000000000000000000 ) ) ;
#2860 = ORIENTED_EDGE ( 'NONE', *, *, #1419, .T. ) ;
#2861 = DIRECTION ( 'NONE',  ( 0.000000000000000000, -1.000000000000000000, 0.000000000000000000 ) ) ;
#2862 = EDGE_LOOP ( 'NONE', ( #304, #97, #1328, #3236 ) ) ;
#2863 = EDGE_CURVE ( 'NONE', #3515, #217, #2543, .T. ) ;
#2864 = CARTESIAN_POINT ( 'NONE',  ( -4.913149999999999906, -1.317637338226828492, -2.364999999999999769 ) ) ;
#2865 = DIRECTION ( 'NONE',  ( -0.000000000000000000, -1.000000000000000000, -0.000000000000000000 ) ) ;
#2866 = ORIENTED_EDGE ( 'NONE', *, *, #2079, .T. ) ;
#2867 = PLANE ( 'NONE',  #892 ) ;
#2868 = EDGE_CURVE ( 'NONE', #1469, #1739, #2442, .T. ) ;
#2869 = VECTOR ( 'NONE', #1220, 100.0000000000000000 ) ;
#2870 = ADVANCED_FACE ( 'NONE', ( #403 ), #1772, .F. ) ;
#2871 = CARTESIAN_POINT ( 'NONE',  ( -4.082352372546365515, -3.536901199999995082, 13.88443537548039508 ) ) ;
#2872 = DIRECTION ( 'NONE',  ( -0.000000000000000000, -1.000000000000000000, -0.000000000000000000 ) ) ;
#2873 = ORIENTED_EDGE ( 'NONE', *, *, #2928, .F. ) ;
#2874 = CIRCLE ( 'NONE', #1520, 0.2784999999999995812 ) ;
#2875 = DIRECTION ( 'NONE',  ( 1.000000000000000000, 0.000000000000000000, 0.000000000000000000 ) ) ;
#2876 = AXIS2_PLACEMENT_3D ( 'NONE', #2352, #3196, #1551 ) ;
#2877 = ORIENTED_EDGE ( 'NONE', *, *, #2011, .F. ) ;
#2878 = CARTESIAN_POINT ( 'NONE',  ( -1.519441644700233240, -3.536901199999995082, 14.07047701402153983 ) ) ;
#2879 = DIRECTION ( 'NONE',  ( -1.000000000000000000, 0.000000000000000000, 0.000000000000000000 ) ) ;
#2880 = VERTEX_POINT ( 'NONE', #923 ) ;
#2881 = VECTOR ( 'NONE', #2520, 100.0000000000000000 ) ;
#2882 = ORIENTED_EDGE ( 'NONE', *, *, #3241, .F. ) ;
#2883 = CIRCLE ( 'NONE', #958, 0.2099999999999990763 ) ;
#2884 = DIRECTION ( 'NONE',  ( -1.000000000000000000, 0.000000000000000000, 0.000000000000000000 ) ) ;
#2885 = LINE ( 'NONE', #3168, #2697 ) ;
#2886 = LINE ( 'NONE', #2555, #486 ) ;
#2887 = CARTESIAN_POINT ( 'NONE',  ( -1.682352372546366936, -3.536901199999994194, 16.50288197256896083 ) ) ;
#2888 = EDGE_CURVE ( 'NONE', #2039, #480, #1732, .T. ) ;
#2889 = FILL_AREA_STYLE ('',( #3191 ) ) ;
#2890 = ORIENTED_EDGE ( 'NONE', *, *, #2840, .F. ) ;
#2891 = CARTESIAN_POINT ( 'NONE',  ( -1.619400000000004614, -3.219399999999995821, 16.39365867402467458 ) ) ;
#2892 = ORIENTED_EDGE ( 'NONE', *, *, #917, .T. ) ;
#2893 = DIRECTION ( 'NONE',  ( 0.000000000000000000, -1.000000000000000000, 0.000000000000000000 ) ) ;
#2894 = LINE ( 'NONE', #476, #315 ) ;
#2895 = ORIENTED_EDGE ( 'NONE', *, *, #2548, .T. ) ;
#2896 = ORIENTED_EDGE ( 'NONE', *, *, #2288, .F. ) ;
#2897 = ORIENTED_EDGE ( 'NONE', *, *, #2108, .F. ) ;
#2898 = CARTESIAN_POINT ( 'NONE',  ( -3.919441644700231819, -3.536901199999995082, 14.07047701402153983 ) ) ;
#2899 = FACE_OUTER_BOUND ( 'NONE', #2544, .T. ) ;
#2900 = VERTEX_POINT ( 'NONE', #175 ) ;
#2901 = DIRECTION ( 'NONE',  ( -1.000000000000000000, 0.000000000000000000, 0.000000000000000000 ) ) ;
#2902 = EDGE_CURVE ( 'NONE', #2880, #998, #2795, .T. ) ;
#2903 = CARTESIAN_POINT ( 'NONE',  ( -4.141146584583544232, -3.536901199999995082, 16.36094018847976272 ) ) ;
#2904 = DIRECTION ( 'NONE',  ( -1.000000000000000000, 0.000000000000000000, 0.000000000000000000 ) ) ;
#2905 = AXIS2_PLACEMENT_3D ( 'NONE', #2564, #693, #1775 ) ;
#2906 = EDGE_LOOP ( 'NONE', ( #1313, #3395 ) ) ;
#2907 = ADVANCED_FACE ( 'NONE', ( #711 ), #3434, .T. ) ;
#2908 = DIRECTION ( 'NONE',  ( 1.000000000000000000, -0.000000000000000000, -0.000000000000000000 ) ) ;
#2909 = VERTEX_POINT ( 'NONE', #2333 ) ;
#2910 = DIRECTION ( 'NONE',  ( 1.000000000000000000, 0.000000000000000000, 0.000000000000000000 ) ) ;
#2911 = EDGE_CURVE ( 'NONE', #2503, #1430, #634, .T. ) ;
#2912 = ORIENTED_EDGE ( 'NONE', *, *, #2968, .T. ) ;
#2913 = ORIENTED_EDGE ( 'NONE', *, *, #2225, .T. ) ;
#2914 = CARTESIAN_POINT ( 'NONE',  ( -4.232463380792751195, -3.219399999999952744, -22.74699999999999989 ) ) ;
#2915 = DIRECTION ( 'NONE',  ( 0.000000000000000000, 1.000000000000000000, 0.000000000000000000 ) ) ;
#2916 = ORIENTED_EDGE ( 'NONE', *, *, #192, .F. ) ;
#2917 = CARTESIAN_POINT ( 'NONE',  ( -1.744400000000004614, -3.536901199999995526, 16.37729621228722721 ) ) ;
#2918 = SURFACE_STYLE_USAGE ( .BOTH. , #3206 ) ;
#2919 = CARTESIAN_POINT ( 'NONE',  ( -5.741649999999998144, 0.2752579228333827954, -3.635000000000000231 ) ) ;
#2920 = AXIS2_PLACEMENT_3D ( 'NONE', #890, #1961, #1654 ) ;
#2921 = EDGE_CURVE ( 'NONE', #480, #50, #3454, .T. ) ;
#2922 = ORIENTED_EDGE ( 'NONE', *, *, #1882, .F. ) ;
#2923 = CIRCLE ( 'NONE', #205, 0.1250000000000001110 ) ;
#2924 = CARTESIAN_POINT ( 'NONE',  ( 0.06736203130231627201, -4.219399999999995821, -24.24466247586125078 ) ) ;
#2925 = EDGE_LOOP ( 'NONE', ( #474, #1872 ) ) ;
#2926 = DIRECTION ( 'NONE',  ( 0.000000000000000000, 0.000000000000000000, 1.000000000000000000 ) ) ;
#2927 = VECTOR ( 'NONE', #760, 100.0000000000000000 ) ;
#2928 = EDGE_CURVE ( 'NONE', #3097, #1718, #2368, .T. ) ;
#2929 = AXIS2_PLACEMENT_3D ( 'NONE', #2430, #2951, #257 ) ;
#2930 = EDGE_LOOP ( 'NONE', ( #1698, #657, #228, #651 ) ) ;
#2931 = DIRECTION ( 'NONE',  ( -0.000000000000000000, 1.000000000000000000, -0.000000000000000000 ) ) ;
#2932 = DIRECTION ( 'NONE',  ( -0.000000000000000000, 1.000000000000000000, -0.000000000000000000 ) ) ;
#2933 = VECTOR ( 'NONE', #2775, 100.0000000000000000 ) ;
#2934 = ORIENTED_EDGE ( 'NONE', *, *, #2113, .T. ) ;
#2935 = CARTESIAN_POINT ( 'NONE',  ( 0.000000000000000000, -3.486899999999995448, 0.000000000000000000 ) ) ;
#2936 = VECTOR ( 'NONE', #543, 100.0000000000000000 ) ;
#2937 = CARTESIAN_POINT ( 'NONE',  ( -1.682352372546367159, -3.536901199999995082, 16.28443537548039188 ) ) ;
#2938 = CARTESIAN_POINT ( 'NONE',  ( -4.144400000000005413, -3.536901199999995526, 16.37729621228722721 ) ) ;
#2939 = DIRECTION ( 'NONE',  ( 1.000000000000000000, 0.000000000000000000, 0.000000000000000000 ) ) ;
#2940 = ORIENTED_EDGE ( 'NONE', *, *, #2028, .T. ) ;
#2941 = DIRECTION ( 'NONE',  ( 0.000000000000000000, 0.000000000000000000, 1.000000000000000000 ) ) ;
#2942 = DIRECTION ( 'NONE',  ( 0.000000000000000000, 0.000000000000000000, 1.000000000000000000 ) ) ;
#2943 = EDGE_LOOP ( 'NONE', ( #2526, #340, #1037, #3303 ) ) ;
#2944 = CARTESIAN_POINT ( 'NONE',  ( 0.000000000000000000, -3.486899999999995448, 0.000000000000000000 ) ) ;
#2945 = ORIENTED_EDGE ( 'NONE', *, *, #2459, .T. ) ;
#2946 = AXIS2_PLACEMENT_3D ( 'NONE', #3265, #1161, #1938 ) ;
#2947 = LINE ( 'NONE', #515, #1413 ) ;
#2948 = PLANE ( 'NONE',  #2755 ) ;
#2949 = EDGE_CURVE ( 'NONE', #3024, #1238, #1614, .T. ) ;
#2950 = EDGE_LOOP ( 'NONE', ( #955, #1150, #3030, #3516 ) ) ;
#2951 = DIRECTION ( 'NONE',  ( -0.000000000000000000, 1.000000000000000000, -0.000000000000000000 ) ) ;
#2952 = ADVANCED_FACE ( 'NONE', ( #248 ), #1305, .T. ) ;
#2953 = DIRECTION ( 'NONE',  ( 1.000000000000000000, 0.000000000000000000, -0.000000000000000000 ) ) ;
#2954 = CARTESIAN_POINT ( 'NONE',  ( -0.3193999999999988515, -3.219400000000000261, -3.000000000000000000 ) ) ;
#2955 = VECTOR ( 'NONE', #3525, 100.0000000000000000 ) ;
#2956 = VERTEX_POINT ( 'NONE', #2628 ) ;
#2957 = DIRECTION ( 'NONE',  ( -0.000000000000000000, 1.000000000000000000, -0.000000000000000000 ) ) ;
#2958 = EDGE_LOOP ( 'NONE', ( #2283, #3033 ) ) ;
#2959 = CARTESIAN_POINT ( 'NONE',  ( -4.913149999999999906, -1.317637338226828492, -3.000000000000000000 ) ) ;
#2960 = PRODUCT_DEFINITION_FORMATION_WITH_SPECIFIED_SOURCE ( 'ANY', '', #1065, .NOT_KNOWN. ) ;
#2961 = VERTEX_POINT ( 'NONE', #2400 ) ;
#2962 = DIRECTION ( 'NONE',  ( 1.000000000000000000, 0.000000000000000000, 0.000000000000000000 ) ) ;
#2963 = FACE_OUTER_BOUND ( 'NONE', #948, .T. ) ;
#2964 = EDGE_LOOP ( 'NONE', ( #2322, #2712 ) ) ;
#2965 = EDGE_CURVE ( 'NONE', #950, #3320, #574, .T. ) ;
#2966 = PLANE ( 'NONE',  #544 ) ;
#2967 = CARTESIAN_POINT ( 'NONE',  ( -0.4859250974149631475, 2.852409985391846536, -22.74699999999999989 ) ) ;
#2968 = EDGE_CURVE ( 'NONE', #3473, #3141, #3204, .T. ) ;
#2969 = EDGE_CURVE ( 'NONE', #222, #1039, #3193, .T. ) ;
#2970 = DIRECTION ( 'NONE',  ( -1.000000000000000000, 0.000000000000000000, -0.000000000000000000 ) ) ;
#2971 = VERTEX_POINT ( 'NONE', #757 ) ;
#2972 = DIRECTION ( 'NONE',  ( -0.000000000000000000, -1.000000000000000000, 0.000000000000000000 ) ) ;
#2973 = CARTESIAN_POINT ( 'NONE',  ( -0.7256499999999995731, 0.000000000000000000, -3.635000000000000231 ) ) ;
#2974 = VERTEX_POINT ( 'NONE', #1069 ) ;
#2975 = LINE ( 'NONE', #2959, #1966 ) ;
#2976 = VECTOR ( 'NONE', #1937, 100.0000000000000000 ) ;
#2977 = ORIENTED_EDGE ( 'NONE', *, *, #1502, .F. ) ;
#2978 = FILL_AREA_STYLE_COLOUR ( '', #2673 ) ;
#2979 = CARTESIAN_POINT ( 'NONE',  ( -0.1756500000000008055, -6.475319950491627270E-16, -2.999999999999997335 ) ) ;
#2980 = CARTESIAN_POINT ( 'NONE',  ( -0.3043999999999991157, -4.489399999999990953, -2.984999999999999876 ) ) ;
#2981 = ORIENTED_EDGE ( 'NONE', *, *, #698, .T. ) ;
#2982 = VECTOR ( 'NONE', #2038, 100.0000000000000000 ) ;
#2983 = DIRECTION ( 'NONE',  ( 0.000000000000000000, -0.000000000000000000, -1.000000000000000000 ) ) ;
#2984 = FACE_BOUND ( 'NONE', #1521, .T. ) ;
#2985 = CARTESIAN_POINT ( 'NONE',  ( -5.463149999999998840, 0.000000000000000000, -2.999999999999997335 ) ) ;
#2986 = VECTOR ( 'NONE', #3524, 100.0000000000000000 ) ;
#2987 = EDGE_LOOP ( 'NONE', ( #808, #2301, #1288, #801 ) ) ;
#2988 = ADVANCED_FACE ( 'NONE', ( #1835 ), #1014, .T. ) ;
#2989 = CARTESIAN_POINT ( 'NONE',  ( -0.7256499999999995731, -1.317637338226828936, -3.000000000000000000 ) ) ;
#2990 = ORIENTED_EDGE ( 'NONE', *, *, #2137, .T. ) ;
#2991 = DIRECTION ( 'NONE',  ( 0.000000000000000000, 0.000000000000000000, 1.000000000000000000 ) ) ;
#2992 = FACE_OUTER_BOUND ( 'NONE', #2943, .T. ) ;
#2993 = ORIENTED_EDGE ( 'NONE', *, *, #611, .T. ) ;
#2994 =( NAMED_UNIT ( * ) PLANE_ANGLE_UNIT ( ) SI_UNIT ( $, .RADIAN. ) );
#2995 = CARTESIAN_POINT ( 'NONE',  ( -1.485925097414963370, -3.754400000000038151, -22.74699999999999989 ) ) ;
#2996 = DIRECTION ( 'NONE',  ( -0.000000000000000000, 1.000000000000000000, -0.000000000000000000 ) ) ;
#2997 = EDGE_LOOP ( 'NONE', ( #2120, #306, #1162, #688, #3399, #2656, #6, #1815 ) ) ;
#2998 = ORIENTED_EDGE ( 'NONE', *, *, #2033, .F. ) ;
#2999 = CARTESIAN_POINT ( 'NONE',  ( -5.334399999999998698, -3.536899999999995714, -3.649999999999999911 ) ) ;
#3000 = CARTESIAN_POINT ( 'NONE',  ( -1.334399999999998698, -3.536899999999995714, -3.649999999999999911 ) ) ;
#3001 = DIRECTION ( 'NONE',  ( -1.000000000000000000, 0.000000000000000000, 0.000000000000000000 ) ) ;
#3002 = ADVANCED_FACE ( 'NONE', ( #1089 ), #1352, .F. ) ;
#3003 = EDGE_LOOP ( 'NONE', ( #1493, #1588, #1426, #2353, #2896, #1891, #408, #1281, #1212, #988, #2512, #1284, #1711, #1703, #278, #2895 ) ) ;
#3004 = CARTESIAN_POINT ( 'NONE',  ( -0.4709250974149626900, -3.536899999999995714, -23.39699999999999847 ) ) ;
#3005 = DIRECTION ( 'NONE',  ( -0.000000000000000000, 0.000000000000000000, 1.000000000000000000 ) ) ;
#3006 = ADVANCED_FACE ( 'NONE', ( #2383 ), #1052, .T. ) ;
#3007 = EDGE_LOOP ( 'NONE', ( #2066, #2528, #3092, #1015 ) ) ;
#3008 = SURFACE_STYLE_FILL_AREA ( #2492 ) ;
#3009 = CYLINDRICAL_SURFACE ( 'NONE', #379, 0.2799999999999996936 ) ;
#3010 = DIRECTION ( 'NONE',  ( 1.000000000000000000, -4.159961125984227510E-17, 0.000000000000000000 ) ) ;
#3011 = AXIS2_PLACEMENT_3D ( 'NONE', #2147, #744, #2349 ) ;
#3012 = EDGE_CURVE ( 'NONE', #2149, #1734, #1433, .T. ) ;
#3013 = EDGE_LOOP ( 'NONE', ( #1355, #2285 ) ) ;
#3014 = AXIS2_PLACEMENT_3D ( 'NONE', #1652, #1637, #2455 ) ;
#3015 = EDGE_LOOP ( 'NONE', ( #640, #1183, #110, #1779 ) ) ;
#3016 = CARTESIAN_POINT ( 'NONE',  ( -5.334399999999998698, -3.219399999999995821, 0.000000000000000000 ) ) ;
#3017 = FACE_BOUND ( 'NONE', #1540, .T. ) ;
#3018 = DIRECTION ( 'NONE',  ( -0.000000000000000000, 1.000000000000000000, -0.000000000000000000 ) ) ;
#3019 = ORIENTED_EDGE ( 'NONE', *, *, #3023, .T. ) ;
#3020 = CARTESIAN_POINT ( 'NONE',  ( -4.217463380792750627, -4.489400000000038915, -23.39699999999999847 ) ) ;
#3021 = CARTESIAN_POINT ( 'NONE',  ( -5.232463380792751195, 2.852409985391846536, -22.74699999999999989 ) ) ;
#3022 = CARTESIAN_POINT ( 'NONE',  ( -5.232463380792751195, -3.486899999999995448, -22.74699999999999989 ) ) ;
#3023 = EDGE_CURVE ( 'NONE', #211, #2522, #2613, .T. ) ;
#3024 = VERTEX_POINT ( 'NONE', #791 ) ;
#3025 = CARTESIAN_POINT ( 'NONE',  ( 0.06736203130231629976, -3.219399999999995821, -24.52466247586125192 ) ) ;
#3026 = CIRCLE ( 'NONE', #1068, 0.2799999999999996936 ) ;
#3027 = DIRECTION ( 'NONE',  ( -0.000000000000000000, 1.000000000000000000, -0.000000000000000000 ) ) ;
#3028 = DIRECTION ( 'NONE',  ( 0.000000000000000000, 0.000000000000000000, 1.000000000000000000 ) ) ;
#3029 = CARTESIAN_POINT ( 'NONE',  ( -5.706162031302314475, -3.219399999999995821, -24.24466247586125078 ) ) ;
#3030 = ORIENTED_EDGE ( 'NONE', *, *, #60, .T. ) ;
#3031 = EDGE_CURVE ( 'NONE', #1906, #1061, #198, .T. ) ;
#3032 = VECTOR ( 'NONE', #339, 100.0000000000000000 ) ;
#3033 = ORIENTED_EDGE ( 'NONE', *, *, #870, .T. ) ;
#3034 = FACE_OUTER_BOUND ( 'NONE', #1747, .T. ) ;
#3035 = DIRECTION ( 'NONE',  ( 0.000000000000000000, -1.000000000000000000, 0.000000000000000000 ) ) ;
#3036 = AXIS2_PLACEMENT_3D ( 'NONE', #1423, #1648, #2721 ) ;
#3037 = DIRECTION ( 'NONE',  ( 1.010514616342476939E-16, 0.000000000000000000, -1.000000000000000000 ) ) ;
#3038 = VECTOR ( 'NONE', #1200, 100.0000000000000000 ) ;
#3039 = VECTOR ( 'NONE', #994, 100.0000000000000000 ) ;
#3040 = VECTOR ( 'NONE', #307, 100.0000000000000000 ) ;
#3041 = CARTESIAN_POINT ( 'NONE',  ( -0.3193999999999988515, -3.486899999999995448, -3.635000000000000231 ) ) ;
#3042 = VECTOR ( 'NONE', #1203, 100.0000000000000000 ) ;
#3043 = PRODUCT_DEFINITION_CONTEXT ( 'detailed design', #3333, 'design' ) ;
#3044 = EDGE_LOOP ( 'NONE', ( #2559, #2998, #2892, #550 ) ) ;
#3045 = DIRECTION ( 'NONE',  ( 0.000000000000000000, 0.000000000000000000, 1.000000000000000000 ) ) ;
#3046 = DIRECTION ( 'NONE',  ( 0.000000000000000000, -1.000000000000000000, 0.000000000000000000 ) ) ;
#3047 = FACE_OUTER_BOUND ( 'NONE', #2621, .T. ) ;
#3048 = ORIENTED_EDGE ( 'NONE', *, *, #1867, .T. ) ;
#3049 = CARTESIAN_POINT ( 'NONE',  ( -3.114797553316628775, -3.536899999999995714, -36.38953809907653891 ) ) ;
#3050 = CARTESIAN_POINT ( 'NONE',  ( -5.706162031302314475, -3.536899999999995714, -24.24466247586125078 ) ) ;
#3051 = VERTEX_POINT ( 'NONE', #2417 ) ;
#3052 = ORIENTED_EDGE ( 'NONE', *, *, #3372, .F. ) ;
#3053 = EDGE_CURVE ( 'NONE', #1039, #2974, #1104, .T. ) ;
#3054 = DIRECTION ( 'NONE',  ( 1.000000000000000000, 0.000000000000000000, 0.000000000000000000 ) ) ;
#3055 = LINE ( 'NONE', #3000, #2183 ) ;
#3056 = VERTEX_POINT ( 'NONE', #3244 ) ;
#3057 = EDGE_CURVE ( 'NONE', #2401, #2733, #5, .T. ) ;
#3058 = CARTESIAN_POINT ( 'NONE',  ( -5.334399999999998698, -3.536899999999995714, -3.649999999999999911 ) ) ;
#3059 = ORIENTED_EDGE ( 'NONE', *, *, #197, .T. ) ;
#3060 = CARTESIAN_POINT ( 'NONE',  ( 0.1028499999999987757, 0.2752579228333827954, 17.43364606999999467 ) ) ;
#3061 = CARTESIAN_POINT ( 'NONE',  ( 0.06736203130231627201, -3.219399999999995821, -23.96466247586124965 ) ) ;
#3062 = DIRECTION ( 'NONE',  ( 0.000000000000000000, 0.000000000000000000, -1.000000000000000000 ) ) ;
#3063 = CARTESIAN_POINT ( 'NONE',  ( 0.06736203130231627201, -3.219399999999995821, -24.24466247586125078 ) ) ;
#3064 = DIRECTION ( 'NONE',  ( 1.000000000000000000, 0.000000000000000000, 0.000000000000000000 ) ) ;
#3065 = DIRECTION ( 'NONE',  ( 0.000000000000000000, -0.000000000000000000, 1.000000000000000000 ) ) ;
#3066 = ORIENTED_EDGE ( 'NONE', *, *, #776, .F. ) ;
#3067 = ORIENTED_EDGE ( 'NONE', *, *, #3072, .T. ) ;
#3068 = AXIS2_PLACEMENT_3D ( 'NONE', #1170, #1693, #614 ) ;
#3069 = CARTESIAN_POINT ( 'NONE',  ( -6.013149999999998663, 2.852409985391800795, -3.635000000000000231 ) ) ;
#3070 = FACE_OUTER_BOUND ( 'NONE', #2371, .T. ) ;
#3071 = VECTOR ( 'NONE', #4, 100.0000000000000000 ) ;
#3072 = EDGE_CURVE ( 'NONE', #1500, #3024, #1279, .T. ) ;
#3073 = EDGE_LOOP ( 'NONE', ( #3467, #320, #2451, #2554 ) ) ;
#3074 = CARTESIAN_POINT ( 'NONE',  ( 0.3743500000000002936, -3.219400000000000261, -3.635000000000000231 ) ) ;
#3075 = CARTESIAN_POINT ( 'NONE',  ( -4.141146584583543344, -3.536901199999995082, 13.96094018847976947 ) ) ;
#3076 = EDGE_CURVE ( 'NONE', #2729, #2841, #3427, .T. ) ;
#3077 = EDGE_CURVE ( 'NONE', #2900, #399, #1879, .T. ) ;
#3078 = UNCERTAINTY_MEASURE_WITH_UNIT (LENGTH_MEASURE( 1.000000000000000082E-05 ), #709, 'distance_accuracy_value', 'NONE');
#3079 = VERTEX_POINT ( 'NONE', #1436 ) ;
#3080 = DIRECTION ( 'NONE',  ( 0.000000000000000000, -1.000000000000000000, 0.000000000000000000 ) ) ;
#3081 = CARTESIAN_POINT ( 'NONE',  ( -1.542581660003140342, -3.536901199999995082, 16.29370031872490543 ) ) ;
#3082 = ORIENTED_EDGE ( 'NONE', *, *, #2969, .F. ) ;
#3083 = CARTESIAN_POINT ( 'NONE',  ( -4.019400000000004525, -3.536900599999995176, 16.51865867402467458 ) ) ;
#3084 = EDGE_LOOP ( 'NONE', ( #852, #3230, #2332, #199 ) ) ;
#3085 = CARTESIAN_POINT ( 'NONE',  ( 0.06736203130231627201, -4.219399999999995821, -23.96466247586124965 ) ) ;
#3086 = CARTESIAN_POINT ( 'NONE',  ( 0.7525898091024176839, -3.219399999999995821, 17.43354606999999490 ) ) ;
#3087 = EDGE_LOOP ( 'NONE', ( #1233, #1566, #1832, #3296 ) ) ;
#3088 = VERTEX_POINT ( 'NONE', #863 ) ;
#3089 = CARTESIAN_POINT ( 'NONE',  ( -1.728623298544288200, -3.536901199999995526, 13.93070630147831324 ) ) ;
#3090 = CARTESIAN_POINT ( 'NONE',  ( -4.304399999999999338, -4.489399999999990953, -2.984999999999999876 ) ) ;
#3091 = AXIS2_PLACEMENT_3D ( 'NONE', #1083, #2932, #202 ) ;
#3092 = ORIENTED_EDGE ( 'NONE', *, *, #1177, .T. ) ;
#3093 = FACE_OUTER_BOUND ( 'NONE', #3383, .T. ) ;
#3094 = CIRCLE ( 'NONE', #87, 2.093750000000000000 ) ;
#3095 = VECTOR ( 'NONE', #2067, 100.0000000000000000 ) ;
#3096 = CLOSED_SHELL ( 'NONE', ( #1140, #1273, #2811, #2679, #3392, #2907, #1049, #3349, #1137, #554, #1866, #1051, #1435, #3463 ) ) ;
#3097 = VERTEX_POINT ( 'NONE', #846 ) ;
#3098 = AXIS2_PLACEMENT_3D ( 'NONE', #1168, #3257, #2480 ) ;
#3099 = ADVANCED_FACE ( 'NONE', ( #1951 ), #309, .T. ) ;
#3100 = LINE ( 'NONE', #616, #3217 ) ;
#3101 = DIRECTION ( 'NONE',  ( 6.308085367188389255E-16, 1.000000000000000000, -0.000000000000000000 ) ) ;
#3102 = VERTEX_POINT ( 'NONE', #2484 ) ;
#3103 = DIRECTION ( 'NONE',  ( 1.000000000000000000, 0.000000000000000000, 0.000000000000000000 ) ) ;
#3104 = VECTOR ( 'NONE', #718, 100.0000000000000000 ) ;
#3105 = CARTESIAN_POINT ( 'NONE',  ( 0.3743500000000002936, -3.219400000000000261, -3.635000000000000231 ) ) ;
#3106 = EDGE_CURVE ( 'NONE', #985, #977, #43, .T. ) ;
#3107 = CARTESIAN_POINT ( 'NONE',  ( -0.5637295702258123820, -3.219399999999995821, -36.38953809907653181 ) ) ;
#3108 = CARTESIAN_POINT ( 'NONE',  ( -5.247463380792750876, -3.536899999999995714, -23.39699999999999847 ) ) ;
#3109 = VERTEX_POINT ( 'NONE', #1138 ) ;
#3110 = AXIS2_PLACEMENT_3D ( 'NONE', #1602, #1340, #252 ) ;
#3111 = CARTESIAN_POINT ( 'NONE',  ( -3.114797553316628775, -3.536899999999995714, -36.17953809907653806 ) ) ;
#3112 = VERTEX_POINT ( 'NONE', #1385 ) ;
#3113 = CARTESIAN_POINT ( 'NONE',  ( -1.635762461737452433, -3.536901199999995082, 14.11865867402467778 ) ) ;
#3114 = PLANE ( 'NONE',  #3453 ) ;
#3115 = ORIENTED_EDGE ( 'NONE', *, *, #1070, .F. ) ;
#3116 = DIRECTION ( 'NONE',  ( -1.000000000000000000, 0.000000000000000000, 0.000000000000000000 ) ) ;
#3117 = CARTESIAN_POINT ( 'NONE',  ( -4.052118485544915494, -3.536901199999995082, 14.11540525860821838 ) ) ;
#3118 = VECTOR ( 'NONE', #3005, 100.0000000000000000 ) ;
#3119 = EDGE_LOOP ( 'NONE', ( #2890, #843 ) ) ;
#3120 = CARTESIAN_POINT ( 'NONE',  ( -1.510176701455722359, -3.536901199999995082, 16.33070630147831181 ) ) ;
#3121 = ORIENTED_EDGE ( 'NONE', *, *, #2467, .T. ) ;
#3122 = FACE_OUTER_BOUND ( 'NONE', #122, .T. ) ;
#3123 = EDGE_CURVE ( 'NONE', #2733, #2401, #2785, .T. ) ;
#3124 = ORIENTED_EDGE ( 'NONE', *, *, #2623, .F. ) ;
#3125 = DIRECTION ( 'NONE',  ( 0.000000000000000000, 0.000000000000000000, 1.000000000000000000 ) ) ;
#3126 = DIRECTION ( 'NONE',  ( 0.000000000000000000, 0.000000000000000000, -1.000000000000000000 ) ) ;
#3127 = CARTESIAN_POINT ( 'NONE',  ( -5.706162031302314475, -3.219399999999995821, -0.8843258211544605674 ) ) ;
#3128 = ORIENTED_EDGE ( 'NONE', *, *, #2705, .F. ) ;
#3129 = CARTESIAN_POINT ( 'NONE',  ( -5.706162031302314475, -3.219399999999995821, -1.164325821154459817 ) ) ;
#3130 = EDGE_CURVE ( 'NONE', #2841, #251, #1156, .T. ) ;
#3131 = ORIENTED_EDGE ( 'NONE', *, *, #2381, .F. ) ;
#3132 = EDGE_CURVE ( 'NONE', #3311, #3242, #3315, .T. ) ;
#3133 = CARTESIAN_POINT ( 'NONE',  ( -1.619400000000005502, -3.536900599999995176, 13.86865867402467600 ) ) ;
#3134 = DIRECTION ( 'NONE',  ( 0.000000000000000000, 0.000000000000000000, -1.000000000000000000 ) ) ;
#3135 = ORIENTED_EDGE ( 'NONE', *, *, #1228, .T. ) ;
#3136 = CARTESIAN_POINT ( 'NONE',  ( 0.7525898091024176839, -3.536899999999995714, 17.43354606999999490 ) ) ;
#3137 = AXIS2_PLACEMENT_3D ( 'NONE', #3063, #676, #3125 ) ;
#3138 = CARTESIAN_POINT ( 'NONE',  ( -4.128623298544285447, -3.536901199999995082, 14.05661104657104055 ) ) ;
#3139 = DIRECTION ( 'NONE',  ( 0.000000000000000000, 0.000000000000000000, -1.000000000000000000 ) ) ;
#3140 = DIRECTION ( 'NONE',  ( -1.000000000000000000, 6.308085367188389255E-16, 0.000000000000000000 ) ) ;
#3141 = VERTEX_POINT ( 'NONE', #1677 ) ;
#3142 = DIRECTION ( 'NONE',  ( 0.000000000000000000, 0.000000000000000000, 1.000000000000000000 ) ) ;
#3143 = EDGE_LOOP ( 'NONE', ( #715, #131, #3441, #1646 ) ) ;
#3144 = CARTESIAN_POINT ( 'NONE',  ( 0.000000000000000000, -3.219399999999995821, -2.984999999999999876 ) ) ;
#3145 = CARTESIAN_POINT ( 'NONE',  ( -0.1756500000000008055, -6.475319950491627270E-16, -2.999999999999997335 ) ) ;
#3146 = ORIENTED_EDGE ( 'NONE', *, *, #536, .T. ) ;
#3147 = PRODUCT_RELATED_PRODUCT_CATEGORY ( 'part', '', ( #1065 ) ) ;
#3148 = FILL_AREA_STYLE_COLOUR ( '', #3165 ) ;
#3149 = DIRECTION ( 'NONE',  ( -1.000000000000000000, -0.000000000000000000, -0.000000000000000000 ) ) ;
#3150 = DIRECTION ( 'NONE',  ( 0.000000000000000000, 0.000000000000000000, -1.000000000000000000 ) ) ;
#3151 = EDGE_CURVE ( 'NONE', #2763, #449, #880, .T. ) ;
#3152 = EDGE_CURVE ( 'NONE', #1997, #2961, #1630, .T. ) ;
#3153 = LINE ( 'NONE', #686, #2807 ) ;
#3154 = AXIS2_PLACEMENT_3D ( 'NONE', #1358, #2632, #2620 ) ;
#3155 = CARTESIAN_POINT ( 'NONE',  ( -0.5637295702258144914, -3.219399999999995821, -30.74970190092345490 ) ) ;
#3156 = VECTOR ( 'NONE', #3428, 100.0000000000000000 ) ;
#3157 = CARTESIAN_POINT ( 'NONE',  ( -4.119358355299776342, -3.536901199999995082, 16.31684033402781253 ) ) ;
#3158 = ORIENTED_EDGE ( 'NONE', *, *, #3077, .F. ) ;
#3159 = VECTOR ( 'NONE', #82, 100.0000000000000000 ) ;
#3160 = CYLINDRICAL_SURFACE ( 'NONE', #3365, 0.2799999999999996936 ) ;
#3161 = AXIS2_PLACEMENT_3D ( 'NONE', #2716, #1396, #2429 ) ;
#3162 = ORIENTED_EDGE ( 'NONE', *, *, #3373, .F. ) ;
#3163 = LINE ( 'NONE', #733, #2927 ) ;
#3164 = ORIENTED_EDGE ( 'NONE', *, *, #2533, .T. ) ;
#3165 = COLOUR_RGB ( '',0.7921568627450980005, 0.8196078431372548767, 0.9333333333333333481 ) ;
#3166 = ORIENTED_EDGE ( 'NONE', *, *, #2572, .T. ) ;
#3167 = CARTESIAN_POINT ( 'NONE',  ( -3.894400000000003637, -3.536901199999995082, 13.97729621228722685 ) ) ;
#3168 = CARTESIAN_POINT ( 'NONE',  ( -4.019400000000004525, 2.852409985391846092, 16.51865867402467458 ) ) ;
#3169 = CARTESIAN_POINT ( 'NONE',  ( -3.114797553316629664, -4.219399999999995821, -30.74970190092345490 ) ) ;
#3170 = ORIENTED_EDGE ( 'NONE', *, *, #2443, .T. ) ;
#3171 = EDGE_CURVE ( 'NONE', #3423, #1093, #2502, .T. ) ;
#3172 = DIRECTION ( 'NONE',  ( 0.000000000000000000, -1.000000000000000000, 0.000000000000000000 ) ) ;
#3173 = EDGE_CURVE ( 'NONE', #251, #2057, #1155, .T. ) ;
#3174 = ADVANCED_FACE ( 'NONE', ( #1420 ), #3279, .T. ) ;
#3175 = CARTESIAN_POINT ( 'NONE',  ( -5.184649999999998649, 0.2752579228333830175, 17.43364606999999467 ) ) ;
#3176 = PRESENTATION_STYLE_ASSIGNMENT (( #2918 ) ) ;
#3177 = CARTESIAN_POINT ( 'NONE',  ( -3.114797553316628775, -3.219399999999995821, -36.17953809907653806 ) ) ;
#3178 = VERTEX_POINT ( 'NONE', #1644 ) ;
#3179 = CARTESIAN_POINT ( 'NONE',  ( -4.913149999999999906, 0.000000000000000000, -3.000000000000000000 ) ) ;
#3180 = DIRECTION ( 'NONE',  ( -0.000000000000000000, -1.000000000000000000, -0.000000000000000000 ) ) ;
#3181 = ORIENTED_EDGE ( 'NONE', *, *, #1456, .F. ) ;
#3182 = DIRECTION ( 'NONE',  ( 0.000000000000000000, 0.000000000000000000, -1.000000000000000000 ) ) ;
#3183 = VERTEX_POINT ( 'NONE', #2185 ) ;
#3184 = B_SPLINE_CURVE_WITH_KNOTS ( 'NONE', 3,
 ( #1597, #1270, #3432, #1834, #206, #2366, #1581, #1317, #1286, #2938, #2903, #997, #3157, #1821, #1546, #1013, #729, #743 ),
 .UNSPECIFIED., .F., .F.,
 ( 4, 2, 2, 2, 2, 2, 2, 2, 4 ),
 ( 0.5000000000000000000, 0.5625000000000000000, 0.6250000000000000000, 0.6875000000000000000, 0.7500000000000000000, 0.8125000000000000000, 0.8750000000000000000, 0.9375000000000000000, 1.000000000000000000 ),
 .UNSPECIFIED. ) ;
#3185 = FACE_OUTER_BOUND ( 'NONE', #170, .T. ) ;
#3186 = CARTESIAN_POINT ( 'NONE',  ( -4.913149999999999906, -1.317637338226828492, -2.364999999999999769 ) ) ;
#3187 = CARTESIAN_POINT ( 'NONE',  ( -0.3043999999999991157, -3.219399999999995821, 0.000000000000000000 ) ) ;
#3188 = ORIENTED_EDGE ( 'NONE', *, *, #3220, .T. ) ;
#3189 = EDGE_CURVE ( 'NONE', #2956, #1914, #2198, .T. ) ;
#3190 = LINE ( 'NONE', #2379, #1855 ) ;
#3191 = FILL_AREA_STYLE_COLOUR ( '', #1244 ) ;
#3192 = EDGE_CURVE ( 'NONE', #1549, #3248, #1934, .T. ) ;
#3193 = LINE ( 'NONE', #2919, #1660 ) ;
#3194 = VECTOR ( 'NONE', #620, 100.0000000000000000 ) ;
#3195 = ORIENTED_EDGE ( 'NONE', *, *, #3488, .F. ) ;
#3196 = DIRECTION ( 'NONE',  ( 0.000000000000000000, 0.000000000000000000, 1.000000000000000000 ) ) ;
#3197 = ORIENTED_EDGE ( 'NONE', *, *, #1115, .T. ) ;
#3198 = LINE ( 'NONE', #2088, #1081 ) ;
#3199 = ORIENTED_EDGE ( 'NONE', *, *, #2056, .F. ) ;
#3200 = CARTESIAN_POINT ( 'NONE',  ( -3.956447627453640870, -3.536901199999994194, 13.88443537548039153 ) ) ;
#3201 = FACE_OUTER_BOUND ( 'NONE', #2478, .T. ) ;
#3202 = ORIENTED_EDGE ( 'NONE', *, *, #2659, .T. ) ;
#3203 = DIRECTION ( 'NONE',  ( -1.000000000000000000, 0.000000000000000000, 0.000000000000000000 ) ) ;
#3204 = B_SPLINE_CURVE_WITH_KNOTS ( 'NONE', 1,
 ( #2095, #1809 ),
 .UNSPECIFIED., .F., .F.,
 ( 2, 2 ),
 ( 0.5000000000000000000, 0.6941896024464832005 ),
 .UNSPECIFIED. ) ;
#3205 = FACE_BOUND ( 'NONE', #593, .T. ) ;
#3206 = SURFACE_SIDE_STYLE ('',( #3450 ) ) ;
#3207 = CARTESIAN_POINT ( 'NONE',  ( -0.5637295702258144914, -4.219399999999995821, -30.74970190092345490 ) ) ;
#3208 = VECTOR ( 'NONE', #2192, 100.0000000000000000 ) ;
#3209 = EDGE_CURVE ( 'NONE', #834, #387, #1902, .T. ) ;
#3210 = EDGE_CURVE ( 'NONE', #673, #834, #1106, .T. ) ;
#3211 = ORIENTED_EDGE ( 'NONE', *, *, #844, .T. ) ;
#3212 = CARTESIAN_POINT ( 'NONE',  ( 0.000000000000000000, 0.000000000000000000, 0.000000000000000000 ) ) ;
#3213 = VECTOR ( 'NONE', #3411, 100.0000000000000000 ) ;
#3214 = DIRECTION ( 'NONE',  ( -1.000000000000000000, 0.000000000000000000, 0.000000000000000000 ) ) ;
#3215 = ORIENTED_EDGE ( 'NONE', *, *, #2056, .T. ) ;
#3216 = LINE ( 'NONE', #762, #2648 ) ;
#3217 = VECTOR ( 'NONE', #382, 100.0000000000000000 ) ;
#3218 = AXIS2_PLACEMENT_3D ( 'NONE', #769, #2314, #2144 ) ;
#3219 = ORIENTED_EDGE ( 'NONE', *, *, #2013, .T. ) ;
#3220 = EDGE_CURVE ( 'NONE', #514, #211, #2214, .T. ) ;
#3221 = VERTEX_POINT ( 'NONE', #2989 ) ;
#3222 = CARTESIAN_POINT ( 'NONE',  ( -3.894400000000003637, -3.536901199999995526, 14.01002113576212693 ) ) ;
#3223 = CARTESIAN_POINT ( 'NONE',  ( -5.247463380792750876, -3.219399999999995821, -22.73199999999999932 ) ) ;
#3224 = AXIS2_PLACEMENT_3D ( 'NONE', #551, #2, #70 ) ;
#3225 = ORIENTED_EDGE ( 'NONE', *, *, #3504, .T. ) ;
#3226 = AXIS2_PLACEMENT_3D ( 'NONE', #2107, #2649, #1561 ) ;
#3227 = DIRECTION ( 'NONE',  ( 1.010514616342476939E-16, 0.000000000000000000, -1.000000000000000000 ) ) ;
#3228 = FACE_OUTER_BOUND ( 'NONE', #86, .T. ) ;
#3229 = DIRECTION ( 'NONE',  ( 0.000000000000000000, 0.000000000000000000, 1.000000000000000000 ) ) ;
#3230 = ORIENTED_EDGE ( 'NONE', *, *, #1310, .F. ) ;
#3231 = CARTESIAN_POINT ( 'NONE',  ( -6.391389809102420827, -3.536899999999995714, -37.50000000000000000 ) ) ;
#3232 = CARTESIAN_POINT ( 'NONE',  ( 0.1028499999999987757, -0.2752579228333828509, -3.635000000000000231 ) ) ;
#3233 = EDGE_LOOP ( 'NONE', ( #2778, #2076, #2006, #1552 ) ) ;
#3234 = DIRECTION ( 'NONE',  ( 0.000000000000000000, -1.000000000000000000, 0.000000000000000000 ) ) ;
#3235 = EDGE_CURVE ( 'NONE', #1141, #3141, #1986, .T. ) ;
#3236 = ORIENTED_EDGE ( 'NONE', *, *, #1862, .F. ) ;
#3237 = PLANE ( 'NONE',  #470 ) ;
#3238 = FILL_AREA_STYLE ('',( #3148 ) ) ;
#3239 = CARTESIAN_POINT ( 'NONE',  ( -3.114797553316629664, -3.219399999999995821, -30.95970190092345220 ) ) ;
#3240 = EDGE_CURVE ( 'NONE', #1808, #1671, #490, .T. ) ;
#3241 = EDGE_CURVE ( 'NONE', #985, #249, #706, .T. ) ;
#3242 = VERTEX_POINT ( 'NONE', #438 ) ;
#3243 = CARTESIAN_POINT ( 'NONE',  ( -5.232463380792751195, 2.852409985391846536, -23.38200000000000145 ) ) ;
#3244 = CARTESIAN_POINT ( 'NONE',  ( 0.1028499999999987757, -0.2752579228333828509, -3.000000000000000000 ) ) ;
#3245 = ORIENTED_EDGE ( 'NONE', *, *, #916, .F. ) ;
#3246 = CARTESIAN_POINT ( 'NONE',  ( -0.3193999999999988515, -3.754399999999991078, -3.000000000000000000 ) ) ;
#3247 = LINE ( 'NONE', #352, #28 ) ;
#3248 = VERTEX_POINT ( 'NONE', #3393 ) ;
#3249 = CIRCLE ( 'NONE', #2213, 0.2799999999999996936 ) ;
#3250 = VECTOR ( 'NONE', #2436, 100.0000000000000000 ) ;
#3251 = CYLINDRICAL_SURFACE ( 'NONE', #1031, 0.2784999999999995812 ) ;
#3252 = VERTEX_POINT ( 'NONE', #2538 ) ;
#3253 = DIRECTION ( 'NONE',  ( 1.000000000000000000, -0.000000000000000000, -0.000000000000000000 ) ) ;
#3254 = FACE_OUTER_BOUND ( 'NONE', #2138, .T. ) ;
#3255 = ORIENTED_EDGE ( 'NONE', *, *, #2336, .T. ) ;
#3256 = ADVANCED_FACE ( 'NONE', ( #979 ), #112, .T. ) ;
#3257 = DIRECTION ( 'NONE',  ( 1.000000000000000000, 0.000000000000000000, -0.000000000000000000 ) ) ;
#3258 = FACE_BOUND ( 'NONE', #1096, .T. ) ;
#3259 = CARTESIAN_POINT ( 'NONE',  ( -6.391389809102427044, -3.219399999999995821, 17.43354606999999490 ) ) ;
#3260 = DIRECTION ( 'NONE',  ( -0.000000000000000000, 0.000000000000000000, 1.000000000000000000 ) ) ;
#3261 = ORIENTED_EDGE ( 'NONE', *, *, #1736, .F. ) ;
#3262 = DIRECTION ( 'NONE',  ( -4.159961125984227510E-17, -1.000000000000000000, -0.000000000000000000 ) ) ;
#3263 = CARTESIAN_POINT ( 'NONE',  ( -4.319399999999999018, -3.219400000000000261, -3.635000000000000231 ) ) ;
#3264 = VECTOR ( 'NONE', #2304, 100.0000000000000000 ) ;
#3265 = CARTESIAN_POINT ( 'NONE',  ( -2.819399999999999906, 0.000000000000000000, -3.000000000000000000 ) ) ;
#3266 = MECHANICAL_DESIGN_GEOMETRIC_PRESENTATION_REPRESENTATION (  '', ( #771 ), #1952 ) ;
#3267 = ORIENTED_EDGE ( 'NONE', *, *, #1419, .F. ) ;
#3268 = FACE_OUTER_BOUND ( 'NONE', #1797, .T. ) ;
#3269 = LINE ( 'NONE', #2743, #484 ) ;
#3270 = LINE ( 'NONE', #1414, #1303 ) ;
#3271 = AXIS2_PLACEMENT_3D ( 'NONE', #2935, #532, #1594 ) ;
#3272 = VERTEX_POINT ( 'NONE', #398 ) ;
#3273 = VECTOR ( 'NONE', #3309, 100.0000000000000000 ) ;
#3274 = CARTESIAN_POINT ( 'NONE',  ( -0.7256499999999996842, 2.852409985391801683, -3.000000000000000000 ) ) ;
#3275 = FACE_BOUND ( 'NONE', #1929, .T. ) ;
#3276 = CIRCLE ( 'NONE', #1187, 0.2099999999999990763 ) ;
#3277 = ADVANCED_FACE ( 'NONE', ( #1192, #1210, #2597 ), #2253, .F. ) ;
#3278 = ORIENTED_EDGE ( 'NONE', *, *, #3192, .F. ) ;
#3279 = PLANE ( 'NONE',  #1221 ) ;
#3280 = EDGE_CURVE ( 'NONE', #2401, #2187, #1254, .T. ) ;
#3281 = EDGE_CURVE ( 'NONE', #1344, #3272, #3308, .T. ) ;
#3282 = ORIENTED_EDGE ( 'NONE', *, *, #3300, .T. ) ;
#3283 = LINE ( 'NONE', #3231, #91 ) ;
#3284 = DIRECTION ( 'NONE',  ( 1.000000000000000000, 0.000000000000000000, 0.000000000000000000 ) ) ;
#3285 = EDGE_LOOP ( 'NONE', ( #2458, #1443, #139, #974 ) ) ;
#3286 = CARTESIAN_POINT ( 'NONE',  ( -5.706162031302314475, -4.219399999999995821, -12.93836865193854813 ) ) ;
#3287 = FACE_OUTER_BOUND ( 'NONE', #3084, .T. ) ;
#3288 = CARTESIAN_POINT ( 'NONE',  ( -1.334399999999998698, -3.536899999999995714, -2.984999999999999876 ) ) ;
#3289 = VERTEX_POINT ( 'NONE', #1767 ) ;
#3290 = CARTESIAN_POINT ( 'NONE',  ( -2.819399999999999462, 4.555260572648558843E-14, -23.38200000000000145 ) ) ;
#3291 = VERTEX_POINT ( 'NONE', #2517 ) ;
#3292 = DIRECTION ( 'NONE',  ( 0.000000000000000000, -0.000000000000000000, 1.000000000000000000 ) ) ;
#3293 = CYLINDRICAL_SURFACE ( 'NONE', #376, 0.1250000000000001110 ) ;
#3294 = ADVANCED_FACE ( 'NONE', ( #1269 ), #95, .F. ) ;
#3295 = DIRECTION ( 'NONE',  ( -0.000000000000000000, -1.000000000000000000, -0.000000000000000000 ) ) ;
#3296 = ORIENTED_EDGE ( 'NONE', *, *, #3189, .F. ) ;
#3297 = EDGE_CURVE ( 'NONE', #1899, #692, #418, .T. ) ;
#3298 = CYLINDRICAL_SURFACE ( 'NONE', #2299, 0.2800000000000000266 ) ;
#3299 = LINE ( 'NONE', #810, #261 ) ;
#3300 = EDGE_CURVE ( 'NONE', #2031, #2149, #918, .T. ) ;
#3301 = LINE ( 'NONE', #1956, #3430 ) ;
#3302 = VECTOR ( 'NONE', #2718, 100.0000000000000000 ) ;
#3303 = ORIENTED_EDGE ( 'NONE', *, *, #2292, .T. ) ;
#3304 = DIRECTION ( 'NONE',  ( 0.000000000000000000, 0.000000000000000000, 1.000000000000000000 ) ) ;
#3305 = ADVANCED_FACE ( 'NONE', ( #1097 ), #853, .F. ) ;
#3306 =( NAMED_UNIT ( * ) PLANE_ANGLE_UNIT ( ) SI_UNIT ( $, .RADIAN. ) );
#3307 = DIRECTION ( 'NONE',  ( -0.000000000000000000, 1.000000000000000000, -0.000000000000000000 ) ) ;
#3308 = CIRCLE ( 'NONE', #2391, 0.2784999999999995812 ) ;
#3309 = DIRECTION ( 'NONE',  ( 0.000000000000000000, 0.000000000000000000, -1.000000000000000000 ) ) ;
#3310 = ORIENTED_EDGE ( 'NONE', *, *, #581, .T. ) ;
#3311 = VERTEX_POINT ( 'NONE', #1925 ) ;
#3312 = DIRECTION ( 'NONE',  ( 0.000000000000000000, 0.000000000000000000, -1.000000000000000000 ) ) ;
#3313 = DIRECTION ( 'NONE',  ( 0.000000000000000000, -1.000000000000000000, 0.000000000000000000 ) ) ;
#3314 = DIRECTION ( 'NONE',  ( 0.000000000000000000, 0.000000000000000000, -1.000000000000000000 ) ) ;
#3315 = LINE ( 'NONE', #2450, #2210 ) ;
#3316 = CARTESIAN_POINT ( 'NONE',  ( -4.217463380792750627, -3.536899999999995714, -23.39699999999999847 ) ) ;
#3317 = LINE ( 'NONE', #541, #2010 ) ;
#3318 = EDGE_CURVE ( 'NONE', #1599, #3480, #317, .T. ) ;
#3319 = ADVANCED_FACE ( 'NONE', ( #583 ), #3237, .T. ) ;
#3320 = VERTEX_POINT ( 'NONE', #3025 ) ;
#3321 = DIRECTION ( 'NONE',  ( -0.000000000000000000, -1.000000000000000000, 0.000000000000000000 ) ) ;
#3322 = VECTOR ( 'NONE', #638, 100.0000000000000000 ) ;
#3323 = CARTESIAN_POINT ( 'NONE',  ( -1.500925097414963050, -3.536899999999995714, -22.73199999999999932 ) ) ;
#3324 = LINE ( 'NONE', #2510, #1570 ) ;
#3325 = ORIENTED_EDGE ( 'NONE', *, *, #2772, .F. ) ;
#3326 = AXIS2_PLACEMENT_3D ( 'NONE', #2328, #152, #1268 ) ;
#3327 = EDGE_CURVE ( 'NONE', #1919, #2091, #2847, .T. ) ;
#3328 = EDGE_LOOP ( 'NONE', ( #2405, #3278, #336, #2816 ) ) ;
#3329 = CARTESIAN_POINT ( 'NONE',  ( -0.5637295702258123820, -3.219399999999995821, -35.96953809907653721 ) ) ;
#3330 = CARTESIAN_POINT ( 'NONE',  ( 0.000000000000000000, -3.536899999999995714, 0.000000000000000000 ) ) ;
#3331 = AXIS2_PLACEMENT_3D ( 'NONE', #1647, #2972, #1387 ) ;
#3332 = AXIS2_PLACEMENT_3D ( 'NONE', #3020, #594, #1681 ) ;
#3333 = APPLICATION_CONTEXT ( 'automotive_design' ) ;
#3334 = VECTOR ( 'NONE', #786, 100.0000000000000000 ) ;
#3335 = ORIENTED_EDGE ( 'NONE', *, *, #1291, .F. ) ;
#3336 = CARTESIAN_POINT ( 'NONE',  ( -5.319399999999999018, -3.486899999999995448, -3.000000000000000000 ) ) ;
#3337 = LINE ( 'NONE', #964, #886 ) ;
#3338 = CARTESIAN_POINT ( 'NONE',  ( -3.986681514455095332, -3.536901199999995082, 16.27191208944113399 ) ) ;
#3339 = ORIENTED_EDGE ( 'NONE', *, *, #1804, .F. ) ;
#3340 = PLANE ( 'NONE',  #1773 ) ;
#3341 = LINE ( 'NONE', #1737, #3038 ) ;
#3342 = DIRECTION ( 'NONE',  ( 0.000000000000000000, 0.000000000000000000, 1.000000000000000000 ) ) ;
#3343 = EDGE_LOOP ( 'NONE', ( #562, #2981, #2583, #619 ) ) ;
#3344 = MANIFOLD_SOLID_BREP ( 'Tab and Slot-Tab2', #774 ) ;
#3345 = EDGE_CURVE ( 'NONE', #3495, #2274, #1499, .T. ) ;
#3346 = ORIENTED_EDGE ( 'NONE', *, *, #2271, .T. ) ;
#3347 = LINE ( 'NONE', #128, #210 ) ;
#3348 = CARTESIAN_POINT ( 'NONE',  ( -5.247463380792750876, -4.489400000000038915, -22.73199999999999932 ) ) ;
#3349 = ADVANCED_FACE ( 'NONE', ( #337 ), #1379, .T. ) ;
#3350 = EDGE_CURVE ( 'NONE', #3242, #2438, #47, .T. ) ;
#3351 = EDGE_LOOP ( 'NONE', ( #3158, #3389 ) ) ;
#3352 = LINE ( 'NONE', #397, #1625 ) ;
#3353 = DIRECTION ( 'NONE',  ( 1.000000000000000000, -0.000000000000000000, -0.000000000000000000 ) ) ;
#3354 = ORIENTED_EDGE ( 'NONE', *, *, #3440, .F. ) ;
#3355 = DIRECTION ( 'NONE',  ( 0.000000000000000000, 0.000000000000000000, -1.000000000000000000 ) ) ;
#3356 = DIRECTION ( 'NONE',  ( -0.000000000000000000, 0.000000000000000000, -1.000000000000000000 ) ) ;
#3357 = ORIENTED_EDGE ( 'NONE', *, *, #1612, .T. ) ;
#3358 = DIRECTION ( 'NONE',  ( -0.000000000000000000, -1.000000000000000000, -0.000000000000000000 ) ) ;
#3359 = EDGE_LOOP ( 'NONE', ( #740, #655, #1944, #293 ) ) ;
#3360 = DIRECTION ( 'NONE',  ( 0.000000000000000000, 0.000000000000000000, -1.000000000000000000 ) ) ;
#3361 = CARTESIAN_POINT ( 'NONE',  ( -4.319399999999999018, -3.486899999999995448, -3.635000000000000231 ) ) ;
#3362 = CARTESIAN_POINT ( 'NONE',  ( -5.673149999999997917, 2.571758278209438506E-17, -37.50009999999999621 ) ) ;
#3363 = AXIS2_PLACEMENT_3D ( 'NONE', #1407, #618, #10 ) ;
#3364 = ORIENTED_EDGE ( 'NONE', *, *, #1416, .T. ) ;
#3365 = AXIS2_PLACEMENT_3D ( 'NONE', #1197, #2258, #160 ) ;
#3366 = DIRECTION ( 'NONE',  ( -0.000000000000000000, 1.000000000000000000, -0.000000000000000000 ) ) ;
#3367 = CARTESIAN_POINT ( 'NONE',  ( -4.217463380792750627, -3.536899999999995714, -22.73199999999999932 ) ) ;
#3368 = DIRECTION ( 'NONE',  ( -0.000000000000000000, 0.000000000000000000, 1.000000000000000000 ) ) ;
#3369 = VECTOR ( 'NONE', #2273, 100.0000000000000000 ) ;
#3370 = ORIENTED_EDGE ( 'NONE', *, *, #502, .T. ) ;
#3371 = DIRECTION ( 'NONE',  ( 0.000000000000000000, 0.000000000000000000, -1.000000000000000000 ) ) ;
#3372 = EDGE_CURVE ( 'NONE', #419, #735, #2444, .T. ) ;
#3373 = EDGE_CURVE ( 'NONE', #1719, #1375, #564, .T. ) ;
#3374 = ORIENTED_EDGE ( 'NONE', *, *, #2868, .F. ) ;
#3375 = DIRECTION ( 'NONE',  ( -0.000000000000000000, 1.000000000000000000, -0.000000000000000000 ) ) ;
#3376 = CARTESIAN_POINT ( 'NONE',  ( -5.184649999999998649, 0.2752579228333830175, -3.635000000000000231 ) ) ;
#3377 = EDGE_LOOP ( 'NONE', ( #2097, #2491, #1668, #1021 ) ) ;
#3378 = FACE_BOUND ( 'NONE', #2209, .T. ) ;
#3379 = ORIENTED_EDGE ( 'NONE', *, *, #669, .F. ) ;
#3380 = CARTESIAN_POINT ( 'NONE',  ( -5.673149999999997917, 2.571758278209438198E-17, -2.999999999999997335 ) ) ;
#3381 = CARTESIAN_POINT ( 'NONE',  ( -6.013149999999998663, 2.852409985391800795, -3.000000000000000000 ) ) ;
#3382 = CARTESIAN_POINT ( 'NONE',  ( -4.304399999999999338, -4.489399999999990953, -3.649999999999999911 ) ) ;
#3383 = EDGE_LOOP ( 'NONE', ( #1810, #1111, #1686, #847 ) ) ;
#3384 = CARTESIAN_POINT ( 'NONE',  ( -0.4541500000000003867, 0.2752579228333830175, -3.635000000000000231 ) ) ;
#3385 = ORIENTED_EDGE ( 'NONE', *, *, #455, .T. ) ;
#3386 = CARTESIAN_POINT ( 'NONE',  ( -1.635762461737452433, -3.536901199999995526, 13.86865867402467600 ) ) ;
#3387 = DIRECTION ( 'NONE',  ( 0.000000000000000000, 1.000000000000000000, 0.000000000000000000 ) ) ;
#3388 = VECTOR ( 'NONE', #2996, 100.0000000000000000 ) ;
#3389 = ORIENTED_EDGE ( 'NONE', *, *, #3486, .F. ) ;
#3390 = CARTESIAN_POINT ( 'NONE',  ( 0.3743500000000001826, 2.852409985391800795, -3.000000000000000000 ) ) ;
#3391 = VECTOR ( 'NONE', #2650, 100.0000000000000000 ) ;
#3392 = ADVANCED_FACE ( 'NONE', ( #2764 ), #64, .T. ) ;
#3393 = CARTESIAN_POINT ( 'NONE',  ( -4.217463380792750627, -3.219399999999995821, -23.39699999999999847 ) ) ;
#3394 = VECTOR ( 'NONE', #2957, 100.0000000000000000 ) ;
#3395 = ORIENTED_EDGE ( 'NONE', *, *, #2664, .F. ) ;
#3396 = VECTOR ( 'NONE', #3054, 100.0000000000000000 ) ;
#3397 = DIRECTION ( 'NONE',  ( -0.000000000000000000, -0.000000000000000000, 1.000000000000000000 ) ) ;
#3398 = DIRECTION ( 'NONE',  ( -1.000000000000000000, 0.000000000000000000, 0.000000000000000000 ) ) ;
#3399 = ORIENTED_EDGE ( 'NONE', *, *, #1591, .F. ) ;
#3400 = EDGE_CURVE ( 'NONE', #2193, #281, #1163, .T. ) ;
#3401 = PLANE ( 'NONE',  #1043 ) ;
#3402 = ADVANCED_FACE ( 'NONE', ( #1735 ), #3340, .T. ) ;
#3403 = VECTOR ( 'NONE', #3469, 100.0000000000000000 ) ;
#3404 = DIRECTION ( 'NONE',  ( 0.000000000000000000, 0.000000000000000000, 1.000000000000000000 ) ) ;
#3405 = LINE ( 'NONE', #970, #2693 ) ;
#3406 = CARTESIAN_POINT ( 'NONE',  ( -0.4709250974149626900, -3.536899999999995714, -22.73199999999999932 ) ) ;
#3407 = ORIENTED_EDGE ( 'NONE', *, *, #960, .F. ) ;
#3408 = ORIENTED_EDGE ( 'NONE', *, *, #1609, .T. ) ;
#3409 = DIRECTION ( 'NONE',  ( 0.000000000000000000, 0.000000000000000000, 1.000000000000000000 ) ) ;
#3410 = DIRECTION ( 'NONE',  ( -0.000000000000000000, 0.000000000000000000, -1.000000000000000000 ) ) ;
#3411 = DIRECTION ( 'NONE',  ( 0.000000000000000000, 1.000000000000000000, 0.000000000000000000 ) ) ;
#3412 = CARTESIAN_POINT ( 'NONE',  ( -4.144400000000004525, -3.536901199999995082, 14.01002113576212338 ) ) ;
#3413 = AXIS2_PLACEMENT_3D ( 'NONE', #596, #851, #2762 ) ;
#3414 = FACE_OUTER_BOUND ( 'NONE', #3007, .T. ) ;
#3415 = CARTESIAN_POINT ( 'NONE',  ( -1.510176701455722137, -3.536901199999995526, 16.45661104657103735 ) ) ;
#3416 = ORIENTED_EDGE ( 'NONE', *, *, #2117, .F. ) ;
#3417 = CARTESIAN_POINT ( 'NONE',  ( -5.463149999999998840, 0.000000000000000000, -2.999999999999997335 ) ) ;
#3418 = ADVANCED_FACE ( 'NONE', ( #2035 ), #1218, .F. ) ;
#3419 = ORIENTED_EDGE ( 'NONE', *, *, #1007, .F. ) ;
#3420 = CARTESIAN_POINT ( 'NONE',  ( 0.3743500000000002936, -3.219400000000000261, -3.635000000000000231 ) ) ;
#3421 = CARTESIAN_POINT ( 'NONE',  ( -6.013149999999998663, 2.852409985391800795, -3.635000000000000231 ) ) ;
#3422 = ORIENTED_EDGE ( 'NONE', *, *, #2600, .T. ) ;
#3423 = VERTEX_POINT ( 'NONE', #1475 ) ;
#3424 = FACE_OUTER_BOUND ( 'NONE', #1472, .T. ) ;
#3425 = PLANE ( 'NONE',  #1406 ) ;
#3426 = VECTOR ( 'NONE', #869, 100.0000000000000000 ) ;
#3427 = CIRCLE ( 'NONE', #2158, 0.2799999999999996936 ) ;
#3428 = DIRECTION ( 'NONE',  ( 0.000000000000000000, 0.000000000000000000, -1.000000000000000000 ) ) ;
#3429 = AXIS2_PLACEMENT_3D ( 'NONE', #1971, #2829, #2004 ) ;
#3430 = VECTOR ( 'NONE', #2722, 100.0000000000000000 ) ;
#3431 = DIRECTION ( 'NONE',  ( -1.000000000000000000, 0.000000000000000000, -0.000000000000000000 ) ) ;
#3432 = CARTESIAN_POINT ( 'NONE',  ( -4.052118485544915494, -3.536901199999995082, 16.51540525860821162 ) ) ;
#3433 = ORIENTED_EDGE ( 'NONE', *, *, #3240, .F. ) ;
#3434 = PLANE ( 'NONE',  #2728 ) ;
#3435 = VERTEX_POINT ( 'NONE', #3380 ) ;
#3436 = DIRECTION ( 'NONE',  ( 0.000000000000000000, 0.000000000000000000, -1.000000000000000000 ) ) ;
#3437 = CARTESIAN_POINT ( 'NONE',  ( 0.7525898091024261216, -3.536899999999995714, -37.50000000000000000 ) ) ;
#3438 = DIRECTION ( 'NONE',  ( -1.000000000000000000, 0.000000000000000000, 0.000000000000000000 ) ) ;
#3439 = ORIENTED_EDGE ( 'NONE', *, *, #2553, .T. ) ;
#3440 = EDGE_CURVE ( 'NONE', #1980, #2204, #119, .T. ) ;
#3441 = ORIENTED_EDGE ( 'NONE', *, *, #3513, .F. ) ;
#3442 = LINE ( 'NONE', #737, #2240 ) ;
#3443 = FACE_OUTER_BOUND ( 'NONE', #2791, .T. ) ;
#3444 = EDGE_CURVE ( 'NONE', #1586, #2495, #906, .T. ) ;
#3445 = EDGE_CURVE ( 'NONE', #3320, #950, #2160, .T. ) ;
#3446 = ORIENTED_EDGE ( 'NONE', *, *, #628, .F. ) ;
#3447 = AXIS2_PLACEMENT_3D ( 'NONE', #2676, #1059, #1878 ) ;
#3448 = CARTESIAN_POINT ( 'NONE',  ( -1.652118485544915361, -3.536901199999995526, 16.27191208944113399 ) ) ;
#3449 = VECTOR ( 'NONE', #1451, 100.0000000000000000 ) ;
#3450 = SURFACE_STYLE_FILL_AREA ( #2889 ) ;
#3451 = EDGE_LOOP ( 'NONE', ( #371, #377 ) ) ;
#3452 = CIRCLE ( 'NONE', #2518, 0.1250000000000001110 ) ;
#3453 = AXIS2_PLACEMENT_3D ( 'NONE', #453, #2610, #1283 ) ;
#3454 = LINE ( 'NONE', #472, #2498 ) ;
#3455 = AXIS2_PLACEMENT_3D ( 'NONE', #333, #3397, #1974 ) ;
#3456 = EDGE_LOOP ( 'NONE', ( #2922, #1576, #151, #1946 ) ) ;
#3457 = APPLICATION_PROTOCOL_DEFINITION ( 'draft international standard', 'automotive_design', 1998, #1027 ) ;
#3458 = CARTESIAN_POINT ( 'NONE',  ( -6.391389809102420827, -3.536899999999995714, -37.50000000000000000 ) ) ;
#3459 = EDGE_LOOP ( 'NONE', ( #2105, #1894, #1080, #269 ) ) ;
#3460 = CYLINDRICAL_SURFACE ( 'NONE', #563, 1.730000000000000870 ) ;
#3461 = AXIS2_PLACEMENT_3D ( 'NONE', #3290, #341, #989 ) ;
#3462 = ORIENTED_EDGE ( 'NONE', *, *, #698, .F. ) ;
#3463 = ADVANCED_FACE ( 'NONE', ( #1516 ), #1239, .F. ) ;
#3464 = CARTESIAN_POINT ( 'NONE',  ( -4.232463380792751195, -3.219399999999952744, -23.38200000000000145 ) ) ;
#3465 = LINE ( 'NONE', #3186, #3506 ) ;
#3466 = LINE ( 'NONE', #3187, #3273 ) ;
#3467 = ORIENTED_EDGE ( 'NONE', *, *, #1595, .F. ) ;
#3468 = EDGE_CURVE ( 'NONE', #2068, #1980, #2856, .T. ) ;
#3469 = DIRECTION ( 'NONE',  ( 0.000000000000000000, 0.000000000000000000, 1.000000000000000000 ) ) ;
#3470 = CARTESIAN_POINT ( 'NONE',  ( -5.706162031302314475, -4.219399999999995821, -24.24466247586125078 ) ) ;
#3471 = ORIENTED_EDGE ( 'NONE', *, *, #1822, .F. ) ;
#3472 = DIRECTION ( 'NONE',  ( -1.000000000000000000, 0.000000000000000000, 0.000000000000000000 ) ) ;
#3473 = VERTEX_POINT ( 'NONE', #2779 ) ;
#3474 = APPLICATION_PROTOCOL_DEFINITION ( 'draft international standard', 'automotive_design', 1998, #3333 ) ;
#3475 = CARTESIAN_POINT ( 'NONE',  ( -1.519441644700232796, -3.536901199999995526, 13.91684033402781040 ) ) ;
#3476 = CIRCLE ( 'NONE', #1143, 0.2099999999999990763 ) ;
#3477 = VERTEX_POINT ( 'NONE', #2017 ) ;
#3478 = DIRECTION ( 'NONE',  ( 0.000000000000000000, 1.000000000000000000, 0.000000000000000000 ) ) ;
#3479 = VERTEX_POINT ( 'NONE', #2260 ) ;
#3480 = VERTEX_POINT ( 'NONE', #368 ) ;
#3481 = CARTESIAN_POINT ( 'NONE',  ( -4.003037538262555373, -3.536901199999995082, 13.86865867402467600 ) ) ;
#3482 = DIRECTION ( 'NONE',  ( 0.000000000000000000, 0.000000000000000000, -1.000000000000000000 ) ) ;
#3483 = PLANE ( 'NONE',  #491 ) ;
#3484 = ORIENTED_EDGE ( 'NONE', *, *, #1030, .T. ) ;
#3485 = CARTESIAN_POINT ( 'NONE',  ( -4.913149999999999906, -1.317637338226828492, -3.000000000000000000 ) ) ;
#3486 = EDGE_CURVE ( 'NONE', #399, #2900, #3249, .T. ) ;
#3487 = DIRECTION ( 'NONE',  ( -0.000000000000000000, 1.000000000000000000, -0.000000000000000000 ) ) ;
#3488 = EDGE_CURVE ( 'NONE', #692, #1824, #1754, .T. ) ;
#3489 = AXIS2_PLACEMENT_3D ( 'NONE', #2111, #2904, #2668 ) ;
#3490 = DIRECTION ( 'NONE',  ( 0.000000000000000000, 0.000000000000000000, 1.000000000000000000 ) ) ;
#3491 = EDGE_CURVE ( 'NONE', #2064, #3248, #1994, .T. ) ;
#3492 = VECTOR ( 'NONE', #2757, 100.0000000000000000 ) ;
#3493 = ORIENTED_EDGE ( 'NONE', *, *, #41, .F. ) ;
#3494 = CARTESIAN_POINT ( 'NONE',  ( -1.510176701455723247, -3.536901199999995526, 14.05661104657104055 ) ) ;
#3495 = VERTEX_POINT ( 'NONE', #2836 ) ;
#3496 = CARTESIAN_POINT ( 'NONE',  ( -5.319399999999999018, -3.754399999999991078, -3.635000000000000231 ) ) ;
#3497 = ORIENTED_EDGE ( 'NONE', *, *, #992, .F. ) ;
#3498 = CARTESIAN_POINT ( 'NONE',  ( -3.114797553316628775, -4.219399999999995821, -36.38953809907653891 ) ) ;
#3499 = DIRECTION ( 'NONE',  ( -0.000000000000000000, 1.000000000000000000, -0.000000000000000000 ) ) ;
#3500 = ORIENTED_EDGE ( 'NONE', *, *, #2965, .T. ) ;
#3501 = LINE ( 'NONE', #2413, #1351 ) ;
#3502 = DIRECTION ( 'NONE',  ( 1.000000000000000000, -0.000000000000000000, -0.000000000000000000 ) ) ;
#3503 = VECTOR ( 'NONE', #2229, 100.0000000000000000 ) ;
#3504 = EDGE_CURVE ( 'NONE', #3051, #950, #1497, .T. ) ;
#3505 = CARTESIAN_POINT ( 'NONE',  ( 0.06736203130231627201, -3.219399999999995821, -24.24466247586125078 ) ) ;
#3506 = VECTOR ( 'NONE', #2661, 100.0000000000000000 ) ;
#3507 = ORIENTED_EDGE ( 'NONE', *, *, #759, .T. ) ;
#3508 = AXIS2_PLACEMENT_3D ( 'NONE', #867, #334, #2473 ) ;
#3509 = EDGE_CURVE ( 'NONE', #2522, #211, #9, .T. ) ;
#3510 = CARTESIAN_POINT ( 'NONE',  ( -1.334399999999998698, -4.489399999999990953, -3.649999999999999911 ) ) ;
#3511 = EDGE_LOOP ( 'NONE', ( #1264, #2428, #925, #1715 ) ) ;
#3512 = DIRECTION ( 'NONE',  ( 0.000000000000000000, 0.000000000000000000, -1.000000000000000000 ) ) ;
#3513 = EDGE_CURVE ( 'NONE', #1758, #2251, #1105, .T. ) ;
#3514 = VECTOR ( 'NONE', #2346, 100.0000000000000000 ) ;
#3515 = VERTEX_POINT ( 'NONE', #636 ) ;
#3516 = ORIENTED_EDGE ( 'NONE', *, *, #259, .T. ) ;
#3517 = DIRECTION ( 'NONE',  ( 0.000000000000000000, 0.000000000000000000, -1.000000000000000000 ) ) ;
#3518 = DIRECTION ( 'NONE',  ( -0.000000000000000000, -1.000000000000000000, -0.000000000000000000 ) ) ;
#3519 = CIRCLE ( 'NONE', #2468, 0.2099999999999990763 ) ;
#3520 = EDGE_LOOP ( 'NONE', ( #538, #1258, #967, #2396 ) ) ;
#3521 = VECTOR ( 'NONE', #2072, 100.0000000000000000 ) ;
#3522 = CARTESIAN_POINT ( 'NONE',  ( -1.485925097414963370, -3.486899999999995448, -22.74699999999999989 ) ) ;
#3523 = AXIS2_PLACEMENT_3D ( 'NONE', #3129, #1539, #679 ) ;
#3524 = DIRECTION ( 'NONE',  ( 1.000000000000000000, -0.000000000000000000, -0.000000000000000000 ) ) ;
#3525 = DIRECTION ( 'NONE',  ( -0.000000000000000000, 1.000000000000000000, -0.000000000000000000 ) ) ;
#3526 = ORIENTED_EDGE ( 'NONE', *, *, #458, .T. ) ;
#3527 = CARTESIAN_POINT ( 'NONE',  ( -0.1756500000000008055, -6.475319950491627270E-16, -37.50009999999999621 ) ) ;
#3528 = LINE ( 'NONE', #1092, #2463 ) ;
#3529 = VERTEX_POINT ( 'NONE', #888 ) ;
#3530 = CARTESIAN_POINT ( 'NONE',  ( -0.3193999999999988515, -3.754399999999991078, -3.635000000000000231 ) ) ;
#3531 = ADVANCED_FACE ( 'NONE', ( #1959 ), #1699, .F. ) ;
#3532 = ORIENTED_EDGE ( 'NONE', *, *, #1460, .F. ) ;
#3533 = CARTESIAN_POINT ( 'NONE',  ( -1.619400000000004614, -3.536900599999995176, 16.51865867402467458 ) ) ;
#3534 = CARTESIAN_POINT ( 'NONE',  ( -0.4859250974149631475, 2.852409985391846536, -23.38200000000000145 ) ) ;
ENDSEC;
END-ISO-10303-21;
