ISO-10303-21;
HEADER;
FILE_DESCRIPTION (( 'STEP AP203' ),
    '1' );
FILE_NAME ('bucket long.STEP',
    '2026-09-08T14:38:57',
    ( '' ),
    ( '' ),
    'SwSTEP 2.0',
    'SolidWorks 2026',
    '' );
FILE_SCHEMA (( 'CONFIG_CONTROL_DESIGN' ));
ENDSEC;

DATA;
#1 = ORIENTED_EDGE ( 'NONE', *, *, #810, .F. ) ;
#2 = EDGE_CURVE ( 'NONE', #1796, #670, #1354, .T. ) ;
#3 = CARTESIAN_POINT ( 'NONE',  ( 0.6350000000000000089, -3.500000000000000444, 0.2149999999999999134 ) ) ;
#4 = DIRECTION ( 'NONE',  ( 1.000000000000000000, 0.000000000000000000, 1.387778780781445676E-16 ) ) ;
#5 = PLANE ( 'NONE',  #199 ) ;
#6 = LINE ( 'NONE', #74, #235 ) ;
#7 = VERTEX_POINT ( 'NONE', #1773 ) ;
#8 = DIRECTION ( 'NONE',  ( 0.000000000000000000, 0.000000000000000000, -1.000000000000000000 ) ) ;
#9 = ORIENTED_EDGE ( 'NONE', *, *, #126, .T. ) ;
#10 = ORIENTED_EDGE ( 'NONE', *, *, #720, .F. ) ;
#11 = EDGE_CURVE ( 'NONE', #951, #1266, #903, .T. ) ;
#12 = LINE ( 'NONE', #695, #1843 ) ;
#13 = LINE ( 'NONE', #1436, #1260 ) ;
#14 = DIRECTION ( 'NONE',  ( 1.000000000000000000, -0.000000000000000000, -0.000000000000000000 ) ) ;
#15 = DIRECTION ( 'NONE',  ( 0.000000000000000000, 1.000000000000000000, 0.000000000000000000 ) ) ;
#16 = VECTOR ( 'NONE', #1179, 100.0000000000000000 ) ;
#17 = ORIENTED_EDGE ( 'NONE', *, *, #1706, .F. ) ;
#18 = FACE_OUTER_BOUND ( 'NONE', #718, .T. ) ;
#19 = AXIS2_PLACEMENT_3D ( 'NONE', #463, #1368, #1668 ) ;
#20 = VERTEX_POINT ( 'NONE', #460 ) ;
#21 = VECTOR ( 'NONE', #752, 100.0000000000000000 ) ;
#22 = ORIENTED_EDGE ( 'NONE', *, *, #1733, .T. ) ;
#23 = LINE ( 'NONE', #135, #618 ) ;
#24 = VECTOR ( 'NONE', #407, 100.0000000000000000 ) ;
#25 = EDGE_CURVE ( 'NONE', #781, #401, #1646, .T. ) ;
#26 = LINE ( 'NONE', #865, #1289 ) ;
#27 = LINE ( 'NONE', #1729, #1717 ) ;
#28 = DIRECTION ( 'NONE',  ( -0.000000000000000000, -1.000000000000000000, -0.000000000000000000 ) ) ;
#29 = EDGE_CURVE ( 'NONE', #229, #1014, #198, .T. ) ;
#30 = EDGE_CURVE ( 'NONE', #320, #803, #1623, .T. ) ;
#31 = ORIENTED_EDGE ( 'NONE', *, *, #1819, .T. ) ;
#32 = ORIENTED_EDGE ( 'NONE', *, *, #1673, .T. ) ;
#33 = ORIENTED_EDGE ( 'NONE', *, *, #185, .F. ) ;
#34 = DIRECTION ( 'NONE',  ( 0.000000000000000000, 0.000000000000000000, -1.000000000000000000 ) ) ;
#35 = CARTESIAN_POINT ( 'NONE',  ( 0.6350000000000000089, 2.865000000000000213, -0.2000000000000000111 ) ) ;
#36 = DIRECTION ( 'NONE',  ( -1.000000000000000000, 0.000000000000000000, -0.000000000000000000 ) ) ;
#37 = LINE ( 'NONE', #1019, #470 ) ;
#38 = ORIENTED_EDGE ( 'NONE', *, *, #65, .T. ) ;
#39 = DIRECTION ( 'NONE',  ( -1.000000000000000000, 0.000000000000000000, 0.000000000000000000 ) ) ;
#40 = FACE_OUTER_BOUND ( 'NONE', #1696, .T. ) ;
#41 = VERTEX_POINT ( 'NONE', #1804 ) ;
#42 = CARTESIAN_POINT ( 'NONE',  ( 0.6350000000000000089, 3.500000000000000444, -0.5000000000000000000 ) ) ;
#43 = CARTESIAN_POINT ( 'NONE',  ( 5.635000000000000675, 3.500000000000000444, -1.800000000000000266 ) ) ;
#44 = CARTESIAN_POINT ( 'NONE',  ( 5.635000000000000675, -2.850000000000000089, 0.2150000000000006906 ) ) ;
#45 = CARTESIAN_POINT ( 'NONE',  ( 0.000000000000000000, 3.500000000000000444, 0.2000000000000000111 ) ) ;
#46 = VERTEX_POINT ( 'NONE', #488 ) ;
#47 = CARTESIAN_POINT ( 'NONE',  ( 0.000000000000000000, -3.500000000000000444, -0.2149999999999999134 ) ) ;
#48 = EDGE_CURVE ( 'NONE', #1357, #7, #319, .T. ) ;
#49 = CARTESIAN_POINT ( 'NONE',  ( 5.635000000000000675, -3.500000000000000444, -1.800000000000000266 ) ) ;
#50 = VECTOR ( 'NONE', #927, 100.0000000000000000 ) ;
#51 = ORIENTED_EDGE ( 'NONE', *, *, #162, .F. ) ;
#52 = VECTOR ( 'NONE', #1798, 100.0000000000000000 ) ;
#53 = LINE ( 'NONE', #1639, #21 ) ;
#54 = FACE_OUTER_BOUND ( 'NONE', #1513, .T. ) ;
#55 = VECTOR ( 'NONE', #39, 100.0000000000000000 ) ;
#56 = VECTOR ( 'NONE', #1110, 100.0000000000000000 ) ;
#57 = DIRECTION ( 'NONE',  ( 0.000000000000000000, -1.000000000000000000, 0.000000000000000000 ) ) ;
#58 = LINE ( 'NONE', #928, #1104 ) ;
#59 = VECTOR ( 'NONE', #72, 100.0000000000000000 ) ;
#60 = ORIENTED_EDGE ( 'NONE', *, *, #345, .T. ) ;
#61 = CARTESIAN_POINT ( 'NONE',  ( 6.270000000000000462, -2.850000000000000089, -0.2149999999999993028 ) ) ;
#62 = CARTESIAN_POINT ( 'NONE',  ( 6.270000000000000462, -3.500000000000000444, 0.2150000000000006073 ) ) ;
#63 = VERTEX_POINT ( 'NONE', #191 ) ;
#64 = LINE ( 'NONE', #473, #624 ) ;
#65 = EDGE_CURVE ( 'NONE', #1243, #41, #1065, .T. ) ;
#66 = CARTESIAN_POINT ( 'NONE',  ( 5.635000000000000675, -2.865000000000000213, 0.5000000000000006661 ) ) ;
#67 = LINE ( 'NONE', #45, #924 ) ;
#68 = VERTEX_POINT ( 'NONE', #1056 ) ;
#69 = LINE ( 'NONE', #1535, #1131 ) ;
#70 = ORIENTED_EDGE ( 'NONE', *, *, #374, .F. ) ;
#71 = ADVANCED_FACE ( 'NONE', ( #40 ), #609, .T. ) ;
#72 = DIRECTION ( 'NONE',  ( -1.000000000000000000, -0.000000000000000000, -0.000000000000000000 ) ) ;
#73 = PLANE ( 'NONE',  #701 ) ;
#74 = CARTESIAN_POINT ( 'NONE',  ( 0.6350000000000001199, -3.500000000000000444, 0.5000000000000001110 ) ) ;
#75 = ORIENTED_EDGE ( 'NONE', *, *, #1391, .F. ) ;
#76 = DIRECTION ( 'NONE',  ( 0.000000000000000000, 0.000000000000000000, 1.000000000000000000 ) ) ;
#77 = ORIENTED_EDGE ( 'NONE', *, *, #1851, .T. ) ;
#78 = DIRECTION ( 'NONE',  ( -0.000000000000000000, 1.000000000000000000, 0.000000000000000000 ) ) ;
#79 = VECTOR ( 'NONE', #438, 100.0000000000000000 ) ;
#80 = EDGE_CURVE ( 'NONE', #7, #1857, #1342, .T. ) ;
#81 = CARTESIAN_POINT ( 'NONE',  ( -1.270000000000000018, 3.515000000000000124, 0.2149999999999999967 ) ) ;
#82 = AXIS2_PLACEMENT_3D ( 'NONE', #1090, #1380, #1679 ) ;
#83 = FACE_OUTER_BOUND ( 'NONE', #758, .T. ) ;
#84 = ORIENTED_EDGE ( 'NONE', *, *, #690, .F. ) ;
#85 = FACE_OUTER_BOUND ( 'NONE', #912, .T. ) ;
#86 = VECTOR ( 'NONE', #1807, 100.0000000000000000 ) ;
#87 = ADVANCED_FACE ( 'NONE', ( #1200 ), #1795, .F. ) ;
#88 = ORIENTED_EDGE ( 'NONE', *, *, #954, .F. ) ;
#89 = PERSON_AND_ORGANIZATION ( #1470, #830 ) ;
#90 = ORIENTED_EDGE ( 'NONE', *, *, #1830, .F. ) ;
#91 = DIRECTION ( 'NONE',  ( 0.000000000000000000, 0.000000000000000000, -1.000000000000000000 ) ) ;
#92 = CARTESIAN_POINT ( 'NONE',  ( 0.6350000000000001199, -2.865000000000000213, 0.5000000000000001110 ) ) ;
#93 = ORIENTED_EDGE ( 'NONE', *, *, #1838, .T. ) ;
#94 = CARTESIAN_POINT ( 'NONE',  ( 6.270000000000000462, -2.850000000000000089, 0.2150000000000006906 ) ) ;
#95 = EDGE_CURVE ( 'NONE', #1002, #687, #148, .T. ) ;
#96 = EDGE_CURVE ( 'NONE', #951, #676, #734, .T. ) ;
#97 = ORIENTED_EDGE ( 'NONE', *, *, #920, .F. ) ;
#98 = ORIENTED_EDGE ( 'NONE', *, *, #359, .F. ) ;
#99 = DIRECTION ( 'NONE',  ( 0.000000000000000000, 1.000000000000000000, -0.000000000000000000 ) ) ;
#100 = DIRECTION ( 'NONE',  ( -1.000000000000000000, -0.000000000000000000, -0.000000000000000000 ) ) ;
#101 = EDGE_LOOP ( 'NONE', ( #1202, #1434, #414, #1054 ) ) ;
#102 = CARTESIAN_POINT ( 'NONE',  ( 0.000000000000000000, 2.850000000000000089, -0.2149999999999999967 ) ) ;
#103 = DESIGN_CONTEXT ( 'detailed design', #668, 'design' ) ;
#104 = ADVANCED_FACE ( 'NONE', ( #714 ), #1135, .T. ) ;
#105 = CARTESIAN_POINT ( 'NONE',  ( 5.635000000000000675, 3.500000000000000444, -0.2000000000000000111 ) ) ;
#106 = ORIENTED_EDGE ( 'NONE', *, *, #606, .T. ) ;
#107 = VECTOR ( 'NONE', #1155, 100.0000000000000000 ) ;
#108 = PERSON_AND_ORGANIZATION_ROLE ( 'classification_officer' ) ;
#109 = ORIENTED_EDGE ( 'NONE', *, *, #1308, .F. ) ;
#110 = CARTESIAN_POINT ( 'NONE',  ( 6.270000000000000462, -2.865000000000000213, 0.2000000000000007050 ) ) ;
#111 = LINE ( 'NONE', #234, #1287 ) ;
#112 = VECTOR ( 'NONE', #1532, 100.0000000000000000 ) ;
#113 = CARTESIAN_POINT ( 'NONE',  ( 6.270000000000000462, -3.500000000000000444, 0.2000000000000007050 ) ) ;
#114 = VECTOR ( 'NONE', #100, 100.0000000000000000 ) ;
#115 = LINE ( 'NONE', #1872, #1719 ) ;
#116 = ORIENTED_EDGE ( 'NONE', *, *, #653, .F. ) ;
#117 = LOCAL_TIME ( 10, 38, 57.00000000000000000, #1681 ) ;
#118 = APPROVAL_DATE_TIME ( #403, #321 ) ;
#119 = ORIENTED_EDGE ( 'NONE', *, *, #95, .F. ) ;
#120 = CARTESIAN_POINT ( 'NONE',  ( 6.270000000000000462, 2.865000000000000213, 0.2000000000000000111 ) ) ;
#121 = CARTESIAN_POINT ( 'NONE',  ( 5.635000000000000675, -2.865000000000000213, 0.5000000000000006661 ) ) ;
#122 = CARTESIAN_POINT ( 'NONE',  ( 6.905000000000000249, 3.500000000000000444, -0.2000000000000000111 ) ) ;
#123 = DIRECTION ( 'NONE',  ( 0.000000000000000000, -1.000000000000000000, 0.000000000000000000 ) ) ;
#124 = ORIENTED_EDGE ( 'NONE', *, *, #1414, .T. ) ;
#125 = ORIENTED_EDGE ( 'NONE', *, *, #1425, .T. ) ;
#126 = EDGE_CURVE ( 'NONE', #1231, #1243, #1309, .T. ) ;
#127 = CARTESIAN_POINT ( 'NONE',  ( 5.635000000000000675, 3.500000000000000444, 1.800000000000000266 ) ) ;
#128 = LINE ( 'NONE', #1277, #1597 ) ;
#129 = CARTESIAN_POINT ( 'NONE',  ( 5.635000000000000675, -2.865000000000000213, -0.4999999999999993339 ) ) ;
#130 = VERTEX_POINT ( 'NONE', #1879 ) ;
#131 = PLANE ( 'NONE',  #1039 ) ;
#132 = ORIENTED_EDGE ( 'NONE', *, *, #730, .F. ) ;
#133 = ORIENTED_EDGE ( 'NONE', *, *, #1328, .T. ) ;
#134 = VECTOR ( 'NONE', #750, 100.0000000000000000 ) ;
#135 = CARTESIAN_POINT ( 'NONE',  ( 0.6350000000000001199, -3.500000000000000444, 0.5000000000000001110 ) ) ;
#136 = DIRECTION ( 'NONE',  ( -1.387778780781445676E-16, 0.000000000000000000, 1.000000000000000000 ) ) ;
#137 = DIRECTION ( 'NONE',  ( 0.000000000000000000, 0.000000000000000000, -1.000000000000000000 ) ) ;
#138 = AXIS2_PLACEMENT_3D ( 'NONE', #223, #1487, #613 ) ;
#139 = DIRECTION ( 'NONE',  ( 0.000000000000000000, 0.000000000000000000, -1.000000000000000000 ) ) ;
#140 = AXIS2_PLACEMENT_3D ( 'NONE', #667, #1235, #1825 ) ;
#141 = CARTESIAN_POINT ( 'NONE',  ( 0.6350000000000000089, -3.469446951953614189E-16, 3.618428607958274558E-31 ) ) ;
#142 = ORIENTED_EDGE ( 'NONE', *, *, #1020, .F. ) ;
#143 = EDGE_CURVE ( 'NONE', #587, #46, #1299, .T. ) ;
#144 = VECTOR ( 'NONE', #809, 100.0000000000000000 ) ;
#145 = ORIENTED_EDGE ( 'NONE', *, *, #451, .F. ) ;
#146 = FACE_OUTER_BOUND ( 'NONE', #768, .T. ) ;
#147 = CARTESIAN_POINT ( 'NONE',  ( 0.000000000000000000, -2.865000000000000213, -0.1999999999999999278 ) ) ;
#148 = LINE ( 'NONE', #998, #107 ) ;
#149 = CARTESIAN_POINT ( 'NONE',  ( 6.270000000000000462, -2.850000000000000089, -0.2149999999999993028 ) ) ;
#150 = EDGE_LOOP ( 'NONE', ( #637, #440, #1314, #1114 ) ) ;
#151 = EDGE_CURVE ( 'NONE', #1130, #917, #723, .T. ) ;
#152 = CARTESIAN_POINT ( 'NONE',  ( -1.270000000000000018, -3.515000000000000124, -0.2149999999999999134 ) ) ;
#153 = ADVANCED_FACE ( 'NONE', ( #1579 ), #5, .T. ) ;
#154 = VERTEX_POINT ( 'NONE', #1009 ) ;
#155 = ORIENTED_EDGE ( 'NONE', *, *, #126, .F. ) ;
#156 = CARTESIAN_POINT ( 'NONE',  ( 0.000000000000000000, -3.469446951953614189E-16, 0.6500000000000000222 ) ) ;
#157 = DIRECTION ( 'NONE',  ( 0.000000000000000000, 1.000000000000000000, 0.000000000000000000 ) ) ;
#158 = LINE ( 'NONE', #1618, #1867 ) ;
#159 = DIRECTION ( 'NONE',  ( 0.000000000000000000, 0.000000000000000000, 1.000000000000000000 ) ) ;
#160 = LINE ( 'NONE', #902, #1378 ) ;
#161 = VERTEX_POINT ( 'NONE', #284 ) ;
#162 = EDGE_CURVE ( 'NONE', #727, #654, #304, .T. ) ;
#163 = ORIENTED_EDGE ( 'NONE', *, *, #987, .T. ) ;
#164 = EDGE_CURVE ( 'NONE', #1172, #694, #27, .T. ) ;
#165 = DIRECTION ( 'NONE',  ( 0.000000000000000000, -0.000000000000000000, 1.000000000000000000 ) ) ;
#166 = CARTESIAN_POINT ( 'NONE',  ( 0.000000000000000000, -3.500000000000000444, 0.2150000000000000799 ) ) ;
#167 = ADVANCED_FACE ( 'NONE', ( #855 ), #434, .F. ) ;
#168 = DIRECTION ( 'NONE',  ( 0.000000000000000000, 0.000000000000000000, 1.000000000000000000 ) ) ;
#169 = DIRECTION ( 'NONE',  ( -1.000000000000000000, -0.000000000000000000, -0.000000000000000000 ) ) ;
#170 = ORIENTED_EDGE ( 'NONE', *, *, #868, .T. ) ;
#171 = DIRECTION ( 'NONE',  ( -1.000000000000000000, 0.000000000000000000, -0.000000000000000000 ) ) ;
#172 = ORIENTED_EDGE ( 'NONE', *, *, #458, .T. ) ;
#173 = AXIS2_PLACEMENT_3D ( 'NONE', #141, #246, #812 ) ;
#174 = B_SPLINE_CURVE_WITH_KNOTS ( 'NONE', 1,
 ( #333, #612 ),
 .UNSPECIFIED., .F., .F.,
 ( 2, 2 ),
 ( 0.000000000000000000, 0.3067632850241546194 ),
 .UNSPECIFIED. ) ;
#175 = ORIENTED_EDGE ( 'NONE', *, *, #730, .T. ) ;
#176 = DIRECTION ( 'NONE',  ( 0.000000000000000000, 0.000000000000000000, 1.000000000000000000 ) ) ;
#177 = VECTOR ( 'NONE', #1030, 100.0000000000000000 ) ;
#178 = PLANE ( 'NONE',  #858 ) ;
#179 = CARTESIAN_POINT ( 'NONE',  ( 0.6350000000000001199, -2.865000000000000213, 0.5000000000000001110 ) ) ;
#180 = FACE_OUTER_BOUND ( 'NONE', #1345, .T. ) ;
#181 = EDGE_LOOP ( 'NONE', ( #1444, #1248, #256, #1208 ) ) ;
#182 = CARTESIAN_POINT ( 'NONE',  ( -0.6350000000000000089, 2.865000000000000213, 0.2000000000000000111 ) ) ;
#183 = ORIENTED_EDGE ( 'NONE', *, *, #48, .F. ) ;
#184 = ORIENTED_EDGE ( 'NONE', *, *, #162, .T. ) ;
#185 = EDGE_CURVE ( 'NONE', #1507, #1521, #1458, .T. ) ;
#186 = ADVANCED_FACE ( 'NONE', ( #275 ), #875, .F. ) ;
#187 = DIRECTION ( 'NONE',  ( 0.000000000000000000, 0.000000000000000000, 1.000000000000000000 ) ) ;
#188 = LINE ( 'NONE', #754, #291 ) ;
#189 = ORIENTED_EDGE ( 'NONE', *, *, #222, .F. ) ;
#190 = CARTESIAN_POINT ( 'NONE',  ( 0.6350000000000000089, 3.500000000000000444, 1.800000000000000266 ) ) ;
#191 = CARTESIAN_POINT ( 'NONE',  ( 5.635000000000000675, -2.865000000000000213, 0.5000000000000006661 ) ) ;
#192 = EDGE_LOOP ( 'NONE', ( #1246, #977, #1713, #1589, #272, #663, #125, #1486, #97, #1311, #1442, #773 ) ) ;
#193 = FACE_OUTER_BOUND ( 'NONE', #1468, .T. ) ;
#194 = FACE_OUTER_BOUND ( 'NONE', #1081, .T. ) ;
#195 = DIRECTION ( 'NONE',  ( 0.000000000000000000, 0.000000000000000000, 1.000000000000000000 ) ) ;
#196 = ORIENTED_EDGE ( 'NONE', *, *, #920, .T. ) ;
#197 = FACE_OUTER_BOUND ( 'NONE', #1384, .T. ) ;
#198 = LINE ( 'NONE', #62, #1747 ) ;
#199 = AXIS2_PLACEMENT_3D ( 'NONE', #426, #1759, #1587 ) ;
#200 = ADVANCED_FACE ( 'NONE', ( #845 ), #1175, .F. ) ;
#201 = VERTEX_POINT ( 'NONE', #866 ) ;
#202 = VECTOR ( 'NONE', #424, 100.0000000000000000 ) ;
#203 = LINE ( 'NONE', #1515, #52 ) ;
#204 = PLANE ( 'NONE',  #1694 ) ;
#205 = AXIS2_PLACEMENT_3D ( 'NONE', #129, #1707, #1580 ) ;
#206 = VECTOR ( 'NONE', #1252, 100.0000000000000000 ) ;
#207 = LINE ( 'NONE', #1360, #1410 ) ;
#208 = PLANE ( 'NONE',  #1133 ) ;
#209 = LOCAL_TIME ( 10, 38, 57.00000000000000000, #1529 ) ;
#210 = ORIENTED_EDGE ( 'NONE', *, *, #1530, .T. ) ;
#211 = CARTESIAN_POINT ( 'NONE',  ( 0.6350000000000000089, 2.865000000000000213, -0.5000000000000000000 ) ) ;
#212 = ORIENTED_EDGE ( 'NONE', *, *, #1391, .T. ) ;
#213 = CC_DESIGN_DATE_AND_TIME_ASSIGNMENT ( #375, #1555, ( #423 ) ) ;
#214 = EDGE_CURVE ( 'NONE', #1026, #687, #158, .T. ) ;
#215 = ORIENTED_EDGE ( 'NONE', *, *, #1697, .F. ) ;
#216 = CARTESIAN_POINT ( 'NONE',  ( 6.270000000000000462, -3.500000000000000444, 1.800000000000000266 ) ) ;
#217 = DIRECTION ( 'NONE',  ( 0.000000000000000000, -1.000000000000000000, 0.000000000000000000 ) ) ;
#218 = DIRECTION ( 'NONE',  ( -1.000000000000000000, 0.000000000000000000, 0.000000000000000000 ) ) ;
#219 = ORIENTED_EDGE ( 'NONE', *, *, #1425, .F. ) ;
#220 = CARTESIAN_POINT ( 'NONE',  ( 6.270000000000000462, -3.500000000000000444, 1.800000000000000266 ) ) ;
#221 = EDGE_LOOP ( 'NONE', ( #98, #1780, #1678, #1654 ) ) ;
#222 = EDGE_CURVE ( 'NONE', #616, #154, #916, .T. ) ;
#223 = CARTESIAN_POINT ( 'NONE',  ( -0.6350000000000000089, -2.865000000000000213, 0.2000000000000000944 ) ) ;
#224 = CARTESIAN_POINT ( 'NONE',  ( 0.6350000000000000089, 2.865000000000000213, -0.2000000000000000111 ) ) ;
#225 = EDGE_CURVE ( 'NONE', #389, #694, #567, .T. ) ;
#226 = ORIENTED_EDGE ( 'NONE', *, *, #636, .F. ) ;
#227 = LINE ( 'NONE', #1794, #1102 ) ;
#228 = ORIENTED_EDGE ( 'NONE', *, *, #595, .F. ) ;
#229 = VERTEX_POINT ( 'NONE', #907 ) ;
#230 = VECTOR ( 'NONE', #684, 100.0000000000000000 ) ;
#231 = ADVANCED_FACE ( 'NONE', ( #194 ), #1217, .F. ) ;
#232 = LINE ( 'NONE', #1115, #766 ) ;
#233 = EDGE_CURVE ( 'NONE', #479, #346, #786, .T. ) ;
#234 = CARTESIAN_POINT ( 'NONE',  ( 0.6350000000000000089, 3.500000000000000444, -0.5000000000000000000 ) ) ;
#235 = VECTOR ( 'NONE', #1361, 100.0000000000000000 ) ;
#236 = VERTEX_POINT ( 'NONE', #355 ) ;
#237 = DIRECTION ( 'NONE',  ( -1.000000000000000000, 0.000000000000000000, 0.000000000000000000 ) ) ;
#238 = ORIENTED_EDGE ( 'NONE', *, *, #1328, .F. ) ;
#239 = PERSON_AND_ORGANIZATION ( #1470, #830 ) ;
#240 = ORIENTED_EDGE ( 'NONE', *, *, #1870, .T. ) ;
#241 = DIRECTION ( 'NONE',  ( 0.000000000000000000, 0.000000000000000000, 1.000000000000000000 ) ) ;
#242 = CARTESIAN_POINT ( 'NONE',  ( -1.270000000000000018, -2.850000000000000089, -0.2149999999999999134 ) ) ;
#243 = ADVANCED_FACE ( 'NONE', ( #1660 ), #914, .F. ) ;
#244 = ORIENTED_EDGE ( 'NONE', *, *, #1278, .F. ) ;
#245 = DIRECTION ( 'NONE',  ( 0.000000000000000000, 0.000000000000000000, -1.000000000000000000 ) ) ;
#246 = DIRECTION ( 'NONE',  ( 1.000000000000000000, 0.000000000000000000, 0.000000000000000000 ) ) ;
#247 = VERTEX_POINT ( 'NONE', #1517 ) ;
#248 = APPROVAL_DATE_TIME ( #386, #706 ) ;
#249 = VERTEX_POINT ( 'NONE', #1650 ) ;
#250 = DIRECTION ( 'NONE',  ( -1.000000000000000000, -0.000000000000000000, -0.000000000000000000 ) ) ;
#251 = LINE ( 'NONE', #397, #1846 ) ;
#252 = CARTESIAN_POINT ( 'NONE',  ( 6.270000000000000462, 3.500000000000000444, 1.800000000000000266 ) ) ;
#253 = DIRECTION ( 'NONE',  ( -1.000000000000000000, -0.000000000000000000, 1.387778780781445676E-16 ) ) ;
#254 = EDGE_LOOP ( 'NONE', ( #1537, #1094, #1332, #1834 ) ) ;
#255 = EDGE_CURVE ( 'NONE', #995, #1490, #207, .T. ) ;
#256 = ORIENTED_EDGE ( 'NONE', *, *, #1489, .F. ) ;
#257 = DIRECTION ( 'NONE',  ( 0.000000000000000000, -0.000000000000000000, 1.000000000000000000 ) ) ;
#258 = DIRECTION ( 'NONE',  ( 0.000000000000000000, 0.000000000000000000, 1.000000000000000000 ) ) ;
#259 = AXIS2_PLACEMENT_3D ( 'NONE', #281, #580, #165 ) ;
#260 = CARTESIAN_POINT ( 'NONE',  ( 6.270000000000000462, 3.500000000000000444, -0.2149999999999999967 ) ) ;
#261 = VECTOR ( 'NONE', #1010, 100.0000000000000000 ) ;
#262 = CARTESIAN_POINT ( 'NONE',  ( 5.635000000000000675, -3.500000000000000444, 0.5000000000000006661 ) ) ;
#263 = ORIENTED_EDGE ( 'NONE', *, *, #610, .T. ) ;
#264 = EDGE_CURVE ( 'NONE', #589, #63, #1193, .T. ) ;
#265 = PERSON_AND_ORGANIZATION ( #1470, #830 ) ;
#266 = ORIENTED_EDGE ( 'NONE', *, *, #496, .T. ) ;
#267 = DIRECTION ( 'NONE',  ( 1.000000000000000000, -0.000000000000000000, -0.000000000000000000 ) ) ;
#268 = DIRECTION ( 'NONE',  ( 1.000000000000000000, -0.000000000000000000, -0.000000000000000000 ) ) ;
#269 = DIRECTION ( 'NONE',  ( 1.000000000000000000, 0.000000000000000000, 1.387778780781445676E-16 ) ) ;
#270 = EDGE_LOOP ( 'NONE', ( #1731, #1748, #109, #725 ) ) ;
#271 = EDGE_CURVE ( 'NONE', #1251, #1674, #604, .T. ) ;
#272 = ORIENTED_EDGE ( 'NONE', *, *, #564, .T. ) ;
#273 = FACE_OUTER_BOUND ( 'NONE', #437, .T. ) ;
#274 = CARTESIAN_POINT ( 'NONE',  ( 0.000000000000000000, 3.500000000000000444, 0.000000000000000000 ) ) ;
#275 = FACE_OUTER_BOUND ( 'NONE', #1456, .T. ) ;
#276 = ADVANCED_FACE ( 'NONE', ( #1808 ), #73, .T. ) ;
#277 = CARTESIAN_POINT ( 'NONE',  ( 0.6350000000000000089, -2.673426532507834641E-16, -0.6500000000000000222 ) ) ;
#278 = CARTESIAN_POINT ( 'NONE',  ( 6.270000000000000462, 3.515000000000000124, 0.2149999999999999967 ) ) ;
#279 = ORIENTED_EDGE ( 'NONE', *, *, #1783, .T. ) ;
#280 = ORIENTED_EDGE ( 'NONE', *, *, #1062, .T. ) ;
#281 = CARTESIAN_POINT ( 'NONE',  ( 7.540000000000000924, 2.850000000000000089, 0.2149999999999999967 ) ) ;
#282 = CARTESIAN_POINT ( 'NONE',  ( 6.270000000000000462, 2.865000000000000213, 0.2000000000000000111 ) ) ;
#283 = ADVANCED_FACE ( 'NONE', ( #779 ), #501, .T. ) ;
#284 = CARTESIAN_POINT ( 'NONE',  ( 5.635000000000000675, 3.500000000000000444, -0.2149999999999999134 ) ) ;
#285 = CARTESIAN_POINT ( 'NONE',  ( 0.6350000000000001199, -2.865000000000000213, 0.5000000000000001110 ) ) ;
#286 = AXIS2_PLACEMENT_3D ( 'NONE', #651, #798, #257 ) ;
#287 = LINE ( 'NONE', #1302, #79 ) ;
#288 = VECTOR ( 'NONE', #1821, 100.0000000000000000 ) ;
#289 = EDGE_LOOP ( 'NONE', ( #1461, #783, #514, #935 ) ) ;
#290 = MANIFOLD_SOLID_BREP ( 'Cut-Extrude1', #372 ) ;
#291 = VECTOR ( 'NONE', #627, 100.0000000000000000 ) ;
#292 = VECTOR ( 'NONE', #1316, 100.0000000000000000 ) ;
#293 = VERTEX_POINT ( 'NONE', #753 ) ;
#294 = CARTESIAN_POINT ( 'NONE',  ( 0.000000000000000000, 2.865000000000000213, 0.2000000000000000111 ) ) ;
#295 = LINE ( 'NONE', #1307, #1449 ) ;
#296 = DIRECTION ( 'NONE',  ( 0.000000000000000000, 0.000000000000000000, -1.000000000000000000 ) ) ;
#297 = DIRECTION ( 'NONE',  ( 1.000000000000000000, -0.000000000000000000, -0.000000000000000000 ) ) ;
#298 = EDGE_CURVE ( 'NONE', #247, #46, #1778, .T. ) ;
#299 = LINE ( 'NONE', #878, #55 ) ;
#300 = ORIENTED_EDGE ( 'NONE', *, *, #1343, .F. ) ;
#301 = ADVANCED_FACE ( 'NONE', ( #1225 ), #1338, .F. ) ;
#302 = EDGE_LOOP ( 'NONE', ( #1211, #32, #332, #119 ) ) ;
#303 = LINE ( 'NONE', #1446, #553 ) ;
#304 = LINE ( 'NONE', #179, #645 ) ;
#305 = CARTESIAN_POINT ( 'NONE',  ( 0.6350000000000000089, -3.500000000000000444, 1.800000000000000266 ) ) ;
#306 = VERTEX_POINT ( 'NONE', #44 ) ;
#307 = DIRECTION ( 'NONE',  ( 1.000000000000000000, 0.000000000000000000, 0.000000000000000000 ) ) ;
#308 = VERTEX_POINT ( 'NONE', #362 ) ;
#309 = EDGE_CURVE ( 'NONE', #1572, #41, #327, .T. ) ;
#310 = ORIENTED_EDGE ( 'NONE', *, *, #549, .F. ) ;
#311 = CARTESIAN_POINT ( 'NONE',  ( 0.6350000000000001199, -3.500000000000000444, 0.5000000000000001110 ) ) ;
#312 = CARTESIAN_POINT ( 'NONE',  ( 5.635000000000000675, 3.500000000000000444, 0.2000000000000000111 ) ) ;
#313 = DIRECTION ( 'NONE',  ( 1.000000000000000000, 0.000000000000000000, -0.000000000000000000 ) ) ;
#314 = DIRECTION ( 'NONE',  ( 0.000000000000000000, -1.000000000000000000, 0.000000000000000000 ) ) ;
#315 = VECTOR ( 'NONE', #1165, 100.0000000000000000 ) ;
#316 = ORIENTED_EDGE ( 'NONE', *, *, #399, .T. ) ;
#317 = DIRECTION ( 'NONE',  ( 1.000000000000000000, -0.000000000000000000, -0.000000000000000000 ) ) ;
#318 = VECTOR ( 'NONE', #1170, 100.0000000000000000 ) ;
#319 = LINE ( 'NONE', #892, #134 ) ;
#320 = VERTEX_POINT ( 'NONE', #933 ) ;
#321 = APPROVAL ( #1404, 'UNSPECIFIED' ) ;
#322 = AXIS2_PLACEMENT_3D ( 'NONE', #493, #1069, #1662 ) ;
#323 = ADVANCED_FACE ( 'NONE', ( #484 ), #761, .T. ) ;
#324 = LINE ( 'NONE', #278, #646 ) ;
#325 = LOCAL_TIME ( 10, 38, 57.00000000000000000, #1086 ) ;
#326 =( LENGTH_UNIT ( ) NAMED_UNIT ( * ) SI_UNIT ( .CENTI., .METRE. ) );
#327 = LINE ( 'NONE', #1079, #1071 ) ;
#328 = LINE ( 'NONE', #1746, #1320 ) ;
#329 = ORIENTED_EDGE ( 'NONE', *, *, #1783, .F. ) ;
#330 = DIRECTION ( 'NONE',  ( 0.000000000000000000, 0.000000000000000000, -1.000000000000000000 ) ) ;
#331 = DIRECTION ( 'NONE',  ( 0.000000000000000000, 1.000000000000000000, -0.000000000000000000 ) ) ;
#332 = ORIENTED_EDGE ( 'NONE', *, *, #1034, .F. ) ;
#333 = CARTESIAN_POINT ( 'NONE',  ( 0.6350000000000000089, -3.500000000000000444, -0.1999999999999999278 ) ) ;
#334 = DIRECTION ( 'NONE',  ( -1.000000000000000000, -0.000000000000000000, -0.000000000000000000 ) ) ;
#335 = DIRECTION ( 'NONE',  ( 0.000000000000000000, 1.000000000000000000, 0.000000000000000000 ) ) ;
#336 = DIRECTION ( 'NONE',  ( 0.000000000000000000, 0.000000000000000000, -1.000000000000000000 ) ) ;
#337 = EDGE_CURVE ( 'NONE', #293, #1771, #1790, .T. ) ;
#338 = ORIENTED_EDGE ( 'NONE', *, *, #755, .T. ) ;
#339 = CARTESIAN_POINT ( 'NONE',  ( 0.6350000000000000089, 3.500000000000000444, 0.2000000000000000111 ) ) ;
#340 = CARTESIAN_POINT ( 'NONE',  ( 6.270000000000000462, 2.865000000000000213, -0.2000000000000000111 ) ) ;
#341 = VERTEX_POINT ( 'NONE', #1052 ) ;
#342 = LINE ( 'NONE', #1215, #59 ) ;
#343 = DIRECTION ( 'NONE',  ( -0.000000000000000000, -0.000000000000000000, -1.000000000000000000 ) ) ;
#344 = PLANE ( 'NONE',  #982 ) ;
#345 = EDGE_CURVE ( 'NONE', #1615, #1771, #626, .T. ) ;
#346 = VERTEX_POINT ( 'NONE', #1549 ) ;
#347 = PLANE ( 'NONE',  #1506 ) ;
#348 = ORIENTED_EDGE ( 'NONE', *, *, #968, .F. ) ;
#349 = AXIS2_PLACEMENT_3D ( 'NONE', #1495, #187, #771 ) ;
#350 = ORIENTED_EDGE ( 'NONE', *, *, #862, .F. ) ;
#351 = VECTOR ( 'NONE', #405, 100.0000000000000000 ) ;
#352 = FACE_BOUND ( 'NONE', #1057, .T. ) ;
#353 = DIRECTION ( 'NONE',  ( -1.000000000000000000, 0.000000000000000000, -1.214306433183764966E-16 ) ) ;
#354 = AXIS2_PLACEMENT_3D ( 'NONE', #1226, #614, #1651 ) ;
#355 = CARTESIAN_POINT ( 'NONE',  ( 5.635000000000000675, 3.500000000000000444, 1.800000000000000266 ) ) ;
#356 = CARTESIAN_POINT ( 'NONE',  ( -0.6350000000000000089, 2.865000000000000213, -0.2000000000000000111 ) ) ;
#357 = EDGE_LOOP ( 'NONE', ( #1392, #1793, #1394, #739 ) ) ;
#358 = CARTESIAN_POINT ( 'NONE',  ( 0.6350000000000000089, 2.865000000000000213, -0.5000000000000000000 ) ) ;
#359 = EDGE_CURVE ( 'NONE', #68, #616, #962, .T. ) ;
#360 = ORIENTED_EDGE ( 'NONE', *, *, #1830, .T. ) ;
#361 = EDGE_CURVE ( 'NONE', #1796, #1190, #1376, .T. ) ;
#362 = CARTESIAN_POINT ( 'NONE',  ( 0.6349999999999997868, -2.850000000000000089, 0.2150000000000000799 ) ) ;
#363 = CARTESIAN_POINT ( 'NONE',  ( 5.635000000000000675, -3.500000000000000444, -0.2149999999999993028 ) ) ;
#364 = VERTEX_POINT ( 'NONE', #1683 ) ;
#365 = CARTESIAN_POINT ( 'NONE',  ( 5.635000000000000675, 2.865000000000000213, -0.5000000000000006661 ) ) ;
#366 = ORIENTED_EDGE ( 'NONE', *, *, #1152, .T. ) ;
#367 = APPROVAL_ROLE ( '' ) ;
#368 = DIRECTION ( 'NONE',  ( -1.000000000000000000, -0.000000000000000000, -8.352109954983220072E-33 ) ) ;
#369 = DIRECTION ( 'NONE',  ( -1.000000000000000000, 0.000000000000000000, -1.214306433183764966E-16 ) ) ;
#370 = ORIENTED_EDGE ( 'NONE', *, *, #1168, .T. ) ;
#371 = CARTESIAN_POINT ( 'NONE',  ( 0.6350000000000000089, 2.865000000000000213, 0.5000000000000000000 ) ) ;
#372 = CLOSED_SHELL ( 'NONE', ( #686, #1463, #1382, #708, #1008, #1797, #472, #1216, #1085, #884, #167, #231, #621, #544, #1474, #200 ) ) ;
#373 = ORIENTED_EDGE ( 'NONE', *, *, #1151, .F. ) ;
#374 = EDGE_CURVE ( 'NONE', #639, #889, #1832, .T. ) ;
#375 = DATE_AND_TIME ( #1546, #1512 ) ;
#376 = EDGE_CURVE ( 'NONE', #661, #1857, #536, .T. ) ;
#377 = ORIENTED_EDGE ( 'NONE', *, *, #1126, .T. ) ;
#378 = CARTESIAN_POINT ( 'NONE',  ( 6.905000000000000249, 2.865000000000000213, -0.2000000000000000111 ) ) ;
#379 = VECTOR ( 'NONE', #495, 100.0000000000000000 ) ;
#380 = CARTESIAN_POINT ( 'NONE',  ( 0.6350000000000000089, 3.500000000000000444, -1.800000000000000266 ) ) ;
#381 = AXIS2_PLACEMENT_3D ( 'NONE', #1134, #258, #1866 ) ;
#382 = ORIENTED_EDGE ( 'NONE', *, *, #1356, .T. ) ;
#383 = CARTESIAN_POINT ( 'NONE',  ( 0.6350000000000000089, -3.500000000000000444, 1.800000000000000266 ) ) ;
#384 = CARTESIAN_POINT ( 'NONE',  ( 0.000000000000000000, 3.500000000000000444, -1.800000000000000266 ) ) ;
#385 = ORIENTED_EDGE ( 'NONE', *, *, #954, .T. ) ;
#386 = DATE_AND_TIME ( #1386, #209 ) ;
#387 = ORIENTED_EDGE ( 'NONE', *, *, #361, .F. ) ;
#388 = CARTESIAN_POINT ( 'NONE',  ( 0.000000000000000000, 3.500000000000000444, 0.2149999999999999134 ) ) ;
#389 = VERTEX_POINT ( 'NONE', #1261 ) ;
#390 = FACE_OUTER_BOUND ( 'NONE', #559, .T. ) ;
#391 = EDGE_CURVE ( 'NONE', #1771, #578, #396, .T. ) ;
#392 = DIRECTION ( 'NONE',  ( 0.000000000000000000, -0.000000000000000000, 1.000000000000000000 ) ) ;
#393 = ORIENTED_EDGE ( 'NONE', *, *, #570, .F. ) ;
#394 = PERSON_AND_ORGANIZATION_ROLE ( 'creator' ) ;
#395 = VERTEX_POINT ( 'NONE', #806 ) ;
#396 = LINE ( 'NONE', #1122, #351 ) ;
#397 = CARTESIAN_POINT ( 'NONE',  ( -0.6350000000000000089, -3.500000000000000444, -0.1999999999999999278 ) ) ;
#398 = LINE ( 'NONE', #662, #1789 ) ;
#399 = EDGE_CURVE ( 'NONE', #513, #1274, #1569, .T. ) ;
#400 = DIRECTION ( 'NONE',  ( 0.000000000000000000, 0.000000000000000000, 1.000000000000000000 ) ) ;
#401 = VERTEX_POINT ( 'NONE', #979 ) ;
#402 = VECTOR ( 'NONE', #1318, 100.0000000000000000 ) ;
#403 = DATE_AND_TIME ( #949, #325 ) ;
#404 = VERTEX_POINT ( 'NONE', #515 ) ;
#405 = DIRECTION ( 'NONE',  ( 1.000000000000000000, 0.000000000000000000, -0.000000000000000000 ) ) ;
#406 = LINE ( 'NONE', #972, #1383 ) ;
#407 = DIRECTION ( 'NONE',  ( 0.000000000000000000, 0.000000000000000000, 1.000000000000000000 ) ) ;
#408 = VECTOR ( 'NONE', #449, 100.0000000000000000 ) ;
#409 = AXIS2_PLACEMENT_3D ( 'NONE', #1428, #1698, #1421 ) ;
#410 = EDGE_CURVE ( 'NONE', #395, #1014, #1087, .T. ) ;
#411 = DIRECTION ( 'NONE',  ( 0.000000000000000000, -1.000000000000000000, 0.000000000000000000 ) ) ;
#412 = ORIENTED_EDGE ( 'NONE', *, *, #512, .F. ) ;
#413 = AXIS2_PLACEMENT_3D ( 'NONE', #1465, #136, #4 ) ;
#414 = ORIENTED_EDGE ( 'NONE', *, *, #1543, .T. ) ;
#415 = ADVANCED_FACE ( 'NONE', ( #542 ), #1269, .F. ) ;
#416 = DIRECTION ( 'NONE',  ( -1.214306433183764966E-16, 0.000000000000000000, 1.000000000000000000 ) ) ;
#417 = LINE ( 'NONE', #1598, #1077 ) ;
#418 = CARTESIAN_POINT ( 'NONE',  ( 0.6350000000000000089, -3.500000000000000444, -1.800000000000000266 ) ) ;
#419 = CARTESIAN_POINT ( 'NONE',  ( 0.6350000000000000089, 3.500000000000000444, 1.800000000000000266 ) ) ;
#420 = CARTESIAN_POINT ( 'NONE',  ( 0.6350000000000000089, 2.865000000000000213, -0.5000000000000000000 ) ) ;
#421 = ORIENTED_EDGE ( 'NONE', *, *, #1245, .F. ) ;
#422 = ORIENTED_EDGE ( 'NONE', *, *, #1697, .T. ) ;
#423 = PRODUCT_DEFINITION ( 'UNKNOWN', '', #683, #103 ) ;
#424 = DIRECTION ( 'NONE',  ( 0.000000000000000000, 0.000000000000000000, -1.000000000000000000 ) ) ;
#425 = LINE ( 'NONE', #282, #1634 ) ;
#426 = CARTESIAN_POINT ( 'NONE',  ( 6.905000000000000249, -3.500000000000000444, 0.2000000000000007050 ) ) ;
#427 = DIRECTION ( 'NONE',  ( -1.734723475976806848E-16, 0.000000000000000000, -1.000000000000000000 ) ) ;
#428 = LINE ( 'NONE', #365, #1196 ) ;
#429 = ORIENTED_EDGE ( 'NONE', *, *, #1611, .F. ) ;
#430 = ORIENTED_EDGE ( 'NONE', *, *, #1649, .F. ) ;
#431 = DIRECTION ( 'NONE',  ( 0.000000000000000000, 1.000000000000000000, 0.000000000000000000 ) ) ;
#432 = EDGE_CURVE ( 'NONE', #201, #751, #1397, .T. ) ;
#433 = FACE_OUTER_BOUND ( 'NONE', #302, .T. ) ;
#434 = PLANE ( 'NONE',  #1591 ) ;
#435 = LINE ( 'NONE', #705, #177 ) ;
#436 = CIRCLE ( 'NONE', #1504, 0.3500000000000000333 ) ;
#437 = EDGE_LOOP ( 'NONE', ( #741, #879, #1539, #366 ) ) ;
#438 = DIRECTION ( 'NONE',  ( 0.000000000000000000, 0.000000000000000000, -1.000000000000000000 ) ) ;
#439 = VECTOR ( 'NONE', #1043, 100.0000000000000000 ) ;
#440 = ORIENTED_EDGE ( 'NONE', *, *, #765, .T. ) ;
#441 = CIRCLE ( 'NONE', #1822, 0.3500000000000000333 ) ;
#442 = VECTOR ( 'NONE', #1728, 100.0000000000000000 ) ;
#443 = ORIENTED_EDGE ( 'NONE', *, *, #1577, .F. ) ;
#444 = PLANE ( 'NONE',  #1475 ) ;
#445 = CARTESIAN_POINT ( 'NONE',  ( 0.000000000000000000, 3.500000000000000444, -0.2149999999999999967 ) ) ;
#446 = DIRECTION ( 'NONE',  ( 0.000000000000000000, 1.000000000000000000, 0.000000000000000000 ) ) ;
#447 = DIRECTION ( 'NONE',  ( -0.000000000000000000, -0.000000000000000000, 1.000000000000000000 ) ) ;
#448 = ORIENTED_EDGE ( 'NONE', *, *, #1489, .T. ) ;
#449 = DIRECTION ( 'NONE',  ( 0.000000000000000000, 0.000000000000000000, -1.000000000000000000 ) ) ;
#450 = ORIENTED_EDGE ( 'NONE', *, *, #1819, .F. ) ;
#451 = EDGE_CURVE ( 'NONE', #1014, #1097, #232, .T. ) ;
#452 = VERTEX_POINT ( 'NONE', #688 ) ;
#453 = CARTESIAN_POINT ( 'NONE',  ( 0.000000000000000000, 3.515000000000000124, 0.2149999999999999967 ) ) ;
#454 = LINE ( 'NONE', #1163, #442 ) ;
#455 = DIRECTION ( 'NONE',  ( 0.000000000000000000, 0.000000000000000000, 1.000000000000000000 ) ) ;
#456 = DIRECTION ( 'NONE',  ( 0.000000000000000000, -0.000000000000000000, 1.000000000000000000 ) ) ;
#457 = VERTEX_POINT ( 'NONE', #120 ) ;
#458 = EDGE_CURVE ( 'NONE', #20, #236, #1704, .T. ) ;
#459 = DIRECTION ( 'NONE',  ( -0.000000000000000000, -0.000000000000000000, -1.000000000000000000 ) ) ;
#460 = CARTESIAN_POINT ( 'NONE',  ( 6.270000000000000462, 3.500000000000000444, 1.800000000000000266 ) ) ;
#461 = ORIENTED_EDGE ( 'NONE', *, *, #765, .F. ) ;
#462 = FACE_OUTER_BOUND ( 'NONE', #254, .T. ) ;
#463 = CARTESIAN_POINT ( 'NONE',  ( 0.000000000000000000, -2.865000000000000213, 0.000000000000000000 ) ) ;
#464 = CARTESIAN_POINT ( 'NONE',  ( 0.000000000000000000, -3.500000000000000444, -1.800000000000000266 ) ) ;
#465 = ORIENTED_EDGE ( 'NONE', *, *, #410, .F. ) ;
#466 = CARTESIAN_POINT ( 'NONE',  ( 0.6350000000000000089, -3.500000000000000444, -0.1999999999999999278 ) ) ;
#467 = VECTOR ( 'NONE', #1859, 100.0000000000000000 ) ;
#468 = CARTESIAN_POINT ( 'NONE',  ( 0.000000000000000000, -3.500000000000000444, 1.800000000000000266 ) ) ;
#469 = ORIENTED_EDGE ( 'NONE', *, *, #1624, .T. ) ;
#470 = VECTOR ( 'NONE', #1300, 100.0000000000000000 ) ;
#471 = SECURITY_CLASSIFICATION ( '', '', #1675 ) ;
#472 = ADVANCED_FACE ( 'NONE', ( #1558 ), #941, .F. ) ;
#473 = CARTESIAN_POINT ( 'NONE',  ( 0.000000000000000000, 2.850000000000000089, 0.2149999999999999967 ) ) ;
#474 = ADVANCED_FACE ( 'NONE', ( #1388 ), #1715, .F. ) ;
#475 = DIRECTION ( 'NONE',  ( -0.000000000000000000, 1.000000000000000000, 0.000000000000000000 ) ) ;
#476 = CARTESIAN_POINT ( 'NONE',  ( 0.6350000000000000089, -3.500000000000000444, -0.2149999999999999134 ) ) ;
#477 = EDGE_LOOP ( 'NONE', ( #571, #1573, #863, #316, #711, #534, #871, #1699, #350, #486, #1493, #647 ) ) ;
#478 = LINE ( 'NONE', #1393, #888 ) ;
#479 = VERTEX_POINT ( 'NONE', #507 ) ;
#480 = ORIENTED_EDGE ( 'NONE', *, *, #1870, .F. ) ;
#481 = CARTESIAN_POINT ( 'NONE',  ( 0.000000000000000000, -3.500000000000000444, 0.2000000000000000944 ) ) ;
#482 = CC_DESIGN_PERSON_AND_ORGANIZATION_ASSIGNMENT ( #1234, #108, ( #471 ) ) ;
#483 = FACE_OUTER_BOUND ( 'NONE', #1682, .T. ) ;
#484 = FACE_OUTER_BOUND ( 'NONE', #1614, .T. ) ;
#485 = PLANE ( 'NONE',  #354 ) ;
#486 = ORIENTED_EDGE ( 'NONE', *, *, #1205, .T. ) ;
#487 = DIRECTION ( 'NONE',  ( -1.000000000000000000, -0.000000000000000000, -0.000000000000000000 ) ) ;
#488 = CARTESIAN_POINT ( 'NONE',  ( 5.635000000000000675, 2.850000000000000089, 0.2149999999999999967 ) ) ;
#489 = ORIENTED_EDGE ( 'NONE', *, *, #29, .T. ) ;
#490 = CARTESIAN_POINT ( 'NONE',  ( 6.270000000000000462, -3.500000000000000444, 0.2000000000000007050 ) ) ;
#491 = EDGE_CURVE ( 'NONE', #1545, #1521, #659, .T. ) ;
#492 = CARTESIAN_POINT ( 'NONE',  ( 0.6350000000000000089, 3.500000000000000444, 1.800000000000000266 ) ) ;
#493 = CARTESIAN_POINT ( 'NONE',  ( 6.270000000000000462, 3.500000000000000444, 1.800000000000000266 ) ) ;
#494 = ORIENTED_EDGE ( 'NONE', *, *, #1585, .F. ) ;
#495 = DIRECTION ( 'NONE',  ( 1.000000000000000000, -0.000000000000000000, 1.387778780781445676E-16 ) ) ;
#496 = EDGE_CURVE ( 'NONE', #1644, #546, #1027, .T. ) ;
#497 = ORIENTED_EDGE ( 'NONE', *, *, #1390, .T. ) ;
#498 = VECTOR ( 'NONE', #1721, 100.0000000000000000 ) ;
#499 = DIRECTION ( 'NONE',  ( -0.000000000000000000, 1.000000000000000000, 0.000000000000000000 ) ) ;
#500 = VECTOR ( 'NONE', #1524, 100.0000000000000000 ) ;
#501 = PLANE ( 'NONE',  #19 ) ;
#502 = DIRECTION ( 'NONE',  ( 0.000000000000000000, -1.000000000000000000, 0.000000000000000000 ) ) ;
#503 = EDGE_LOOP ( 'NONE', ( #196, #800, #33, #1127 ) ) ;
#504 = CARTESIAN_POINT ( 'NONE',  ( 6.270000000000000462, 2.850000000000000089, -0.2149999999999999967 ) ) ;
#505 = ORIENTED_EDGE ( 'NONE', *, *, #1308, .T. ) ;
#506 = CALENDAR_DATE ( 2026, 8, 9 ) ;
#507 = CARTESIAN_POINT ( 'NONE',  ( 5.635000000000000675, -3.500000000000000444, -0.4999999999999993339 ) ) ;
#508 = CARTESIAN_POINT ( 'NONE',  ( 6.270000000000000462, 3.500000000000000444, 1.800000000000000266 ) ) ;
#509 = ORIENTED_EDGE ( 'NONE', *, *, #1649, .T. ) ;
#510 = PLANE ( 'NONE',  #82 ) ;
#511 = EDGE_CURVE ( 'NONE', #994, #1324, #1427, .T. ) ;
#512 = EDGE_CURVE ( 'NONE', #1324, #1703, #12, .T. ) ;
#513 = VERTEX_POINT ( 'NONE', #1584 ) ;
#514 = ORIENTED_EDGE ( 'NONE', *, *, #1611, .T. ) ;
#515 = CARTESIAN_POINT ( 'NONE',  ( 5.635000000000000675, -3.500000000000000444, 1.800000000000000266 ) ) ;
#516 = DIRECTION ( 'NONE',  ( -1.000000000000000000, -0.000000000000000000, -0.000000000000000000 ) ) ;
#517 = ORIENTED_EDGE ( 'NONE', *, *, #747, .F. ) ;
#518 = LINE ( 'NONE', #1868, #144 ) ;
#519 = LINE ( 'NONE', #1806, #854 ) ;
#520 = ORIENTED_EDGE ( 'NONE', *, *, #1224, .F. ) ;
#521 = PERSON_AND_ORGANIZATION_ROLE ( 'design_supplier' ) ;
#522 = ORIENTED_EDGE ( 'NONE', *, *, #214, .F. ) ;
#523 = VECTOR ( 'NONE', #91, 100.0000000000000000 ) ;
#524 = LINE ( 'NONE', #1853, #1874 ) ;
#525 = ADVANCED_FACE ( 'NONE', ( #842 ), #1596, .F. ) ;
#526 = VECTOR ( 'NONE', #963, 100.0000000000000000 ) ;
#527 = ORIENTED_EDGE ( 'NONE', *, *, #264, .T. ) ;
#528 = DIRECTION ( 'NONE',  ( -0.000000000000000000, -0.000000000000000000, 1.000000000000000000 ) ) ;
#529 =( GEOMETRIC_REPRESENTATION_CONTEXT ( 3 ) GLOBAL_UNCERTAINTY_ASSIGNED_CONTEXT ( ( #1253 ) ) GLOBAL_UNIT_ASSIGNED_CONTEXT ( ( #326, #1522, #1037 ) ) REPRESENTATION_CONTEXT ( 'NONE', 'WORKASPACE' ) );
#530 = DIRECTION ( 'NONE',  ( 0.000000000000000000, -1.000000000000000000, 0.000000000000000000 ) ) ;
#531 = ORIENTED_EDGE ( 'NONE', *, *, #632, .T. ) ;
#532 = B_SPLINE_CURVE_WITH_KNOTS ( 'NONE', 1,
 ( #35, #1298 ),
 .UNSPECIFIED., .F., .F.,
 ( 2, 2 ),
 ( 0.5000000000000000000, 0.8067632850241546194 ),
 .UNSPECIFIED. ) ;
#533 = APPROVAL_DATE_TIME ( #1247, #952 ) ;
#534 = ORIENTED_EDGE ( 'NONE', *, *, #1125, .T. ) ;
#535 = ADVANCED_FACE ( 'NONE', ( #146 ), #444, .T. ) ;
#536 = LINE ( 'NONE', #1676, #1164 ) ;
#537 = DIRECTION ( 'NONE',  ( 1.000000000000000000, 0.000000000000000000, 0.000000000000000000 ) ) ;
#538 = DIRECTION ( 'NONE',  ( -1.000000000000000000, 0.000000000000000000, 0.000000000000000000 ) ) ;
#539 = PLANE ( 'NONE',  #1564 ) ;
#540 = VERTEX_POINT ( 'NONE', #873 ) ;
#541 = ORIENTED_EDGE ( 'NONE', *, *, #1390, .F. ) ;
#542 = FACE_OUTER_BOUND ( 'NONE', #693, .T. ) ;
#543 = LINE ( 'NONE', #799, #1353 ) ;
#544 = ADVANCED_FACE ( 'NONE', ( #565 ), #1457, .T. ) ;
#545 = CARTESIAN_POINT ( 'NONE',  ( 6.270000000000000462, -3.500000000000000444, -0.1999999999999993172 ) ) ;
#546 = VERTEX_POINT ( 'NONE', #156 ) ;
#547 = CARTESIAN_POINT ( 'NONE',  ( 5.635000000000000675, 2.865000000000000213, 0.5000000000000006661 ) ) ;
#548 = ORIENTED_EDGE ( 'NONE', *, *, #843, .T. ) ;
#549 = EDGE_CURVE ( 'NONE', #1004, #889, #1687, .T. ) ;
#550 = EDGE_LOOP ( 'NONE', ( #1431, #1372, #1635, #184 ) ) ;
#551 = CARTESIAN_POINT ( 'NONE',  ( 6.270000000000000462, 4.286263797015736595E-17, 0.3500000000000000333 ) ) ;
#552 = DIRECTION ( 'NONE',  ( 1.000000000000000000, -0.000000000000000000, -0.000000000000000000 ) ) ;
#553 = VECTOR ( 'NONE', #1616, 100.0000000000000000 ) ;
#554 = VECTOR ( 'NONE', #1508, 100.0000000000000000 ) ;
#555 = DIRECTION ( 'NONE',  ( 0.000000000000000000, -1.000000000000000000, 0.000000000000000000 ) ) ;
#556 = CARTESIAN_POINT ( 'NONE',  ( 6.270000000000000462, 3.500000000000000444, 0.2000000000000000111 ) ) ;
#557 = VECTOR ( 'NONE', #669, 100.0000000000000000 ) ;
#558 = CC_DESIGN_APPROVAL ( #706, ( #471 ) ) ;
#559 = EDGE_LOOP ( 'NONE', ( #1483, #848, #1827, #1605 ) ) ;
#560 = ADVANCED_FACE ( 'NONE', ( #852 ), #721, .T. ) ;
#561 = CARTESIAN_POINT ( 'NONE',  ( 6.270000000000000462, 2.850000000000000089, -0.2149999999999999967 ) ) ;
#562 = EDGE_LOOP ( 'NONE', ( #716, #824, #658, #505 ) ) ;
#563 = ORIENTED_EDGE ( 'NONE', *, *, #1708, .T. ) ;
#564 = EDGE_CURVE ( 'NONE', #1572, #1231, #1606, .T. ) ;
#565 = FACE_OUTER_BOUND ( 'NONE', #1750, .T. ) ;
#566 = DIRECTION ( 'NONE',  ( -1.000000000000000000, 0.000000000000000000, 0.000000000000000000 ) ) ;
#567 = LINE ( 'NONE', #1737, #1160 ) ;
#568 = LINE ( 'NONE', #1768, #891 ) ;
#569 = ORIENTED_EDGE ( 'NONE', *, *, #897, .T. ) ;
#570 = EDGE_CURVE ( 'NONE', #130, #1026, #303, .T. ) ;
#571 = ORIENTED_EDGE ( 'NONE', *, *, #1034, .T. ) ;
#572 = DIRECTION ( 'NONE',  ( 0.000000000000000000, -1.000000000000000000, 0.000000000000000000 ) ) ;
#573 = CARTESIAN_POINT ( 'NONE',  ( 0.6350000000000000089, -3.469446951953614189E-16, 3.618428607958274558E-31 ) ) ;
#574 = DIRECTION ( 'NONE',  ( -1.000000000000000000, 0.000000000000000000, -0.000000000000000000 ) ) ;
#575 = CARTESIAN_POINT ( 'NONE',  ( 0.000000000000000000, 2.865000000000000213, -0.2000000000000000111 ) ) ;
#576 = B_SPLINE_CURVE_WITH_KNOTS ( 'NONE', 1,
 ( #312, #1144 ),
 .UNSPECIFIED., .F., .F.,
 ( 2, 2 ),
 ( 0.000000000000000000, 0.3067632850241546194 ),
 .UNSPECIFIED. ) ;
#577 = PLANE ( 'NONE',  #1350 ) ;
#578 = VERTEX_POINT ( 'NONE', #3 ) ;
#579 = ORIENTED_EDGE ( 'NONE', *, *, #399, .F. ) ;
#580 = DIRECTION ( 'NONE',  ( -0.000000000000000000, 1.000000000000000000, 0.000000000000000000 ) ) ;
#581 = FACE_OUTER_BOUND ( 'NONE', #101, .T. ) ;
#582 = DIRECTION ( 'NONE',  ( 0.000000000000000000, 0.000000000000000000, -1.000000000000000000 ) ) ;
#583 = VECTOR ( 'NONE', #1347, 100.0000000000000000 ) ;
#584 = EDGE_CURVE ( 'NONE', #1351, #346, #1237, .T. ) ;
#585 = CARTESIAN_POINT ( 'NONE',  ( 6.270000000000000462, -3.500000000000000444, -1.800000000000000266 ) ) ;
#586 = AXIS2_PLACEMENT_3D ( 'NONE', #1222, #742, #1203 ) ;
#587 = VERTEX_POINT ( 'NONE', #1297 ) ;
#588 = DIRECTION ( 'NONE',  ( -0.000000000000000000, 1.000000000000000000, 0.000000000000000000 ) ) ;
#589 = VERTEX_POINT ( 'NONE', #864 ) ;
#590 = AXIS2_PLACEMENT_3D ( 'NONE', #1349, #772, #1669 ) ;
#591 = AXIS2_PLACEMENT_3D ( 'NONE', #1502, #1078, #1777 ) ;
#592 = ORIENTED_EDGE ( 'NONE', *, *, #1292, .T. ) ;
#593 = DIRECTION ( 'NONE',  ( -1.734723475976806848E-16, 0.000000000000000000, -1.000000000000000000 ) ) ;
#594 = CARTESIAN_POINT ( 'NONE',  ( 5.635000000000000675, -3.500000000000000444, 0.2000000000000007050 ) ) ;
#595 = EDGE_CURVE ( 'NONE', #904, #607, #989, .T. ) ;
#596 = DIRECTION ( 'NONE',  ( 0.000000000000000000, 0.000000000000000000, 1.000000000000000000 ) ) ;
#597 = CARTESIAN_POINT ( 'NONE',  ( 0.000000000000000000, 2.850000000000000089, 0.2149999999999999967 ) ) ;
#598 = ORIENTED_EDGE ( 'NONE', *, *, #164, .T. ) ;
#599 = LINE ( 'NONE', #1148, #980 ) ;
#600 = ORIENTED_EDGE ( 'NONE', *, *, #899, .T. ) ;
#601 = VERTEX_POINT ( 'NONE', #1315 ) ;
#602 = CARTESIAN_POINT ( 'NONE',  ( 5.270000000000000462, 0.000000000000000000, 0.000000000000000000 ) ) ;
#603 = DIRECTION ( 'NONE',  ( 1.000000000000000000, 0.000000000000000000, 0.000000000000000000 ) ) ;
#604 = LINE ( 'NONE', #634, #1659 ) ;
#605 = CARTESIAN_POINT ( 'NONE',  ( -1.270000000000000018, -2.850000000000000089, 0.2150000000000000799 ) ) ;
#606 = EDGE_CURVE ( 'NONE', #877, #1674, #23, .T. ) ;
#607 = VERTEX_POINT ( 'NONE', #835 ) ;
#608 = DIRECTION ( 'NONE',  ( 0.000000000000000000, 0.000000000000000000, -1.000000000000000000 ) ) ;
#609 = PLANE ( 'NONE',  #1124 ) ;
#610 = EDGE_CURVE ( 'NONE', #904, #236, #1173, .T. ) ;
#611 = ORIENTED_EDGE ( 'NONE', *, *, #1070, .F. ) ;
#612 = CARTESIAN_POINT ( 'NONE',  ( 0.6350000000000000089, -2.865000000000000213, -0.1999999999999999278 ) ) ;
#613 = DIRECTION ( 'NONE',  ( 1.000000000000000000, 0.000000000000000000, -0.000000000000000000 ) ) ;
#614 = DIRECTION ( 'NONE',  ( 1.000000000000000000, 0.000000000000000000, 0.000000000000000000 ) ) ;
#615 = VECTOR ( 'NONE', #57, 100.0000000000000000 ) ;
#616 = VERTEX_POINT ( 'NONE', #551 ) ;
#617 = DIRECTION ( 'NONE',  ( 0.000000000000000000, 1.000000000000000000, 0.000000000000000000 ) ) ;
#618 = VECTOR ( 'NONE', #593, 100.0000000000000000 ) ;
#619 = DIRECTION ( 'NONE',  ( 0.000000000000000000, 1.000000000000000000, 0.000000000000000000 ) ) ;
#620 = EDGE_CURVE ( 'NONE', #1147, #320, #1132, .T. ) ;
#621 = ADVANCED_FACE ( 'NONE', ( #273 ), #702, .T. ) ;
#622 = ORIENTED_EDGE ( 'NONE', *, *, #1655, .T. ) ;
#623 = AXIS2_PLACEMENT_3D ( 'NONE', #1809, #218, #1369 ) ;
#624 = VECTOR ( 'NONE', #1648, 100.0000000000000000 ) ;
#625 = DIRECTION ( 'NONE',  ( -1.000000000000000000, -0.000000000000000000, -0.000000000000000000 ) ) ;
#626 = LINE ( 'NONE', #1206, #1685 ) ;
#627 = DIRECTION ( 'NONE',  ( 0.000000000000000000, 1.000000000000000000, 0.000000000000000000 ) ) ;
#628 = ORIENTED_EDGE ( 'NONE', *, *, #151, .T. ) ;
#629 = LINE ( 'NONE', #1073, #554 ) ;
#630 = CARTESIAN_POINT ( 'NONE',  ( 5.635000000000000675, -3.500000000000000444, 0.5000000000000006661 ) ) ;
#631 = ORIENTED_EDGE ( 'NONE', *, *, #1245, .T. ) ;
#632 = EDGE_CURVE ( 'NONE', #546, #917, #1129, .T. ) ;
#633 = CARTESIAN_POINT ( 'NONE',  ( 6.905000000000000249, 2.865000000000000213, 0.2000000000000000111 ) ) ;
#634 = CARTESIAN_POINT ( 'NONE',  ( 0.6350000000000000089, -2.865000000000000213, -0.5000000000000000000 ) ) ;
#635 = FACE_OUTER_BOUND ( 'NONE', #728, .T. ) ;
#636 = EDGE_CURVE ( 'NONE', #1140, #341, #519, .T. ) ;
#637 = ORIENTED_EDGE ( 'NONE', *, *, #987, .F. ) ;
#638 = DIRECTION ( 'NONE',  ( 8.352109954983220072E-33, 0.000000000000000000, -1.000000000000000000 ) ) ;
#639 = VERTEX_POINT ( 'NONE', #481 ) ;
#640 = DIRECTION ( 'NONE',  ( 0.000000000000000000, 0.000000000000000000, 1.000000000000000000 ) ) ;
#641 = DIRECTION ( 'NONE',  ( -1.000000000000000000, -0.000000000000000000, -0.000000000000000000 ) ) ;
#642 = DIRECTION ( 'NONE',  ( -1.000000000000000000, 0.000000000000000000, -0.000000000000000000 ) ) ;
#643 = ORIENTED_EDGE ( 'NONE', *, *, #1371, .F. ) ;
#644 = DIRECTION ( 'NONE',  ( 0.000000000000000000, 1.000000000000000000, 0.000000000000000000 ) ) ;
#645 = VECTOR ( 'NONE', #555, 100.0000000000000000 ) ;
#646 = VECTOR ( 'NONE', #530, 100.0000000000000000 ) ;
#647 = ORIENTED_EDGE ( 'NONE', *, *, #214, .T. ) ;
#648 = APPROVAL_ROLE ( '' ) ;
#649 = CIRCLE ( 'NONE', #1477, 0.6500000000000000222 ) ;
#650 = VECTOR ( 'NONE', #169, 100.0000000000000000 ) ;
#651 = CARTESIAN_POINT ( 'NONE',  ( 6.270000000000000462, -3.500000000000000444, 1.800000000000000266 ) ) ;
#652 = CARTESIAN_POINT ( 'NONE',  ( 5.635000000000000675, -2.865000000000000213, 0.5000000000000006661 ) ) ;
#653 = EDGE_CURVE ( 'NONE', #341, #1507, #203, .T. ) ;
#654 = VERTEX_POINT ( 'NONE', #311 ) ;
#655 = PLANE ( 'NONE',  #679 ) ;
#656 = ORIENTED_EDGE ( 'NONE', *, *, #939, .F. ) ;
#657 = SHAPE_DEFINITION_REPRESENTATION ( #1113, #731 ) ;
#658 = ORIENTED_EDGE ( 'NONE', *, *, #1343, .T. ) ;
#659 = LINE ( 'NONE', #1249, #1787 ) ;
#660 = DIRECTION ( 'NONE',  ( 1.734723475976806848E-16, 0.000000000000000000, 1.000000000000000000 ) ) ;
#661 = VERTEX_POINT ( 'NONE', #1336 ) ;
#662 = CARTESIAN_POINT ( 'NONE',  ( 0.000000000000000000, -3.500000000000000444, 1.800000000000000266 ) ) ;
#663 = ORIENTED_EDGE ( 'NONE', *, *, #1784, .T. ) ;
#664 = EDGE_CURVE ( 'NONE', #452, #306, #1814, .T. ) ;
#665 = PERSON_AND_ORGANIZATION ( #1470, #830 ) ;
#666 = ORIENTED_EDGE ( 'NONE', *, *, #1510, .T. ) ;
#667 = CARTESIAN_POINT ( 'NONE',  ( -1.270000000000000018, -2.850000000000000089, -0.2149999999999999134 ) ) ;
#668 = APPLICATION_CONTEXT ( 'configuration controlled 3d designs of mechanical parts and assemblies' ) ;
#669 = DIRECTION ( 'NONE',  ( 1.000000000000000000, 0.000000000000000000, 1.387778780781445676E-16 ) ) ;
#670 = VERTEX_POINT ( 'NONE', #1358 ) ;
#671 = CARTESIAN_POINT ( 'NONE',  ( 0.6350000000000000089, 3.500000000000000444, 0.5000000000000000000 ) ) ;
#672 = DIRECTION ( 'NONE',  ( 1.000000000000000000, -0.000000000000000000, 0.000000000000000000 ) ) ;
#673 = ORIENTED_EDGE ( 'NONE', *, *, #549, .T. ) ;
#674 = EDGE_CURVE ( 'NONE', #797, #479, #53, .T. ) ;
#675 = APPROVAL_ROLE ( '' ) ;
#676 = VERTEX_POINT ( 'NONE', #1099 ) ;
#677 = VECTOR ( 'NONE', #1709, 100.0000000000000000 ) ;
#678 = DIRECTION ( 'NONE',  ( 1.000000000000000000, 0.000000000000000000, -0.000000000000000000 ) ) ;
#679 = AXIS2_PLACEMENT_3D ( 'NONE', #358, #237, #1671 ) ;
#680 = CARTESIAN_POINT ( 'NONE',  ( 0.000000000000000000, 3.500000000000000444, -0.2000000000000000111 ) ) ;
#681 = VECTOR ( 'NONE', #427, 100.0000000000000000 ) ;
#682 = DIRECTION ( 'NONE',  ( 0.000000000000000000, 1.000000000000000000, 0.000000000000000000 ) ) ;
#683 = PRODUCT_DEFINITION_FORMATION_WITH_SPECIFIED_SOURCE ( 'ANY', '', #1407, .NOT_KNOWN. ) ;
#684 = DIRECTION ( 'NONE',  ( -1.000000000000000000, -0.000000000000000000, -0.000000000000000000 ) ) ;
#685 = ORIENTED_EDGE ( 'NONE', *, *, #1263, .F. ) ;
#686 = ADVANCED_FACE ( 'NONE', ( #462 ), #896, .F. ) ;
#687 = VERTEX_POINT ( 'NONE', #42 ) ;
#688 = CARTESIAN_POINT ( 'NONE',  ( 5.635000000000000675, -2.850000000000000089, -0.2149999999999993028 ) ) ;
#689 = DIRECTION ( 'NONE',  ( 0.000000000000000000, 0.000000000000000000, 1.000000000000000000 ) ) ;
#690 = EDGE_CURVE ( 'NONE', #877, #895, #174, .T. ) ;
#691 = CARTESIAN_POINT ( 'NONE',  ( 0.6349999999999997868, -2.850000000000000089, -0.2149999999999999134 ) ) ;
#692 = CARTESIAN_POINT ( 'NONE',  ( 5.635000000000000675, 0.000000000000000000, 0.000000000000000000 ) ) ;
#693 = EDGE_LOOP ( 'NONE', ( #155, #1150, #1171, #1325 ) ) ;
#694 = VERTEX_POINT ( 'NONE', #1036 ) ;
#695 = CARTESIAN_POINT ( 'NONE',  ( 0.000000000000000000, 2.865000000000000213, -0.2000000000000000111 ) ) ;
#696 = DIRECTION ( 'NONE',  ( -1.734723475976806848E-16, 0.000000000000000000, -1.000000000000000000 ) ) ;
#697 = DIRECTION ( 'NONE',  ( -1.000000000000000000, 0.000000000000000000, 1.387778780781445676E-16 ) ) ;
#698 = ORIENTED_EDGE ( 'NONE', *, *, #30, .F. ) ;
#699 = CLOSED_SHELL ( 'NONE', ( #1365, #1562, #1613, #1883, #1093, #560, #283, #1229, #1403, #323, #1413, #1854, #729, #153 ) ) ;
#700 = ORIENTED_EDGE ( 'NONE', *, *, #1568, .T. ) ;
#701 = AXIS2_PLACEMENT_3D ( 'NONE', #492, #475, #1068 ) ;
#702 = PLANE ( 'NONE',  #1284 ) ;
#703 = LINE ( 'NONE', #1288, #1482 ) ;
#704 = CARTESIAN_POINT ( 'NONE',  ( 7.540000000000000924, -2.850000000000000089, -0.2149999999999993028 ) ) ;
#705 = CARTESIAN_POINT ( 'NONE',  ( 5.635000000000000675, -2.865000000000000213, 0.5000000000000006661 ) ) ;
#706 = APPROVAL ( #960, 'UNSPECIFIED' ) ;
#707 = AXIS2_PLACEMENT_3D ( 'NONE', #508, #502, #1236 ) ;
#708 = ADVANCED_FACE ( 'NONE', ( #352, #776 ), #1182, .T. ) ;
#709 = AXIS2_PLACEMENT_3D ( 'NONE', #1494, #499, #1183 ) ;
#710 = VERTEX_POINT ( 'NONE', #1776 ) ;
#711 = ORIENTED_EDGE ( 'NONE', *, *, #1577, .T. ) ;
#712 = CARTESIAN_POINT ( 'NONE',  ( 0.6350000000000000089, -3.500000000000000444, 0.2000000000000000944 ) ) ;
#713 = LINE ( 'NONE', #874, #1011 ) ;
#714 = FACE_OUTER_BOUND ( 'NONE', #1625, .T. ) ;
#715 = LINE ( 'NONE', #585, #261 ) ;
#716 = ORIENTED_EDGE ( 'NONE', *, *, #1118, .F. ) ;
#717 = DIRECTION ( 'NONE',  ( 0.000000000000000000, 1.000000000000000000, 0.000000000000000000 ) ) ;
#718 = EDGE_LOOP ( 'NONE', ( #815, #1824, #985, #226 ) ) ;
#719 = ORIENTED_EDGE ( 'NONE', *, *, #1180, .T. ) ;
#720 = EDGE_CURVE ( 'NONE', #607, #247, #324, .T. ) ;
#721 = PLANE ( 'NONE',  #1443 ) ;
#722 = CARTESIAN_POINT ( 'NONE',  ( 0.6350000000000000089, -3.500000000000000444, -0.5000000000000000000 ) ) ;
#723 = LINE ( 'NONE', #991, #315 ) ;
#724 = CARTESIAN_POINT ( 'NONE',  ( 0.000000000000000000, -3.500000000000000444, 0.000000000000000000 ) ) ;
#725 = ORIENTED_EDGE ( 'NONE', *, *, #906, .T. ) ;
#726 = DIRECTION ( 'NONE',  ( -1.000000000000000000, 0.000000000000000000, -0.000000000000000000 ) ) ;
#727 = VERTEX_POINT ( 'NONE', #993 ) ;
#728 = EDGE_LOOP ( 'NONE', ( #228, #263, #1120, #1106 ) ) ;
#729 = ADVANCED_FACE ( 'NONE', ( #958 ), #131, .T. ) ;
#730 = EDGE_CURVE ( 'NONE', #1545, #929, #115, .T. ) ;
#731 = ADVANCED_BREP_SHAPE_REPRESENTATION ( 'bucket long', ( #1578, #937, #1547, #290, #1599 ), #529 ) ;
#732 = CARTESIAN_POINT ( 'NONE',  ( 5.635000000000000675, -3.500000000000000444, -0.1999999999999993172 ) ) ;
#733 = DIRECTION ( 'NONE',  ( 1.000000000000000000, -0.000000000000000000, -0.000000000000000000 ) ) ;
#734 = LINE ( 'NONE', #1479, #402 ) ;
#735 = CARTESIAN_POINT ( 'NONE',  ( 5.635000000000000675, 0.000000000000000000, 0.000000000000000000 ) ) ;
#736 = VECTOR ( 'NONE', #1139, 100.0000000000000000 ) ;
#737 = ORIENTED_EDGE ( 'NONE', *, *, #1025, .T. ) ;
#738 = CARTESIAN_POINT ( 'NONE',  ( 7.540000000000000924, -2.850000000000000089, 0.2150000000000006906 ) ) ;
#739 = ORIENTED_EDGE ( 'NONE', *, *, #25, .T. ) ;
#740 = VECTOR ( 'NONE', #983, 100.0000000000000000 ) ;
#741 = ORIENTED_EDGE ( 'NONE', *, *, #595, .T. ) ;
#742 = DIRECTION ( 'NONE',  ( 1.000000000000000000, 0.000000000000000000, 0.000000000000000000 ) ) ;
#743 = EDGE_CURVE ( 'NONE', #781, #389, #1553, .T. ) ;
#744 = PLANE ( 'NONE',  #1665 ) ;
#745 = CARTESIAN_POINT ( 'NONE',  ( 6.270000000000000462, 0.000000000000000000, 0.000000000000000000 ) ) ;
#746 = FACE_OUTER_BOUND ( 'NONE', #1858, .T. ) ;
#747 = EDGE_CURVE ( 'NONE', #1097, #306, #1881, .T. ) ;
#748 = ORIENTED_EDGE ( 'NONE', *, *, #264, .F. ) ;
#749 = LINE ( 'NONE', #1739, #1230 ) ;
#750 = DIRECTION ( 'NONE',  ( 0.000000000000000000, 0.000000000000000000, -1.000000000000000000 ) ) ;
#751 = VERTEX_POINT ( 'NONE', #984 ) ;
#752 = DIRECTION ( 'NONE',  ( 0.000000000000000000, -1.000000000000000000, 0.000000000000000000 ) ) ;
#753 = CARTESIAN_POINT ( 'NONE',  ( 0.000000000000000000, -2.850000000000000089, 0.2150000000000000799 ) ) ;
#754 = CARTESIAN_POINT ( 'NONE',  ( 0.000000000000000000, 2.850000000000000089, -0.2149999999999999967 ) ) ;
#755 = EDGE_CURVE ( 'NONE', #909, #68, #436, .T. ) ;
#756 = EDGE_LOOP ( 'NONE', ( #1761, #77, #872, #329 ) ) ;
#757 = DIRECTION ( 'NONE',  ( 0.000000000000000000, 0.000000000000000000, -1.000000000000000000 ) ) ;
#758 = EDGE_LOOP ( 'NONE', ( #1473, #1527, #1405, #84 ) ) ;
#759 = DIRECTION ( 'NONE',  ( 0.000000000000000000, 0.000000000000000000, -1.000000000000000000 ) ) ;
#760 = CARTESIAN_POINT ( 'NONE',  ( 6.270000000000000462, 0.000000000000000000, 5.303589821414345533E-33 ) ) ;
#761 = PLANE ( 'NONE',  #138 ) ;
#762 = FACE_OUTER_BOUND ( 'NONE', #813, .T. ) ;
#763 = ORIENTED_EDGE ( 'NONE', *, *, #897, .F. ) ;
#764 = LINE ( 'NONE', #211, #1722 ) ;
#765 = EDGE_CURVE ( 'NONE', #751, #710, #838, .T. ) ;
#766 = VECTOR ( 'NONE', #99, 100.0000000000000000 ) ;
#767 = ORIENTED_EDGE ( 'NONE', *, *, #664, .F. ) ;
#768 = EDGE_LOOP ( 'NONE', ( #1303, #1112, #412, #1471 ) ) ;
#769 = AXIS2_PLACEMENT_3D ( 'NONE', #92, #1116, #660 ) ;
#770 = LINE ( 'NONE', #1788, #1107 ) ;
#771 = DIRECTION ( 'NONE',  ( 1.000000000000000000, 0.000000000000000000, -0.000000000000000000 ) ) ;
#772 = DIRECTION ( 'NONE',  ( 0.000000000000000000, -1.000000000000000000, -0.000000000000000000 ) ) ;
#773 = ORIENTED_EDGE ( 'NONE', *, *, #1020, .T. ) ;
#774 = CARTESIAN_POINT ( 'NONE',  ( 6.905000000000000249, -2.865000000000000213, -0.1999999999999993172 ) ) ;
#775 = ORIENTED_EDGE ( 'NONE', *, *, #151, .F. ) ;
#776 = FACE_OUTER_BOUND ( 'NONE', #1775, .T. ) ;
#777 = CARTESIAN_POINT ( 'NONE',  ( 6.270000000000000462, -3.500000000000000444, -1.800000000000000266 ) ) ;
#778 = EDGE_CURVE ( 'NONE', #956, #1141, #1432, .T. ) ;
#779 = FACE_OUTER_BOUND ( 'NONE', #1296, .T. ) ;
#780 = DIRECTION ( 'NONE',  ( -1.000000000000000000, -0.000000000000000000, -0.000000000000000000 ) ) ;
#781 = VERTEX_POINT ( 'NONE', #1265 ) ;
#782 = LINE ( 'NONE', #1653, #379 ) ;
#783 = ORIENTED_EDGE ( 'NONE', *, *, #690, .T. ) ;
#784 = ADVANCED_FACE ( 'NONE', ( #1856 ), #539, .T. ) ;
#785 = CARTESIAN_POINT ( 'NONE',  ( 0.6350000000000000089, -3.469446951953614189E-16, 3.618428607958274558E-31 ) ) ;
#786 = LINE ( 'NONE', #1523, #50 ) ;
#787 = FACE_OUTER_BOUND ( 'NONE', #1227, .T. ) ;
#788 = VERTEX_POINT ( 'NONE', #384 ) ;
#789 = FACE_OUTER_BOUND ( 'NONE', #1101, .T. ) ;
#790 = AXIS2_PLACEMENT_3D ( 'NONE', #1145, #596, #313 ) ;
#791 = VECTOR ( 'NONE', #1032, 100.0000000000000000 ) ;
#792 = B_SPLINE_CURVE_WITH_KNOTS ( 'NONE', 1,
 ( #339, #910 ),
 .UNSPECIFIED., .F., .F.,
 ( 2, 2 ),
 ( 0.000000000000000000, 0.3067632850241546194 ),
 .UNSPECIFIED. ) ;
#793 = EDGE_LOOP ( 'NONE', ( #338, #1525 ) ) ;
#794 = VECTOR ( 'NONE', #487, 100.0000000000000000 ) ;
#795 = APPROVAL_STATUS ( 'not_yet_approved' ) ;
#796 = VECTOR ( 'NONE', #314, 100.0000000000000000 ) ;
#797 = VERTEX_POINT ( 'NONE', #1563 ) ;
#798 = DIRECTION ( 'NONE',  ( -0.000000000000000000, 1.000000000000000000, 0.000000000000000000 ) ) ;
#799 = CARTESIAN_POINT ( 'NONE',  ( 0.000000000000000000, -2.865000000000000213, 0.2000000000000000944 ) ) ;
#800 = ORIENTED_EDGE ( 'NONE', *, *, #1530, .F. ) ;
#801 = LINE ( 'NONE', #371, #1041 ) ;
#802 = EDGE_CURVE ( 'NONE', #1763, #788, #1862, .T. ) ;
#803 = VERTEX_POINT ( 'NONE', #262 ) ;
#804 = PERSON_AND_ORGANIZATION_ROLE ( 'design_owner' ) ;
#805 = ORIENTED_EDGE ( 'NONE', *, *, #391, .T. ) ;
#806 = CARTESIAN_POINT ( 'NONE',  ( 6.270000000000000462, -3.500000000000000444, 1.800000000000000266 ) ) ;
#807 = FACE_OUTER_BOUND ( 'NONE', #181, .T. ) ;
#808 = ORIENTED_EDGE ( 'NONE', *, *, #1212, .F. ) ;
#809 = DIRECTION ( 'NONE',  ( 0.000000000000000000, 1.000000000000000000, 0.000000000000000000 ) ) ;
#810 = EDGE_CURVE ( 'NONE', #1130, #1644, #1817, .T. ) ;
#811 = EDGE_CURVE ( 'NONE', #249, #1002, #831, .T. ) ;
#812 = DIRECTION ( 'NONE',  ( 0.000000000000000000, 0.000000000000000000, -1.000000000000000000 ) ) ;
#813 = EDGE_LOOP ( 'NONE', ( #1335, #1282, #9, #244 ) ) ;
#814 = APPLICATION_PROTOCOL_DEFINITION ( 'international standard', 'config_control_design', 1994, #668 ) ;
#815 = ORIENTED_EDGE ( 'NONE', *, *, #1552, .F. ) ;
#816 = CARTESIAN_POINT ( 'NONE',  ( -0.6350000000000000089, -3.500000000000000444, 0.2000000000000000944 ) ) ;
#817 = CARTESIAN_POINT ( 'NONE',  ( 7.540000000000000924, 2.850000000000000089, -0.2149999999999999967 ) ) ;
#818 = CARTESIAN_POINT ( 'NONE',  ( 0.000000000000000000, -2.865000000000000213, 0.2000000000000000944 ) ) ;
#819 = VECTOR ( 'NONE', #1210, 100.0000000000000000 ) ;
#820 = EDGE_CURVE ( 'NONE', #1190, #130, #1370, .T. ) ;
#821 = ORIENTED_EDGE ( 'NONE', *, *, #843, .F. ) ;
#822 = VECTOR ( 'NONE', #446, 100.0000000000000000 ) ;
#823 = DATE_AND_TIME ( #1241, #1756 ) ;
#824 = ORIENTED_EDGE ( 'NONE', *, *, #1838, .F. ) ;
#825 = VECTOR ( 'NONE', #1575, 100.0000000000000000 ) ;
#826 = ADVANCED_FACE ( 'NONE', ( #1255 ), #1581, .T. ) ;
#827 = DIRECTION ( 'NONE',  ( 0.000000000000000000, 0.000000000000000000, -1.000000000000000000 ) ) ;
#828 = AXIS2_PLACEMENT_3D ( 'NONE', #652, #1818, #1207 ) ;
#829 = PLANE ( 'NONE',  #205 ) ;
#830 = ORGANIZATION ( 'UNSPECIFIED', 'UNSPECIFIED', '' ) ;
#831 = LINE ( 'NONE', #420, #1751 ) ;
#832 = ORIENTED_EDGE ( 'NONE', *, *, #1810, .F. ) ;
#833 = DIRECTION ( 'NONE',  ( 0.000000000000000000, 0.000000000000000000, 1.000000000000000000 ) ) ;
#834 = ORIENTED_EDGE ( 'NONE', *, *, #376, .T. ) ;
#835 = CARTESIAN_POINT ( 'NONE',  ( 6.270000000000000462, 3.500000000000000444, 0.2149999999999999967 ) ) ;
#836 = CARTESIAN_POINT ( 'NONE',  ( 0.6350000000000000089, 2.865000000000000213, 0.5000000000000000000 ) ) ;
#837 = PLANE ( 'NONE',  #950 ) ;
#838 = LINE ( 'NONE', #974, #1074 ) ;
#839 = EDGE_LOOP ( 'NONE', ( #1042, #142, #1462, #821 ) ) ;
#840 = ORIENTED_EDGE ( 'NONE', *, *, #1268, .F. ) ;
#841 = ADVANCED_FACE ( 'NONE', ( #1188 ), #1622, .F. ) ;
#842 = FACE_OUTER_BOUND ( 'NONE', #1387, .T. ) ;
#843 = EDGE_CURVE ( 'NONE', #308, #1140, #287, .T. ) ;
#844 = DIRECTION ( 'NONE',  ( 0.000000000000000000, -0.000000000000000000, 1.000000000000000000 ) ) ;
#845 = FACE_OUTER_BOUND ( 'NONE', #221, .T. ) ;
#846 = DIRECTION ( 'NONE',  ( 1.000000000000000000, 0.000000000000000000, 0.000000000000000000 ) ) ;
#847 = CARTESIAN_POINT ( 'NONE',  ( 0.6350000000000000089, -3.500000000000000444, 1.800000000000000266 ) ) ;
#848 = ORIENTED_EDGE ( 'NONE', *, *, #271, .F. ) ;
#849 = CLOSED_SHELL ( 'NONE', ( #1837, #1189, #826, #1514, #1438, #1214, #276, #784, #1869, #525, #1452, #243, #415, #474, #87, #880 ) ) ;
#850 = VERTEX_POINT ( 'NONE', #1312 ) ;
#851 = VECTOR ( 'NONE', #267, 100.0000000000000000 ) ;
#852 = FACE_OUTER_BOUND ( 'NONE', #550, .T. ) ;
#853 = FACE_OUTER_BOUND ( 'NONE', #477, .T. ) ;
#854 = VECTOR ( 'NONE', #1050, 100.0000000000000000 ) ;
#855 = FACE_OUTER_BOUND ( 'NONE', #1399, .T. ) ;
#856 = DIRECTION ( 'NONE',  ( 0.000000000000000000, 0.000000000000000000, 1.000000000000000000 ) ) ;
#857 = VECTOR ( 'NONE', #827, 100.0000000000000000 ) ;
#858 = AXIS2_PLACEMENT_3D ( 'NONE', #1327, #566, #1736 ) ;
#859 = ORIENTED_EDGE ( 'NONE', *, *, #1062, .F. ) ;
#860 = PLANE ( 'NONE',  #1871 ) ;
#861 = ORIENTED_EDGE ( 'NONE', *, *, #255, .F. ) ;
#862 = EDGE_CURVE ( 'NONE', #670, #1172, #1178, .T. ) ;
#863 = ORIENTED_EDGE ( 'NONE', *, *, #1604, .T. ) ;
#864 = CARTESIAN_POINT ( 'NONE',  ( 5.635000000000000675, -2.865000000000000213, 0.2000000000000007050 ) ) ;
#865 = CARTESIAN_POINT ( 'NONE',  ( 5.635000000000000675, -2.865000000000000213, 0.5000000000000006661 ) ) ;
#866 = CARTESIAN_POINT ( 'NONE',  ( 6.270000000000000462, -2.865000000000000213, 0.2000000000000007050 ) ) ;
#867 = PLANE ( 'NONE',  #1259 ) ;
#868 = EDGE_CURVE ( 'NONE', #1674, #479, #160, .T. ) ;
#869 = LINE ( 'NONE', #1013, #791 ) ;
#870 = EDGE_CURVE ( 'NONE', #306, #229, #869, .T. ) ;
#871 = ORIENTED_EDGE ( 'NONE', *, *, #225, .T. ) ;
#872 = ORIENTED_EDGE ( 'NONE', *, *, #1371, .T. ) ;
#873 = CARTESIAN_POINT ( 'NONE',  ( 0.6350000000000000089, 2.865000000000000213, 0.2000000000000000111 ) ) ;
#874 = CARTESIAN_POINT ( 'NONE',  ( -0.6350000000000000089, -2.865000000000000213, -0.1999999999999999278 ) ) ;
#875 = PLANE ( 'NONE',  #790 ) ;
#876 = LINE ( 'NONE', #305, #1724 ) ;
#877 = VERTEX_POINT ( 'NONE', #466 ) ;
#878 = CARTESIAN_POINT ( 'NONE',  ( 6.270000000000000462, 3.500000000000000444, -0.2149999999999999134 ) ) ;
#879 = ORIENTED_EDGE ( 'NONE', *, *, #720, .T. ) ;
#880 = ADVANCED_FACE ( 'NONE', ( #18 ), #860, .F. ) ;
#881 = VECTOR ( 'NONE', #1500, 100.0000000000000000 ) ;
#882 = ORIENTED_EDGE ( 'NONE', *, *, #1092, .F. ) ;
#883 = CARTESIAN_POINT ( 'NONE',  ( 0.6350000000000000089, -3.469446951953614189E-16, 0.6500000000000000222 ) ) ;
#884 = ADVANCED_FACE ( 'NONE', ( #1772 ), #577, .F. ) ;
#885 = DIRECTION ( 'NONE',  ( -1.000000000000000000, -0.000000000000000000, 1.387778780781445676E-16 ) ) ;
#886 = AXIS2_PLACEMENT_3D ( 'NONE', #1590, #1460, #726 ) ;
#887 = CARTESIAN_POINT ( 'NONE',  ( 0.6350000000000000089, 3.500000000000000444, 0.2000000000000000111 ) ) ;
#888 = VECTOR ( 'NONE', #1239, 100.0000000000000000 ) ;
#889 = VERTEX_POINT ( 'NONE', #1323 ) ;
#890 = CARTESIAN_POINT ( 'NONE',  ( 5.635000000000000675, 0.000000000000000000, -0.3500000000000000333 ) ) ;
#891 = VECTOR ( 'NONE', #1467, 100.0000000000000000 ) ;
#892 = CARTESIAN_POINT ( 'NONE',  ( 5.635000000000000675, -3.500000000000000444, 1.800000000000000266 ) ) ;
#893 = VECTOR ( 'NONE', #297, 100.0000000000000000 ) ;
#894 = VECTOR ( 'NONE', #1375, 100.0000000000000000 ) ;
#895 = VERTEX_POINT ( 'NONE', #1157 ) ;
#896 = CYLINDRICAL_SURFACE ( 'NONE', #1661, 0.3500000000000000333 ) ;
#897 = EDGE_CURVE ( 'NONE', #1190, #249, #599, .T. ) ;
#898 = CARTESIAN_POINT ( 'NONE',  ( -1.270000000000000018, 2.850000000000000089, -0.2149999999999999967 ) ) ;
#899 = EDGE_CURVE ( 'NONE', #1703, #364, #749, .T. ) ;
#900 = DIRECTION ( 'NONE',  ( 1.000000000000000000, -0.000000000000000000, -0.000000000000000000 ) ) ;
#901 = EDGE_LOOP ( 'NONE', ( #1583, #430, #1565, #172 ) ) ;
#902 = CARTESIAN_POINT ( 'NONE',  ( 5.635000000000000675, -3.500000000000000444, -0.4999999999999993339 ) ) ;
#903 = LINE ( 'NONE', #468, #1344 ) ;
#904 = VERTEX_POINT ( 'NONE', #1781 ) ;
#905 = LINE ( 'NONE', #777, #86 ) ;
#906 = EDGE_CURVE ( 'NONE', #1149, #41, #1491, .T. ) ;
#907 = CARTESIAN_POINT ( 'NONE',  ( 5.635000000000000675, -3.500000000000000444, 0.2150000000000006073 ) ) ;
#908 = CARTESIAN_POINT ( 'NONE',  ( 0.000000000000000000, 0.000000000000000000, 0.000000000000000000 ) ) ;
#909 = VERTEX_POINT ( 'NONE', #890 ) ;
#910 = CARTESIAN_POINT ( 'NONE',  ( 0.6350000000000000089, 2.865000000000000213, 0.2000000000000000111 ) ) ;
#911 = ORIENTED_EDGE ( 'NONE', *, *, #986, .F. ) ;
#912 = EDGE_LOOP ( 'NONE', ( #443, #280, #1031, #737 ) ) ;
#913 = LINE ( 'NONE', #1204, #1355 ) ;
#914 = PLANE ( 'NONE',  #1281 ) ;
#915 = FACE_BOUND ( 'NONE', #1285, .T. ) ;
#916 = CIRCLE ( 'NONE', #1441, 0.3500000000000000333 ) ;
#917 = VERTEX_POINT ( 'NONE', #1749 ) ;
#918 = DIRECTION ( 'NONE',  ( 0.000000000000000000, 0.000000000000000000, -1.000000000000000000 ) ) ;
#919 = VECTOR ( 'NONE', #368, 100.0000000000000000 ) ;
#920 = EDGE_CURVE ( 'NONE', #1266, #788, #1469, .T. ) ;
#921 = ORIENTED_EDGE ( 'NONE', *, *, #1283, .F. ) ;
#922 = EDGE_CURVE ( 'NONE', #994, #540, #1022, .T. ) ;
#923 = ORIENTED_EDGE ( 'NONE', *, *, #1497, .T. ) ;
#924 = VECTOR ( 'NONE', #1488, 100.0000000000000000 ) ;
#925 = CC_DESIGN_SECURITY_CLASSIFICATION ( #471, ( #683 ) ) ;
#926 = DIRECTION ( 'NONE',  ( 0.000000000000000000, 0.000000000000000000, -1.000000000000000000 ) ) ;
#927 = DIRECTION ( 'NONE',  ( -0.000000000000000000, -0.000000000000000000, 1.000000000000000000 ) ) ;
#928 = CARTESIAN_POINT ( 'NONE',  ( 6.905000000000000249, -2.865000000000000213, 0.2000000000000007050 ) ) ;
#929 = VERTEX_POINT ( 'NONE', #1333 ) ;
#930 = CARTESIAN_POINT ( 'NONE',  ( 6.270000000000000462, -3.500000000000000444, 0.2150000000000006906 ) ) ;
#931 = EDGE_CURVE ( 'NONE', #917, #546, #649, .T. ) ;
#932 = ORIENTED_EDGE ( 'NONE', *, *, #1212, .T. ) ;
#933 = CARTESIAN_POINT ( 'NONE',  ( 5.635000000000000675, -3.500000000000000444, 0.2000000000000007050 ) ) ;
#934 = LINE ( 'NONE', #1801, #500 ) ;
#935 = ORIENTED_EDGE ( 'NONE', *, *, #271, .T. ) ;
#936 = LINE ( 'NONE', #774, #948 ) ;
#937 = MANIFOLD_SOLID_BREP ( 'Tab and Slot-Tab3', #699 ) ;
#938 = VERTEX_POINT ( 'NONE', #1602 ) ;
#939 = EDGE_CURVE ( 'NONE', #1141, #161, #299, .T. ) ;
#940 = DATE_TIME_ROLE ( 'classification_date' ) ;
#941 = PLANE ( 'NONE',  #286 ) ;
#942 = FACE_BOUND ( 'NONE', #1813, .T. ) ;
#943 = EDGE_CURVE ( 'NONE', #1097, #1075, #1636, .T. ) ;
#944 = ORIENTED_EDGE ( 'NONE', *, *, #986, .T. ) ;
#945 = CARTESIAN_POINT ( 'NONE',  ( 5.635000000000000675, 3.500000000000000444, -0.5000000000000006661 ) ) ;
#946 = AXIS2_PLACEMENT_3D ( 'NONE', #1816, #335, #1038 ) ;
#947 = ORIENTED_EDGE ( 'NONE', *, *, #1304, .T. ) ;
#948 = VECTOR ( 'NONE', #1373, 100.0000000000000000 ) ;
#949 = CALENDAR_DATE ( 2026, 8, 9 ) ;
#950 = AXIS2_PLACEMENT_3D ( 'NONE', #1430, #159, #1588 ) ;
#951 = VERTEX_POINT ( 'NONE', #47 ) ;
#952 = APPROVAL ( #795, 'UNSPECIFIED' ) ;
#953 = DIRECTION ( 'NONE',  ( 1.000000000000000000, -0.000000000000000000, -0.000000000000000000 ) ) ;
#954 = EDGE_CURVE ( 'NONE', #249, #1026, #428, .T. ) ;
#955 = CARTESIAN_POINT ( 'NONE',  ( 5.635000000000000675, -3.500000000000000444, 0.5000000000000006661 ) ) ;
#956 = VERTEX_POINT ( 'NONE', #504 ) ;
#957 = CARTESIAN_POINT ( 'NONE',  ( 5.635000000000000675, -0.000000000000000000, -0.2149999999999999967 ) ) ;
#958 = FACE_OUTER_BOUND ( 'NONE', #150, .T. ) ;
#959 = ORIENTED_EDGE ( 'NONE', *, *, #1629, .F. ) ;
#960 = APPROVAL_STATUS ( 'not_yet_approved' ) ;
#961 = ORIENTED_EDGE ( 'NONE', *, *, #48, .T. ) ;
#962 = LINE ( 'NONE', #1095, #851 ) ;
#963 = DIRECTION ( 'NONE',  ( 0.000000000000000000, 0.000000000000000000, 1.000000000000000000 ) ) ;
#964 = ADVANCED_FACE ( 'NONE', ( #85 ), #655, .T. ) ;
#965 = ORIENTED_EDGE ( 'NONE', *, *, #664, .T. ) ;
#966 = DIRECTION ( 'NONE',  ( -1.387778780781445676E-16, 0.000000000000000000, -1.000000000000000000 ) ) ;
#967 = ORIENTED_EDGE ( 'NONE', *, *, #95, .T. ) ;
#968 = EDGE_CURVE ( 'NONE', #540, #1836, #764, .T. ) ;
#969 = PERSON_AND_ORGANIZATION ( #1470, #830 ) ;
#970 = ORIENTED_EDGE ( 'NONE', *, *, #512, .T. ) ;
#971 = CARTESIAN_POINT ( 'NONE',  ( 6.270000000000000462, 3.500000000000000444, 1.800000000000000266 ) ) ;
#972 = CARTESIAN_POINT ( 'NONE',  ( -1.270000000000000018, 2.850000000000000089, -0.2149999999999999967 ) ) ;
#973 = LINE ( 'NONE', #671, #1631 ) ;
#974 = CARTESIAN_POINT ( 'NONE',  ( 6.270000000000000462, -2.865000000000000213, -0.1999999999999993172 ) ) ;
#975 = ORIENTED_EDGE ( 'NONE', *, *, #143, .T. ) ;
#976 = VECTOR ( 'NONE', #14, 100.0000000000000000 ) ;
#977 = ORIENTED_EDGE ( 'NONE', *, *, #345, .F. ) ;
#978 = VECTOR ( 'NONE', #1435, 100.0000000000000000 ) ;
#979 = CARTESIAN_POINT ( 'NONE',  ( 5.635000000000000675, 2.865000000000000213, 0.2000000000000000111 ) ) ;
#980 = VECTOR ( 'NONE', #459, 100.0000000000000000 ) ;
#981 = LINE ( 'NONE', #680, #526 ) ;
#982 = AXIS2_PLACEMENT_3D ( 'NONE', #908, #1496, #195 ) ;
#983 = DIRECTION ( 'NONE',  ( -1.000000000000000000, 0.000000000000000000, 0.000000000000000000 ) ) ;
#984 = CARTESIAN_POINT ( 'NONE',  ( 6.270000000000000462, -2.865000000000000213, -0.1999999999999993172 ) ) ;
#985 = ORIENTED_EDGE ( 'NONE', *, *, #1437, .F. ) ;
#986 = EDGE_CURVE ( 'NONE', #1357, #452, #478, .T. ) ;
#987 = EDGE_CURVE ( 'NONE', #751, #1351, #936, .T. ) ;
#988 = ORIENTED_EDGE ( 'NONE', *, *, #1706, .T. ) ;
#989 = LINE ( 'NONE', #1153, #978 ) ;
#990 = CARTESIAN_POINT ( 'NONE',  ( 6.270000000000000462, 2.850000000000000089, 0.2149999999999999967 ) ) ;
#991 = CARTESIAN_POINT ( 'NONE',  ( 0.6350000000000000089, -2.673426532507834641E-16, -0.6500000000000000222 ) ) ;
#992 = CARTESIAN_POINT ( 'NONE',  ( 6.905000000000000249, -3.500000000000000444, -0.1999999999999993172 ) ) ;
#993 = CARTESIAN_POINT ( 'NONE',  ( 0.6350000000000001199, -2.865000000000000213, 0.5000000000000001110 ) ) ;
#994 = VERTEX_POINT ( 'NONE', #1228 ) ;
#995 = VERTEX_POINT ( 'NONE', #1526 ) ;
#996 = DIRECTION ( 'NONE',  ( -1.000000000000000000, -0.000000000000000000, -0.000000000000000000 ) ) ;
#997 = DIRECTION ( 'NONE',  ( 1.000000000000000000, -0.000000000000000000, -0.000000000000000000 ) ) ;
#998 = CARTESIAN_POINT ( 'NONE',  ( 0.6350000000000000089, 2.865000000000000213, -0.5000000000000000000 ) ) ;
#999 = EDGE_CURVE ( 'NONE', #1251, #797, #782, .T. ) ;
#1000 = DIRECTION ( 'NONE',  ( 0.000000000000000000, 1.000000000000000000, 0.000000000000000000 ) ) ;
#1001 = CARTESIAN_POINT ( 'NONE',  ( 6.270000000000000462, 3.500000000000000444, -0.2000000000000000111 ) ) ;
#1002 = VERTEX_POINT ( 'NONE', #1499 ) ;
#1003 = AXIS2_PLACEMENT_3D ( 'NONE', #1450, #455, #1466 ) ;
#1004 = VERTEX_POINT ( 'NONE', #1363 ) ;
#1005 = DIRECTION ( 'NONE',  ( 0.000000000000000000, 0.000000000000000000, -1.000000000000000000 ) ) ;
#1006 = DIRECTION ( 'NONE',  ( 0.000000000000000000, 0.000000000000000000, -1.000000000000000000 ) ) ;
#1007 = VECTOR ( 'NONE', #176, 100.0000000000000000 ) ;
#1008 = ADVANCED_FACE ( 'NONE', ( #1198, #197 ), #347, .F. ) ;
#1009 = CARTESIAN_POINT ( 'NONE',  ( 6.270000000000000462, 0.000000000000000000, -0.3500000000000000333 ) ) ;
#1010 = DIRECTION ( 'NONE',  ( 0.000000000000000000, 1.000000000000000000, 0.000000000000000000 ) ) ;
#1011 = VECTOR ( 'NONE', #997, 100.0000000000000000 ) ;
#1012 = CC_DESIGN_APPROVAL ( #952, ( #423 ) ) ;
#1013 = CARTESIAN_POINT ( 'NONE',  ( 5.635000000000000675, 0.000000000000000000, 0.2150000000000006906 ) ) ;
#1014 = VERTEX_POINT ( 'NONE', #930 ) ;
#1015 = ORIENTED_EDGE ( 'NONE', *, *, #1180, .F. ) ;
#1016 = DIRECTION ( 'NONE',  ( 1.000000000000000000, 0.000000000000000000, 1.214306433183764966E-16 ) ) ;
#1017 = DIRECTION ( 'NONE',  ( -1.000000000000000000, -0.000000000000000000, -0.000000000000000000 ) ) ;
#1018 = DIRECTION ( 'NONE',  ( 0.000000000000000000, 0.000000000000000000, -1.000000000000000000 ) ) ;
#1019 = CARTESIAN_POINT ( 'NONE',  ( 0.000000000000000000, -3.500000000000000444, 0.2000000000000000944 ) ) ;
#1020 = EDGE_CURVE ( 'NONE', #676, #293, #227, .T. ) ;
#1021 = ORIENTED_EDGE ( 'NONE', *, *, #451, .T. ) ;
#1022 = LINE ( 'NONE', #182, #439 ) ;
#1023 = ADVANCED_FACE ( 'NONE', ( #789 ), #510, .T. ) ;
#1024 = ORIENTED_EDGE ( 'NONE', *, *, #30, .T. ) ;
#1025 = EDGE_CURVE ( 'NONE', #1836, #850, #801, .T. ) ;
#1026 = VERTEX_POINT ( 'NONE', #945 ) ;
#1027 = LINE ( 'NONE', #1753, #1194 ) ;
#1028 = DIRECTION ( 'NONE',  ( 0.000000000000000000, 0.000000000000000000, -1.000000000000000000 ) ) ;
#1029 = DIRECTION ( 'NONE',  ( 1.000000000000000000, -0.000000000000000000, -0.000000000000000000 ) ) ;
#1030 = DIRECTION ( 'NONE',  ( -0.000000000000000000, -0.000000000000000000, 1.000000000000000000 ) ) ;
#1031 = ORIENTED_EDGE ( 'NONE', *, *, #968, .T. ) ;
#1032 = DIRECTION ( 'NONE',  ( -0.000000000000000000, -1.000000000000000000, 0.000000000000000000 ) ) ;
#1033 = CARTESIAN_POINT ( 'NONE',  ( 5.635000000000000675, 2.865000000000000213, -0.5000000000000006661 ) ) ;
#1034 = EDGE_CURVE ( 'NONE', #687, #364, #69, .T. ) ;
#1035 = ORIENTED_EDGE ( 'NONE', *, *, #870, .F. ) ;
#1036 = CARTESIAN_POINT ( 'NONE',  ( 5.635000000000000675, 3.500000000000000444, 0.2000000000000000111 ) ) ;
#1037 =( NAMED_UNIT ( * ) SI_UNIT ( $, .STERADIAN. ) SOLID_ANGLE_UNIT ( ) );
#1038 = DIRECTION ( 'NONE',  ( 0.000000000000000000, -0.000000000000000000, 1.000000000000000000 ) ) ;
#1039 = AXIS2_PLACEMENT_3D ( 'NONE', #1293, #1119, #1692 ) ;
#1040 = LINE ( 'NONE', #605, #893 ) ;
#1041 = VECTOR ( 'NONE', #644, 100.0000000000000000 ) ;
#1042 = ORIENTED_EDGE ( 'NONE', *, *, #1304, .F. ) ;
#1043 = DIRECTION ( 'NONE',  ( 1.000000000000000000, -0.000000000000000000, -0.000000000000000000 ) ) ;
#1044 = AXIS2_PLACEMENT_3D ( 'NONE', #121, #537, #1684 ) ;
#1045 = DIRECTION ( 'NONE',  ( 1.000000000000000000, 0.000000000000000000, 0.000000000000000000 ) ) ;
#1046 = VECTOR ( 'NONE', #1617, 100.0000000000000000 ) ;
#1047 = ORIENTED_EDGE ( 'NONE', *, *, #1224, .T. ) ;
#1048 = CC_DESIGN_PERSON_AND_ORGANIZATION_ASSIGNMENT ( #239, #804, ( #1407 ) ) ;
#1049 = EDGE_CURVE ( 'NONE', #1172, #457, #629, .T. ) ;
#1050 = DIRECTION ( 'NONE',  ( 0.000000000000000000, -1.000000000000000000, 0.000000000000000000 ) ) ;
#1051 = CARTESIAN_POINT ( 'NONE',  ( 6.270000000000000462, 2.865000000000000213, -0.2000000000000000111 ) ) ;
#1052 = CARTESIAN_POINT ( 'NONE',  ( 0.6350000000000000089, -3.500000000000000444, -0.2149999999999999134 ) ) ;
#1053 = PLANE ( 'NONE',  #623 ) ;
#1054 = ORIENTED_EDGE ( 'NONE', *, *, #743, .T. ) ;
#1055 = CARTESIAN_POINT ( 'NONE',  ( 5.635000000000000675, 0.000000000000000000, 0.000000000000000000 ) ) ;
#1056 = CARTESIAN_POINT ( 'NONE',  ( 5.635000000000000675, 4.286263797015736595E-17, 0.3500000000000000333 ) ) ;
#1057 = EDGE_LOOP ( 'NONE', ( #882, #189 ) ) ;
#1058 = DIRECTION ( 'NONE',  ( 1.000000000000000000, -0.000000000000000000, 0.000000000000000000 ) ) ;
#1059 = PLANE ( 'NONE',  #591 ) ;
#1060 = CARTESIAN_POINT ( 'NONE',  ( 0.000000000000000000, -2.850000000000000089, 0.2150000000000000799 ) ) ;
#1061 = DIRECTION ( 'NONE',  ( -1.000000000000000000, 0.000000000000000000, 0.000000000000000000 ) ) ;
#1062 = EDGE_CURVE ( 'NONE', #1274, #540, #792, .T. ) ;
#1063 = ORIENTED_EDGE ( 'NONE', *, *, #943, .F. ) ;
#1064 = FACE_OUTER_BOUND ( 'NONE', #901, .T. ) ;
#1065 = LINE ( 'NONE', #1334, #1560 ) ;
#1066 = EDGE_LOOP ( 'NONE', ( #622, #240, #548, #1876, #1541, #1829, #1805, #175, #1603, #38, #1159, #300 ) ) ;
#1067 = DIRECTION ( 'NONE',  ( 0.000000000000000000, -0.000000000000000000, 1.000000000000000000 ) ) ;
#1068 = DIRECTION ( 'NONE',  ( 0.000000000000000000, -0.000000000000000000, 1.000000000000000000 ) ) ;
#1069 = DIRECTION ( 'NONE',  ( 0.000000000000000000, -1.000000000000000000, 0.000000000000000000 ) ) ;
#1070 = EDGE_CURVE ( 'NONE', #1002, #1379, #1352, .T. ) ;
#1071 = VECTOR ( 'NONE', #1632, 100.0000000000000000 ) ;
#1072 = ORIENTED_EDGE ( 'NONE', *, *, #1270, .T. ) ;
#1073 = CARTESIAN_POINT ( 'NONE',  ( 6.270000000000000462, 3.500000000000000444, 0.2000000000000000111 ) ) ;
#1074 = VECTOR ( 'NONE', #123, 100.0000000000000000 ) ;
#1075 = VERTEX_POINT ( 'NONE', #61 ) ;
#1076 = AXIS2_PLACEMENT_3D ( 'NONE', #383, #1542, #1400 ) ;
#1077 = VECTOR ( 'NONE', #1766, 100.0000000000000000 ) ;
#1078 = DIRECTION ( 'NONE',  ( -1.000000000000000000, 0.000000000000000000, 1.734723475976806848E-16 ) ) ;
#1079 = CARTESIAN_POINT ( 'NONE',  ( 0.6350000000000000089, 3.500000000000000444, 0.2149999999999999134 ) ) ;
#1080 = FACE_OUTER_BOUND ( 'NONE', #357, .T. ) ;
#1081 = EDGE_LOOP ( 'NONE', ( #1035, #517, #145, #1091 ) ) ;
#1082 = DIRECTION ( 'NONE',  ( 1.000000000000000000, -0.000000000000000000, 0.000000000000000000 ) ) ;
#1083 = EDGE_CURVE ( 'NONE', #1075, #452, #1520, .T. ) ;
#1084 = EDGE_LOOP ( 'NONE', ( #611, #1670, #763, #387, #1426, #360, #1741, #1455, #348, #1811, #1693, #212 ) ) ;
#1085 = ADVANCED_FACE ( 'NONE', ( #1064 ), #1664, .F. ) ;
#1086 = COORDINATED_UNIVERSAL_TIME_OFFSET ( 5, 0, .BEHIND. ) ;
#1087 = LINE ( 'NONE', #1841, #112 ) ;
#1088 = FACE_OUTER_BOUND ( 'NONE', #1534, .T. ) ;
#1089 = ORIENTED_EDGE ( 'NONE', *, *, #1673, .F. ) ;
#1090 = CARTESIAN_POINT ( 'NONE',  ( 6.270000000000000462, 0.000000000000000000, 5.303589821414345533E-33 ) ) ;
#1091 = ORIENTED_EDGE ( 'NONE', *, *, #29, .F. ) ;
#1092 = EDGE_CURVE ( 'NONE', #154, #616, #1845, .T. ) ;
#1093 = ADVANCED_FACE ( 'NONE', ( #390 ), #829, .T. ) ;
#1094 = ORIENTED_EDGE ( 'NONE', *, *, #359, .T. ) ;
#1095 = CARTESIAN_POINT ( 'NONE',  ( 5.270000000000000462, 4.286263797015736595E-17, 0.3500000000000000333 ) ) ;
#1096 = LINE ( 'NONE', #817, #114 ) ;
#1097 = VERTEX_POINT ( 'NONE', #94 ) ;
#1098 = DIRECTION ( 'NONE',  ( -0.000000000000000000, -1.000000000000000000, -0.000000000000000000 ) ) ;
#1099 = CARTESIAN_POINT ( 'NONE',  ( 0.000000000000000000, -2.850000000000000089, -0.2149999999999999134 ) ) ;
#1100 = VECTOR ( 'NONE', #953, 100.0000000000000000 ) ;
#1101 = EDGE_LOOP ( 'NONE', ( #1219, #1882, #1740, #1592 ) ) ;
#1102 = VECTOR ( 'NONE', #1828, 100.0000000000000000 ) ;
#1103 = COORDINATED_UNIVERSAL_TIME_OFFSET ( 5, 0, .BEHIND. ) ;
#1104 = VECTOR ( 'NONE', #780, 100.0000000000000000 ) ;
#1105 = ADVANCED_FACE ( 'NONE', ( #1844 ), #1718, .T. ) ;
#1106 = ORIENTED_EDGE ( 'NONE', *, *, #1126, .F. ) ;
#1107 = VECTOR ( 'NONE', #353, 100.0000000000000000 ) ;
#1108 = LINE ( 'NONE', #955, #1691 ) ;
#1109 = ORIENTED_EDGE ( 'NONE', *, *, #870, .T. ) ;
#1110 = DIRECTION ( 'NONE',  ( -1.000000000000000000, -0.000000000000000000, -0.000000000000000000 ) ) ;
#1111 = DIRECTION ( 'NONE',  ( -0.000000000000000000, 1.000000000000000000, 0.000000000000000000 ) ) ;
#1112 = ORIENTED_EDGE ( 'NONE', *, *, #1604, .F. ) ;
#1113 = PRODUCT_DEFINITION_SHAPE ( 'NONE', 'NONE',  #423 ) ;
#1114 = ORIENTED_EDGE ( 'NONE', *, *, #584, .F. ) ;
#1115 = CARTESIAN_POINT ( 'NONE',  ( 6.270000000000000462, -3.515000000000000124, 0.2150000000000006906 ) ) ;
#1116 = DIRECTION ( 'NONE',  ( -1.000000000000000000, 0.000000000000000000, 1.734723475976806848E-16 ) ) ;
#1117 = PLANE ( 'NONE',  #1076 ) ;
#1118 = EDGE_CURVE ( 'NONE', #1615, #601, #398, .T. ) ;
#1119 = DIRECTION ( 'NONE',  ( 0.000000000000000000, 0.000000000000000000, -1.000000000000000000 ) ) ;
#1120 = ORIENTED_EDGE ( 'NONE', *, *, #458, .F. ) ;
#1121 = VERTEX_POINT ( 'NONE', #818 ) ;
#1122 = CARTESIAN_POINT ( 'NONE',  ( 0.6350000000000000089, -3.500000000000000444, 0.2149999999999999134 ) ) ;
#1123 = CARTESIAN_POINT ( 'NONE',  ( 0.6350000000000000089, 2.865000000000000213, -0.5000000000000000000 ) ) ;
#1124 = AXIS2_PLACEMENT_3D ( 'NONE', #1782, #1045, #757 ) ;
#1125 = EDGE_CURVE ( 'NONE', #850, #389, #973, .T. ) ;
#1126 = EDGE_CURVE ( 'NONE', #607, #20, #1551, .T. ) ;
#1127 = ORIENTED_EDGE ( 'NONE', *, *, #1686, .T. ) ;
#1128 = ORIENTED_EDGE ( 'NONE', *, *, #80, .T. ) ;
#1129 = CIRCLE ( 'NONE', #586, 0.6500000000000000222 ) ;
#1130 = VERTEX_POINT ( 'NONE', #277 ) ;
#1131 = VECTOR ( 'NONE', #1645, 100.0000000000000000 ) ;
#1132 = LINE ( 'NONE', #1727, #825 ) ;
#1133 = AXIS2_PLACEMENT_3D ( 'NONE', #1677, #336, #642 ) ;
#1134 = CARTESIAN_POINT ( 'NONE',  ( 7.540000000000000924, 2.850000000000000089, -0.2149999999999999967 ) ) ;
#1135 = PLANE ( 'NONE',  #1557 ) ;
#1136 = LINE ( 'NONE', #992, #56 ) ;
#1137 = AXIS2_PLACEMENT_3D ( 'NONE', #573, #603, #1576 ) ;
#1138 = ORIENTED_EDGE ( 'NONE', *, *, #233, .F. ) ;
#1139 = DIRECTION ( 'NONE',  ( 0.000000000000000000, 1.000000000000000000, -0.000000000000000000 ) ) ;
#1140 = VERTEX_POINT ( 'NONE', #691 ) ;
#1141 = VERTEX_POINT ( 'NONE', #260 ) ;
#1142 = EDGE_CURVE ( 'NONE', #1545, #1763, #1409, .T. ) ;
#1143 = CARTESIAN_POINT ( 'NONE',  ( 0.6350000000000000089, -2.865000000000000213, 0.2000000000000000944 ) ) ;
#1144 = CARTESIAN_POINT ( 'NONE',  ( 5.635000000000000675, 2.865000000000000213, 0.2000000000000000111 ) ) ;
#1145 = CARTESIAN_POINT ( 'NONE',  ( 6.905000000000000249, 2.865000000000000213, -0.2000000000000000111 ) ) ;
#1146 = DIRECTION ( 'NONE',  ( 0.000000000000000000, 0.000000000000000000, -1.000000000000000000 ) ) ;
#1147 = VERTEX_POINT ( 'NONE', #113 ) ;
#1148 = CARTESIAN_POINT ( 'NONE',  ( 5.635000000000000675, 2.865000000000000213, -0.5000000000000006661 ) ) ;
#1149 = VERTEX_POINT ( 'NONE', #419 ) ;
#1150 = ORIENTED_EDGE ( 'NONE', *, *, #564, .F. ) ;
#1151 = EDGE_CURVE ( 'NONE', #710, #346, #1136, .T. ) ;
#1152 = EDGE_CURVE ( 'NONE', #46, #904, #518, .T. ) ;
#1153 = CARTESIAN_POINT ( 'NONE',  ( 6.270000000000000462, 3.500000000000000444, 0.2149999999999999134 ) ) ;
#1154 = LINE ( 'NONE', #1448, #1875 ) ;
#1155 = DIRECTION ( 'NONE',  ( 0.000000000000000000, 1.000000000000000000, 0.000000000000000000 ) ) ;
#1156 = CARTESIAN_POINT ( 'NONE',  ( 0.6349999999999997868, 2.850000000000000089, 0.2149999999999999967 ) ) ;
#1157 = CARTESIAN_POINT ( 'NONE',  ( 0.6350000000000000089, -2.865000000000000213, -0.1999999999999999278 ) ) ;
#1158 = ORIENTED_EDGE ( 'NONE', *, *, #1283, .T. ) ;
#1159 = ORIENTED_EDGE ( 'NONE', *, *, #906, .F. ) ;
#1160 = VECTOR ( 'NONE', #343, 100.0000000000000000 ) ;
#1161 = DIRECTION ( 'NONE',  ( -1.000000000000000000, -0.000000000000000000, -0.000000000000000000 ) ) ;
#1162 = EDGE_CURVE ( 'NONE', #161, #587, #1244, .T. ) ;
#1163 = CARTESIAN_POINT ( 'NONE',  ( 5.270000000000000462, 0.000000000000000000, -0.3500000000000000333 ) ) ;
#1164 = VECTOR ( 'NONE', #1419, 100.0000000000000000 ) ;
#1165 = DIRECTION ( 'NONE',  ( -1.000000000000000000, -0.000000000000000000, -0.000000000000000000 ) ) ;
#1166 = CARTESIAN_POINT ( 'NONE',  ( 5.635000000000000675, -3.500000000000000444, 1.800000000000000266 ) ) ;
#1167 = VECTOR ( 'NONE', #268, 100.0000000000000000 ) ;
#1168 = EDGE_CURVE ( 'NONE', #20, #395, #1835, .T. ) ;
#1169 = ORIENTED_EDGE ( 'NONE', *, *, #233, .T. ) ;
#1170 = DIRECTION ( 'NONE',  ( 0.000000000000000000, 0.000000000000000000, 1.000000000000000000 ) ) ;
#1171 = ORIENTED_EDGE ( 'NONE', *, *, #309, .T. ) ;
#1172 = VERTEX_POINT ( 'NONE', #556 ) ;
#1173 = LINE ( 'NONE', #127, #1688 ) ;
#1174 = DIRECTION ( 'NONE',  ( 0.000000000000000000, 0.000000000000000000, -1.000000000000000000 ) ) ;
#1175 = CYLINDRICAL_SURFACE ( 'NONE', #1254, 0.3500000000000000333 ) ;
#1176 = DIRECTION ( 'NONE',  ( 1.000000000000000000, 0.000000000000000000, 8.352109954983220072E-33 ) ) ;
#1177 = ORIENTED_EDGE ( 'NONE', *, *, #1083, .F. ) ;
#1178 = LINE ( 'NONE', #1001, #318 ) ;
#1179 = DIRECTION ( 'NONE',  ( 0.000000000000000000, 1.000000000000000000, -0.000000000000000000 ) ) ;
#1180 = EDGE_CURVE ( 'NONE', #938, #1357, #1855, .T. ) ;
#1181 = ORIENTED_EDGE ( 'NONE', *, *, #1686, .F. ) ;
#1182 = PLANE ( 'NONE',  #1256 ) ;
#1183 = DIRECTION ( 'NONE',  ( 0.000000000000000000, -0.000000000000000000, 1.000000000000000000 ) ) ;
#1184 = CARTESIAN_POINT ( 'NONE',  ( 7.540000000000000924, 2.850000000000000089, 0.2149999999999999967 ) ) ;
#1185 = CARTESIAN_POINT ( 'NONE',  ( -0.6350000000000000089, 3.500000000000000444, 0.2000000000000000111 ) ) ;
#1186 = ORIENTED_EDGE ( 'NONE', *, *, #931, .F. ) ;
#1187 = CC_DESIGN_DATE_AND_TIME_ASSIGNMENT ( #823, #940, ( #471 ) ) ;
#1188 = FACE_OUTER_BOUND ( 'NONE', #1374, .T. ) ;
#1189 = ADVANCED_FACE ( 'NONE', ( #1690 ), #1117, .F. ) ;
#1190 = VERTEX_POINT ( 'NONE', #1561 ) ;
#1191 = VERTEX_POINT ( 'NONE', #102 ) ;
#1192 = DIRECTION ( 'NONE',  ( 0.000000000000000000, 1.000000000000000000, -0.000000000000000000 ) ) ;
#1193 = LINE ( 'NONE', #66, #583 ) ;
#1194 = VECTOR ( 'NONE', #996, 100.0000000000000000 ) ;
#1195 = CARTESIAN_POINT ( 'NONE',  ( 6.270000000000000462, -3.500000000000000444, -1.800000000000000266 ) ) ;
#1196 = VECTOR ( 'NONE', #617, 100.0000000000000000 ) ;
#1197 = ORIENTED_EDGE ( 'NONE', *, *, #391, .F. ) ;
#1198 = FACE_BOUND ( 'NONE', #793, .T. ) ;
#1199 = AXIS2_PLACEMENT_3D ( 'NONE', #724, #15, #456 ) ;
#1200 = FACE_OUTER_BOUND ( 'NONE', #1680, .T. ) ;
#1201 = AXIS2_PLACEMENT_3D ( 'NONE', #785, #334, #640 ) ;
#1202 = ORIENTED_EDGE ( 'NONE', *, *, #1125, .F. ) ;
#1203 = DIRECTION ( 'NONE',  ( 0.000000000000000000, 0.000000000000000000, -1.000000000000000000 ) ) ;
#1204 = CARTESIAN_POINT ( 'NONE',  ( 0.6350000000000000089, 0.000000000000000000, 0.2150000000000000799 ) ) ;
#1205 = EDGE_CURVE ( 'NONE', #670, #130, #1422, .T. ) ;
#1206 = CARTESIAN_POINT ( 'NONE',  ( 0.000000000000000000, -3.500000000000000444, 1.800000000000000266 ) ) ;
#1207 = DIRECTION ( 'NONE',  ( 0.000000000000000000, 0.000000000000000000, -1.000000000000000000 ) ) ;
#1208 = ORIENTED_EDGE ( 'NONE', *, *, #778, .T. ) ;
#1209 = CARTESIAN_POINT ( 'NONE',  ( 0.6350000000000000089, 2.865000000000000213, -0.5000000000000000000 ) ) ;
#1210 = DIRECTION ( 'NONE',  ( -0.000000000000000000, -0.000000000000000000, 1.000000000000000000 ) ) ;
#1211 = ORIENTED_EDGE ( 'NONE', *, *, #1070, .T. ) ;
#1212 = EDGE_CURVE ( 'NONE', #710, #1147, #1861, .T. ) ;
#1213 = DIRECTION ( 'NONE',  ( -1.000000000000000000, 0.000000000000000000, -0.000000000000000000 ) ) ;
#1214 = ADVANCED_FACE ( 'NONE', ( #1571 ), #837, .F. ) ;
#1215 = CARTESIAN_POINT ( 'NONE',  ( 0.6350000000000000089, -3.500000000000000444, 1.800000000000000266 ) ) ;
#1216 = ADVANCED_FACE ( 'NONE', ( #746 ), #867, .F. ) ;
#1217 = PLANE ( 'NONE',  #349 ) ;
#1218 = PLANE ( 'NONE',  #322 ) ;
#1219 = ORIENTED_EDGE ( 'NONE', *, *, #862, .T. ) ;
#1220 = DIRECTION ( 'NONE',  ( -1.000000000000000000, 0.000000000000000000, -8.352109954983220072E-33 ) ) ;
#1221 = ORIENTED_EDGE ( 'NONE', *, *, #1356, .F. ) ;
#1222 = CARTESIAN_POINT ( 'NONE',  ( 0.000000000000000000, -3.469446951953614189E-16, 3.618428607958274558E-31 ) ) ;
#1223 = LINE ( 'NONE', #490, #894 ) ;
#1224 = EDGE_CURVE ( 'NONE', #404, #229, #328, .T. ) ;
#1225 = FACE_OUTER_BOUND ( 'NONE', #1084, .T. ) ;
#1226 = CARTESIAN_POINT ( 'NONE',  ( 5.635000000000000675, 2.865000000000000213, -0.5000000000000006661 ) ) ;
#1227 = EDGE_LOOP ( 'NONE', ( #656, #421, #834, #497 ) ) ;
#1228 = CARTESIAN_POINT ( 'NONE',  ( 0.000000000000000000, 2.865000000000000213, 0.2000000000000000111 ) ) ;
#1229 = ADVANCED_FACE ( 'NONE', ( #1880 ), #1451, .F. ) ;
#1230 = VECTOR ( 'NONE', #317, 100.0000000000000000 ) ;
#1231 = VERTEX_POINT ( 'NONE', #597 ) ;
#1232 = VECTOR ( 'NONE', #28, 100.0000000000000000 ) ;
#1233 = APPROVAL_PERSON_ORGANIZATION ( #89, #321, #648 ) ;
#1234 = PERSON_AND_ORGANIZATION ( #1470, #830 ) ;
#1235 = DIRECTION ( 'NONE',  ( 0.000000000000000000, 1.000000000000000000, -0.000000000000000000 ) ) ;
#1236 = DIRECTION ( 'NONE',  ( 0.000000000000000000, -0.000000000000000000, -1.000000000000000000 ) ) ;
#1237 = B_SPLINE_CURVE_WITH_KNOTS ( 'NONE', 1,
 ( #1742, #732 ),
 .UNSPECIFIED., .F., .F.,
 ( 2, 2 ),
 ( 0.5000000000000000000, 0.8067632850241546194 ),
 .UNSPECIFIED. ) ;
#1238 = ORIENTED_EDGE ( 'NONE', *, *, #298, .F. ) ;
#1239 = DIRECTION ( 'NONE',  ( 0.000000000000000000, 1.000000000000000000, 0.000000000000000000 ) ) ;
#1240 = ORIENTED_EDGE ( 'NONE', *, *, #1142, .F. ) ;
#1241 = CALENDAR_DATE ( 2026, 8, 9 ) ;
#1242 = EDGE_LOOP ( 'NONE', ( #1647, #219, #923, #132 ) ) ;
#1243 = VERTEX_POINT ( 'NONE', #1156 ) ;
#1244 = LINE ( 'NONE', #957, #206 ) ;
#1245 = EDGE_CURVE ( 'NONE', #661, #1141, #1619, .T. ) ;
#1246 = ORIENTED_EDGE ( 'NONE', *, *, #337, .T. ) ;
#1247 = DATE_AND_TIME ( #506, #117 ) ;
#1248 = ORIENTED_EDGE ( 'NONE', *, *, #1162, .T. ) ;
#1249 = CARTESIAN_POINT ( 'NONE',  ( 0.6350000000000000089, 3.500000000000000444, 1.800000000000000266 ) ) ;
#1250 = PLANE ( 'NONE',  #1044 ) ;
#1251 = VERTEX_POINT ( 'NONE', #1291 ) ;
#1252 = DIRECTION ( 'NONE',  ( -0.000000000000000000, -1.000000000000000000, 0.000000000000000000 ) ) ;
#1253 = UNCERTAINTY_MEASURE_WITH_UNIT (LENGTH_MEASURE( 1.000000000000000082E-05 ), #326, 'distance_accuracy_value', 'NONE');
#1254 = AXIS2_PLACEMENT_3D ( 'NONE', #1767, #1029, #296 ) ;
#1255 = FACE_OUTER_BOUND ( 'NONE', #1362, .T. ) ;
#1256 = AXIS2_PLACEMENT_3D ( 'NONE', #1627, #1058, #1366 ) ;
#1257 = ORIENTED_EDGE ( 'NONE', *, *, #610, .F. ) ;
#1258 = AXIS2_PLACEMENT_3D ( 'NONE', #1123, #966, #697 ) ;
#1259 = AXIS2_PLACEMENT_3D ( 'NONE', #1440, #1331, #1176 ) ;
#1260 = VECTOR ( 'NONE', #1017, 100.0000000000000000 ) ;
#1261 = CARTESIAN_POINT ( 'NONE',  ( 5.635000000000000675, 3.500000000000000444, 0.5000000000000006661 ) ) ;
#1262 = FACE_OUTER_BOUND ( 'NONE', #1066, .T. ) ;
#1263 = EDGE_CURVE ( 'NONE', #797, #1351, #435, .T. ) ;
#1264 = CARTESIAN_POINT ( 'NONE',  ( 6.270000000000000462, -3.500000000000000444, 1.800000000000000266 ) ) ;
#1265 = CARTESIAN_POINT ( 'NONE',  ( 5.635000000000000675, 2.865000000000000213, 0.5000000000000006661 ) ) ;
#1266 = VERTEX_POINT ( 'NONE', #464 ) ;
#1267 = EDGE_LOOP ( 'NONE', ( #60, #805, #1531, #93 ) ) ;
#1268 = EDGE_CURVE ( 'NONE', #236, #404, #1310, .T. ) ;
#1269 = PLANE ( 'NONE',  #1348 ) ;
#1270 = EDGE_CURVE ( 'NONE', #1075, #938, #1760, .T. ) ;
#1271 = PLANE ( 'NONE',  #381 ) ;
#1272 = DIRECTION ( 'NONE',  ( -1.000000000000000000, -0.000000000000000000, -0.000000000000000000 ) ) ;
#1273 = DIRECTION ( 'NONE',  ( 0.000000000000000000, 0.000000000000000000, -1.000000000000000000 ) ) ;
#1274 = VERTEX_POINT ( 'NONE', #887 ) ;
#1275 = ORIENTED_EDGE ( 'NONE', *, *, #1162, .F. ) ;
#1276 = CARTESIAN_POINT ( 'NONE',  ( 0.000000000000000000, 0.000000000000000000, 0.000000000000000000 ) ) ;
#1277 = CARTESIAN_POINT ( 'NONE',  ( 0.6350000000000001199, -2.865000000000000213, 0.5000000000000001110 ) ) ;
#1278 = EDGE_CURVE ( 'NONE', #929, #1243, #568, .T. ) ;
#1279 = CARTESIAN_POINT ( 'NONE',  ( 0.6350000000000000089, 3.500000000000000444, -0.2149999999999999134 ) ) ;
#1280 = ORIENTED_EDGE ( 'NONE', *, *, #80, .F. ) ;
#1281 = AXIS2_PLACEMENT_3D ( 'NONE', #898, #1503, #36 ) ;
#1282 = ORIENTED_EDGE ( 'NONE', *, *, #1784, .F. ) ;
#1283 = EDGE_CURVE ( 'NONE', #639, #995, #37, .T. ) ;
#1284 = AXIS2_PLACEMENT_3D ( 'NONE', #1877, #759, #1213 ) ;
#1285 = EDGE_LOOP ( 'NONE', ( #531, #1424 ) ) ;
#1286 = CARTESIAN_POINT ( 'NONE',  ( 0.6350000000000000089, -3.469446951953614189E-16, 3.618428607958274558E-31 ) ) ;
#1287 = VECTOR ( 'NONE', #689, 100.0000000000000000 ) ;
#1288 = CARTESIAN_POINT ( 'NONE',  ( 0.000000000000000000, 3.500000000000000444, 1.800000000000000266 ) ) ;
#1289 = VECTOR ( 'NONE', #1607, 100.0000000000000000 ) ;
#1290 = DIRECTION ( 'NONE',  ( -1.000000000000000000, -0.000000000000000000, -0.000000000000000000 ) ) ;
#1291 = CARTESIAN_POINT ( 'NONE',  ( 0.6350000000000000089, -2.865000000000000213, -0.5000000000000000000 ) ) ;
#1292 = EDGE_CURVE ( 'NONE', #1433, #661, #715, .T. ) ;
#1293 = CARTESIAN_POINT ( 'NONE',  ( 6.905000000000000249, -2.865000000000000213, -0.1999999999999993172 ) ) ;
#1294 = EDGE_CURVE ( 'NONE', #68, #909, #441, .T. ) ;
#1295 = ORIENTED_EDGE ( 'NONE', *, *, #584, .T. ) ;
#1296 = EDGE_LOOP ( 'NONE', ( #685, #1734, #429, #959, #988, #1417, #238, #832, #748, #643, #1652, #163 ) ) ;
#1297 = CARTESIAN_POINT ( 'NONE',  ( 5.635000000000000675, 2.850000000000000089, -0.2149999999999999967 ) ) ;
#1298 = CARTESIAN_POINT ( 'NONE',  ( 0.6350000000000000089, 3.500000000000000444, -0.2000000000000000111 ) ) ;
#1299 = LINE ( 'NONE', #1330, #1472 ) ;
#1300 = DIRECTION ( 'NONE',  ( 0.000000000000000000, 0.000000000000000000, -1.000000000000000000 ) ) ;
#1301 = ORIENTED_EDGE ( 'NONE', *, *, #1851, .F. ) ;
#1302 = CARTESIAN_POINT ( 'NONE',  ( 0.6350000000000000089, -2.850000000000000089, 0.000000000000000000 ) ) ;
#1303 = ORIENTED_EDGE ( 'NONE', *, *, #1414, .F. ) ;
#1304 = EDGE_CURVE ( 'NONE', #293, #308, #1040, .T. ) ;
#1305 = ORIENTED_EDGE ( 'NONE', *, *, #1774, .T. ) ;
#1306 = CARTESIAN_POINT ( 'NONE',  ( 5.635000000000000675, -2.865000000000000213, 0.5000000000000006661 ) ) ;
#1307 = CARTESIAN_POINT ( 'NONE',  ( -0.6350000000000000089, -2.865000000000000213, 0.2000000000000000944 ) ) ;
#1308 = EDGE_CURVE ( 'NONE', #1149, #601, #1480, .T. ) ;
#1309 = LINE ( 'NONE', #1608, #976 ) ;
#1310 = LINE ( 'NONE', #1166, #1232 ) ;
#1311 = ORIENTED_EDGE ( 'NONE', *, *, #11, .F. ) ;
#1312 = CARTESIAN_POINT ( 'NONE',  ( 0.6350000000000000089, 3.500000000000000444, 0.5000000000000000000 ) ) ;
#1313 = EDGE_LOOP ( 'NONE', ( #116, #1453, #1864, #1181 ) ) ;
#1314 = ORIENTED_EDGE ( 'NONE', *, *, #1151, .T. ) ;
#1315 = CARTESIAN_POINT ( 'NONE',  ( 0.000000000000000000, 3.500000000000000444, 1.800000000000000266 ) ) ;
#1316 = DIRECTION ( 'NONE',  ( 0.000000000000000000, 0.000000000000000000, -1.000000000000000000 ) ) ;
#1317 = VECTOR ( 'NONE', #572, 100.0000000000000000 ) ;
#1318 = DIRECTION ( 'NONE',  ( 0.000000000000000000, 1.000000000000000000, 0.000000000000000000 ) ) ;
#1319 = CARTESIAN_POINT ( 'NONE',  ( 5.635000000000000675, -2.865000000000000213, -0.1999999999999993172 ) ) ;
#1320 = VECTOR ( 'NONE', #139, 100.0000000000000000 ) ;
#1321 = AXIS2_PLACEMENT_3D ( 'NONE', #760, #1337, #926 ) ;
#1322 = ORIENTED_EDGE ( 'NONE', *, *, #1568, .F. ) ;
#1323 = CARTESIAN_POINT ( 'NONE',  ( 0.6350000000000000089, -3.500000000000000444, 0.2000000000000000944 ) ) ;
#1324 = VERTEX_POINT ( 'NONE', #575 ) ;
#1325 = ORIENTED_EDGE ( 'NONE', *, *, #65, .F. ) ;
#1326 = DIRECTION ( 'NONE',  ( 1.000000000000000000, -0.000000000000000000, -0.000000000000000000 ) ) ;
#1327 = CARTESIAN_POINT ( 'NONE',  ( 0.6350000000000000089, 2.865000000000000213, -0.5000000000000000000 ) ) ;
#1328 = EDGE_CURVE ( 'NONE', #727, #1004, #1459, .T. ) ;
#1329 = ADVANCED_FACE ( 'NONE', ( #180 ), #1609, .T. ) ;
#1330 = CARTESIAN_POINT ( 'NONE',  ( 5.635000000000000675, 2.850000000000000089, 0.000000000000000000 ) ) ;
#1331 = DIRECTION ( 'NONE',  ( -8.352109954983220072E-33, 0.000000000000000000, 1.000000000000000000 ) ) ;
#1332 = ORIENTED_EDGE ( 'NONE', *, *, #222, .T. ) ;
#1333 = CARTESIAN_POINT ( 'NONE',  ( 0.6349999999999997868, 2.850000000000000089, -0.2149999999999999967 ) ) ;
#1334 = CARTESIAN_POINT ( 'NONE',  ( 0.6350000000000000089, 0.000000000000000000, 0.2149999999999999967 ) ) ;
#1335 = ORIENTED_EDGE ( 'NONE', *, *, #1497, .F. ) ;
#1336 = CARTESIAN_POINT ( 'NONE',  ( 6.270000000000000462, 3.500000000000000444, -1.800000000000000266 ) ) ;
#1337 = DIRECTION ( 'NONE',  ( 1.000000000000000000, -0.000000000000000000, 0.000000000000000000 ) ) ;
#1338 = PLANE ( 'NONE',  #946 ) ;
#1339 = FACE_OUTER_BOUND ( 'NONE', #1701, .T. ) ;
#1340 = ORIENTED_EDGE ( 'NONE', *, *, #802, .F. ) ;
#1341 = CARTESIAN_POINT ( 'NONE',  ( 6.270000000000000462, -2.850000000000000089, 0.2150000000000006906 ) ) ;
#1342 = LINE ( 'NONE', #49, #1620 ) ;
#1343 = EDGE_CURVE ( 'NONE', #1831, #1149, #876, .T. ) ;
#1344 = VECTOR ( 'NONE', #1485, 100.0000000000000000 ) ;
#1345 = EDGE_LOOP ( 'NONE', ( #579, #124, #1582, #859 ) ) ;
#1346 = CARTESIAN_POINT ( 'NONE',  ( 5.635000000000000675, -2.865000000000000213, 0.2000000000000007050 ) ) ;
#1347 = DIRECTION ( 'NONE',  ( -0.000000000000000000, -0.000000000000000000, 1.000000000000000000 ) ) ;
#1348 = AXIS2_PLACEMENT_3D ( 'NONE', #81, #241, #678 ) ;
#1349 = CARTESIAN_POINT ( 'NONE',  ( -1.270000000000000018, 2.850000000000000089, 0.2149999999999999967 ) ) ;
#1350 = AXIS2_PLACEMENT_3D ( 'NONE', #738, #588, #1762 ) ;
#1351 = VERTEX_POINT ( 'NONE', #1319 ) ;
#1352 = LINE ( 'NONE', #1209, #288 ) ;
#1353 = VECTOR ( 'NONE', #1716, 100.0000000000000000 ) ;
#1354 = LINE ( 'NONE', #340, #16 ) ;
#1355 = VECTOR ( 'NONE', #1192, 100.0000000000000000 ) ;
#1356 = EDGE_CURVE ( 'NONE', #654, #889, #6, .T. ) ;
#1357 = VERTEX_POINT ( 'NONE', #363 ) ;
#1358 = CARTESIAN_POINT ( 'NONE',  ( 6.270000000000000462, 3.500000000000000444, -0.2000000000000000111 ) ) ;
#1359 = FACE_OUTER_BOUND ( 'NONE', #1663, .T. ) ;
#1360 = CARTESIAN_POINT ( 'NONE',  ( 0.000000000000000000, -3.500000000000000444, -0.1999999999999999278 ) ) ;
#1361 = DIRECTION ( 'NONE',  ( -1.734723475976806848E-16, 0.000000000000000000, -1.000000000000000000 ) ) ;
#1362 = EDGE_LOOP ( 'NONE', ( #1240, #1720, #210, #1340 ) ) ;
#1363 = CARTESIAN_POINT ( 'NONE',  ( 0.6350000000000000089, -2.865000000000000213, 0.2000000000000000944 ) ) ;
#1364 = ORIENTED_EDGE ( 'NONE', *, *, #432, .F. ) ;
#1365 = ADVANCED_FACE ( 'NONE', ( #1339 ), #1518, .T. ) ;
#1366 = DIRECTION ( 'NONE',  ( 0.000000000000000000, 0.000000000000000000, -1.000000000000000000 ) ) ;
#1367 = CYLINDRICAL_SURFACE ( 'NONE', #1201, 0.6500000000000000222 ) ;
#1368 = DIRECTION ( 'NONE',  ( 0.000000000000000000, 1.000000000000000000, 0.000000000000000000 ) ) ;
#1369 = DIRECTION ( 'NONE',  ( 0.000000000000000000, 0.000000000000000000, 1.000000000000000000 ) ) ;
#1370 = B_SPLINE_CURVE_WITH_KNOTS ( 'NONE', 1,
 ( #1401, #105 ),
 .UNSPECIFIED., .F., .F.,
 ( 2, 2 ),
 ( 0.5000000000000000000, 0.8067632850241546194 ),
 .UNSPECIFIED. ) ;
#1371 = EDGE_CURVE ( 'NONE', #201, #589, #58, .T. ) ;
#1372 = ORIENTED_EDGE ( 'NONE', *, *, #1774, .F. ) ;
#1373 = DIRECTION ( 'NONE',  ( -1.000000000000000000, -0.000000000000000000, -0.000000000000000000 ) ) ;
#1374 = EDGE_LOOP ( 'NONE', ( #1689, #598, #563, #90 ) ) ;
#1375 = DIRECTION ( 'NONE',  ( 0.000000000000000000, 1.000000000000000000, -0.000000000000000000 ) ) ;
#1376 = LINE ( 'NONE', #378, #1593 ) ;
#1377 = LINE ( 'NONE', #356, #1754 ) ;
#1378 = VECTOR ( 'NONE', #1612, 100.0000000000000000 ) ;
#1379 = VERTEX_POINT ( 'NONE', #224 ) ;
#1380 = DIRECTION ( 'NONE',  ( 1.000000000000000000, -0.000000000000000000, 0.000000000000000000 ) ) ;
#1381 = VECTOR ( 'NONE', #330, 100.0000000000000000 ) ;
#1382 = ADVANCED_FACE ( 'NONE', ( #787 ), #1826, .F. ) ;
#1383 = VECTOR ( 'NONE', #552, 100.0000000000000000 ) ;
#1384 = EDGE_LOOP ( 'NONE', ( #1610, #1554, #1275, #541, #1280, #183, #944, #965, #1109, #520, #840, #1257 ) ) ;
#1385 = CC_DESIGN_APPROVAL ( #321, ( #683 ) ) ;
#1386 = CALENDAR_DATE ( 2026, 8, 9 ) ;
#1387 = EDGE_LOOP ( 'NONE', ( #775, #1498, #266, #1186 ) ) ;
#1388 = FACE_OUTER_BOUND ( 'NONE', #839, .T. ) ;
#1389 = FACE_OUTER_BOUND ( 'NONE', #289, .T. ) ;
#1390 = EDGE_CURVE ( 'NONE', #1857, #161, #934, .T. ) ;
#1391 = EDGE_CURVE ( 'NONE', #1324, #1379, #1377, .T. ) ;
#1392 = ORIENTED_EDGE ( 'NONE', *, *, #1708, .F. ) ;
#1393 = CARTESIAN_POINT ( 'NONE',  ( 5.635000000000000675, 0.000000000000000000, -0.2149999999999993028 ) ) ;
#1394 = ORIENTED_EDGE ( 'NONE', *, *, #743, .F. ) ;
#1395 = APPLICATION_PROTOCOL_DEFINITION ( 'international standard', 'config_control_design', 1994, #1420 ) ;
#1396 = ORIENTED_EDGE ( 'NONE', *, *, #1270, .F. ) ;
#1397 = LINE ( 'NONE', #110, #523 ) ;
#1398 = FACE_OUTER_BOUND ( 'NONE', #1863, .T. ) ;
#1399 = EDGE_LOOP ( 'NONE', ( #1396, #1638, #911, #1015 ) ) ;
#1400 = DIRECTION ( 'NONE',  ( 0.000000000000000000, -0.000000000000000000, 1.000000000000000000 ) ) ;
#1401 = CARTESIAN_POINT ( 'NONE',  ( 5.635000000000000675, 2.865000000000000213, -0.2000000000000000111 ) ) ;
#1402 = ORIENTED_EDGE ( 'NONE', *, *, #1585, .T. ) ;
#1403 = ADVANCED_FACE ( 'NONE', ( #1088 ), #1053, .T. ) ;
#1404 = APPROVAL_STATUS ( 'not_yet_approved' ) ;
#1405 = ORIENTED_EDGE ( 'NONE', *, *, #1629, .T. ) ;
#1406 = CARTESIAN_POINT ( 'NONE',  ( -0.6350000000000000089, 3.500000000000000444, 0.2000000000000000111 ) ) ;
#1407 = PRODUCT ( 'bucket long', 'bucket long', '', ( #1702 ) ) ;
#1408 = LINE ( 'NONE', #1860, #857 ) ;
#1409 = LINE ( 'NONE', #1279, #740 ) ;
#1410 = VECTOR ( 'NONE', #1642, 100.0000000000000000 ) ;
#1411 = AXIS2_PLACEMENT_3D ( 'NONE', #1286, #1161, #1765 ) ;
#1412 = ORIENTED_EDGE ( 'NONE', *, *, #632, .F. ) ;
#1413 = ADVANCED_FACE ( 'NONE', ( #83 ), #208, .T. ) ;
#1414 = EDGE_CURVE ( 'NONE', #513, #994, #67, .T. ) ;
#1415 = PERSON_AND_ORGANIZATION ( #1470, #830 ) ;
#1416 = VECTOR ( 'NONE', #1098, 100.0000000000000000 ) ;
#1417 = ORIENTED_EDGE ( 'NONE', *, *, #1672, .T. ) ;
#1418 = VECTOR ( 'NONE', #625, 100.0000000000000000 ) ;
#1419 = DIRECTION ( 'NONE',  ( -1.000000000000000000, -0.000000000000000000, -8.352109954983220072E-33 ) ) ;
#1420 = APPLICATION_CONTEXT ( 'configuration controlled 3d designs of mechanical parts and assemblies' ) ;
#1421 = DIRECTION ( 'NONE',  ( 0.000000000000000000, 0.000000000000000000, 1.000000000000000000 ) ) ;
#1422 = LINE ( 'NONE', #122, #1536 ) ;
#1423 = CARTESIAN_POINT ( 'NONE',  ( 7.540000000000000924, -2.850000000000000089, 0.2150000000000006906 ) ) ;
#1424 = ORIENTED_EDGE ( 'NONE', *, *, #931, .T. ) ;
#1425 = EDGE_CURVE ( 'NONE', #1191, #1763, #188, .T. ) ;
#1426 = ORIENTED_EDGE ( 'NONE', *, *, #1770, .F. ) ;
#1427 = LINE ( 'NONE', #294, #202 ) ;
#1428 = CARTESIAN_POINT ( 'NONE',  ( 0.6350000000000000089, 0.000000000000000000, 0.000000000000000000 ) ) ;
#1429 = ADVANCED_FACE ( 'NONE', ( #1080 ), #485, .T. ) ;
#1430 = CARTESIAN_POINT ( 'NONE',  ( 0.6350000000000000089, -3.500000000000000444, -1.800000000000000266 ) ) ;
#1431 = ORIENTED_EDGE ( 'NONE', *, *, #1510, .F. ) ;
#1432 = LINE ( 'NONE', #561, #736 ) ;
#1433 = VERTEX_POINT ( 'NONE', #1195 ) ;
#1434 = ORIENTED_EDGE ( 'NONE', *, *, #1025, .F. ) ;
#1435 = DIRECTION ( 'NONE',  ( 1.000000000000000000, 0.000000000000000000, 0.000000000000000000 ) ) ;
#1436 = CARTESIAN_POINT ( 'NONE',  ( 0.6350000000000000089, -3.500000000000000444, -1.800000000000000266 ) ) ;
#1437 = EDGE_CURVE ( 'NONE', #341, #951, #1791, .T. ) ;
#1438 = ADVANCED_FACE ( 'NONE', ( #1643, #915 ), #344, .T. ) ;
#1439 = DIRECTION ( 'NONE',  ( 1.000000000000000000, 0.000000000000000000, 0.000000000000000000 ) ) ;
#1440 = CARTESIAN_POINT ( 'NONE',  ( 6.270000000000000462, -3.500000000000000444, -1.800000000000000266 ) ) ;
#1441 = AXIS2_PLACEMENT_3D ( 'NONE', #745, #1439, #137 ) ;
#1442 = ORIENTED_EDGE ( 'NONE', *, *, #96, .T. ) ;
#1443 = AXIS2_PLACEMENT_3D ( 'NONE', #1306, #416, #1016 ) ;
#1444 = ORIENTED_EDGE ( 'NONE', *, *, #939, .T. ) ;
#1445 = AXIS2_PLACEMENT_3D ( 'NONE', #220, #638, #1220 ) ;
#1446 = CARTESIAN_POINT ( 'NONE',  ( 5.635000000000000675, 3.500000000000000444, -0.5000000000000006661 ) ) ;
#1447 = VECTOR ( 'NONE', #528, 100.0000000000000000 ) ;
#1448 = CARTESIAN_POINT ( 'NONE',  ( 0.6350000000000000089, -3.500000000000000444, 1.800000000000000266 ) ) ;
#1449 = VECTOR ( 'NONE', #733, 100.0000000000000000 ) ;
#1450 = CARTESIAN_POINT ( 'NONE',  ( -1.270000000000000018, -2.850000000000000089, 0.2150000000000000799 ) ) ;
#1451 = PLANE ( 'NONE',  #1199 ) ;
#1452 = ADVANCED_FACE ( 'NONE', ( #762 ), #1505, .F. ) ;
#1453 = ORIENTED_EDGE ( 'NONE', *, *, #1437, .T. ) ;
#1454 = CARTESIAN_POINT ( 'NONE',  ( 0.000000000000000000, -3.469446951953614189E-16, 3.618428607958274558E-31 ) ) ;
#1455 = ORIENTED_EDGE ( 'NONE', *, *, #1543, .F. ) ;
#1456 = EDGE_LOOP ( 'NONE', ( #1710, #1656, #1621, #1723 ) ) ;
#1457 = PLANE ( 'NONE',  #259 ) ;
#1458 = LINE ( 'NONE', #418, #822 ) ;
#1459 = LINE ( 'NONE', #285, #681 ) ;
#1460 = DIRECTION ( 'NONE',  ( 0.000000000000000000, 0.000000000000000000, -1.000000000000000000 ) ) ;
#1461 = ORIENTED_EDGE ( 'NONE', *, *, #606, .F. ) ;
#1462 = ORIENTED_EDGE ( 'NONE', *, *, #1552, .T. ) ;
#1463 = ADVANCED_FACE ( 'NONE', ( #635 ), #1218, .F. ) ;
#1464 = DIRECTION ( 'NONE',  ( -1.000000000000000000, 0.000000000000000000, 0.000000000000000000 ) ) ;
#1465 = CARTESIAN_POINT ( 'NONE',  ( 0.6350000000000000089, 2.865000000000000213, 0.5000000000000000000 ) ) ;
#1466 = DIRECTION ( 'NONE',  ( 1.000000000000000000, 0.000000000000000000, -0.000000000000000000 ) ) ;
#1467 = DIRECTION ( 'NONE',  ( 0.000000000000000000, 0.000000000000000000, 1.000000000000000000 ) ) ;
#1468 = EDGE_LOOP ( 'NONE', ( #22, #628, #1412, #1852 ) ) ;
#1469 = LINE ( 'NONE', #1484, #1478 ) ;
#1470 = PERSON ( 'UNSPECIFIED', 'UNSPECIFIED', 'UNSPECIFIED', ('UNSPECIFIED'), ('UNSPECIFIED'), ('UNSPECIFIED') ) ;
#1471 = ORIENTED_EDGE ( 'NONE', *, *, #511, .F. ) ;
#1472 = VECTOR ( 'NONE', #168, 100.0000000000000000 ) ;
#1473 = ORIENTED_EDGE ( 'NONE', *, *, #1624, .F. ) ;
#1474 = ADVANCED_FACE ( 'NONE', ( #807 ), #1271, .T. ) ;
#1475 = AXIS2_PLACEMENT_3D ( 'NONE', #1276, #1464, #1735 ) ;
#1476 = DIRECTION ( 'NONE',  ( 1.000000000000000000, -0.000000000000000000, -0.000000000000000000 ) ) ;
#1477 = AXIS2_PLACEMENT_3D ( 'NONE', #1454, #307, #608 ) ;
#1478 = VECTOR ( 'NONE', #717, 100.0000000000000000 ) ;
#1479 = CARTESIAN_POINT ( 'NONE',  ( 0.000000000000000000, -3.515000000000000124, -0.2149999999999999134 ) ) ;
#1480 = LINE ( 'NONE', #1633, #650 ) ;
#1481 = VECTOR ( 'NONE', #447, 100.0000000000000000 ) ;
#1482 = VECTOR ( 'NONE', #1174, 100.0000000000000000 ) ;
#1483 = ORIENTED_EDGE ( 'NONE', *, *, #868, .F. ) ;
#1484 = CARTESIAN_POINT ( 'NONE',  ( 0.000000000000000000, -3.500000000000000444, -1.800000000000000266 ) ) ;
#1485 = DIRECTION ( 'NONE',  ( 0.000000000000000000, 0.000000000000000000, -1.000000000000000000 ) ) ;
#1486 = ORIENTED_EDGE ( 'NONE', *, *, #802, .T. ) ;
#1487 = DIRECTION ( 'NONE',  ( 0.000000000000000000, 0.000000000000000000, 1.000000000000000000 ) ) ;
#1488 = DIRECTION ( 'NONE',  ( 0.000000000000000000, -1.000000000000000000, 0.000000000000000000 ) ) ;
#1489 = EDGE_CURVE ( 'NONE', #956, #587, #1096, .T. ) ;
#1490 = VERTEX_POINT ( 'NONE', #1570 ) ;
#1491 = LINE ( 'NONE', #190, #408 ) ;
#1492 = DIRECTION ( 'NONE',  ( 1.000000000000000000, 0.000000000000000000, -0.000000000000000000 ) ) ;
#1493 = ORIENTED_EDGE ( 'NONE', *, *, #570, .T. ) ;
#1494 = CARTESIAN_POINT ( 'NONE',  ( 0.6350000000000000089, -3.500000000000000444, 1.800000000000000266 ) ) ;
#1495 = CARTESIAN_POINT ( 'NONE',  ( 7.540000000000000924, -3.515000000000000124, 0.2150000000000006906 ) ) ;
#1496 = DIRECTION ( 'NONE',  ( -1.000000000000000000, 0.000000000000000000, 0.000000000000000000 ) ) ;
#1497 = EDGE_CURVE ( 'NONE', #1191, #929, #406, .T. ) ;
#1498 = ORIENTED_EDGE ( 'NONE', *, *, #810, .T. ) ;
#1499 = CARTESIAN_POINT ( 'NONE',  ( 0.6350000000000000089, 2.865000000000000213, -0.5000000000000000000 ) ) ;
#1500 = DIRECTION ( 'NONE',  ( -0.000000000000000000, -0.000000000000000000, -1.000000000000000000 ) ) ;
#1501 = ORIENTED_EDGE ( 'NONE', *, *, #1292, .F. ) ;
#1502 = CARTESIAN_POINT ( 'NONE',  ( 0.6350000000000001199, -2.865000000000000213, 0.5000000000000001110 ) ) ;
#1503 = DIRECTION ( 'NONE',  ( 0.000000000000000000, 0.000000000000000000, -1.000000000000000000 ) ) ;
#1504 = AXIS2_PLACEMENT_3D ( 'NONE', #692, #672, #1273 ) ;
#1505 = PLANE ( 'NONE',  #590 ) ;
#1506 = AXIS2_PLACEMENT_3D ( 'NONE', #1055, #1082, #918 ) ;
#1507 = VERTEX_POINT ( 'NONE', #1559 ) ;
#1508 = DIRECTION ( 'NONE',  ( 0.000000000000000000, -1.000000000000000000, 0.000000000000000000 ) ) ;
#1509 = VECTOR ( 'NONE', #538, 100.0000000000000000 ) ;
#1510 = EDGE_CURVE ( 'NONE', #803, #654, #1108, .T. ) ;
#1511 = ORIENTED_EDGE ( 'NONE', *, *, #778, .F. ) ;
#1512 = LOCAL_TIME ( 10, 38, 57.00000000000000000, #1103 ) ;
#1513 = EDGE_LOOP ( 'NONE', ( #1301, #808, #461, #1364 ) ) ;
#1514 = ADVANCED_FACE ( 'NONE', ( #1262, #942 ), #1842, .F. ) ;
#1515 = CARTESIAN_POINT ( 'NONE',  ( 0.6350000000000000089, -3.500000000000000444, 1.800000000000000266 ) ) ;
#1516 = CARTESIAN_POINT ( 'NONE',  ( 0.6350000000000000089, 2.865000000000000213, 0.5000000000000000000 ) ) ;
#1517 = CARTESIAN_POINT ( 'NONE',  ( 6.270000000000000462, 2.850000000000000089, 0.2149999999999999967 ) ) ;
#1518 = PLANE ( 'NONE',  #828 ) ;
#1519 = ORIENTED_EDGE ( 'NONE', *, *, #1733, .F. ) ;
#1520 = LINE ( 'NONE', #1803, #794 ) ;
#1521 = VERTEX_POINT ( 'NONE', #380 ) ;
#1522 =( NAMED_UNIT ( * ) PLANE_ANGLE_UNIT ( ) SI_UNIT ( $, .RADIAN. ) );
#1523 = CARTESIAN_POINT ( 'NONE',  ( 5.635000000000000675, -3.500000000000000444, 0.5000000000000006661 ) ) ;
#1524 = DIRECTION ( 'NONE',  ( -0.000000000000000000, -0.000000000000000000, 1.000000000000000000 ) ) ;
#1525 = ORIENTED_EDGE ( 'NONE', *, *, #1294, .T. ) ;
#1526 = CARTESIAN_POINT ( 'NONE',  ( 0.000000000000000000, -3.500000000000000444, -0.1999999999999999278 ) ) ;
#1527 = ORIENTED_EDGE ( 'NONE', *, *, #255, .T. ) ;
#1528 = CC_DESIGN_PERSON_AND_ORGANIZATION_ASSIGNMENT ( #1712, #394, ( #683 ) ) ;
#1529 = COORDINATED_UNIVERSAL_TIME_OFFSET ( 5, 0, .BEHIND. ) ;
#1530 = EDGE_CURVE ( 'NONE', #1521, #788, #524, .T. ) ;
#1531 = ORIENTED_EDGE ( 'NONE', *, *, #1655, .F. ) ;
#1532 = DIRECTION ( 'NONE',  ( 0.000000000000000000, 0.000000000000000000, -1.000000000000000000 ) ) ;
#1533 = LINE ( 'NONE', #836, #557 ) ;
#1534 = EDGE_LOOP ( 'NONE', ( #861, #921, #494, #17 ) ) ;
#1535 = CARTESIAN_POINT ( 'NONE',  ( 0.6350000000000000089, 3.500000000000000444, -0.5000000000000000000 ) ) ;
#1536 = VECTOR ( 'NONE', #1272, 100.0000000000000000 ) ;
#1537 = ORIENTED_EDGE ( 'NONE', *, *, #1294, .F. ) ;
#1538 = DIRECTION ( 'NONE',  ( 1.000000000000000000, 0.000000000000000000, 0.000000000000000000 ) ) ;
#1539 = ORIENTED_EDGE ( 'NONE', *, *, #298, .T. ) ;
#1540 = LINE ( 'NONE', #242, #1167 ) ;
#1541 = ORIENTED_EDGE ( 'NONE', *, *, #653, .T. ) ;
#1542 = DIRECTION ( 'NONE',  ( -0.000000000000000000, 1.000000000000000000, 0.000000000000000000 ) ) ;
#1543 = EDGE_CURVE ( 'NONE', #1836, #781, #1533, .T. ) ;
#1544 = CARTESIAN_POINT ( 'NONE',  ( 0.000000000000000000, 3.500000000000000444, 1.800000000000000266 ) ) ;
#1545 = VERTEX_POINT ( 'NONE', #1705 ) ;
#1546 = CALENDAR_DATE ( 2026, 8, 9 ) ;
#1547 = MANIFOLD_SOLID_BREP ( 'Tab and Slot-Tab4', #1714 ) ;
#1548 = ORIENTED_EDGE ( 'NONE', *, *, #337, .F. ) ;
#1549 = CARTESIAN_POINT ( 'NONE',  ( 5.635000000000000675, -3.500000000000000444, -0.1999999999999993172 ) ) ;
#1550 = PLANE ( 'NONE',  #769 ) ;
#1551 = LINE ( 'NONE', #252, #1447 ) ;
#1552 = EDGE_CURVE ( 'NONE', #676, #1140, #1540, .T. ) ;
#1553 = LINE ( 'NONE', #547, #677 ) ;
#1554 = ORIENTED_EDGE ( 'NONE', *, *, #143, .F. ) ;
#1555 = DATE_TIME_ROLE ( 'creation_date' ) ;
#1556 = ORIENTED_EDGE ( 'NONE', *, *, #620, .T. ) ;
#1557 = AXIS2_PLACEMENT_3D ( 'NONE', #1744, #582, #574 ) ;
#1558 = FACE_OUTER_BOUND ( 'NONE', #1594, .T. ) ;
#1559 = CARTESIAN_POINT ( 'NONE',  ( 0.6350000000000000089, -3.500000000000000444, -1.800000000000000266 ) ) ;
#1560 = VECTOR ( 'NONE', #331, 100.0000000000000000 ) ;
#1561 = CARTESIAN_POINT ( 'NONE',  ( 5.635000000000000675, 2.865000000000000213, -0.2000000000000000111 ) ) ;
#1562 = ADVANCED_FACE ( 'NONE', ( #1398 ), #1250, .T. ) ;
#1563 = CARTESIAN_POINT ( 'NONE',  ( 5.635000000000000675, -2.865000000000000213, -0.4999999999999993339 ) ) ;
#1564 = AXIS2_PLACEMENT_3D ( 'NONE', #847, #400, #1730 ) ;
#1565 = ORIENTED_EDGE ( 'NONE', *, *, #1168, .F. ) ;
#1566 = VECTOR ( 'NONE', #1061, 100.0000000000000000 ) ;
#1567 = ORIENTED_EDGE ( 'NONE', *, *, #674, .F. ) ;
#1568 = EDGE_CURVE ( 'NONE', #938, #1433, #1408, .T. ) ;
#1569 = LINE ( 'NONE', #1406, #1100 ) ;
#1570 = CARTESIAN_POINT ( 'NONE',  ( 0.000000000000000000, -2.865000000000000213, -0.1999999999999999278 ) ) ;
#1571 = FACE_OUTER_BOUND ( 'NONE', #503, .T. ) ;
#1572 = VERTEX_POINT ( 'NONE', #388 ) ;
#1573 = ORIENTED_EDGE ( 'NONE', *, *, #899, .F. ) ;
#1574 = ORIENTED_EDGE ( 'NONE', *, *, #943, .T. ) ;
#1575 = DIRECTION ( 'NONE',  ( -1.000000000000000000, -0.000000000000000000, -0.000000000000000000 ) ) ;
#1576 = DIRECTION ( 'NONE',  ( 0.000000000000000000, 0.000000000000000000, -1.000000000000000000 ) ) ;
#1577 = EDGE_CURVE ( 'NONE', #1274, #850, #111, .T. ) ;
#1578 = MANIFOLD_SOLID_BREP ( 'Tab and Slot-Slot2', #849 ) ;
#1579 = FACE_OUTER_BOUND ( 'NONE', #756, .T. ) ;
#1580 = DIRECTION ( 'NONE',  ( -1.000000000000000000, 0.000000000000000000, -1.387778780781445676E-16 ) ) ;
#1581 = PLANE ( 'NONE',  #1626 ) ;
#1582 = ORIENTED_EDGE ( 'NONE', *, *, #922, .T. ) ;
#1583 = ORIENTED_EDGE ( 'NONE', *, *, #1268, .T. ) ;
#1584 = CARTESIAN_POINT ( 'NONE',  ( 0.000000000000000000, 3.500000000000000444, 0.2000000000000000111 ) ) ;
#1585 = EDGE_CURVE ( 'NONE', #1121, #639, #543, .T. ) ;
#1586 = CARTESIAN_POINT ( 'NONE',  ( 0.000000000000000000, 3.500000000000000444, -0.2000000000000000111 ) ) ;
#1587 = DIRECTION ( 'NONE',  ( 1.000000000000000000, 0.000000000000000000, -0.000000000000000000 ) ) ;
#1588 = DIRECTION ( 'NONE',  ( 1.000000000000000000, 0.000000000000000000, -0.000000000000000000 ) ) ;
#1589 = ORIENTED_EDGE ( 'NONE', *, *, #1745, .T. ) ;
#1590 = CARTESIAN_POINT ( 'NONE',  ( 6.905000000000000249, 3.500000000000000444, 0.2000000000000000111 ) ) ;
#1591 = AXIS2_PLACEMENT_3D ( 'NONE', #704, #1018, #1600 ) ;
#1592 = ORIENTED_EDGE ( 'NONE', *, *, #2, .T. ) ;
#1593 = VECTOR ( 'NONE', #250, 100.0000000000000000 ) ;
#1594 = EDGE_LOOP ( 'NONE', ( #1047, #489, #465, #509 ) ) ;
#1595 = AXIS2_PLACEMENT_3D ( 'NONE', #1812, #846, #245 ) ;
#1596 = CYLINDRICAL_SURFACE ( 'NONE', #1411, 0.6500000000000000222 ) ;
#1597 = VECTOR ( 'NONE', #696, 100.0000000000000000 ) ;
#1598 = CARTESIAN_POINT ( 'NONE',  ( 6.270000000000000462, -3.500000000000000444, 1.800000000000000266 ) ) ;
#1599 = AXIS2_PLACEMENT_3D ( 'NONE', #1850, #833, #1538 ) ;
#1600 = DIRECTION ( 'NONE',  ( -1.000000000000000000, 0.000000000000000000, -0.000000000000000000 ) ) ;
#1601 = DIRECTION ( 'NONE',  ( 1.000000000000000000, -0.000000000000000000, 0.000000000000000000 ) ) ;
#1602 = CARTESIAN_POINT ( 'NONE',  ( 6.270000000000000462, -3.500000000000000444, -0.2149999999999993028 ) ) ;
#1603 = ORIENTED_EDGE ( 'NONE', *, *, #1278, .T. ) ;
#1604 = EDGE_CURVE ( 'NONE', #1703, #513, #981, .T. ) ;
#1605 = ORIENTED_EDGE ( 'NONE', *, *, #674, .T. ) ;
#1606 = LINE ( 'NONE', #453, #1317 ) ;
#1607 = DIRECTION ( 'NONE',  ( 0.000000000000000000, -1.000000000000000000, 0.000000000000000000 ) ) ;
#1608 = CARTESIAN_POINT ( 'NONE',  ( -1.270000000000000018, 2.850000000000000089, 0.2149999999999999967 ) ) ;
#1609 = PLANE ( 'NONE',  #1725 ) ;
#1610 = ORIENTED_EDGE ( 'NONE', *, *, #1152, .F. ) ;
#1611 = EDGE_CURVE ( 'NONE', #895, #1251, #128, .T. ) ;
#1612 = DIRECTION ( 'NONE',  ( 1.000000000000000000, -0.000000000000000000, 1.387778780781445676E-16 ) ) ;
#1613 = ADVANCED_FACE ( 'NONE', ( #1389 ), #1550, .T. ) ;
#1614 = EDGE_LOOP ( 'NONE', ( #1840, #1402, #1667, #310 ) ) ;
#1615 = VERTEX_POINT ( 'NONE', #1833 ) ;
#1616 = DIRECTION ( 'NONE',  ( -0.000000000000000000, -0.000000000000000000, -1.000000000000000000 ) ) ;
#1617 = DIRECTION ( 'NONE',  ( 0.000000000000000000, 0.000000000000000000, 1.000000000000000000 ) ) ;
#1618 = CARTESIAN_POINT ( 'NONE',  ( 0.6350000000000000089, 3.500000000000000444, -0.5000000000000000000 ) ) ;
#1619 = LINE ( 'NONE', #1738, #1481 ) ;
#1620 = VECTOR ( 'NONE', #619, 100.0000000000000000 ) ;
#1621 = ORIENTED_EDGE ( 'NONE', *, *, #820, .T. ) ;
#1622 = PLANE ( 'NONE',  #886 ) ;
#1623 = LINE ( 'NONE', #630, #819 ) ;
#1624 = EDGE_CURVE ( 'NONE', #995, #877, #251, .T. ) ;
#1625 = EDGE_LOOP ( 'NONE', ( #75, #970, #600, #1089 ) ) ;
#1626 = AXIS2_PLACEMENT_3D ( 'NONE', #1847, #1111, #392 ) ;
#1627 = CARTESIAN_POINT ( 'NONE',  ( 6.270000000000000462, 0.000000000000000000, 5.303589821414345533E-33 ) ) ;
#1628 = CARTESIAN_POINT ( 'NONE',  ( 0.6350000000000000089, -3.500000000000000444, 1.800000000000000266 ) ) ;
#1629 = EDGE_CURVE ( 'NONE', #1490, #895, #713, .T. ) ;
#1630 = B_SPLINE_CURVE_WITH_KNOTS ( 'NONE', 1,
 ( #594, #1346 ),
 .UNSPECIFIED., .F., .F.,
 ( 2, 2 ),
 ( 0.000000000000000000, 0.3067632850241546194 ),
 .UNSPECIFIED. ) ;
#1631 = VECTOR ( 'NONE', #269, 100.0000000000000000 ) ;
#1632 = DIRECTION ( 'NONE',  ( 1.000000000000000000, 0.000000000000000000, -0.000000000000000000 ) ) ;
#1633 = CARTESIAN_POINT ( 'NONE',  ( 0.6350000000000000089, 3.500000000000000444, 1.800000000000000266 ) ) ;
#1634 = VECTOR ( 'NONE', #1006, 100.0000000000000000 ) ;
#1635 = ORIENTED_EDGE ( 'NONE', *, *, #1810, .T. ) ;
#1636 = LINE ( 'NONE', #1341, #1381 ) ;
#1637 = ORIENTED_EDGE ( 'NONE', *, *, #376, .F. ) ;
#1638 = ORIENTED_EDGE ( 'NONE', *, *, #1083, .T. ) ;
#1639 = CARTESIAN_POINT ( 'NONE',  ( 5.635000000000000675, -2.865000000000000213, -0.4999999999999993339 ) ) ;
#1640 = ADVANCED_FACE ( 'NONE', ( #853 ), #744, .T. ) ;
#1641 = LINE ( 'NONE', #633, #1418 ) ;
#1642 = DIRECTION ( 'NONE',  ( 0.000000000000000000, 1.000000000000000000, 0.000000000000000000 ) ) ;
#1643 = FACE_OUTER_BOUND ( 'NONE', #192, .T. ) ;
#1644 = VERTEX_POINT ( 'NONE', #883 ) ;
#1645 = DIRECTION ( 'NONE',  ( 0.000000000000000000, 0.000000000000000000, 1.000000000000000000 ) ) ;
#1646 = LINE ( 'NONE', #1033, #881 ) ;
#1647 = ORIENTED_EDGE ( 'NONE', *, *, #1142, .T. ) ;
#1648 = DIRECTION ( 'NONE',  ( 0.000000000000000000, 0.000000000000000000, -1.000000000000000000 ) ) ;
#1649 = EDGE_CURVE ( 'NONE', #395, #404, #417, .T. ) ;
#1650 = CARTESIAN_POINT ( 'NONE',  ( 5.635000000000000675, 2.865000000000000213, -0.5000000000000006661 ) ) ;
#1651 = DIRECTION ( 'NONE',  ( 0.000000000000000000, 0.000000000000000000, -1.000000000000000000 ) ) ;
#1652 = ORIENTED_EDGE ( 'NONE', *, *, #432, .T. ) ;
#1653 = CARTESIAN_POINT ( 'NONE',  ( 5.635000000000000675, -2.865000000000000213, -0.4999999999999993339 ) ) ;
#1654 = ORIENTED_EDGE ( 'NONE', *, *, #1092, .T. ) ;
#1655 = EDGE_CURVE ( 'NONE', #1831, #578, #1154, .T. ) ;
#1656 = ORIENTED_EDGE ( 'NONE', *, *, #361, .T. ) ;
#1657 = CARTESIAN_POINT ( 'NONE',  ( 5.635000000000000675, -2.850000000000000089, 0.000000000000000000 ) ) ;
#1658 = PLANE ( 'NONE',  #1321 ) ;
#1659 = VECTOR ( 'NONE', #217, 100.0000000000000000 ) ;
#1660 = FACE_OUTER_BOUND ( 'NONE', #1242, .T. ) ;
#1661 = AXIS2_PLACEMENT_3D ( 'NONE', #602, #1326, #34 ) ;
#1662 = DIRECTION ( 'NONE',  ( 0.000000000000000000, -0.000000000000000000, -1.000000000000000000 ) ) ;
#1663 = EDGE_LOOP ( 'NONE', ( #1322, #719, #961, #450 ) ) ;
#1664 = PLANE ( 'NONE',  #1445 ) ;
#1665 = AXIS2_PLACEMENT_3D ( 'NONE', #274, #157, #844 ) ;
#1666 = EDGE_CURVE ( 'NONE', #909, #154, #454, .T. ) ;
#1667 = ORIENTED_EDGE ( 'NONE', *, *, #374, .T. ) ;
#1668 = DIRECTION ( 'NONE',  ( 0.000000000000000000, -0.000000000000000000, 1.000000000000000000 ) ) ;
#1669 = DIRECTION ( 'NONE',  ( 0.000000000000000000, 0.000000000000000000, -1.000000000000000000 ) ) ;
#1670 = ORIENTED_EDGE ( 'NONE', *, *, #811, .F. ) ;
#1671 = DIRECTION ( 'NONE',  ( 0.000000000000000000, 0.000000000000000000, 1.000000000000000000 ) ) ;
#1672 = EDGE_CURVE ( 'NONE', #1121, #1004, #295, .T. ) ;
#1673 = EDGE_CURVE ( 'NONE', #1379, #364, #532, .T. ) ;
#1674 = VERTEX_POINT ( 'NONE', #722 ) ;
#1675 = SECURITY_CLASSIFICATION_LEVEL ( 'unclassified' ) ;
#1676 = CARTESIAN_POINT ( 'NONE',  ( 6.270000000000000462, 3.500000000000000444, -1.800000000000000266 ) ) ;
#1677 = CARTESIAN_POINT ( 'NONE',  ( -0.6350000000000000089, -3.500000000000000444, -0.1999999999999999278 ) ) ;
#1678 = ORIENTED_EDGE ( 'NONE', *, *, #1666, .T. ) ;
#1679 = DIRECTION ( 'NONE',  ( 0.000000000000000000, 0.000000000000000000, -1.000000000000000000 ) ) ;
#1680 = EDGE_LOOP ( 'NONE', ( #1197, #1548, #947, #480 ) ) ;
#1681 = COORDINATED_UNIVERSAL_TIME_OFFSET ( 5, 0, .BEHIND. ) ;
#1682 = EDGE_LOOP ( 'NONE', ( #133, #673, #1221, #51 ) ) ;
#1683 = CARTESIAN_POINT ( 'NONE',  ( 0.6350000000000000089, 3.500000000000000444, -0.2000000000000000111 ) ) ;
#1684 = DIRECTION ( 'NONE',  ( 0.000000000000000000, 0.000000000000000000, -1.000000000000000000 ) ) ;
#1685 = VECTOR ( 'NONE', #1800, 100.0000000000000000 ) ;
#1686 = EDGE_CURVE ( 'NONE', #1507, #1266, #13, .T. ) ;
#1687 = B_SPLINE_CURVE_WITH_KNOTS ( 'NONE', 1,
 ( #1143, #712 ),
 .UNSPECIFIED., .F., .F.,
 ( 2, 2 ),
 ( 0.5000000000000000000, 0.8067632850241546194 ),
 .UNSPECIFIED. ) ;
#1688 = VECTOR ( 'NONE', #1865, 100.0000000000000000 ) ;
#1689 = ORIENTED_EDGE ( 'NONE', *, *, #1049, .F. ) ;
#1690 = FACE_OUTER_BOUND ( 'NONE', #1267, .T. ) ;
#1691 = VECTOR ( 'NONE', #369, 100.0000000000000000 ) ;
#1692 = DIRECTION ( 'NONE',  ( -1.000000000000000000, 0.000000000000000000, -0.000000000000000000 ) ) ;
#1693 = ORIENTED_EDGE ( 'NONE', *, *, #511, .T. ) ;
#1694 = AXIS2_PLACEMENT_3D ( 'NONE', #216, #78, #1067 ) ;
#1695 = COORDINATED_UNIVERSAL_TIME_OFFSET ( 5, 0, .BEHIND. ) ;
#1696 = EDGE_LOOP ( 'NONE', ( #1752, #569, #385, #393 ) ) ;
#1697 = EDGE_CURVE ( 'NONE', #247, #956, #1755, .T. ) ;
#1698 = DIRECTION ( 'NONE',  ( -1.000000000000000000, 0.000000000000000000, 0.000000000000000000 ) ) ;
#1699 = ORIENTED_EDGE ( 'NONE', *, *, #164, .F. ) ;
#1700 = CARTESIAN_POINT ( 'NONE',  ( 6.270000000000000462, -3.500000000000000444, -0.2149999999999992195 ) ) ;
#1701 = EDGE_LOOP ( 'NONE', ( #698, #279, #527, #1305 ) ) ;
#1702 = MECHANICAL_CONTEXT ( 'NONE', #1420, 'mechanical' ) ;
#1703 = VERTEX_POINT ( 'NONE', #1586 ) ;
#1704 = LINE ( 'NONE', #971, #919 ) ;
#1705 = CARTESIAN_POINT ( 'NONE',  ( 0.6350000000000000089, 3.500000000000000444, -0.2149999999999999134 ) ) ;
#1706 = EDGE_CURVE ( 'NONE', #1490, #1121, #1743, .T. ) ;
#1707 = DIRECTION ( 'NONE',  ( 1.387778780781445676E-16, 0.000000000000000000, -1.000000000000000000 ) ) ;
#1708 = EDGE_CURVE ( 'NONE', #694, #401, #576, .T. ) ;
#1709 = DIRECTION ( 'NONE',  ( 0.000000000000000000, 1.000000000000000000, 0.000000000000000000 ) ) ;
#1710 = ORIENTED_EDGE ( 'NONE', *, *, #2, .F. ) ;
#1711 = ADVANCED_FACE ( 'NONE', ( #581 ), #1878, .T. ) ;
#1712 = PERSON_AND_ORGANIZATION ( #1470, #830 ) ;
#1713 = ORIENTED_EDGE ( 'NONE', *, *, #1118, .T. ) ;
#1714 = CLOSED_SHELL ( 'NONE', ( #1429, #964, #1758, #1105, #71, #1711, #301, #1640, #535, #104, #1329, #841, #186, #1023 ) ) ;
#1715 = PLANE ( 'NONE',  #140 ) ;
#1716 = DIRECTION ( 'NONE',  ( 0.000000000000000000, -1.000000000000000000, 0.000000000000000000 ) ) ;
#1717 = VECTOR ( 'NONE', #1290, 100.0000000000000000 ) ;
#1718 = PLANE ( 'NONE',  #1258 ) ;
#1719 = VECTOR ( 'NONE', #411, 100.0000000000000000 ) ;
#1720 = ORIENTED_EDGE ( 'NONE', *, *, #491, .T. ) ;
#1721 = DIRECTION ( 'NONE',  ( 0.000000000000000000, 0.000000000000000000, -1.000000000000000000 ) ) ;
#1722 = VECTOR ( 'NONE', #76, 100.0000000000000000 ) ;
#1723 = ORIENTED_EDGE ( 'NONE', *, *, #1205, .F. ) ;
#1724 = VECTOR ( 'NONE', #1000, 100.0000000000000000 ) ;
#1725 = AXIS2_PLACEMENT_3D ( 'NONE', #1185, #856, #1779 ) ;
#1726 = ORIENTED_EDGE ( 'NONE', *, *, #811, .T. ) ;
#1727 = CARTESIAN_POINT ( 'NONE',  ( 6.905000000000000249, -3.500000000000000444, 0.2000000000000007050 ) ) ;
#1728 = DIRECTION ( 'NONE',  ( 1.000000000000000000, -0.000000000000000000, -0.000000000000000000 ) ) ;
#1729 = CARTESIAN_POINT ( 'NONE',  ( 6.905000000000000249, 3.500000000000000444, 0.2000000000000000111 ) ) ;
#1730 = DIRECTION ( 'NONE',  ( 1.000000000000000000, 0.000000000000000000, -0.000000000000000000 ) ) ;
#1731 = ORIENTED_EDGE ( 'NONE', *, *, #309, .F. ) ;
#1732 = CC_DESIGN_PERSON_AND_ORGANIZATION_ASSIGNMENT ( #265, #1839, ( #423 ) ) ;
#1733 = EDGE_CURVE ( 'NONE', #1644, #1130, #1792, .T. ) ;
#1734 = ORIENTED_EDGE ( 'NONE', *, *, #999, .F. ) ;
#1735 = DIRECTION ( 'NONE',  ( 0.000000000000000000, 0.000000000000000000, 1.000000000000000000 ) ) ;
#1736 = DIRECTION ( 'NONE',  ( 0.000000000000000000, 0.000000000000000000, 1.000000000000000000 ) ) ;
#1737 = CARTESIAN_POINT ( 'NONE',  ( 5.635000000000000675, 3.500000000000000444, -0.5000000000000006661 ) ) ;
#1738 = CARTESIAN_POINT ( 'NONE',  ( 6.270000000000000462, 3.500000000000000444, 1.800000000000000266 ) ) ;
#1739 = CARTESIAN_POINT ( 'NONE',  ( -0.6350000000000000089, 3.500000000000000444, -0.2000000000000000111 ) ) ;
#1740 = ORIENTED_EDGE ( 'NONE', *, *, #1770, .T. ) ;
#1741 = ORIENTED_EDGE ( 'NONE', *, *, #25, .F. ) ;
#1742 = CARTESIAN_POINT ( 'NONE',  ( 5.635000000000000675, -2.865000000000000213, -0.1999999999999993172 ) ) ;
#1743 = LINE ( 'NONE', #147, #1046 ) ;
#1744 = CARTESIAN_POINT ( 'NONE',  ( -0.6350000000000000089, 2.865000000000000213, -0.2000000000000000111 ) ) ;
#1745 = EDGE_CURVE ( 'NONE', #601, #1572, #703, .T. ) ;
#1746 = CARTESIAN_POINT ( 'NONE',  ( 5.635000000000000675, -3.500000000000000444, 1.800000000000000266 ) ) ;
#1747 = VECTOR ( 'NONE', #1492, 100.0000000000000000 ) ;
#1748 = ORIENTED_EDGE ( 'NONE', *, *, #1745, .F. ) ;
#1749 = CARTESIAN_POINT ( 'NONE',  ( 0.000000000000000000, -2.673426532507834641E-16, -0.6500000000000000222 ) ) ;
#1750 = EDGE_LOOP ( 'NONE', ( #975, #1238, #422, #448 ) ) ;
#1751 = VECTOR ( 'NONE', #253, 100.0000000000000000 ) ;
#1752 = ORIENTED_EDGE ( 'NONE', *, *, #820, .F. ) ;
#1753 = CARTESIAN_POINT ( 'NONE',  ( 0.6350000000000000089, -3.469446951953614189E-16, 0.6500000000000000222 ) ) ;
#1754 = VECTOR ( 'NONE', #900, 100.0000000000000000 ) ;
#1755 = LINE ( 'NONE', #990, #292 ) ;
#1756 = LOCAL_TIME ( 10, 38, 57.00000000000000000, #1695 ) ;
#1757 = CC_DESIGN_PERSON_AND_ORGANIZATION_ASSIGNMENT ( #969, #521, ( #683 ) ) ;
#1758 = ADVANCED_FACE ( 'NONE', ( #433 ), #178, .T. ) ;
#1759 = DIRECTION ( 'NONE',  ( 0.000000000000000000, 0.000000000000000000, 1.000000000000000000 ) ) ;
#1760 = LINE ( 'NONE', #149, #796 ) ;
#1761 = ORIENTED_EDGE ( 'NONE', *, *, #620, .F. ) ;
#1762 = DIRECTION ( 'NONE',  ( 0.000000000000000000, -0.000000000000000000, 1.000000000000000000 ) ) ;
#1763 = VERTEX_POINT ( 'NONE', #445 ) ;
#1764 = EDGE_LOOP ( 'NONE', ( #1169, #373, #932, #1556, #1024, #666, #382, #70, #1158, #469, #106, #170 ) ) ;
#1765 = DIRECTION ( 'NONE',  ( 0.000000000000000000, 0.000000000000000000, 1.000000000000000000 ) ) ;
#1766 = DIRECTION ( 'NONE',  ( -1.000000000000000000, -0.000000000000000000, -8.352109954983220072E-33 ) ) ;
#1767 = CARTESIAN_POINT ( 'NONE',  ( 5.270000000000000462, 0.000000000000000000, 0.000000000000000000 ) ) ;
#1768 = CARTESIAN_POINT ( 'NONE',  ( 0.6350000000000000089, 2.850000000000000089, 0.000000000000000000 ) ) ;
#1769 = PRODUCT_RELATED_PRODUCT_CATEGORY ( 'detail', '', ( #1407 ) ) ;
#1770 = EDGE_CURVE ( 'NONE', #457, #1796, #425, .T. ) ;
#1771 = VERTEX_POINT ( 'NONE', #166 ) ;
#1772 = FACE_OUTER_BOUND ( 'NONE', #1786, .T. ) ;
#1773 = CARTESIAN_POINT ( 'NONE',  ( 5.635000000000000675, -3.500000000000000444, -1.800000000000000266 ) ) ;
#1774 = EDGE_CURVE ( 'NONE', #63, #803, #26, .T. ) ;
#1775 = EDGE_LOOP ( 'NONE', ( #215, #10, #377, #370, #1873, #1021, #1574, #1072, #700, #592, #631, #1511 ) ) ;
#1776 = CARTESIAN_POINT ( 'NONE',  ( 6.270000000000000462, -3.500000000000000444, -0.1999999999999993172 ) ) ;
#1777 = DIRECTION ( 'NONE',  ( 1.734723475976806848E-16, 0.000000000000000000, 1.000000000000000000 ) ) ;
#1778 = LINE ( 'NONE', #1184, #1785 ) ;
#1779 = DIRECTION ( 'NONE',  ( 1.000000000000000000, 0.000000000000000000, -0.000000000000000000 ) ) ;
#1780 = ORIENTED_EDGE ( 'NONE', *, *, #755, .F. ) ;
#1781 = CARTESIAN_POINT ( 'NONE',  ( 5.635000000000000675, 3.500000000000000444, 0.2149999999999999967 ) ) ;
#1782 = CARTESIAN_POINT ( 'NONE',  ( 5.635000000000000675, 2.865000000000000213, -0.5000000000000006661 ) ) ;
#1783 = EDGE_CURVE ( 'NONE', #320, #589, #1630, .T. ) ;
#1784 = EDGE_CURVE ( 'NONE', #1231, #1191, #64, .T. ) ;
#1785 = VECTOR ( 'NONE', #641, 100.0000000000000000 ) ;
#1786 = EDGE_LOOP ( 'NONE', ( #1177, #1063, #1802, #767 ) ) ;
#1787 = VECTOR ( 'NONE', #1005, 100.0000000000000000 ) ;
#1788 = CARTESIAN_POINT ( 'NONE',  ( 5.635000000000000675, -2.865000000000000213, 0.5000000000000006661 ) ) ;
#1789 = VECTOR ( 'NONE', #682, 100.0000000000000000 ) ;
#1790 = LINE ( 'NONE', #1060, #615 ) ;
#1791 = LINE ( 'NONE', #476, #1566 ) ;
#1792 = CIRCLE ( 'NONE', #1137, 0.6500000000000000222 ) ;
#1793 = ORIENTED_EDGE ( 'NONE', *, *, #225, .F. ) ;
#1794 = CARTESIAN_POINT ( 'NONE',  ( 0.000000000000000000, -2.850000000000000089, -0.2149999999999999134 ) ) ;
#1795 = PLANE ( 'NONE',  #1003 ) ;
#1796 = VERTEX_POINT ( 'NONE', #1051 ) ;
#1797 = ADVANCED_FACE ( 'NONE', ( #1359 ), #204, .F. ) ;
#1798 = DIRECTION ( 'NONE',  ( 0.000000000000000000, 0.000000000000000000, -1.000000000000000000 ) ) ;
#1799 = PLANE ( 'NONE',  #709 ) ;
#1800 = DIRECTION ( 'NONE',  ( 0.000000000000000000, 0.000000000000000000, -1.000000000000000000 ) ) ;
#1801 = CARTESIAN_POINT ( 'NONE',  ( 5.635000000000000675, 3.500000000000000444, 1.800000000000000266 ) ) ;
#1802 = ORIENTED_EDGE ( 'NONE', *, *, #747, .T. ) ;
#1803 = CARTESIAN_POINT ( 'NONE',  ( 7.540000000000000924, -2.850000000000000089, -0.2149999999999993028 ) ) ;
#1804 = CARTESIAN_POINT ( 'NONE',  ( 0.6350000000000000089, 3.500000000000000444, 0.2149999999999999134 ) ) ;
#1805 = ORIENTED_EDGE ( 'NONE', *, *, #491, .F. ) ;
#1806 = CARTESIAN_POINT ( 'NONE',  ( 0.6350000000000000089, 0.000000000000000000, -0.2149999999999999134 ) ) ;
#1807 = DIRECTION ( 'NONE',  ( -1.000000000000000000, -0.000000000000000000, -8.352109954983220072E-33 ) ) ;
#1808 = FACE_OUTER_BOUND ( 'NONE', #270, .T. ) ;
#1809 = CARTESIAN_POINT ( 'NONE',  ( 0.000000000000000000, 0.000000000000000000, 0.000000000000000000 ) ) ;
#1810 = EDGE_CURVE ( 'NONE', #63, #727, #770, .T. ) ;
#1811 = ORIENTED_EDGE ( 'NONE', *, *, #922, .F. ) ;
#1812 = CARTESIAN_POINT ( 'NONE',  ( 6.270000000000000462, 0.000000000000000000, 0.000000000000000000 ) ) ;
#1813 = EDGE_LOOP ( 'NONE', ( #1519, #1 ) ) ;
#1814 = LINE ( 'NONE', #1657, #1007 ) ;
#1815 = FACE_OUTER_BOUND ( 'NONE', #1313, .T. ) ;
#1816 = CARTESIAN_POINT ( 'NONE',  ( 0.000000000000000000, 2.865000000000000213, 0.000000000000000000 ) ) ;
#1817 = CIRCLE ( 'NONE', #173, 0.6500000000000000222 ) ;
#1818 = DIRECTION ( 'NONE',  ( 1.000000000000000000, 0.000000000000000000, 0.000000000000000000 ) ) ;
#1819 = EDGE_CURVE ( 'NONE', #1433, #7, #905, .T. ) ;
#1820 = EDGE_LOOP ( 'NONE', ( #522, #88, #1726, #967 ) ) ;
#1821 = DIRECTION ( 'NONE',  ( 0.000000000000000000, 0.000000000000000000, 1.000000000000000000 ) ) ;
#1822 = AXIS2_PLACEMENT_3D ( 'NONE', #735, #1601, #1146 ) ;
#1823 = APPROVAL_PERSON_ORGANIZATION ( #1415, #706, #367 ) ;
#1824 = ORIENTED_EDGE ( 'NONE', *, *, #96, .F. ) ;
#1825 = DIRECTION ( 'NONE',  ( 0.000000000000000000, 0.000000000000000000, 1.000000000000000000 ) ) ;
#1826 = PLANE ( 'NONE',  #707 ) ;
#1827 = ORIENTED_EDGE ( 'NONE', *, *, #999, .T. ) ;
#1828 = DIRECTION ( 'NONE',  ( 0.000000000000000000, 0.000000000000000000, 1.000000000000000000 ) ) ;
#1829 = ORIENTED_EDGE ( 'NONE', *, *, #185, .T. ) ;
#1830 = EDGE_CURVE ( 'NONE', #457, #401, #1641, .T. ) ;
#1831 = VERTEX_POINT ( 'NONE', #1628 ) ;
#1832 = LINE ( 'NONE', #816, #467 ) ;
#1833 = CARTESIAN_POINT ( 'NONE',  ( 0.000000000000000000, -3.500000000000000444, 1.800000000000000266 ) ) ;
#1834 = ORIENTED_EDGE ( 'NONE', *, *, #1666, .F. ) ;
#1835 = LINE ( 'NONE', #1264, #1416 ) ;
#1836 = VERTEX_POINT ( 'NONE', #1516 ) ;
#1837 = ADVANCED_FACE ( 'NONE', ( #193 ), #1367, .F. ) ;
#1838 = EDGE_CURVE ( 'NONE', #1831, #1615, #342, .T. ) ;
#1839 = PERSON_AND_ORGANIZATION_ROLE ( 'creator' ) ;
#1840 = ORIENTED_EDGE ( 'NONE', *, *, #1672, .F. ) ;
#1841 = CARTESIAN_POINT ( 'NONE',  ( 6.270000000000000462, -3.500000000000000444, 1.800000000000000266 ) ) ;
#1842 = PLANE ( 'NONE',  #409 ) ;
#1843 = VECTOR ( 'NONE', #431, 100.0000000000000000 ) ;
#1844 = FACE_OUTER_BOUND ( 'NONE', #1820, .T. ) ;
#1845 = CIRCLE ( 'NONE', #1595, 0.3500000000000000333 ) ;
#1846 = VECTOR ( 'NONE', #1476, 100.0000000000000000 ) ;
#1847 = CARTESIAN_POINT ( 'NONE',  ( 0.6350000000000000089, 3.500000000000000444, 1.800000000000000266 ) ) ;
#1848 = ORIENTED_EDGE ( 'NONE', *, *, #1263, .T. ) ;
#1849 = APPROVAL_PERSON_ORGANIZATION ( #665, #952, #675 ) ;
#1850 = CARTESIAN_POINT ( 'NONE',  ( 0.000000000000000000, 0.000000000000000000, 0.000000000000000000 ) ) ;
#1851 = EDGE_CURVE ( 'NONE', #1147, #201, #1223, .T. ) ;
#1852 = ORIENTED_EDGE ( 'NONE', *, *, #496, .F. ) ;
#1853 = CARTESIAN_POINT ( 'NONE',  ( 0.6350000000000000089, 3.500000000000000444, -1.800000000000000266 ) ) ;
#1854 = ADVANCED_FACE ( 'NONE', ( #54 ), #1658, .T. ) ;
#1855 = LINE ( 'NONE', #1700, #1509 ) ;
#1856 = FACE_OUTER_BOUND ( 'NONE', #562, .T. ) ;
#1857 = VERTEX_POINT ( 'NONE', #43 ) ;
#1858 = EDGE_LOOP ( 'NONE', ( #1128, #1637, #1501, #31 ) ) ;
#1859 = DIRECTION ( 'NONE',  ( 1.000000000000000000, -0.000000000000000000, -0.000000000000000000 ) ) ;
#1860 = CARTESIAN_POINT ( 'NONE',  ( 6.270000000000000462, -3.500000000000000444, 1.800000000000000266 ) ) ;
#1861 = LINE ( 'NONE', #545, #24 ) ;
#1862 = LINE ( 'NONE', #1544, #498 ) ;
#1863 = EDGE_LOOP ( 'NONE', ( #1848, #1295, #1138, #1567 ) ) ;
#1864 = ORIENTED_EDGE ( 'NONE', *, *, #11, .T. ) ;
#1865 = DIRECTION ( 'NONE',  ( -0.000000000000000000, -0.000000000000000000, 1.000000000000000000 ) ) ;
#1866 = DIRECTION ( 'NONE',  ( 1.000000000000000000, 0.000000000000000000, -0.000000000000000000 ) ) ;
#1867 = VECTOR ( 'NONE', #885, 100.0000000000000000 ) ;
#1868 = CARTESIAN_POINT ( 'NONE',  ( 5.635000000000000675, -0.000000000000000000, 0.2149999999999999967 ) ) ;
#1869 = ADVANCED_FACE ( 'NONE', ( #1815 ), #1799, .F. ) ;
#1870 = EDGE_CURVE ( 'NONE', #578, #308, #913, .T. ) ;
#1871 = AXIS2_PLACEMENT_3D ( 'NONE', #152, #8, #171 ) ;
#1872 = CARTESIAN_POINT ( 'NONE',  ( 0.6350000000000000089, 0.000000000000000000, -0.2149999999999999967 ) ) ;
#1873 = ORIENTED_EDGE ( 'NONE', *, *, #410, .T. ) ;
#1874 = VECTOR ( 'NONE', #516, 100.0000000000000000 ) ;
#1875 = VECTOR ( 'NONE', #1028, 100.0000000000000000 ) ;
#1876 = ORIENTED_EDGE ( 'NONE', *, *, #636, .T. ) ;
#1877 = CARTESIAN_POINT ( 'NONE',  ( 7.540000000000000924, 3.515000000000000124, 0.2149999999999999967 ) ) ;
#1878 = PLANE ( 'NONE',  #413 ) ;
#1879 = CARTESIAN_POINT ( 'NONE',  ( 5.635000000000000675, 3.500000000000000444, -0.2000000000000000111 ) ) ;
#1880 = FACE_OUTER_BOUND ( 'NONE', #1764, .T. ) ;
#1881 = LINE ( 'NONE', #1423, #230 ) ;
#1882 = ORIENTED_EDGE ( 'NONE', *, *, #1049, .T. ) ;
#1883 = ADVANCED_FACE ( 'NONE', ( #483 ), #1059, .T. ) ;
ENDSEC;
END-ISO-10303-21;
