ISO-10303-21;
HEADER;
FILE_DESCRIPTION (( 'STEP AP214' ),
    '1' );
FILE_NAME ('bucket short.STEP',
    '2026-09-08T14:37:28',
    ( '' ),
    ( '' ),
    'SwSTEP 2.0',
    'SolidWorks 2026',
    '' );
FILE_SCHEMA (( 'AUTOMOTIVE_DESIGN' ));
ENDSEC;

DATA;
#1 = ORIENTED_EDGE ( 'NONE', *, *, #658, .F. ) ;
#2 = DIRECTION ( 'NONE',  ( -1.000000000000000000, 0.000000000000000000, 0.000000000000000000 ) ) ;
#3 = VECTOR ( 'NONE', #314, 100.0000000000000000 ) ;
#4 = AXIS2_PLACEMENT_3D ( 'NONE', #819, #1712, #88 ) ;
#5 = DIRECTION ( 'NONE',  ( 0.000000000000000000, 0.000000000000000000, 1.000000000000000000 ) ) ;
#6 = DIRECTION ( 'NONE',  ( 0.000000000000000000, 0.000000000000000000, 1.000000000000000000 ) ) ;
#7 = EDGE_CURVE ( 'NONE', #998, #1746, #844, .T. ) ;
#8 = EDGE_LOOP ( 'NONE', ( #145, #992, #1536, #1555 ) ) ;
#9 = DIRECTION ( 'NONE',  ( 1.000000000000000000, 0.000000000000000000, -0.000000000000000000 ) ) ;
#10 = EDGE_CURVE ( 'NONE', #548, #494, #1418, .T. ) ;
#11 = CARTESIAN_POINT ( 'NONE',  ( 5.635000000000000675, -3.500000000000000444, 1.800000000000000266 ) ) ;
#12 = FACE_OUTER_BOUND ( 'NONE', #1499, .T. ) ;
#13 = LINE ( 'NONE', #322, #357 ) ;
#14 = ORIENTED_EDGE ( 'NONE', *, *, #556, .T. ) ;
#15 = DIRECTION ( 'NONE',  ( 0.000000000000000000, 0.000000000000000000, 1.000000000000000000 ) ) ;
#16 = LINE ( 'NONE', #898, #1596 ) ;
#17 = EDGE_CURVE ( 'NONE', #998, #192, #484, .T. ) ;
#18 = CARTESIAN_POINT ( 'NONE',  ( 6.270000000000000462, -3.500000000000000444, -0.1999999999999993172 ) ) ;
#19 = CARTESIAN_POINT ( 'NONE',  ( 0.6350000000000000089, -3.500000000000000444, 1.800000000000000266 ) ) ;
#20 = EDGE_LOOP ( 'NONE', ( #44, #1005, #744, #1677 ) ) ;
#21 = CARTESIAN_POINT ( 'NONE',  ( 5.635000000000000675, 3.500000000000000444, 0.5000000000000006661 ) ) ;
#22 = VERTEX_POINT ( 'NONE', #392 ) ;
#23 = DIRECTION ( 'NONE',  ( -0.000000000000000000, -0.000000000000000000, -1.000000000000000000 ) ) ;
#24 = VECTOR ( 'NONE', #1546, 100.0000000000000000 ) ;
#25 = ADVANCED_FACE ( 'NONE', ( #134 ), #1863, .T. ) ;
#26 = AXIS2_PLACEMENT_3D ( 'NONE', #1154, #6, #1766 ) ;
#27 = COLOUR_RGB ( '',0.7921568627450980005, 0.8196078431372548767, 0.9333333333333333481 ) ;
#28 = CARTESIAN_POINT ( 'NONE',  ( 0.6350000000000000089, -2.865000000000000213, -0.1999999999999999278 ) ) ;
#29 = PRODUCT_DEFINITION_FORMATION_WITH_SPECIFIED_SOURCE ( 'ANY', '', #431, .NOT_KNOWN. ) ;
#30 = CARTESIAN_POINT ( 'NONE',  ( 5.635000000000000675, 3.500000000000000444, 1.800000000000000266 ) ) ;
#31 = EDGE_LOOP ( 'NONE', ( #69, #118, #1660, #1491 ) ) ;
#32 = LINE ( 'NONE', #605, #1597 ) ;
#33 = DIRECTION ( 'NONE',  ( 1.000000000000000000, 0.000000000000000000, 0.000000000000000000 ) ) ;
#34 = DIRECTION ( 'NONE',  ( -1.000000000000000000, -0.000000000000000000, -8.352109954983220072E-33 ) ) ;
#35 = EDGE_CURVE ( 'NONE', #243, #79, #679, .T. ) ;
#36 = EDGE_CURVE ( 'NONE', #548, #500, #1277, .T. ) ;
#37 = VERTEX_POINT ( 'NONE', #111 ) ;
#38 = CARTESIAN_POINT ( 'NONE',  ( 0.000000000000000000, -3.500000000000000444, 1.800000000000000266 ) ) ;
#39 = DIRECTION ( 'NONE',  ( 0.000000000000000000, 0.000000000000000000, -1.000000000000000000 ) ) ;
#40 = DIRECTION ( 'NONE',  ( -1.000000000000000000, -0.000000000000000000, 1.387778780781445676E-16 ) ) ;
#41 = FACE_OUTER_BOUND ( 'NONE', #8, .T. ) ;
#42 = DIRECTION ( 'NONE',  ( 0.000000000000000000, 0.000000000000000000, -1.000000000000000000 ) ) ;
#43 = EDGE_CURVE ( 'NONE', #1439, #487, #831, .T. ) ;
#44 = ORIENTED_EDGE ( 'NONE', *, *, #1007, .F. ) ;
#45 = CARTESIAN_POINT ( 'NONE',  ( 6.270000000000000462, 0.000000000000000000, 0.000000000000000000 ) ) ;
#46 = CIRCLE ( 'NONE', #1259, 0.4249999999999997113 ) ;
#47 = LINE ( 'NONE', #255, #1257 ) ;
#48 = DIRECTION ( 'NONE',  ( 0.000000000000000000, 0.000000000000000000, -1.000000000000000000 ) ) ;
#49 = ORIENTED_EDGE ( 'NONE', *, *, #1347, .T. ) ;
#50 = AXIS2_PLACEMENT_3D ( 'NONE', #1091, #1780, #1073 ) ;
#51 = VECTOR ( 'NONE', #1651, 100.0000000000000000 ) ;
#52 = VERTEX_POINT ( 'NONE', #854 ) ;
#53 = CARTESIAN_POINT ( 'NONE',  ( 6.905000000000000249, -2.865000000000000213, -0.1999999999999993172 ) ) ;
#54 = ORIENTED_EDGE ( 'NONE', *, *, #189, .F. ) ;
#55 = DIRECTION ( 'NONE',  ( -1.387778780781445676E-16, 0.000000000000000000, -1.000000000000000000 ) ) ;
#56 = EDGE_CURVE ( 'NONE', #604, #945, #1268, .T. ) ;
#57 = EDGE_LOOP ( 'NONE', ( #615, #1, #894, #520 ) ) ;
#58 = DIRECTION ( 'NONE',  ( 1.000000000000000000, -0.000000000000000000, -0.000000000000000000 ) ) ;
#59 = DIRECTION ( 'NONE',  ( -1.000000000000000000, -0.000000000000000000, -0.000000000000000000 ) ) ;
#60 = FACE_OUTER_BOUND ( 'NONE', #72, .T. ) ;
#61 = ORIENTED_EDGE ( 'NONE', *, *, #163, .T. ) ;
#62 = LINE ( 'NONE', #1813, #1812 ) ;
#63 = VERTEX_POINT ( 'NONE', #712 ) ;
#64 = CARTESIAN_POINT ( 'NONE',  ( 6.270000000000000462, -3.500000000000000444, -1.800000000000000266 ) ) ;
#65 = ORIENTED_EDGE ( 'NONE', *, *, #1411, .T. ) ;
#66 = ADVANCED_FACE ( 'NONE', ( #812 ), #1714, .F. ) ;
#67 = LINE ( 'NONE', #941, #1267 ) ;
#68 = CARTESIAN_POINT ( 'NONE',  ( 0.6350000000000000089, -3.500000000000000444, 1.800000000000000266 ) ) ;
#69 = ORIENTED_EDGE ( 'NONE', *, *, #1149, .F. ) ;
#70 = ORIENTED_EDGE ( 'NONE', *, *, #210, .F. ) ;
#71 = DIRECTION ( 'NONE',  ( 0.000000000000000000, 0.000000000000000000, 1.000000000000000000 ) ) ;
#72 = EDGE_LOOP ( 'NONE', ( #703, #446, #1185, #440 ) ) ;
#73 = LINE ( 'NONE', #1369, #569 ) ;
#74 = VERTEX_POINT ( 'NONE', #1387 ) ;
#75 = SURFACE_STYLE_USAGE ( .BOTH. , #1492 ) ;
#76 = ADVANCED_FACE ( 'NONE', ( #538 ), #1427, .T. ) ;
#77 = LINE ( 'NONE', #380, #51 ) ;
#78 = VECTOR ( 'NONE', #590, 100.0000000000000000 ) ;
#79 = VERTEX_POINT ( 'NONE', #1243 ) ;
#80 = VECTOR ( 'NONE', #194, 100.0000000000000000 ) ;
#81 = DIRECTION ( 'NONE',  ( 0.000000000000000000, 0.000000000000000000, -1.000000000000000000 ) ) ;
#82 = CIRCLE ( 'NONE', #242, 0.6500000000000000222 ) ;
#83 = ORIENTED_EDGE ( 'NONE', *, *, #1039, .T. ) ;
#84 = DIRECTION ( 'NONE',  ( 1.387778780781445676E-16, 0.000000000000000000, -1.000000000000000000 ) ) ;
#85 = VECTOR ( 'NONE', #1009, 100.0000000000000000 ) ;
#86 = ORIENTED_EDGE ( 'NONE', *, *, #1000, .F. ) ;
#87 = DIRECTION ( 'NONE',  ( 1.000000000000000000, -0.000000000000000000, -0.000000000000000000 ) ) ;
#88 = DIRECTION ( 'NONE',  ( 0.000000000000000000, -0.000000000000000000, 1.000000000000000000 ) ) ;
#89 = ORIENTED_EDGE ( 'NONE', *, *, #1396, .F. ) ;
#90 = DIRECTION ( 'NONE',  ( -0.000000000000000000, -0.000000000000000000, 1.000000000000000000 ) ) ;
#91 = EDGE_CURVE ( 'NONE', #1201, #1549, #1830, .T. ) ;
#92 = EDGE_CURVE ( 'NONE', #694, #52, #982, .T. ) ;
#93 = CARTESIAN_POINT ( 'NONE',  ( 5.635000000000000675, 2.850000000000000089, -0.2149999999999999967 ) ) ;
#94 = ORIENTED_EDGE ( 'NONE', *, *, #318, .T. ) ;
#95 = PLANE ( 'NONE',  #1140 ) ;
#96 = EDGE_LOOP ( 'NONE', ( #323, #94, #1408, #938 ) ) ;
#97 = DIRECTION ( 'NONE',  ( 8.352109954983220072E-33, 0.000000000000000000, -1.000000000000000000 ) ) ;
#98 = CARTESIAN_POINT ( 'NONE',  ( 0.6350000000000000089, -3.469446951953614189E-16, 3.618428607958274558E-31 ) ) ;
#99 = FACE_BOUND ( 'NONE', #1429, .T. ) ;
#100 = ORIENTED_EDGE ( 'NONE', *, *, #174, .F. ) ;
#101 = EDGE_LOOP ( 'NONE', ( #527, #560, #1781, #219 ) ) ;
#102 = CARTESIAN_POINT ( 'NONE',  ( 0.000000000000000000, 2.865000000000000213, -0.2000000000000000111 ) ) ;
#103 = EDGE_CURVE ( 'NONE', #371, #1865, #1682, .T. ) ;
#104 = ORIENTED_EDGE ( 'NONE', *, *, #608, .F. ) ;
#105 = LINE ( 'NONE', #415, #1381 ) ;
#106 = CARTESIAN_POINT ( 'NONE',  ( 6.905000000000000249, -2.865000000000000213, -0.1999999999999993172 ) ) ;
#107 = CARTESIAN_POINT ( 'NONE',  ( 0.000000000000000000, 2.850000000000000089, 0.2149999999999999967 ) ) ;
#108 = CARTESIAN_POINT ( 'NONE',  ( 0.000000000000000000, 3.500000000000000444, 1.800000000000000266 ) ) ;
#109 = ORIENTED_EDGE ( 'NONE', *, *, #546, .F. ) ;
#110 = AXIS2_PLACEMENT_3D ( 'NONE', #474, #1051, #1631 ) ;
#111 = CARTESIAN_POINT ( 'NONE',  ( 5.635000000000000675, -3.500000000000000444, -1.800000000000000266 ) ) ;
#112 = CARTESIAN_POINT ( 'NONE',  ( 0.6350000000000000089, -3.500000000000000444, 0.2000000000000000944 ) ) ;
#113 = VECTOR ( 'NONE', #1181, 100.0000000000000000 ) ;
#114 = AXIS2_PLACEMENT_3D ( 'NONE', #1134, #394, #1552 ) ;
#115 = ORIENTED_EDGE ( 'NONE', *, *, #234, .F. ) ;
#116 = CARTESIAN_POINT ( 'NONE',  ( 5.635000000000000675, 3.500000000000000444, 1.800000000000000266 ) ) ;
#117 = ADVANCED_FACE ( 'NONE', ( #1153 ), #1445, .T. ) ;
#118 = ORIENTED_EDGE ( 'NONE', *, *, #386, .T. ) ;
#119 = DIRECTION ( 'NONE',  ( 0.000000000000000000, 0.000000000000000000, -1.000000000000000000 ) ) ;
#120 =( NAMED_UNIT ( * ) PLANE_ANGLE_UNIT ( ) SI_UNIT ( $, .RADIAN. ) );
#121 = ADVANCED_FACE ( 'NONE', ( #602 ), #313, .T. ) ;
#122 = CARTESIAN_POINT ( 'NONE',  ( 0.6350000000000000089, 0.000000000000000000, -0.2149999999999999134 ) ) ;
#123 = ORIENTED_EDGE ( 'NONE', *, *, #869, .T. ) ;
#124 = DIRECTION ( 'NONE',  ( -1.000000000000000000, -0.000000000000000000, -0.000000000000000000 ) ) ;
#125 = DIRECTION ( 'NONE',  ( 1.000000000000000000, 0.000000000000000000, -0.000000000000000000 ) ) ;
#126 = ORIENTED_EDGE ( 'NONE', *, *, #711, .F. ) ;
#127 = DIRECTION ( 'NONE',  ( -1.000000000000000000, 0.000000000000000000, 1.734723475976806848E-16 ) ) ;
#128 = EDGE_LOOP ( 'NONE', ( #1853, #576 ) ) ;
#129 = DIRECTION ( 'NONE',  ( 0.000000000000000000, 0.000000000000000000, 1.000000000000000000 ) ) ;
#130 = LINE ( 'NONE', #266, #1026 ) ;
#131 = EDGE_CURVE ( 'NONE', #283, #604, #592, .T. ) ;
#132 = DIRECTION ( 'NONE',  ( 0.000000000000000000, -1.000000000000000000, 0.000000000000000000 ) ) ;
#133 = ORIENTED_EDGE ( 'NONE', *, *, #1588, .T. ) ;
#134 = FACE_OUTER_BOUND ( 'NONE', #1733, .T. ) ;
#135 = DIRECTION ( 'NONE',  ( 0.000000000000000000, 0.000000000000000000, 1.000000000000000000 ) ) ;
#136 = EDGE_LOOP ( 'NONE', ( #1191, #1286, #1313, #1272 ) ) ;
#137 = LINE ( 'NONE', #426, #24 ) ;
#138 = ORIENTED_EDGE ( 'NONE', *, *, #764, .T. ) ;
#139 = CARTESIAN_POINT ( 'NONE',  ( 5.635000000000000675, -2.865000000000000213, -0.4999999999999993339 ) ) ;
#140 = DIRECTION ( 'NONE',  ( 0.000000000000000000, -0.000000000000000000, 1.000000000000000000 ) ) ;
#141 = ADVANCED_FACE ( 'NONE', ( #12 ), #1305, .T. ) ;
#142 = CARTESIAN_POINT ( 'NONE',  ( 6.905000000000000249, -3.500000000000000444, -0.1999999999999993172 ) ) ;
#143 = PLANE ( 'NONE',  #874 ) ;
#144 = EDGE_CURVE ( 'NONE', #476, #883, #586, .T. ) ;
#145 = ORIENTED_EDGE ( 'NONE', *, *, #900, .F. ) ;
#146 = AXIS2_PLACEMENT_3D ( 'NONE', #1392, #1188, #188 ) ;
#147 = LINE ( 'NONE', #1554, #1749 ) ;
#148 = PRESENTATION_LAYER_ASSIGNMENT (  '', '', ( #1774 ) ) ;
#149 = ORIENTED_EDGE ( 'NONE', *, *, #1823, .F. ) ;
#150 = DIRECTION ( 'NONE',  ( 0.000000000000000000, 1.000000000000000000, 0.000000000000000000 ) ) ;
#151 = VECTOR ( 'NONE', #1522, 100.0000000000000000 ) ;
#152 = AXIS2_PLACEMENT_3D ( 'NONE', #1341, #48, #215 ) ;
#153 = DIRECTION ( 'NONE',  ( 0.000000000000000000, 0.000000000000000000, 1.000000000000000000 ) ) ;
#154 = CARTESIAN_POINT ( 'NONE',  ( 5.635000000000000675, 3.500000000000000444, -0.2000000000000000111 ) ) ;
#155 = EDGE_CURVE ( 'NONE', #1636, #1155, #886, .T. ) ;
#156 = ORIENTED_EDGE ( 'NONE', *, *, #608, .T. ) ;
#157 = PLANE ( 'NONE',  #449 ) ;
#158 = SURFACE_STYLE_USAGE ( .BOTH. , #186 ) ;
#159 = DIRECTION ( 'NONE',  ( 0.000000000000000000, 1.000000000000000000, 0.000000000000000000 ) ) ;
#160 = CARTESIAN_POINT ( 'NONE',  ( -0.6350000000000000089, 3.500000000000000444, -0.2000000000000000111 ) ) ;
#161 = ORIENTED_EDGE ( 'NONE', *, *, #1539, .T. ) ;
#162 = LINE ( 'NONE', #1763, #598 ) ;
#163 = EDGE_CURVE ( 'NONE', #1614, #245, #828, .T. ) ;
#164 = SURFACE_STYLE_USAGE ( .BOTH. , #320 ) ;
#165 = CARTESIAN_POINT ( 'NONE',  ( 0.6350000000000000089, 2.865000000000000213, -0.5000000000000000000 ) ) ;
#166 = DIRECTION ( 'NONE',  ( -8.352109954983220072E-33, 0.000000000000000000, 1.000000000000000000 ) ) ;
#167 = ORIENTED_EDGE ( 'NONE', *, *, #1732, .T. ) ;
#168 = CARTESIAN_POINT ( 'NONE',  ( 5.635000000000000675, -2.850000000000000089, 0.000000000000000000 ) ) ;
#169 = CLOSED_SHELL ( 'NONE', ( #1743, #181, #1263, #1029, #1693, #920, #1639, #1335, #261, #467, #981, #1602, #1770, #632, #780, #1458 ) ) ;
#170 = ADVANCED_FACE ( 'NONE', ( #321 ), #1744, .F. ) ;
#171 = DIRECTION ( 'NONE',  ( -1.734723475976806848E-16, 0.000000000000000000, -1.000000000000000000 ) ) ;
#172 = VECTOR ( 'NONE', #878, 100.0000000000000000 ) ;
#173 = VECTOR ( 'NONE', #448, 100.0000000000000000 ) ;
#174 = EDGE_CURVE ( 'NONE', #913, #875, #741, .T. ) ;
#175 = DIRECTION ( 'NONE',  ( 1.000000000000000000, 0.000000000000000000, -0.000000000000000000 ) ) ;
#176 = VECTOR ( 'NONE', #417, 100.0000000000000000 ) ;
#177 = CARTESIAN_POINT ( 'NONE',  ( 6.270000000000000462, -3.500000000000000444, -1.800000000000000266 ) ) ;
#178 = ORIENTED_EDGE ( 'NONE', *, *, #1048, .T. ) ;
#179 = DIRECTION ( 'NONE',  ( 0.000000000000000000, 0.000000000000000000, -1.000000000000000000 ) ) ;
#180 =( NAMED_UNIT ( * ) PLANE_ANGLE_UNIT ( ) SI_UNIT ( $, .RADIAN. ) );
#181 = ADVANCED_FACE ( 'NONE', ( #444 ), #1176, .F. ) ;
#182 = DIRECTION ( 'NONE',  ( 0.000000000000000000, -0.000000000000000000, 1.000000000000000000 ) ) ;
#183 = DIRECTION ( 'NONE',  ( -1.000000000000000000, 0.000000000000000000, -1.214306433183764966E-16 ) ) ;
#184 = ORIENTED_EDGE ( 'NONE', *, *, #1207, .T. ) ;
#185 = DIRECTION ( 'NONE',  ( 1.000000000000000000, 0.000000000000000000, 0.000000000000000000 ) ) ;
#186 = SURFACE_SIDE_STYLE ('',( #905 ) ) ;
#187 = CARTESIAN_POINT ( 'NONE',  ( 0.000000000000000000, 0.000000000000000000, 0.000000000000000000 ) ) ;
#188 = DIRECTION ( 'NONE',  ( 1.000000000000000000, 0.000000000000000000, -0.000000000000000000 ) ) ;
#189 = EDGE_CURVE ( 'NONE', #1131, #1572, #432, .T. ) ;
#190 = LINE ( 'NONE', #614, #845 ) ;
#191 = VERTEX_POINT ( 'NONE', #1028 ) ;
#192 = VERTEX_POINT ( 'NONE', #1034 ) ;
#193 = EDGE_CURVE ( 'NONE', #951, #79, #643, .T. ) ;
#194 = DIRECTION ( 'NONE',  ( 0.000000000000000000, 0.000000000000000000, -1.000000000000000000 ) ) ;
#195 = ORIENTED_EDGE ( 'NONE', *, *, #1476, .F. ) ;
#196 = DIRECTION ( 'NONE',  ( -0.000000000000000000, 1.000000000000000000, 0.000000000000000000 ) ) ;
#197 = VECTOR ( 'NONE', #59, 100.0000000000000000 ) ;
#198 = ORIENTED_EDGE ( 'NONE', *, *, #1124, .F. ) ;
#199 = VECTOR ( 'NONE', #639, 100.0000000000000000 ) ;
#200 = LINE ( 'NONE', #1363, #1351 ) ;
#201 = VECTOR ( 'NONE', #271, 100.0000000000000000 ) ;
#202 = CARTESIAN_POINT ( 'NONE',  ( 6.270000000000000462, -3.500000000000000444, 1.800000000000000266 ) ) ;
#203 = LINE ( 'NONE', #757, #1690 ) ;
#204 = ORIENTED_EDGE ( 'NONE', *, *, #1539, .F. ) ;
#205 = VECTOR ( 'NONE', #1665, 100.0000000000000000 ) ;
#206 = AXIS2_PLACEMENT_3D ( 'NONE', #852, #1558, #991 ) ;
#207 = ORIENTED_EDGE ( 'NONE', *, *, #849, .F. ) ;
#208 = CARTESIAN_POINT ( 'NONE',  ( 6.270000000000000462, 0.000000000000000000, 5.303589821414345533E-33 ) ) ;
#209 = VECTOR ( 'NONE', #545, 100.0000000000000000 ) ;
#210 = EDGE_CURVE ( 'NONE', #333, #1344, #801, .T. ) ;
#211 = ORIENTED_EDGE ( 'NONE', *, *, #947, .T. ) ;
#212 = CARTESIAN_POINT ( 'NONE',  ( 0.6350000000000000089, 3.500000000000000444, 1.800000000000000266 ) ) ;
#213 = ORIENTED_EDGE ( 'NONE', *, *, #668, .F. ) ;
#214 = FACE_BOUND ( 'NONE', #128, .T. ) ;
#215 = DIRECTION ( 'NONE',  ( -1.000000000000000000, 0.000000000000000000, -0.000000000000000000 ) ) ;
#216 = ORIENTED_EDGE ( 'NONE', *, *, #1676, .T. ) ;
#217 = ORIENTED_EDGE ( 'NONE', *, *, #1477, .F. ) ;
#218 = LINE ( 'NONE', #1388, #240 ) ;
#219 = ORIENTED_EDGE ( 'NONE', *, *, #1234, .F. ) ;
#220 = CARTESIAN_POINT ( 'NONE',  ( 0.6350000000000000089, -3.500000000000000444, -0.2149999999999999134 ) ) ;
#221 = EDGE_CURVE ( 'NONE', #371, #79, #880, .T. ) ;
#222 = EDGE_LOOP ( 'NONE', ( #663, #1072, #562, #1464 ) ) ;
#223 = FILL_AREA_STYLE ('',( #930 ) ) ;
#224 = PLANE ( 'NONE',  #152 ) ;
#225 = ORIENTED_EDGE ( 'NONE', *, *, #869, .F. ) ;
#226 = ORIENTED_EDGE ( 'NONE', *, *, #1347, .F. ) ;
#227 = DIRECTION ( 'NONE',  ( 0.000000000000000000, 0.000000000000000000, -1.000000000000000000 ) ) ;
#228 = ORIENTED_EDGE ( 'NONE', *, *, #423, .T. ) ;
#229 = FACE_OUTER_BOUND ( 'NONE', #1872, .T. ) ;
#230 = ORIENTED_EDGE ( 'NONE', *, *, #1094, .T. ) ;
#231 = CARTESIAN_POINT ( 'NONE',  ( -0.6350000000000000089, -2.865000000000000213, -0.1999999999999999278 ) ) ;
#232 = APPLICATION_CONTEXT ( 'automotive_design' ) ;
#233 = ADVANCED_FACE ( 'NONE', ( #1453 ), #1311, .F. ) ;
#234 = EDGE_CURVE ( 'NONE', #1036, #737, #1606, .T. ) ;
#235 = VECTOR ( 'NONE', #1012, 100.0000000000000000 ) ;
#236 = DIRECTION ( 'NONE',  ( 1.000000000000000000, -0.000000000000000000, -0.000000000000000000 ) ) ;
#237 = EDGE_LOOP ( 'NONE', ( #1246, #1342, #1090, #1125 ) ) ;
#238 = VECTOR ( 'NONE', #462, 100.0000000000000000 ) ;
#239 = CARTESIAN_POINT ( 'NONE',  ( 7.540000000000000924, -2.850000000000000089, 0.2150000000000006906 ) ) ;
#240 = VECTOR ( 'NONE', #71, 100.0000000000000000 ) ;
#241 = CARTESIAN_POINT ( 'NONE',  ( 0.6350000000000001199, -2.865000000000000213, 0.5000000000000001110 ) ) ;
#242 = AXIS2_PLACEMENT_3D ( 'NONE', #475, #1797, #1806 ) ;
#243 = VERTEX_POINT ( 'NONE', #1589 ) ;
#244 = CARTESIAN_POINT ( 'NONE',  ( 0.000000000000000000, -3.500000000000000444, 0.2000000000000000944 ) ) ;
#245 = VERTEX_POINT ( 'NONE', #297 ) ;
#246 = CARTESIAN_POINT ( 'NONE',  ( 5.635000000000000675, 0.000000000000000000, -0.4249999999999997113 ) ) ;
#247 = CARTESIAN_POINT ( 'NONE',  ( 5.635000000000000675, 3.500000000000000444, 0.2149999999999999967 ) ) ;
#248 = DIRECTION ( 'NONE',  ( 0.000000000000000000, 1.000000000000000000, 0.000000000000000000 ) ) ;
#249 = EDGE_CURVE ( 'NONE', #1835, #514, #1442, .T. ) ;
#250 = ORIENTED_EDGE ( 'NONE', *, *, #1655, .T. ) ;
#251 = CARTESIAN_POINT ( 'NONE',  ( 6.270000000000000462, -2.850000000000000089, 0.2150000000000006906 ) ) ;
#252 = CARTESIAN_POINT ( 'NONE',  ( 0.6350000000000000089, -3.500000000000000444, 1.800000000000000266 ) ) ;
#253 = ORIENTED_EDGE ( 'NONE', *, *, #572, .T. ) ;
#254 = CARTESIAN_POINT ( 'NONE',  ( 0.000000000000000000, -3.500000000000000444, -1.800000000000000266 ) ) ;
#255 = CARTESIAN_POINT ( 'NONE',  ( 0.6350000000000000089, 2.865000000000000213, -0.5000000000000000000 ) ) ;
#256 =( NAMED_UNIT ( * ) SI_UNIT ( $, .STERADIAN. ) SOLID_ANGLE_UNIT ( ) );
#257 = CARTESIAN_POINT ( 'NONE',  ( 0.6350000000000000089, 0.000000000000000000, -0.2149999999999999967 ) ) ;
#258 = ORIENTED_EDGE ( 'NONE', *, *, #758, .T. ) ;
#259 = ORIENTED_EDGE ( 'NONE', *, *, #1000, .T. ) ;
#260 = DIRECTION ( 'NONE',  ( -1.000000000000000000, 0.000000000000000000, -0.000000000000000000 ) ) ;
#261 = ADVANCED_FACE ( 'NONE', ( #1508 ), #775, .F. ) ;
#262 = ORIENTED_EDGE ( 'NONE', *, *, #234, .T. ) ;
#263 = CARTESIAN_POINT ( 'NONE',  ( 6.905000000000000249, 2.865000000000000213, 0.2000000000000000111 ) ) ;
#264 = VERTEX_POINT ( 'NONE', #1354 ) ;
#265 = DIRECTION ( 'NONE',  ( 0.000000000000000000, -1.000000000000000000, 0.000000000000000000 ) ) ;
#266 = CARTESIAN_POINT ( 'NONE',  ( 7.540000000000000924, -2.850000000000000089, -0.2149999999999993028 ) ) ;
#267 = DIRECTION ( 'NONE',  ( -1.387778780781445676E-16, 0.000000000000000000, 1.000000000000000000 ) ) ;
#268 = ORIENTED_EDGE ( 'NONE', *, *, #1513, .F. ) ;
#269 = AXIS2_PLACEMENT_3D ( 'NONE', #1753, #1468, #175 ) ;
#270 = ORIENTED_EDGE ( 'NONE', *, *, #193, .F. ) ;
#271 = DIRECTION ( 'NONE',  ( -1.734723475976806848E-16, 0.000000000000000000, -1.000000000000000000 ) ) ;
#272 = VECTOR ( 'NONE', #1567, 100.0000000000000000 ) ;
#273 = VECTOR ( 'NONE', #896, 100.0000000000000000 ) ;
#274 = ORIENTED_EDGE ( 'NONE', *, *, #1741, .F. ) ;
#275 = LINE ( 'NONE', #999, #1110 ) ;
#276 = EDGE_CURVE ( 'NONE', #514, #1835, #956, .T. ) ;
#277 = AXIS2_PLACEMENT_3D ( 'NONE', #536, #1581, #1736 ) ;
#278 = CARTESIAN_POINT ( 'NONE',  ( 6.270000000000000462, 3.500000000000000444, 0.2000000000000000111 ) ) ;
#279 = LINE ( 'NONE', #1416, #725 ) ;
#280 = ORIENTED_EDGE ( 'NONE', *, *, #1433, .T. ) ;
#281 = EDGE_LOOP ( 'NONE', ( #567, #352, #802, #104 ) ) ;
#282 = CARTESIAN_POINT ( 'NONE',  ( 0.6350000000000000089, 3.500000000000000444, -0.2149999999999999134 ) ) ;
#283 = VERTEX_POINT ( 'NONE', #1068 ) ;
#284 = CARTESIAN_POINT ( 'NONE',  ( 5.635000000000000675, 2.850000000000000089, 0.2149999999999999967 ) ) ;
#285 = VERTEX_POINT ( 'NONE', #1691 ) ;
#286 = EDGE_CURVE ( 'NONE', #1043, #808, #346, .T. ) ;
#287 = CARTESIAN_POINT ( 'NONE',  ( 6.270000000000000462, 3.515000000000000124, 0.2149999999999999967 ) ) ;
#288 = FACE_OUTER_BOUND ( 'NONE', #281, .T. ) ;
#289 = CARTESIAN_POINT ( 'NONE',  ( 0.6350000000000000089, -3.500000000000000444, -0.1999999999999999278 ) ) ;
#290 = CARTESIAN_POINT ( 'NONE',  ( 0.000000000000000000, 0.000000000000000000, 0.000000000000000000 ) ) ;
#291 = ORIENTED_EDGE ( 'NONE', *, *, #1716, .F. ) ;
#292 = DIRECTION ( 'NONE',  ( 0.000000000000000000, 0.000000000000000000, 1.000000000000000000 ) ) ;
#293 = EDGE_LOOP ( 'NONE', ( #1609, #1096, #211, #1389 ) ) ;
#294 = CARTESIAN_POINT ( 'NONE',  ( 0.6350000000000000089, -3.500000000000000444, -0.2149999999999999134 ) ) ;
#295 = FACE_OUTER_BOUND ( 'NONE', #796, .T. ) ;
#296 = ADVANCED_FACE ( 'NONE', ( #908 ), #932, .F. ) ;
#297 = CARTESIAN_POINT ( 'NONE',  ( 0.6350000000000000089, -2.865000000000000213, -0.1999999999999999278 ) ) ;
#298 = DIRECTION ( 'NONE',  ( 0.000000000000000000, 0.000000000000000000, 1.000000000000000000 ) ) ;
#299 = ORIENTED_EDGE ( 'NONE', *, *, #56, .T. ) ;
#300 = VECTOR ( 'NONE', #1132, 100.0000000000000000 ) ;
#301 = LINE ( 'NONE', #876, #1568 ) ;
#302 = VECTOR ( 'NONE', #39, 100.0000000000000000 ) ;
#303 = LINE ( 'NONE', #1423, #172 ) ;
#304 = VECTOR ( 'NONE', #81, 100.0000000000000000 ) ;
#305 = VECTOR ( 'NONE', #603, 100.0000000000000000 ) ;
#306 = CARTESIAN_POINT ( 'NONE',  ( 0.6350000000000000089, -3.469446951953614189E-16, 3.618428607958274558E-31 ) ) ;
#307 = ADVANCED_FACE ( 'NONE', ( #1494 ), #761, .F. ) ;
#308 = PLANE ( 'NONE',  #929 ) ;
#309 = VERTEX_POINT ( 'NONE', #675 ) ;
#310 = DIRECTION ( 'NONE',  ( 0.000000000000000000, 0.000000000000000000, -1.000000000000000000 ) ) ;
#311 = APPLICATION_CONTEXT ( 'automotive_design' ) ;
#312 = CARTESIAN_POINT ( 'NONE',  ( 5.635000000000000675, 2.865000000000000213, -0.5000000000000006661 ) ) ;
#313 = PLANE ( 'NONE',  #1139 ) ;
#314 = DIRECTION ( 'NONE',  ( -1.000000000000000000, -0.000000000000000000, -0.000000000000000000 ) ) ;
#315 = ADVANCED_FACE ( 'NONE', ( #1249 ), #338, .F. ) ;
#316 = EDGE_LOOP ( 'NONE', ( #853, #1221, #228, #678 ) ) ;
#317 = DIRECTION ( 'NONE',  ( 0.000000000000000000, 0.000000000000000000, -1.000000000000000000 ) ) ;
#318 = EDGE_CURVE ( 'NONE', #1575, #1689, #1011, .T. ) ;
#319 = EDGE_CURVE ( 'NONE', #1647, #951, #1182, .T. ) ;
#320 = SURFACE_SIDE_STYLE ('',( #1627 ) ) ;
#321 = FACE_OUTER_BOUND ( 'NONE', #665, .T. ) ;
#322 = CARTESIAN_POINT ( 'NONE',  ( 0.000000000000000000, 3.500000000000000444, -0.2000000000000000111 ) ) ;
#323 = ORIENTED_EDGE ( 'NONE', *, *, #696, .T. ) ;
#324 = FACE_OUTER_BOUND ( 'NONE', #136, .T. ) ;
#325 = PRESENTATION_STYLE_ASSIGNMENT (( #158 ) ) ;
#326 = EDGE_CURVE ( 'NONE', #63, #1845, #698, .T. ) ;
#327 =( LENGTH_UNIT ( ) NAMED_UNIT ( * ) SI_UNIT ( .CENTI., .METRE. ) );
#328 = VECTOR ( 'NONE', #939, 100.0000000000000000 ) ;
#329 = VECTOR ( 'NONE', #702, 100.0000000000000000 ) ;
#330 = AXIS2_PLACEMENT_3D ( 'NONE', #657, #1662, #933 ) ;
#331 = DIRECTION ( 'NONE',  ( 1.000000000000000000, -0.000000000000000000, 1.387778780781445676E-16 ) ) ;
#332 = CARTESIAN_POINT ( 'NONE',  ( 5.635000000000000675, 5.204748896376247001E-17, 0.4249999999999997113 ) ) ;
#333 = VERTEX_POINT ( 'NONE', #246 ) ;
#334 = CARTESIAN_POINT ( 'NONE',  ( 6.905000000000000249, 3.500000000000000444, 0.2000000000000000111 ) ) ;
#335 = FACE_OUTER_BOUND ( 'NONE', #1695, .T. ) ;
#336 = EDGE_CURVE ( 'NONE', #514, #918, #1765, .T. ) ;
#337 = EDGE_CURVE ( 'NONE', #1195, #919, #47, .T. ) ;
#338 = PLANE ( 'NONE',  #618 ) ;
#339 = DIRECTION ( 'NONE',  ( 0.000000000000000000, 0.000000000000000000, -1.000000000000000000 ) ) ;
#340 = ORIENTED_EDGE ( 'NONE', *, *, #644, .F. ) ;
#341 = ORIENTED_EDGE ( 'NONE', *, *, #1010, .F. ) ;
#342 = CARTESIAN_POINT ( 'NONE',  ( 6.270000000000000462, -2.850000000000000089, -0.2149999999999993028 ) ) ;
#343 = ORIENTED_EDGE ( 'NONE', *, *, #1372, .F. ) ;
#344 = ORIENTED_EDGE ( 'NONE', *, *, #1608, .T. ) ;
#345 = FACE_OUTER_BOUND ( 'NONE', #1105, .T. ) ;
#346 = LINE ( 'NONE', #901, #768 ) ;
#347 = PLANE ( 'NONE',  #1726 ) ;
#348 = EDGE_CURVE ( 'NONE', #919, #1689, #463, .T. ) ;
#349 = ORIENTED_EDGE ( 'NONE', *, *, #1446, .F. ) ;
#350 = VERTEX_POINT ( 'NONE', #1060 ) ;
#351 = LINE ( 'NONE', #637, #1227 ) ;
#352 = ORIENTED_EDGE ( 'NONE', *, *, #508, .F. ) ;
#353 = CARTESIAN_POINT ( 'NONE',  ( 0.6350000000000000089, 3.500000000000000444, -0.2149999999999999134 ) ) ;
#354 = VECTOR ( 'NONE', #159, 100.0000000000000000 ) ;
#355 = ORIENTED_EDGE ( 'NONE', *, *, #1717, .F. ) ;
#356 = VECTOR ( 'NONE', #1646, 100.0000000000000000 ) ;
#357 = VECTOR ( 'NONE', #593, 100.0000000000000000 ) ;
#358 = DIRECTION ( 'NONE',  ( -1.000000000000000000, -0.000000000000000000, -0.000000000000000000 ) ) ;
#359 = CARTESIAN_POINT ( 'NONE',  ( 5.270000000000000462, 0.000000000000000000, -0.4249999999999997113 ) ) ;
#360 = ORIENTED_EDGE ( 'NONE', *, *, #1175, .T. ) ;
#361 = VECTOR ( 'NONE', #1067, 100.0000000000000000 ) ;
#362 = EDGE_CURVE ( 'NONE', #883, #243, #1209, .T. ) ;
#363 = ORIENTED_EDGE ( 'NONE', *, *, #959, .T. ) ;
#364 = DIRECTION ( 'NONE',  ( 0.000000000000000000, 0.000000000000000000, -1.000000000000000000 ) ) ;
#365 = PRODUCT_DEFINITION_CONTEXT ( 'detailed design', #232, 'design' ) ;
#366 = ORIENTED_EDGE ( 'NONE', *, *, #1007, .T. ) ;
#367 = DIRECTION ( 'NONE',  ( 0.000000000000000000, 1.000000000000000000, 0.000000000000000000 ) ) ;
#368 = ORIENTED_EDGE ( 'NONE', *, *, #734, .F. ) ;
#369 = DIRECTION ( 'NONE',  ( 0.000000000000000000, 1.000000000000000000, 0.000000000000000000 ) ) ;
#370 = FACE_OUTER_BOUND ( 'NONE', #1550, .T. ) ;
#371 = VERTEX_POINT ( 'NONE', #756 ) ;
#372 = VERTEX_POINT ( 'NONE', #634 ) ;
#373 = PLANE ( 'NONE',  #571 ) ;
#374 = EDGE_LOOP ( 'NONE', ( #659, #291, #217, #507 ) ) ;
#375 = CARTESIAN_POINT ( 'NONE',  ( 0.6350000000000001199, -3.500000000000000444, 0.5000000000000001110 ) ) ;
#376 = EDGE_CURVE ( 'NONE', #1439, #1359, #1334, .T. ) ;
#377 = ADVANCED_FACE ( 'NONE', ( #41 ), #1775, .T. ) ;
#378 = ORIENTED_EDGE ( 'NONE', *, *, #1716, .T. ) ;
#379 = CARTESIAN_POINT ( 'NONE',  ( 0.000000000000000000, 2.865000000000000213, -0.2000000000000000111 ) ) ;
#380 = CARTESIAN_POINT ( 'NONE',  ( -1.270000000000000018, -2.850000000000000089, 0.2150000000000000799 ) ) ;
#381 = ORIENTED_EDGE ( 'NONE', *, *, #583, .F. ) ;
#382 = DIRECTION ( 'NONE',  ( 0.000000000000000000, 1.000000000000000000, 0.000000000000000000 ) ) ;
#383 = EDGE_LOOP ( 'NONE', ( #1541, #83, #1179, #1150 ) ) ;
#384 = PLANE ( 'NONE',  #771 ) ;
#385 = ORIENTED_EDGE ( 'NONE', *, *, #1386, .F. ) ;
#386 = EDGE_CURVE ( 'NONE', #684, #962, #1586, .T. ) ;
#387 = ADVANCED_BREP_SHAPE_REPRESENTATION ( 'bucket short', ( #1783, #1787, #522, #530, #727 ), #1626 ) ;
#388 = VECTOR ( 'NONE', #525, 100.0000000000000000 ) ;
#389 = DIRECTION ( 'NONE',  ( -0.000000000000000000, -0.000000000000000000, 1.000000000000000000 ) ) ;
#390 = ORIENTED_EDGE ( 'NONE', *, *, #783, .T. ) ;
#391 = VECTOR ( 'NONE', #23, 100.0000000000000000 ) ;
#392 = CARTESIAN_POINT ( 'NONE',  ( 5.635000000000000675, -3.500000000000000444, 0.2150000000000006073 ) ) ;
#393 = VECTOR ( 'NONE', #887, 100.0000000000000000 ) ;
#394 = DIRECTION ( 'NONE',  ( 0.000000000000000000, 1.000000000000000000, 0.000000000000000000 ) ) ;
#395 = VECTOR ( 'NONE', #667, 100.0000000000000000 ) ;
#396 = ORIENTED_EDGE ( 'NONE', *, *, #1193, .T. ) ;
#397 = LINE ( 'NONE', #664, #1619 ) ;
#398 = VERTEX_POINT ( 'NONE', #11 ) ;
#399 = CARTESIAN_POINT ( 'NONE',  ( 0.6350000000000000089, -3.500000000000000444, 1.800000000000000266 ) ) ;
#400 = DIRECTION ( 'NONE',  ( -1.000000000000000000, -0.000000000000000000, -0.000000000000000000 ) ) ;
#401 = CARTESIAN_POINT ( 'NONE',  ( 5.635000000000000675, 3.500000000000000444, -0.5000000000000006661 ) ) ;
#402 = ORIENTED_EDGE ( 'NONE', *, *, #1309, .F. ) ;
#403 = EDGE_CURVE ( 'NONE', #830, #512, #1723, .T. ) ;
#404 = CARTESIAN_POINT ( 'NONE',  ( 5.635000000000000675, -2.865000000000000213, 0.2000000000000007050 ) ) ;
#405 = LINE ( 'NONE', #282, #539 ) ;
#406 = ORIENTED_EDGE ( 'NONE', *, *, #570, .F. ) ;
#407 = CARTESIAN_POINT ( 'NONE',  ( 0.000000000000000000, -2.850000000000000089, 0.2150000000000000799 ) ) ;
#408 = FACE_OUTER_BOUND ( 'NONE', #1681, .T. ) ;
#409 = PLANE ( 'NONE',  #206 ) ;
#410 = ORIENTED_EDGE ( 'NONE', *, *, #1193, .F. ) ;
#411 = DIRECTION ( 'NONE',  ( 1.000000000000000000, 0.000000000000000000, 1.214306433183764966E-16 ) ) ;
#412 = ADVANCED_FACE ( 'NONE', ( #408 ), #1157, .T. ) ;
#413 = DIRECTION ( 'NONE',  ( -1.000000000000000000, 0.000000000000000000, 0.000000000000000000 ) ) ;
#414 = ORIENTED_EDGE ( 'NONE', *, *, #959, .F. ) ;
#415 = CARTESIAN_POINT ( 'NONE',  ( 0.000000000000000000, -3.500000000000000444, 1.800000000000000266 ) ) ;
#416 = CARTESIAN_POINT ( 'NONE',  ( 6.270000000000000462, 0.000000000000000000, 5.303589821414345533E-33 ) ) ;
#417 = DIRECTION ( 'NONE',  ( 1.000000000000000000, 0.000000000000000000, 1.387778780781445676E-16 ) ) ;
#418 = LINE ( 'NONE', #841, #809 ) ;
#419 = ORIENTED_EDGE ( 'NONE', *, *, #644, .T. ) ;
#420 = DIRECTION ( 'NONE',  ( 0.000000000000000000, 0.000000000000000000, 1.000000000000000000 ) ) ;
#421 = DIRECTION ( 'NONE',  ( -1.000000000000000000, 0.000000000000000000, -1.214306433183764966E-16 ) ) ;
#422 = MECHANICAL_DESIGN_GEOMETRIC_PRESENTATION_REPRESENTATION (  '', ( #745 ), #1320 ) ;
#423 = EDGE_CURVE ( 'NONE', #797, #913, #1578, .T. ) ;
#424 = CIRCLE ( 'NONE', #722, 0.4249999999999997113 ) ;
#425 = ORIENTED_EDGE ( 'NONE', *, *, #1149, .T. ) ;
#426 = CARTESIAN_POINT ( 'NONE',  ( 5.635000000000000675, 0.000000000000000000, 0.2150000000000006906 ) ) ;
#427 = VECTOR ( 'NONE', #1231, 100.0000000000000000 ) ;
#428 = ORIENTED_EDGE ( 'NONE', *, *, #1010, .T. ) ;
#429 = DIRECTION ( 'NONE',  ( 1.000000000000000000, 0.000000000000000000, 0.000000000000000000 ) ) ;
#430 = PRESENTATION_STYLE_ASSIGNMENT (( #827 ) ) ;
#431 = PRODUCT ( 'bucket short', 'bucket short', '', ( #1461 ) ) ;
#432 = LINE ( 'NONE', #457, #1618 ) ;
#433 = CARTESIAN_POINT ( 'NONE',  ( 0.000000000000000000, 2.865000000000000213, 0.2000000000000000111 ) ) ;
#434 = EDGE_LOOP ( 'NONE', ( #1228, #1708, #816, #195 ) ) ;
#435 = LINE ( 'NONE', #561, #1412 ) ;
#436 = CARTESIAN_POINT ( 'NONE',  ( 0.000000000000000000, -2.673426532507834641E-16, -0.6500000000000000222 ) ) ;
#437 = ADVANCED_FACE ( 'NONE', ( #563 ), #850, .T. ) ;
#438 = DIRECTION ( 'NONE',  ( 0.000000000000000000, -1.000000000000000000, 0.000000000000000000 ) ) ;
#439 = CARTESIAN_POINT ( 'NONE',  ( 0.6350000000000000089, 3.500000000000000444, 0.5000000000000000000 ) ) ;
#440 = ORIENTED_EDGE ( 'NONE', *, *, #1562, .F. ) ;
#441 = CARTESIAN_POINT ( 'NONE',  ( 0.6350000000000000089, -2.865000000000000213, 0.2000000000000000944 ) ) ;
#442 = DIRECTION ( 'NONE',  ( 1.000000000000000000, -0.000000000000000000, 0.000000000000000000 ) ) ;
#443 = EDGE_CURVE ( 'NONE', #487, #1762, #1016, .T. ) ;
#444 = FACE_OUTER_BOUND ( 'NONE', #732, .T. ) ;
#445 = DIRECTION ( 'NONE',  ( 1.000000000000000000, -0.000000000000000000, -0.000000000000000000 ) ) ;
#446 = ORIENTED_EDGE ( 'NONE', *, *, #1059, .T. ) ;
#447 = VECTOR ( 'NONE', #574, 100.0000000000000000 ) ;
#448 = DIRECTION ( 'NONE',  ( 0.000000000000000000, 1.000000000000000000, 0.000000000000000000 ) ) ;
#449 = AXIS2_PLACEMENT_3D ( 'NONE', #746, #1308, #1604 ) ;
#450 = VECTOR ( 'NONE', #645, 100.0000000000000000 ) ;
#451 = EDGE_CURVE ( 'NONE', #974, #1062, #1734, .T. ) ;
#452 = CARTESIAN_POINT ( 'NONE',  ( 0.6350000000000000089, -2.865000000000000213, -0.5000000000000000000 ) ) ;
#453 = CARTESIAN_POINT ( 'NONE',  ( 6.270000000000000462, 3.500000000000000444, -1.800000000000000266 ) ) ;
#454 = ADVANCED_FACE ( 'NONE', ( #1137 ), #988, .F. ) ;
#455 = ORIENTED_EDGE ( 'NONE', *, *, #1498, .F. ) ;
#456 = CARTESIAN_POINT ( 'NONE',  ( 5.635000000000000675, 2.865000000000000213, 0.5000000000000006661 ) ) ;
#457 = CARTESIAN_POINT ( 'NONE',  ( 6.270000000000000462, 3.500000000000000444, -0.2149999999999999134 ) ) ;
#458 = CARTESIAN_POINT ( 'NONE',  ( -0.6350000000000000089, -2.865000000000000213, 0.2000000000000000944 ) ) ;
#459 = EDGE_CURVE ( 'NONE', #847, #856, #859, .T. ) ;
#460 = ORIENTED_EDGE ( 'NONE', *, *, #734, .T. ) ;
#461 = CARTESIAN_POINT ( 'NONE',  ( 0.6350000000000000089, 2.865000000000000213, -0.5000000000000000000 ) ) ;
#462 = DIRECTION ( 'NONE',  ( -1.734723475976806848E-16, 0.000000000000000000, -1.000000000000000000 ) ) ;
#463 = LINE ( 'NONE', #1041, #1493 ) ;
#464 = PLANE ( 'NONE',  #1654 ) ;
#465 = VERTEX_POINT ( 'NONE', #436 ) ;
#466 = CARTESIAN_POINT ( 'NONE',  ( 6.270000000000000462, -3.500000000000000444, 1.800000000000000266 ) ) ;
#467 = ADVANCED_FACE ( 'NONE', ( #1008 ), #585, .F. ) ;
#468 = AXIS2_PLACEMENT_3D ( 'NONE', #202, #97, #1796 ) ;
#469 = CARTESIAN_POINT ( 'NONE',  ( 0.6350000000000001199, -2.865000000000000213, 0.5000000000000001110 ) ) ;
#470 = VECTOR ( 'NONE', #1380, 100.0000000000000000 ) ;
#471 = EDGE_CURVE ( 'NONE', #1577, #919, #303, .T. ) ;
#472 = AXIS2_PLACEMENT_3D ( 'NONE', #720, #609, #1469 ) ;
#473 = VECTOR ( 'NONE', #87, 100.0000000000000000 ) ;
#474 = CARTESIAN_POINT ( 'NONE',  ( -0.6350000000000000089, -3.500000000000000444, -0.1999999999999999278 ) ) ;
#475 = CARTESIAN_POINT ( 'NONE',  ( 0.000000000000000000, -3.469446951953614189E-16, 3.618428607958274558E-31 ) ) ;
#476 = VERTEX_POINT ( 'NONE', #1851 ) ;
#477 = DIRECTION ( 'NONE',  ( -0.000000000000000000, -0.000000000000000000, 1.000000000000000000 ) ) ;
#478 = ORIENTED_EDGE ( 'NONE', *, *, #683, .T. ) ;
#479 = EDGE_CURVE ( 'NONE', #1821, #243, #1452, .T. ) ;
#480 = CARTESIAN_POINT ( 'NONE',  ( 6.270000000000000462, 2.865000000000000213, 0.2000000000000000111 ) ) ;
#481 = DIRECTION ( 'NONE',  ( -0.000000000000000000, 1.000000000000000000, 0.000000000000000000 ) ) ;
#482 = CARTESIAN_POINT ( 'NONE',  ( 6.270000000000000462, -3.500000000000000444, -1.800000000000000266 ) ) ;
#483 = ORIENTED_EDGE ( 'NONE', *, *, #1769, .T. ) ;
#484 = B_SPLINE_CURVE_WITH_KNOTS ( 'NONE', 1,
 ( #952, #404 ),
 .UNSPECIFIED., .F., .F.,
 ( 2, 2 ),
 ( 0.000000000000000000, 0.3067632850241546194 ),
 .UNSPECIFIED. ) ;
#485 = ORIENTED_EDGE ( 'NONE', *, *, #534, .T. ) ;
#486 = LINE ( 'NONE', #648, #205 ) ;
#487 = VERTEX_POINT ( 'NONE', #685 ) ;
#488 = DIRECTION ( 'NONE',  ( 0.000000000000000000, 1.000000000000000000, 0.000000000000000000 ) ) ;
#489 = ORIENTED_EDGE ( 'NONE', *, *, #1095, .F. ) ;
#490 = CARTESIAN_POINT ( 'NONE',  ( 6.270000000000000462, -3.500000000000000444, 1.800000000000000266 ) ) ;
#491 = EDGE_CURVE ( 'NONE', #1572, #1043, #1282, .T. ) ;
#492 = DIRECTION ( 'NONE',  ( 1.000000000000000000, 0.000000000000000000, 0.000000000000000000 ) ) ;
#493 = CARTESIAN_POINT ( 'NONE',  ( 5.635000000000000675, 2.865000000000000213, -0.2000000000000000111 ) ) ;
#494 = VERTEX_POINT ( 'NONE', #1291 ) ;
#495 = VERTEX_POINT ( 'NONE', #1414 ) ;
#496 = CARTESIAN_POINT ( 'NONE',  ( 6.270000000000000462, -2.865000000000000213, 0.2000000000000007050 ) ) ;
#497 = ORIENTED_EDGE ( 'NONE', *, *, #1422, .T. ) ;
#498 = LINE ( 'NONE', #1534, #1044 ) ;
#499 = AXIS2_PLACEMENT_3D ( 'NONE', #1296, #5, #1167 ) ;
#500 = VERTEX_POINT ( 'NONE', #1858 ) ;
#501 = CARTESIAN_POINT ( 'NONE',  ( 5.635000000000000675, 0.000000000000000000, 0.000000000000000000 ) ) ;
#502 = VECTOR ( 'NONE', #1857, 100.0000000000000000 ) ;
#503 = EDGE_CURVE ( 'NONE', #962, #820, #728, .T. ) ;
#504 = CARTESIAN_POINT ( 'NONE',  ( 7.540000000000000924, 2.850000000000000089, -0.2149999999999999967 ) ) ;
#505 = EDGE_LOOP ( 'NONE', ( #396, #483, #126, #115 ) ) ;
#506 = AXIS2_PLACEMENT_3D ( 'NONE', #688, #979, #1275 ) ;
#507 = ORIENTED_EDGE ( 'NONE', *, *, #1309, .T. ) ;
#508 = EDGE_CURVE ( 'NONE', #1871, #689, #1119, .T. ) ;
#509 = CARTESIAN_POINT ( 'NONE',  ( 5.635000000000000675, -2.865000000000000213, 0.5000000000000006661 ) ) ;
#510 = ORIENTED_EDGE ( 'NONE', *, *, #10, .T. ) ;
#511 = CARTESIAN_POINT ( 'NONE',  ( 5.635000000000000675, -3.500000000000000444, 1.800000000000000266 ) ) ;
#512 = VERTEX_POINT ( 'NONE', #697 ) ;
#513 = CARTESIAN_POINT ( 'NONE',  ( 6.270000000000000462, 3.500000000000000444, -0.2000000000000000111 ) ) ;
#514 = VERTEX_POINT ( 'NONE', #1273 ) ;
#515 = ORIENTED_EDGE ( 'NONE', *, *, #546, .T. ) ;
#516 = DIRECTION ( 'NONE',  ( 0.000000000000000000, -1.000000000000000000, 0.000000000000000000 ) ) ;
#517 = EDGE_CURVE ( 'NONE', #1614, #883, #553, .T. ) ;
#518 = ORIENTED_EDGE ( 'NONE', *, *, #193, .T. ) ;
#519 = CARTESIAN_POINT ( 'NONE',  ( 0.6350000000000001199, -3.500000000000000444, 0.5000000000000001110 ) ) ;
#520 = ORIENTED_EDGE ( 'NONE', *, *, #337, .T. ) ;
#521 = CYLINDRICAL_SURFACE ( 'NONE', #1197, 0.4249999999999997113 ) ;
#522 = MANIFOLD_SOLID_BREP ( 'Tab and Slot-Tab4', #1104 ) ;
#523 = CARTESIAN_POINT ( 'NONE',  ( 0.000000000000000000, -3.500000000000000444, 1.800000000000000266 ) ) ;
#524 = ORIENTED_EDGE ( 'NONE', *, *, #534, .F. ) ;
#525 = DIRECTION ( 'NONE',  ( -0.000000000000000000, -0.000000000000000000, -1.000000000000000000 ) ) ;
#526 = FACE_OUTER_BOUND ( 'NONE', #940, .T. ) ;
#527 = ORIENTED_EDGE ( 'NONE', *, *, #572, .F. ) ;
#528 = CARTESIAN_POINT ( 'NONE',  ( 0.6350000000000000089, 2.865000000000000213, -0.5000000000000000000 ) ) ;
#529 = ADVANCED_FACE ( 'NONE', ( #335 ), #1757, .T. ) ;
#530 = MANIFOLD_SOLID_BREP ( 'Cut-Extrude1', #169 ) ;
#531 = ORIENTED_EDGE ( 'NONE', *, *, #900, .T. ) ;
#532 = DIRECTION ( 'NONE',  ( 0.000000000000000000, -0.000000000000000000, 1.000000000000000000 ) ) ;
#533 = CARTESIAN_POINT ( 'NONE',  ( 6.270000000000000462, 2.850000000000000089, -0.2149999999999999967 ) ) ;
#534 = EDGE_CURVE ( 'NONE', #726, #785, #1255, .T. ) ;
#535 = VECTOR ( 'NONE', #1159, 100.0000000000000000 ) ;
#536 = CARTESIAN_POINT ( 'NONE',  ( 0.6350000000000000089, 0.000000000000000000, 0.000000000000000000 ) ) ;
#537 = ORIENTED_EDGE ( 'NONE', *, *, #1121, .T. ) ;
#538 = FACE_OUTER_BOUND ( 'NONE', #1349, .T. ) ;
#539 = VECTOR ( 'NONE', #413, 100.0000000000000000 ) ;
#540 = DIRECTION ( 'NONE',  ( 0.000000000000000000, -0.000000000000000000, -1.000000000000000000 ) ) ;
#541 = VECTOR ( 'NONE', #389, 100.0000000000000000 ) ;
#542 = ORIENTED_EDGE ( 'NONE', *, *, #7, .F. ) ;
#543 = FACE_OUTER_BOUND ( 'NONE', #739, .T. ) ;
#544 = DIRECTION ( 'NONE',  ( 0.000000000000000000, 1.000000000000000000, 0.000000000000000000 ) ) ;
#545 = DIRECTION ( 'NONE',  ( 0.000000000000000000, 0.000000000000000000, 1.000000000000000000 ) ) ;
#546 = EDGE_CURVE ( 'NONE', #1395, #1636, #1605, .T. ) ;
#547 = CARTESIAN_POINT ( 'NONE',  ( 5.635000000000000675, 3.500000000000000444, -0.2149999999999999134 ) ) ;
#548 = VERTEX_POINT ( 'NONE', #1033 ) ;
#549 = CARTESIAN_POINT ( 'NONE',  ( -0.6350000000000000089, -2.865000000000000213, 0.2000000000000000944 ) ) ;
#550 = DIRECTION ( 'NONE',  ( 0.000000000000000000, 0.000000000000000000, 1.000000000000000000 ) ) ;
#551 = ORIENTED_EDGE ( 'NONE', *, *, #91, .F. ) ;
#552 = CARTESIAN_POINT ( 'NONE',  ( 6.270000000000000462, 3.500000000000000444, -1.800000000000000266 ) ) ;
#553 = LINE ( 'NONE', #1129, #238 ) ;
#554 = DIRECTION ( 'NONE',  ( -1.000000000000000000, -0.000000000000000000, -0.000000000000000000 ) ) ;
#555 = DIRECTION ( 'NONE',  ( 1.000000000000000000, 0.000000000000000000, 0.000000000000000000 ) ) ;
#556 = EDGE_CURVE ( 'NONE', #245, #476, #1310, .T. ) ;
#557 = ORIENTED_EDGE ( 'NONE', *, *, #591, .F. ) ;
#558 = ORIENTED_EDGE ( 'NONE', *, *, #249, .F. ) ;
#559 = CARTESIAN_POINT ( 'NONE',  ( 6.270000000000000462, 3.500000000000000444, 1.800000000000000266 ) ) ;
#560 = ORIENTED_EDGE ( 'NONE', *, *, #1318, .F. ) ;
#561 = CARTESIAN_POINT ( 'NONE',  ( 0.000000000000000000, 3.515000000000000124, 0.2149999999999999967 ) ) ;
#562 = ORIENTED_EDGE ( 'NONE', *, *, #386, .F. ) ;
#563 = FACE_OUTER_BOUND ( 'NONE', #1809, .T. ) ;
#564 = CARTESIAN_POINT ( 'NONE',  ( 0.6350000000000000089, 3.500000000000000444, 0.2149999999999999134 ) ) ;
#565 = EDGE_LOOP ( 'NONE', ( #1276, #976, #355, #1075 ) ) ;
#566 = AXIS2_PLACEMENT_3D ( 'NONE', #870, #1759, #1019 ) ;
#567 = ORIENTED_EDGE ( 'NONE', *, *, #1106, .F. ) ;
#568 = FACE_OUTER_BOUND ( 'NONE', #96, .T. ) ;
#569 = VECTOR ( 'NONE', #955, 100.0000000000000000 ) ;
#570 = EDGE_CURVE ( 'NONE', #604, #694, #16, .T. ) ;
#571 = AXIS2_PLACEMENT_3D ( 'NONE', #208, #798, #364 ) ;
#572 = EDGE_CURVE ( 'NONE', #1253, #309, #1475, .T. ) ;
#573 = VERTEX_POINT ( 'NONE', #1460 ) ;
#574 = DIRECTION ( 'NONE',  ( -0.000000000000000000, -0.000000000000000000, -1.000000000000000000 ) ) ;
#575 = AXIS2_PLACEMENT_3D ( 'NONE', #1528, #267, #699 ) ;
#576 = ORIENTED_EDGE ( 'NONE', *, *, #750, .T. ) ;
#577 = DIRECTION ( 'NONE',  ( 1.000000000000000000, 0.000000000000000000, 1.387778780781445676E-16 ) ) ;
#578 = SURFACE_STYLE_FILL_AREA ( #1569 ) ;
#579 = CARTESIAN_POINT ( 'NONE',  ( 0.6350000000000001199, -2.865000000000000213, 0.5000000000000001110 ) ) ;
#580 = CARTESIAN_POINT ( 'NONE',  ( 0.6350000000000000089, -3.500000000000000444, 0.2149999999999999134 ) ) ;
#581 = ORIENTED_EDGE ( 'NONE', *, *, #155, .T. ) ;
#582 = DIRECTION ( 'NONE',  ( 1.734723475976806848E-16, 0.000000000000000000, 1.000000000000000000 ) ) ;
#583 = EDGE_CURVE ( 'NONE', #913, #785, #1163, .T. ) ;
#584 = ORIENTED_EDGE ( 'NONE', *, *, #719, .F. ) ;
#585 = PLANE ( 'NONE',  #1018 ) ;
#586 = LINE ( 'NONE', #452, #1319 ) ;
#587 = LINE ( 'NONE', #1621, #899 ) ;
#588 = EDGE_LOOP ( 'NONE', ( #280, #259 ) ) ;
#589 = DIRECTION ( 'NONE',  ( -1.000000000000000000, -0.000000000000000000, -0.000000000000000000 ) ) ;
#590 = DIRECTION ( 'NONE',  ( 0.000000000000000000, -1.000000000000000000, 0.000000000000000000 ) ) ;
#591 = EDGE_CURVE ( 'NONE', #1653, #74, #599, .T. ) ;
#592 = LINE ( 'NONE', #730, #1377 ) ;
#593 = DIRECTION ( 'NONE',  ( 0.000000000000000000, 0.000000000000000000, 1.000000000000000000 ) ) ;
#594 = VECTOR ( 'NONE', #1001, 100.0000000000000000 ) ;
#595 = ORIENTED_EDGE ( 'NONE', *, *, #710, .F. ) ;
#596 = AXIS2_PLACEMENT_3D ( 'NONE', #1117, #127, #582 ) ;
#597 = LINE ( 'NONE', #38, #173 ) ;
#598 = VECTOR ( 'NONE', #1314, 100.0000000000000000 ) ;
#599 = LINE ( 'NONE', #1332, #302 ) ;
#600 = CIRCLE ( 'NONE', #749, 0.4249999999999997113 ) ;
#601 = ADVANCED_FACE ( 'NONE', ( #1390 ), #95, .T. ) ;
#602 = FACE_OUTER_BOUND ( 'NONE', #765, .T. ) ;
#603 = DIRECTION ( 'NONE',  ( -0.000000000000000000, -0.000000000000000000, 1.000000000000000000 ) ) ;
#604 = VERTEX_POINT ( 'NONE', #650 ) ;
#605 = CARTESIAN_POINT ( 'NONE',  ( 6.270000000000000462, 3.500000000000000444, 0.2149999999999999134 ) ) ;
#606 = CARTESIAN_POINT ( 'NONE',  ( 0.6350000000000000089, 3.500000000000000444, 1.800000000000000266 ) ) ;
#607 = DIRECTION ( 'NONE',  ( -1.000000000000000000, -0.000000000000000000, -0.000000000000000000 ) ) ;
#608 = EDGE_CURVE ( 'NONE', #264, #681, #1215, .T. ) ;
#609 = DIRECTION ( 'NONE',  ( -0.000000000000000000, 1.000000000000000000, 0.000000000000000000 ) ) ;
#610 = ORIENTED_EDGE ( 'NONE', *, *, #970, .F. ) ;
#611 = CARTESIAN_POINT ( 'NONE',  ( 6.905000000000000249, 3.500000000000000444, 0.2000000000000000111 ) ) ;
#612 = UNCERTAINTY_MEASURE_WITH_UNIT (LENGTH_MEASURE( 1.000000000000000082E-05 ), #1371, 'distance_accuracy_value', 'NONE');
#613 = DIRECTION ( 'NONE',  ( 0.000000000000000000, 0.000000000000000000, 1.000000000000000000 ) ) ;
#614 = CARTESIAN_POINT ( 'NONE',  ( 5.635000000000000675, 0.000000000000000000, -0.2149999999999993028 ) ) ;
#615 = ORIENTED_EDGE ( 'NONE', *, *, #471, .F. ) ;
#616 = LINE ( 'NONE', #461, #1535 ) ;
#617 = EDGE_CURVE ( 'NONE', #1801, #1746, #73, .T. ) ;
#618 = AXIS2_PLACEMENT_3D ( 'NONE', #624, #916, #532 ) ;
#619 = ORIENTED_EDGE ( 'NONE', *, *, #671, .F. ) ;
#620 = DIRECTION ( 'NONE',  ( -1.000000000000000000, 0.000000000000000000, 0.000000000000000000 ) ) ;
#621 = VECTOR ( 'NONE', #488, 100.0000000000000000 ) ;
#622 = VECTOR ( 'NONE', #317, 100.0000000000000000 ) ;
#623 = VECTOR ( 'NONE', #132, 100.0000000000000000 ) ;
#624 = CARTESIAN_POINT ( 'NONE',  ( 0.000000000000000000, -3.500000000000000444, 0.000000000000000000 ) ) ;
#625 = VECTOR ( 'NONE', #400, 100.0000000000000000 ) ;
#626 = LINE ( 'NONE', #776, #1383 ) ;
#627 = ORIENTED_EDGE ( 'NONE', *, *, #1477, .T. ) ;
#628 = EDGE_LOOP ( 'NONE', ( #368, #390, #1171, #1085 ) ) ;
#629 = CARTESIAN_POINT ( 'NONE',  ( 0.000000000000000000, 2.850000000000000089, -0.2149999999999999967 ) ) ;
#630 = ORIENTED_EDGE ( 'NONE', *, *, #362, .T. ) ;
#631 = CARTESIAN_POINT ( 'NONE',  ( 7.540000000000000924, 2.850000000000000089, 0.2149999999999999967 ) ) ;
#632 = ADVANCED_FACE ( 'NONE', ( #1524 ), #384, .T. ) ;
#633 = ORIENTED_EDGE ( 'NONE', *, *, #1245, .T. ) ;
#634 = CARTESIAN_POINT ( 'NONE',  ( 6.270000000000000462, -3.500000000000000444, 1.800000000000000266 ) ) ;
#635 = CARTESIAN_POINT ( 'NONE',  ( 5.635000000000000675, -2.850000000000000089, -0.2149999999999993028 ) ) ;
#636 = ORIENTED_EDGE ( 'NONE', *, *, #35, .F. ) ;
#637 = CARTESIAN_POINT ( 'NONE',  ( 6.270000000000000462, 3.500000000000000444, 1.800000000000000266 ) ) ;
#638 = ORIENTED_EDGE ( 'NONE', *, *, #1769, .F. ) ;
#639 = DIRECTION ( 'NONE',  ( -1.000000000000000000, -0.000000000000000000, -0.000000000000000000 ) ) ;
#640 = EDGE_CURVE ( 'NONE', #398, #22, #1490, .T. ) ;
#641 = ORIENTED_EDGE ( 'NONE', *, *, #319, .T. ) ;
#642 = DIRECTION ( 'NONE',  ( 1.000000000000000000, -0.000000000000000000, 1.387778780781445676E-16 ) ) ;
#643 = B_SPLINE_CURVE_WITH_KNOTS ( 'NONE', 1,
 ( #751, #1003 ),
 .UNSPECIFIED., .F., .F.,
 ( 2, 2 ),
 ( 0.5000000000000000000, 0.8067632850241546194 ),
 .UNSPECIFIED. ) ;
#644 = EDGE_CURVE ( 'NONE', #1821, #951, #1238, .T. ) ;
#645 = DIRECTION ( 'NONE',  ( -1.000000000000000000, -0.000000000000000000, -0.000000000000000000 ) ) ;
#646 = ORIENTED_EDGE ( 'NONE', *, *, #362, .F. ) ;
#647 = ORIENTED_EDGE ( 'NONE', *, *, #479, .F. ) ;
#648 = CARTESIAN_POINT ( 'NONE',  ( 5.635000000000000675, -3.500000000000000444, -1.800000000000000266 ) ) ;
#649 = ORIENTED_EDGE ( 'NONE', *, *, #1630, .T. ) ;
#650 = CARTESIAN_POINT ( 'NONE',  ( 0.000000000000000000, -2.865000000000000213, 0.2000000000000000944 ) ) ;
#651 = B_SPLINE_CURVE_WITH_KNOTS ( 'NONE', 1,
 ( #1638, #1240 ),
 .UNSPECIFIED., .F., .F.,
 ( 2, 2 ),
 ( 0.5000000000000000000, 0.8067632850241546194 ),
 .UNSPECIFIED. ) ;
#652 = CLOSED_SHELL ( 'NONE', ( #1751, #1198, #1457, #1679, #1184, #454, #1327, #1361, #296, #170, #1820, #1526, #307, #740, #66, #1299 ) ) ;
#653 = ORIENTED_EDGE ( 'NONE', *, *, #764, .F. ) ;
#654 = VECTOR ( 'NONE', #717, 100.0000000000000000 ) ;
#655 = FACE_OUTER_BOUND ( 'NONE', #383, .T. ) ;
#656 = VECTOR ( 'NONE', #1789, 100.0000000000000000 ) ;
#657 = CARTESIAN_POINT ( 'NONE',  ( -0.6350000000000000089, 2.865000000000000213, -0.2000000000000000111 ) ) ;
#658 = EDGE_CURVE ( 'NONE', #1549, #1577, #397, .T. ) ;
#659 = ORIENTED_EDGE ( 'NONE', *, *, #970, .T. ) ;
#660 = MECHANICAL_DESIGN_GEOMETRIC_PRESENTATION_REPRESENTATION (  '', ( #1537 ), #1657 ) ;
#661 = ORIENTED_EDGE ( 'NONE', *, *, #1704, .F. ) ;
#662 = LINE ( 'NONE', #813, #1777 ) ;
#663 = ORIENTED_EDGE ( 'NONE', *, *, #1630, .F. ) ;
#664 = CARTESIAN_POINT ( 'NONE',  ( 5.635000000000000675, 2.865000000000000213, -0.5000000000000006661 ) ) ;
#665 = EDGE_LOOP ( 'NONE', ( #1281, #1212, #1525, #86 ) ) ;
#666 = DIRECTION ( 'NONE',  ( 0.000000000000000000, 0.000000000000000000, -1.000000000000000000 ) ) ;
#667 = DIRECTION ( 'NONE',  ( 0.000000000000000000, -1.000000000000000000, 0.000000000000000000 ) ) ;
#668 = EDGE_CURVE ( 'NONE', #962, #847, #498, .T. ) ;
#669 = DIRECTION ( 'NONE',  ( -1.214306433183764966E-16, 0.000000000000000000, 1.000000000000000000 ) ) ;
#670 = DIRECTION ( 'NONE',  ( 0.000000000000000000, 1.000000000000000000, 0.000000000000000000 ) ) ;
#671 = EDGE_CURVE ( 'NONE', #1871, #681, #1226, .T. ) ;
#672 = ORIENTED_EDGE ( 'NONE', *, *, #155, .F. ) ;
#673 = CARTESIAN_POINT ( 'NONE',  ( 0.6349999999999997868, 2.850000000000000089, 0.2149999999999999967 ) ) ;
#674 = EDGE_LOOP ( 'NONE', ( #1099, #1237, #510, #414 ) ) ;
#675 = CARTESIAN_POINT ( 'NONE',  ( 0.000000000000000000, 2.865000000000000213, 0.2000000000000000111 ) ) ;
#676 = LINE ( 'NONE', #1250, #473 ) ;
#677 = LINE ( 'NONE', #257, #623 ) ;
#678 = ORIENTED_EDGE ( 'NONE', *, *, #174, .T. ) ;
#679 = LINE ( 'NONE', #1529, #1719 ) ;
#680 = CARTESIAN_POINT ( 'NONE',  ( 6.270000000000000462, 0.000000000000000000, -0.4249999999999997113 ) ) ;
#681 = VERTEX_POINT ( 'NONE', #673 ) ;
#682 = CARTESIAN_POINT ( 'NONE',  ( 5.635000000000000675, 3.500000000000000444, -0.5000000000000006661 ) ) ;
#683 = EDGE_CURVE ( 'NONE', #1395, #1366, #1515, .T. ) ;
#684 = VERTEX_POINT ( 'NONE', #220 ) ;
#685 = CARTESIAN_POINT ( 'NONE',  ( 6.270000000000000462, 3.500000000000000444, 0.2000000000000000111 ) ) ;
#686 = LINE ( 'NONE', #1702, #811 ) ;
#687 = AXIS2_PLACEMENT_3D ( 'NONE', #1720, #292, #1136 ) ;
#688 = CARTESIAN_POINT ( 'NONE',  ( 7.540000000000000924, -3.515000000000000124, 0.2150000000000006906 ) ) ;
#689 = VERTEX_POINT ( 'NONE', #1350 ) ;
#690 = VECTOR ( 'NONE', #1126, 100.0000000000000000 ) ;
#691 = CARTESIAN_POINT ( 'NONE',  ( 5.635000000000000675, -3.500000000000000444, 0.5000000000000006661 ) ) ;
#692 = AXIS2_PLACEMENT_3D ( 'NONE', #1527, #1793, #1804 ) ;
#693 = LINE ( 'NONE', #433, #1500 ) ;
#694 = VERTEX_POINT ( 'NONE', #244 ) ;
#695 = CARTESIAN_POINT ( 'NONE',  ( 6.270000000000000462, -3.500000000000000444, 0.2150000000000006073 ) ) ;
#696 = EDGE_CURVE ( 'NONE', #1195, #1575, #1086, .T. ) ;
#697 = CARTESIAN_POINT ( 'NONE',  ( 5.635000000000000675, -3.500000000000000444, -0.2149999999999993028 ) ) ;
#698 = B_SPLINE_CURVE_WITH_KNOTS ( 'NONE', 1,
 ( #1478, #1340 ),
 .UNSPECIFIED., .F., .F.,
 ( 2, 2 ),
 ( 0.000000000000000000, 0.3067632850241546194 ),
 .UNSPECIFIED. ) ;
#699 = DIRECTION ( 'NONE',  ( 1.000000000000000000, 0.000000000000000000, 1.387778780781445676E-16 ) ) ;
#700 = ORIENTED_EDGE ( 'NONE', *, *, #710, .T. ) ;
#701 = DIRECTION ( 'NONE',  ( 0.000000000000000000, 0.000000000000000000, 1.000000000000000000 ) ) ;
#702 = DIRECTION ( 'NONE',  ( 0.000000000000000000, 1.000000000000000000, 0.000000000000000000 ) ) ;
#703 = ORIENTED_EDGE ( 'NONE', *, *, #1207, .F. ) ;
#704 = PLANE ( 'NONE',  #1652 ) ;
#705 = VERTEX_POINT ( 'NONE', #353 ) ;
#706 = DIRECTION ( 'NONE',  ( 1.000000000000000000, 0.000000000000000000, -0.000000000000000000 ) ) ;
#707 = ADVANCED_FACE ( 'NONE', ( #1802 ), #782, .T. ) ;
#708 = CARTESIAN_POINT ( 'NONE',  ( 6.270000000000000462, -2.865000000000000213, -0.1999999999999993172 ) ) ;
#709 = ORIENTED_EDGE ( 'NONE', *, *, #1095, .T. ) ;
#710 = EDGE_CURVE ( 'NONE', #1062, #808, #1103, .T. ) ;
#711 = EDGE_CURVE ( 'NONE', #737, #1216, #1791, .T. ) ;
#712 = CARTESIAN_POINT ( 'NONE',  ( 0.6350000000000000089, 3.500000000000000444, 0.2000000000000000111 ) ) ;
#713 = CARTESIAN_POINT ( 'NONE',  ( 0.6350000000000001199, -2.865000000000000213, 0.5000000000000001110 ) ) ;
#714 = ORIENTED_EDGE ( 'NONE', *, *, #35, .T. ) ;
#715 = CARTESIAN_POINT ( 'NONE',  ( 5.635000000000000675, 2.865000000000000213, 0.2000000000000000111 ) ) ;
#716 = ORIENTED_EDGE ( 'NONE', *, *, #784, .T. ) ;
#717 = DIRECTION ( 'NONE',  ( -0.000000000000000000, -1.000000000000000000, 0.000000000000000000 ) ) ;
#718 = DIRECTION ( 'NONE',  ( -1.000000000000000000, -0.000000000000000000, -0.000000000000000000 ) ) ;
#719 = EDGE_CURVE ( 'NONE', #1829, #772, #1093, .T. ) ;
#720 = CARTESIAN_POINT ( 'NONE',  ( 0.6350000000000000089, 3.500000000000000444, 1.800000000000000266 ) ) ;
#721 = VECTOR ( 'NONE', #1668, 100.0000000000000000 ) ;
#722 = AXIS2_PLACEMENT_3D ( 'NONE', #45, #185, #1625 ) ;
#723 = ORIENTED_EDGE ( 'NONE', *, *, #1396, .T. ) ;
#724 = CARTESIAN_POINT ( 'NONE',  ( 0.6350000000000000089, 2.865000000000000213, 0.5000000000000000000 ) ) ;
#725 = VECTOR ( 'NONE', #1852, 100.0000000000000000 ) ;
#726 = VERTEX_POINT ( 'NONE', #926 ) ;
#727 = AXIS2_PLACEMENT_3D ( 'NONE', #187, #879, #1174 ) ;
#728 = LINE ( 'NONE', #1260, #1721 ) ;
#729 = LINE ( 'NONE', #533, #85 ) ;
#730 = CARTESIAN_POINT ( 'NONE',  ( 0.000000000000000000, -2.865000000000000213, -0.1999999999999999278 ) ) ;
#731 = LINE ( 'NONE', #1030, #1046 ) ;
#732 = EDGE_LOOP ( 'NONE', ( #1144, #1014, #402, #1867 ) ) ;
#733 = LINE ( 'NONE', #1465, #622 ) ;
#734 = EDGE_CURVE ( 'NONE', #1865, #998, #1675, .T. ) ;
#735 = DIRECTION ( 'NONE',  ( 1.000000000000000000, -0.000000000000000000, 0.000000000000000000 ) ) ;
#736 = CARTESIAN_POINT ( 'NONE',  ( -1.270000000000000018, -3.515000000000000124, -0.2149999999999999134 ) ) ;
#737 = VERTEX_POINT ( 'NONE', #375 ) ;
#738 = DIRECTION ( 'NONE',  ( 0.000000000000000000, -0.000000000000000000, 1.000000000000000000 ) ) ;
#739 = EDGE_LOOP ( 'NONE', ( #1023, #1112, #1056, #1202 ) ) ;
#740 = ADVANCED_FACE ( 'NONE', ( #229 ), #800, .F. ) ;
#741 = LINE ( 'NONE', #1321, #354 ) ;
#742 = PLANE ( 'NONE',  #26 ) ;
#743 = VECTOR ( 'NONE', #90, 100.0000000000000000 ) ;
#744 = ORIENTED_EDGE ( 'NONE', *, *, #1467, .T. ) ;
#745 = STYLED_ITEM ( 'NONE', ( #1040 ), #522 ) ;
#746 = CARTESIAN_POINT ( 'NONE',  ( 7.540000000000000924, -2.850000000000000089, -0.2149999999999993028 ) ) ;
#747 = CIRCLE ( 'NONE', #1194, 0.6500000000000000222 ) ;
#748 = DIRECTION ( 'NONE',  ( 0.000000000000000000, 0.000000000000000000, 1.000000000000000000 ) ) ;
#749 = AXIS2_PLACEMENT_3D ( 'NONE', #1404, #555, #1540 ) ;
#750 = EDGE_CURVE ( 'NONE', #1344, #333, #46, .T. ) ;
#751 = CARTESIAN_POINT ( 'NONE',  ( 5.635000000000000675, -2.865000000000000213, -0.1999999999999993172 ) ) ;
#752 = DIRECTION ( 'NONE',  ( 1.000000000000000000, 0.000000000000000000, 8.352109954983220072E-33 ) ) ;
#753 = ORIENTED_EDGE ( 'NONE', *, *, #56, .F. ) ;
#754 = CARTESIAN_POINT ( 'NONE',  ( 0.6350000000000000089, 3.500000000000000444, -0.5000000000000000000 ) ) ;
#755 = CARTESIAN_POINT ( 'NONE',  ( 0.000000000000000000, 0.000000000000000000, 0.000000000000000000 ) ) ;
#756 = CARTESIAN_POINT ( 'NONE',  ( 6.270000000000000462, -3.500000000000000444, -0.1999999999999993172 ) ) ;
#757 = CARTESIAN_POINT ( 'NONE',  ( 6.270000000000000462, -3.500000000000000444, 1.800000000000000266 ) ) ;
#758 = EDGE_CURVE ( 'NONE', #1359, #1577, #1421, .T. ) ;
#759 = ORIENTED_EDGE ( 'NONE', *, *, #17, .T. ) ;
#760 = CARTESIAN_POINT ( 'NONE',  ( 0.6350000000000000089, 0.000000000000000000, 0.2149999999999999967 ) ) ;
#761 = PLANE ( 'NONE',  #146 ) ;
#762 = CARTESIAN_POINT ( 'NONE',  ( 6.270000000000000462, -3.500000000000000444, 1.800000000000000266 ) ) ;
#763 = ORIENTED_EDGE ( 'NONE', *, *, #617, .F. ) ;
#764 = EDGE_CURVE ( 'NONE', #22, #1514, #1258, .T. ) ;
#765 = EDGE_LOOP ( 'NONE', ( #149, #1031, #1232, #230 ) ) ;
#766 = CARTESIAN_POINT ( 'NONE',  ( 0.000000000000000000, 3.500000000000000444, 0.2149999999999999134 ) ) ;
#767 = VECTOR ( 'NONE', #1100, 100.0000000000000000 ) ;
#768 = VECTOR ( 'NONE', #817, 100.0000000000000000 ) ;
#769 = VERTEX_POINT ( 'NONE', #116 ) ;
#770 = DIRECTION ( 'NONE',  ( 0.000000000000000000, 0.000000000000000000, -1.000000000000000000 ) ) ;
#771 = AXIS2_PLACEMENT_3D ( 'NONE', #1659, #196, #1816 ) ;
#772 = VERTEX_POINT ( 'NONE', #552 ) ;
#773 = VECTOR ( 'NONE', #1331, 100.0000000000000000 ) ;
#774 = DIRECTION ( 'NONE',  ( 0.000000000000000000, 0.000000000000000000, 1.000000000000000000 ) ) ;
#775 = PLANE ( 'NONE',  #468 ) ;
#776 = CARTESIAN_POINT ( 'NONE',  ( 0.000000000000000000, -3.500000000000000444, -0.1999999999999999278 ) ) ;
#777 = ORIENTED_EDGE ( 'NONE', *, *, #783, .F. ) ;
#778 = ORIENTED_EDGE ( 'NONE', *, *, #508, .T. ) ;
#779 = DIRECTION ( 'NONE',  ( 0.000000000000000000, -1.000000000000000000, 0.000000000000000000 ) ) ;
#780 = ADVANCED_FACE ( 'NONE', ( #543 ), #1866, .T. ) ;
#781 = ORIENTED_EDGE ( 'NONE', *, *, #91, .T. ) ;
#782 = PLANE ( 'NONE',  #1021 ) ;
#783 = EDGE_CURVE ( 'NONE', #1865, #191, #147, .T. ) ;
#784 = EDGE_CURVE ( 'NONE', #1155, #1871, #435, .T. ) ;
#785 = VERTEX_POINT ( 'NONE', #715 ) ;
#786 = FACE_OUTER_BOUND ( 'NONE', #1861, .T. ) ;
#787 = LINE ( 'NONE', #68, #450 ) ;
#788 = VERTEX_POINT ( 'NONE', #1699 ) ;
#789 = ORIENTED_EDGE ( 'NONE', *, *, #849, .T. ) ;
#790 = CARTESIAN_POINT ( 'NONE',  ( 6.270000000000000462, 2.850000000000000089, 0.2149999999999999967 ) ) ;
#791 = ORIENTED_EDGE ( 'NONE', *, *, #479, .T. ) ;
#792 = DIRECTION ( 'NONE',  ( -0.000000000000000000, -0.000000000000000000, 1.000000000000000000 ) ) ;
#793 = VERTEX_POINT ( 'NONE', #986 ) ;
#794 = ADVANCED_FACE ( 'NONE', ( #1148 ), #1846, .T. ) ;
#795 = CARTESIAN_POINT ( 'NONE',  ( 5.270000000000000462, 0.000000000000000000, 0.000000000000000000 ) ) ;
#796 = EDGE_LOOP ( 'NONE', ( #1242, #935, #551, #1357, #914, #1767, #381, #1053, #1832, #1817, #821, #1730 ) ) ;
#797 = VERTEX_POINT ( 'NONE', #724 ) ;
#798 = DIRECTION ( 'NONE',  ( 1.000000000000000000, -0.000000000000000000, 0.000000000000000000 ) ) ;
#799 = VERTEX_POINT ( 'NONE', #407 ) ;
#800 = PLANE ( 'NONE',  #872 ) ;
#801 = CIRCLE ( 'NONE', #1595, 0.4249999999999997113 ) ;
#802 = ORIENTED_EDGE ( 'NONE', *, *, #671, .T. ) ;
#803 = COLOUR_RGB ( '',0.7921568627450980005, 0.8196078431372548767, 0.9333333333333333481 ) ;
#804 = DIRECTION ( 'NONE',  ( 1.000000000000000000, -0.000000000000000000, -0.000000000000000000 ) ) ;
#805 = ADVANCED_FACE ( 'NONE', ( #1271 ), #704, .T. ) ;
#806 = AXIS2_PLACEMENT_3D ( 'NONE', #1269, #550, #125 ) ;
#807 = LINE ( 'NONE', #708, #395 ) ;
#808 = VERTEX_POINT ( 'NONE', #284 ) ;
#809 = VECTOR ( 'NONE', #236, 100.0000000000000000 ) ;
#810 = EDGE_CURVE ( 'NONE', #1762, #785, #975, .T. ) ;
#811 = VECTOR ( 'NONE', #40, 100.0000000000000000 ) ;
#812 = FACE_OUTER_BOUND ( 'NONE', #20, .T. ) ;
#813 = CARTESIAN_POINT ( 'NONE',  ( 0.6350000000000000089, 2.865000000000000213, 0.5000000000000000000 ) ) ;
#814 = VERTEX_POINT ( 'NONE', #1438 ) ;
#815 = CARTESIAN_POINT ( 'NONE',  ( -1.270000000000000018, 2.850000000000000089, 0.2149999999999999967 ) ) ;
#816 = ORIENTED_EDGE ( 'NONE', *, *, #1741, .T. ) ;
#817 = DIRECTION ( 'NONE',  ( 0.000000000000000000, 0.000000000000000000, 1.000000000000000000 ) ) ;
#818 = DIRECTION ( 'NONE',  ( 0.000000000000000000, 0.000000000000000000, -1.000000000000000000 ) ) ;
#819 = CARTESIAN_POINT ( 'NONE',  ( 6.270000000000000462, -3.500000000000000444, 1.800000000000000266 ) ) ;
#820 = VERTEX_POINT ( 'NONE', #967 ) ;
#821 = ORIENTED_EDGE ( 'NONE', *, *, #1234, .T. ) ;
#822 = EDGE_CURVE ( 'NONE', #494, #22, #137, .T. ) ;
#823 = FACE_OUTER_BOUND ( 'NONE', #1553, .T. ) ;
#824 = ORIENTED_EDGE ( 'NONE', *, *, #1038, .F. ) ;
#825 = CARTESIAN_POINT ( 'NONE',  ( -0.6350000000000000089, 3.500000000000000444, 0.2000000000000000111 ) ) ;
#826 = DIRECTION ( 'NONE',  ( 0.000000000000000000, 1.000000000000000000, 0.000000000000000000 ) ) ;
#827 = SURFACE_STYLE_USAGE ( .BOTH. , #1725 ) ;
#828 = B_SPLINE_CURVE_WITH_KNOTS ( 'NONE', 1,
 ( #289, #28 ),
 .UNSPECIFIED., .F., .F.,
 ( 2, 2 ),
 ( 0.000000000000000000, 0.3067632850241546194 ),
 .UNSPECIFIED. ) ;
#829 = DIRECTION ( 'NONE',  ( 0.000000000000000000, -1.000000000000000000, 0.000000000000000000 ) ) ;
#830 = VERTEX_POINT ( 'NONE', #1410 ) ;
#831 = LINE ( 'NONE', #1573, #893 ) ;
#832 = FACE_OUTER_BOUND ( 'NONE', #1700, .T. ) ;
#833 = EDGE_CURVE ( 'NONE', #1686, #769, #275, .T. ) ;
#834 = ORIENTED_EDGE ( 'NONE', *, *, #1446, .T. ) ;
#835 = DIRECTION ( 'NONE',  ( 0.000000000000000000, -0.000000000000000000, 1.000000000000000000 ) ) ;
#836 = ORIENTED_EDGE ( 'NONE', *, *, #326, .F. ) ;
#837 = DIRECTION ( 'NONE',  ( 0.000000000000000000, -1.000000000000000000, 0.000000000000000000 ) ) ;
#838 = CARTESIAN_POINT ( 'NONE',  ( 0.000000000000000000, 2.865000000000000213, 0.000000000000000000 ) ) ;
#839 = AXIS2_PLACEMENT_3D ( 'NONE', #1742, #429, #1710 ) ;
#840 = VECTOR ( 'NONE', #1740, 100.0000000000000000 ) ;
#841 = CARTESIAN_POINT ( 'NONE',  ( -1.270000000000000018, -2.850000000000000089, -0.2149999999999999134 ) ) ;
#842 = ORIENTED_EDGE ( 'NONE', *, *, #1666, .F. ) ;
#843 = AXIS2_PLACEMENT_3D ( 'NONE', #736, #1329, #892 ) ;
#844 = LINE ( 'NONE', #691, #743 ) ;
#845 = VECTOR ( 'NONE', #1776, 100.0000000000000000 ) ;
#846 = DIRECTION ( 'NONE',  ( -0.000000000000000000, 1.000000000000000000, 0.000000000000000000 ) ) ;
#847 = VERTEX_POINT ( 'NONE', #254 ) ;
#848 = DIRECTION ( 'NONE',  ( 0.000000000000000000, -1.000000000000000000, 0.000000000000000000 ) ) ;
#849 = EDGE_CURVE ( 'NONE', #1253, #63, #857, .T. ) ;
#850 = PLANE ( 'NONE',  #1224 ) ;
#851 = PRODUCT_DEFINITION ( 'UNKNOWN', '', #29, #365 ) ;
#852 = CARTESIAN_POINT ( 'NONE',  ( 5.635000000000000675, 2.865000000000000213, -0.5000000000000006661 ) ) ;
#853 = ORIENTED_EDGE ( 'NONE', *, *, #1795, .F. ) ;
#854 = CARTESIAN_POINT ( 'NONE',  ( 0.000000000000000000, -3.500000000000000444, -0.1999999999999999278 ) ) ;
#855 = DIRECTION ( 'NONE',  ( 1.000000000000000000, 0.000000000000000000, 0.000000000000000000 ) ) ;
#856 = VERTEX_POINT ( 'NONE', #1290 ) ;
#857 = LINE ( 'NONE', #825, #502 ) ;
#858 = ORIENTED_EDGE ( 'NONE', *, *, #1285, .T. ) ;
#859 = LINE ( 'NONE', #1431, #1566 ) ;
#860 = CARTESIAN_POINT ( 'NONE',  ( 6.270000000000000462, 2.865000000000000213, -0.2000000000000000111 ) ) ;
#861 = EDGE_CURVE ( 'NONE', #788, #1379, #1128, .T. ) ;
#862 = DIRECTION ( 'NONE',  ( 0.000000000000000000, 0.000000000000000000, -1.000000000000000000 ) ) ;
#863 = LINE ( 'NONE', #102, #329 ) ;
#864 = PRODUCT_DEFINITION_SHAPE ( 'NONE', 'NONE',  #851 ) ;
#865 = EDGE_LOOP ( 'NONE', ( #753, #1064, #428, #638 ) ) ;
#866 = DIRECTION ( 'NONE',  ( 0.000000000000000000, 1.000000000000000000, -0.000000000000000000 ) ) ;
#867 = ORIENTED_EDGE ( 'NONE', *, *, #1059, .F. ) ;
#868 = CARTESIAN_POINT ( 'NONE',  ( 0.6350000000000000089, -3.500000000000000444, -1.800000000000000266 ) ) ;
#869 = EDGE_CURVE ( 'NONE', #1633, #1669, #105, .T. ) ;
#870 = CARTESIAN_POINT ( 'NONE',  ( 6.270000000000000462, 3.500000000000000444, 1.800000000000000266 ) ) ;
#871 = CARTESIAN_POINT ( 'NONE',  ( 0.6350000000000000089, 3.500000000000000444, 1.800000000000000266 ) ) ;
#872 = AXIS2_PLACEMENT_3D ( 'NONE', #1156, #866, #1877 ) ;
#873 = EDGE_CURVE ( 'NONE', #1845, #797, #616, .T. ) ;
#874 = AXIS2_PLACEMENT_3D ( 'NONE', #1278, #855, #1004 ) ;
#875 = VERTEX_POINT ( 'NONE', #21 ) ;
#876 = CARTESIAN_POINT ( 'NONE',  ( 5.635000000000000675, -3.500000000000000444, 1.800000000000000266 ) ) ;
#877 = VECTOR ( 'NONE', #917, 100.0000000000000000 ) ;
#878 = DIRECTION ( 'NONE',  ( -1.000000000000000000, -0.000000000000000000, 1.387778780781445676E-16 ) ) ;
#879 = DIRECTION ( 'NONE',  ( 0.000000000000000000, 0.000000000000000000, 1.000000000000000000 ) ) ;
#880 = LINE ( 'NONE', #142, #1876 ) ;
#881 = CARTESIAN_POINT ( 'NONE',  ( -0.6350000000000000089, 2.865000000000000213, -0.2000000000000000111 ) ) ;
#882 = EDGE_CURVE ( 'NONE', #681, #1366, #1756, .T. ) ;
#883 = VERTEX_POINT ( 'NONE', #1473 ) ;
#884 = DIRECTION ( 'NONE',  ( 1.000000000000000000, 0.000000000000000000, 0.000000000000000000 ) ) ;
#885 = CARTESIAN_POINT ( 'NONE',  ( 5.635000000000000675, 3.500000000000000444, 0.2000000000000000111 ) ) ;
#886 = LINE ( 'NONE', #1328, #535 ) ;
#887 = DIRECTION ( 'NONE',  ( 0.000000000000000000, 1.000000000000000000, 0.000000000000000000 ) ) ;
#888 = EDGE_LOOP ( 'NONE', ( #954, #360, #1307, #1533 ) ) ;
#889 = CARTESIAN_POINT ( 'NONE',  ( -0.6350000000000000089, -3.500000000000000444, -0.1999999999999999278 ) ) ;
#890 = ADVANCED_FACE ( 'NONE', ( #1339 ), #1768, .F. ) ;
#891 = DIRECTION ( 'NONE',  ( 0.000000000000000000, 0.000000000000000000, 1.000000000000000000 ) ) ;
#892 = DIRECTION ( 'NONE',  ( -1.000000000000000000, 0.000000000000000000, -0.000000000000000000 ) ) ;
#893 = VECTOR ( 'NONE', #701, 100.0000000000000000 ) ;
#894 = ORIENTED_EDGE ( 'NONE', *, *, #1873, .T. ) ;
#895 = VECTOR ( 'NONE', #171, 100.0000000000000000 ) ;
#896 = DIRECTION ( 'NONE',  ( 1.000000000000000000, -0.000000000000000000, -0.000000000000000000 ) ) ;
#897 = VECTOR ( 'NONE', #382, 100.0000000000000000 ) ;
#898 = CARTESIAN_POINT ( 'NONE',  ( 0.000000000000000000, -2.865000000000000213, 0.2000000000000000944 ) ) ;
#899 = VECTOR ( 'NONE', #1600, 100.0000000000000000 ) ;
#900 = EDGE_CURVE ( 'NONE', #52, #1614, #1592, .T. ) ;
#901 = CARTESIAN_POINT ( 'NONE',  ( 5.635000000000000675, 2.850000000000000089, 0.000000000000000000 ) ) ;
#902 = CARTESIAN_POINT ( 'NONE',  ( 0.6350000000000000089, -3.500000000000000444, -1.800000000000000266 ) ) ;
#903 = ORIENTED_EDGE ( 'NONE', *, *, #640, .T. ) ;
#904 = CARTESIAN_POINT ( 'NONE',  ( 5.635000000000000675, -2.865000000000000213, -0.1999999999999993172 ) ) ;
#905 = SURFACE_STYLE_FILL_AREA ( #1057 ) ;
#906 = EDGE_CURVE ( 'NONE', #1633, #1636, #597, .T. ) ;
#907 = PRODUCT_RELATED_PRODUCT_CATEGORY ( 'part', '', ( #431 ) ) ;
#908 = FACE_OUTER_BOUND ( 'NONE', #31, .T. ) ;
#909 = DIRECTION ( 'NONE',  ( -1.000000000000000000, -0.000000000000000000, -0.000000000000000000 ) ) ;
#910 = ORIENTED_EDGE ( 'NONE', *, *, #1717, .T. ) ;
#911 = ORIENTED_EDGE ( 'NONE', *, *, #1433, .F. ) ;
#912 = LINE ( 'NONE', #1488, #80 ) ;
#913 = VERTEX_POINT ( 'NONE', #456 ) ;
#914 = ORIENTED_EDGE ( 'NONE', *, *, #947, .F. ) ;
#915 = LINE ( 'NONE', #490, #361 ) ;
#916 = DIRECTION ( 'NONE',  ( 0.000000000000000000, 1.000000000000000000, 0.000000000000000000 ) ) ;
#917 = DIRECTION ( 'NONE',  ( 0.000000000000000000, 1.000000000000000000, -0.000000000000000000 ) ) ;
#918 = VERTEX_POINT ( 'NONE', #1186 ) ;
#919 = VERTEX_POINT ( 'NONE', #754 ) ;
#920 = ADVANCED_FACE ( 'NONE', ( #1192 ), #1326, .F. ) ;
#921 = EDGE_CURVE ( 'NONE', #1211, #1078, #424, .T. ) ;
#922 = CARTESIAN_POINT ( 'NONE',  ( 6.270000000000000462, 5.204748896376247001E-17, 0.4249999999999997113 ) ) ;
#923 = VECTOR ( 'NONE', #1784, 100.0000000000000000 ) ;
#924 = VECTOR ( 'NONE', #577, 100.0000000000000000 ) ;
#925 = ORIENTED_EDGE ( 'NONE', *, *, #984, .T. ) ;
#926 = CARTESIAN_POINT ( 'NONE',  ( 5.635000000000000675, 3.500000000000000444, 0.2000000000000000111 ) ) ;
#927 = VECTOR ( 'NONE', #516, 100.0000000000000000 ) ;
#928 = ORIENTED_EDGE ( 'NONE', *, *, #1372, .T. ) ;
#929 = AXIS2_PLACEMENT_3D ( 'NONE', #1013, #1590, #298 ) ;
#930 = FILL_AREA_STYLE_COLOUR ( '', #1752 ) ;
#931 = VECTOR ( 'NONE', #1441, 100.0000000000000000 ) ;
#932 = PLANE ( 'NONE',  #1840 ) ;
#933 = DIRECTION ( 'NONE',  ( -1.000000000000000000, 0.000000000000000000, -0.000000000000000000 ) ) ;
#934 = ORIENTED_EDGE ( 'NONE', *, *, #517, .T. ) ;
#935 = ORIENTED_EDGE ( 'NONE', *, *, #1873, .F. ) ;
#936 = CARTESIAN_POINT ( 'NONE',  ( 0.000000000000000000, 3.500000000000000444, -0.2149999999999999967 ) ) ;
#937 = EDGE_CURVE ( 'NONE', #487, #726, #1481, .T. ) ;
#938 = ORIENTED_EDGE ( 'NONE', *, *, #337, .F. ) ;
#939 = DIRECTION ( 'NONE',  ( 0.000000000000000000, 0.000000000000000000, 1.000000000000000000 ) ) ;
#940 = EDGE_LOOP ( 'NONE', ( #54, #824, #49, #723 ) ) ;
#941 = CARTESIAN_POINT ( 'NONE',  ( 5.635000000000000675, -2.865000000000000213, -0.4999999999999993339 ) ) ;
#942 = LINE ( 'NONE', #1111, #1025 ) ;
#943 = EDGE_LOOP ( 'NONE', ( #1365, #1521, #349, #653 ) ) ;
#944 = LINE ( 'NONE', #1635, #151 ) ;
#945 = VERTEX_POINT ( 'NONE', #441 ) ;
#946 = DIRECTION ( 'NONE',  ( 0.000000000000000000, 0.000000000000000000, -1.000000000000000000 ) ) ;
#947 = EDGE_CURVE ( 'NONE', #1762, #793, #733, .T. ) ;
#948 = ORIENTED_EDGE ( 'NONE', *, *, #882, .F. ) ;
#949 =( NAMED_UNIT ( * ) PLANE_ANGLE_UNIT ( ) SI_UNIT ( $, .RADIAN. ) );
#950 = DIRECTION ( 'NONE',  ( -1.000000000000000000, -0.000000000000000000, -8.352109954983220072E-33 ) ) ;
#951 = VERTEX_POINT ( 'NONE', #904 ) ;
#952 = CARTESIAN_POINT ( 'NONE',  ( 5.635000000000000675, -3.500000000000000444, 0.2000000000000007050 ) ) ;
#953 = FACE_OUTER_BOUND ( 'NONE', #293, .T. ) ;
#954 = ORIENTED_EDGE ( 'NONE', *, *, #1338, .F. ) ;
#955 = DIRECTION ( 'NONE',  ( 0.000000000000000000, -1.000000000000000000, 0.000000000000000000 ) ) ;
#956 = CIRCLE ( 'NONE', #1409, 0.6500000000000000222 ) ;
#957 = ORIENTED_EDGE ( 'NONE', *, *, #1516, .T. ) ;
#958 = CARTESIAN_POINT ( 'NONE',  ( 5.270000000000000462, 0.000000000000000000, 0.000000000000000000 ) ) ;
#959 = EDGE_CURVE ( 'NONE', #1400, #494, #1747, .T. ) ;
#960 = AXIS2_PLACEMENT_3D ( 'NONE', #252, #846, #1407 ) ;
#961 = PLANE ( 'NONE',  #575 ) ;
#962 = VERTEX_POINT ( 'NONE', #1024 ) ;
#963 = MECHANICAL_DESIGN_GEOMETRIC_PRESENTATION_REPRESENTATION (  '', ( #1778 ), #997 ) ;
#964 = CARTESIAN_POINT ( 'NONE',  ( 0.6350000000000001199, -2.865000000000000213, 0.5000000000000001110 ) ) ;
#965 = DIRECTION ( 'NONE',  ( -1.000000000000000000, 0.000000000000000000, 0.000000000000000000 ) ) ;
#966 = ORIENTED_EDGE ( 'NONE', *, *, #556, .F. ) ;
#967 = CARTESIAN_POINT ( 'NONE',  ( 0.000000000000000000, -2.850000000000000089, -0.2149999999999999134 ) ) ;
#968 = CARTESIAN_POINT ( 'NONE',  ( 0.6350000000000000089, -3.469446951953614189E-16, 0.6500000000000000222 ) ) ;
#969 = CARTESIAN_POINT ( 'NONE',  ( 6.270000000000000462, -3.500000000000000444, 0.2000000000000007050 ) ) ;
#970 = EDGE_CURVE ( 'NONE', #769, #398, #301, .T. ) ;
#971 = ORIENTED_EDGE ( 'NONE', *, *, #937, .T. ) ;
#972 = DIRECTION ( 'NONE',  ( 1.000000000000000000, 0.000000000000000000, -0.000000000000000000 ) ) ;
#973 = FACE_BOUND ( 'NONE', #588, .T. ) ;
#974 = VERTEX_POINT ( 'NONE', #1615 ) ;
#975 = LINE ( 'NONE', #263, #840 ) ;
#976 = ORIENTED_EDGE ( 'NONE', *, *, #1862, .F. ) ;
#977 = DIRECTION ( 'NONE',  ( 0.000000000000000000, -0.000000000000000000, 1.000000000000000000 ) ) ;
#978 = LINE ( 'NONE', #860, #931 ) ;
#979 = DIRECTION ( 'NONE',  ( 0.000000000000000000, 0.000000000000000000, 1.000000000000000000 ) ) ;
#980 = ORIENTED_EDGE ( 'NONE', *, *, #92, .T. ) ;
#981 = ADVANCED_FACE ( 'NONE', ( #324 ), #157, .F. ) ;
#982 = LINE ( 'NONE', #1560, #767 ) ;
#983 = LINE ( 'NONE', #1715, #1169 ) ;
#984 = EDGE_CURVE ( 'NONE', #1686, #974, #32, .T. ) ;
#985 = ORIENTED_EDGE ( 'NONE', *, *, #1218, .F. ) ;
#986 = CARTESIAN_POINT ( 'NONE',  ( 6.270000000000000462, 2.865000000000000213, -0.2000000000000000111 ) ) ;
#987 = EDGE_LOOP ( 'NONE', ( #903, #138, #268, #378 ) ) ;
#988 = PLANE ( 'NONE',  #1844 ) ;
#989 = DIRECTION ( 'NONE',  ( 0.000000000000000000, -1.000000000000000000, -0.000000000000000000 ) ) ;
#990 = COLOUR_RGB ( '',0.7921568627450980005, 0.8196078431372548767, 0.9333333333333333481 ) ;
#991 = DIRECTION ( 'NONE',  ( 0.000000000000000000, 0.000000000000000000, -1.000000000000000000 ) ) ;
#992 = ORIENTED_EDGE ( 'NONE', *, *, #1542, .T. ) ;
#993 = AXIS2_PLACEMENT_3D ( 'NONE', #611, #179, #1162 ) ;
#994 = EDGE_LOOP ( 'NONE', ( #1147, #1233, #911, #1824 ) ) ;
#995 = PRESENTATION_LAYER_ASSIGNMENT (  '', '', ( #1778 ) ) ;
#996 = PLANE ( 'NONE',  #1847 ) ;
#997 =( GEOMETRIC_REPRESENTATION_CONTEXT ( 3 ) GLOBAL_UNCERTAINTY_ASSIGNED_CONTEXT ( ( #1773 ) ) GLOBAL_UNIT_ASSIGNED_CONTEXT ( ( #1735, #120, #256 ) ) REPRESENTATION_CONTEXT ( 'NONE', 'WORKASPACE' ) );
#998 = VERTEX_POINT ( 'NONE', #1456 ) ;
#999 = CARTESIAN_POINT ( 'NONE',  ( 5.635000000000000675, 3.500000000000000444, 1.800000000000000266 ) ) ;
#1000 = EDGE_CURVE ( 'NONE', #465, #918, #747, .T. ) ;
#1001 = DIRECTION ( 'NONE',  ( -1.000000000000000000, 0.000000000000000000, 0.000000000000000000 ) ) ;
#1002 = PLANE ( 'NONE',  #1050 ) ;
#1003 = CARTESIAN_POINT ( 'NONE',  ( 5.635000000000000675, -3.500000000000000444, -0.1999999999999993172 ) ) ;
#1004 = DIRECTION ( 'NONE',  ( 0.000000000000000000, 0.000000000000000000, -1.000000000000000000 ) ) ;
#1005 = ORIENTED_EDGE ( 'NONE', *, *, #1121, .F. ) ;
#1006 = CARTESIAN_POINT ( 'NONE',  ( 0.000000000000000000, -2.865000000000000213, 0.000000000000000000 ) ) ;
#1007 = EDGE_CURVE ( 'NONE', #1669, #1379, #162, .T. ) ;
#1008 = FACE_OUTER_BOUND ( 'NONE', #674, .T. ) ;
#1009 = DIRECTION ( 'NONE',  ( 0.000000000000000000, 1.000000000000000000, -0.000000000000000000 ) ) ;
#1010 = EDGE_CURVE ( 'NONE', #694, #1216, #1172, .T. ) ;
#1011 = B_SPLINE_CURVE_WITH_KNOTS ( 'NONE', 1,
 ( #1484, #1650 ),
 .UNSPECIFIED., .F., .F.,
 ( 2, 2 ),
 ( 0.5000000000000000000, 0.8067632850241546194 ),
 .UNSPECIFIED. ) ;
#1012 = DIRECTION ( 'NONE',  ( 0.000000000000000000, -1.000000000000000000, 0.000000000000000000 ) ) ;
#1013 = CARTESIAN_POINT ( 'NONE',  ( 0.000000000000000000, 0.000000000000000000, 0.000000000000000000 ) ) ;
#1014 = ORIENTED_EDGE ( 'NONE', *, *, #833, .T. ) ;
#1015 = DIRECTION ( 'NONE',  ( 0.000000000000000000, 0.000000000000000000, 1.000000000000000000 ) ) ;
#1016 = LINE ( 'NONE', #278, #272 ) ;
#1017 = EDGE_CURVE ( 'NONE', #1835, #465, #62, .T. ) ;
#1018 = AXIS2_PLACEMENT_3D ( 'NONE', #1594, #1868, #977 ) ;
#1019 = DIRECTION ( 'NONE',  ( 0.000000000000000000, -0.000000000000000000, -1.000000000000000000 ) ) ;
#1020 = PLANE ( 'NONE',  #472 ) ;
#1021 = AXIS2_PLACEMENT_3D ( 'NONE', #528, #55, #1825 ) ;
#1022 = AXIS2_PLACEMENT_3D ( 'NONE', #290, #965, #1436 ) ;
#1023 = ORIENTED_EDGE ( 'NONE', *, *, #189, .T. ) ;
#1024 = CARTESIAN_POINT ( 'NONE',  ( 0.000000000000000000, -3.500000000000000444, -0.2149999999999999134 ) ) ;
#1025 = VECTOR ( 'NONE', #1870, 100.0000000000000000 ) ;
#1026 = VECTOR ( 'NONE', #554, 100.0000000000000000 ) ;
#1027 =( LENGTH_UNIT ( ) NAMED_UNIT ( * ) SI_UNIT ( .CENTI., .METRE. ) );
#1028 = CARTESIAN_POINT ( 'NONE',  ( 6.270000000000000462, -2.865000000000000213, 0.2000000000000007050 ) ) ;
#1029 = ADVANCED_FACE ( 'NONE', ( #1530, #1656 ), #1358, .T. ) ;
#1030 = CARTESIAN_POINT ( 'NONE',  ( 6.270000000000000462, 3.500000000000000444, 1.800000000000000266 ) ) ;
#1031 = ORIENTED_EDGE ( 'NONE', *, *, #326, .T. ) ;
#1032 = CARTESIAN_POINT ( 'NONE',  ( 0.000000000000000000, -3.469446951953614189E-16, 3.618428607958274558E-31 ) ) ;
#1033 = CARTESIAN_POINT ( 'NONE',  ( 6.270000000000000462, -2.850000000000000089, 0.2150000000000006906 ) ) ;
#1034 = CARTESIAN_POINT ( 'NONE',  ( 5.635000000000000675, -2.865000000000000213, 0.2000000000000007050 ) ) ;
#1035 = DIRECTION ( 'NONE',  ( 0.000000000000000000, 0.000000000000000000, 1.000000000000000000 ) ) ;
#1036 = VERTEX_POINT ( 'NONE', #241 ) ;
#1037 = DIRECTION ( 'NONE',  ( -0.000000000000000000, 1.000000000000000000, 0.000000000000000000 ) ) ;
#1038 = EDGE_CURVE ( 'NONE', #772, #1131, #351, .T. ) ;
#1039 = EDGE_CURVE ( 'NONE', #1344, #1078, #944, .T. ) ;
#1040 = PRESENTATION_STYLE_ASSIGNMENT (( #164 ) ) ;
#1041 = CARTESIAN_POINT ( 'NONE',  ( 0.6350000000000000089, 3.500000000000000444, -0.5000000000000000000 ) ) ;
#1042 = CARTESIAN_POINT ( 'NONE',  ( 0.6350000000000000089, 3.500000000000000444, 0.2149999999999999134 ) ) ;
#1043 = VERTEX_POINT ( 'NONE', #93 ) ;
#1044 = VECTOR ( 'NONE', #770, 100.0000000000000000 ) ;
#1045 = DIRECTION ( 'NONE',  ( 0.000000000000000000, 1.000000000000000000, -0.000000000000000000 ) ) ;
#1046 = VECTOR ( 'NONE', #1306, 100.0000000000000000 ) ;
#1047 = FILL_AREA_STYLE ('',( #1611 ) ) ;
#1048 = EDGE_CURVE ( 'NONE', #820, #799, #218, .T. ) ;
#1049 = VECTOR ( 'NONE', #804, 100.0000000000000000 ) ;
#1050 = AXIS2_PLACEMENT_3D ( 'NONE', #1579, #989, #1292 ) ;
#1051 = DIRECTION ( 'NONE',  ( 0.000000000000000000, 0.000000000000000000, -1.000000000000000000 ) ) ;
#1052 = LINE ( 'NONE', #482, #1850 ) ;
#1053 = ORIENTED_EDGE ( 'NONE', *, *, #423, .F. ) ;
#1054 = ORIENTED_EDGE ( 'NONE', *, *, #591, .T. ) ;
#1055 = LINE ( 'NONE', #342, #927 ) ;
#1056 = ORIENTED_EDGE ( 'NONE', *, *, #1516, .F. ) ;
#1057 = FILL_AREA_STYLE ('',( #1316 ) ) ;
#1058 = LINE ( 'NONE', #1678, #1297 ) ;
#1059 = EDGE_CURVE ( 'NONE', #705, #285, #1236, .T. ) ;
#1060 = CARTESIAN_POINT ( 'NONE',  ( 0.6350000000000000089, -3.500000000000000444, -1.800000000000000266 ) ) ;
#1061 = DIRECTION ( 'NONE',  ( 1.000000000000000000, -0.000000000000000000, -0.000000000000000000 ) ) ;
#1062 = VERTEX_POINT ( 'NONE', #790 ) ;
#1063 = FACE_OUTER_BOUND ( 'NONE', #1123, .T. ) ;
#1064 = ORIENTED_EDGE ( 'NONE', *, *, #570, .T. ) ;
#1065 = CARTESIAN_POINT ( 'NONE',  ( 6.905000000000000249, -3.500000000000000444, 0.2000000000000007050 ) ) ;
#1066 = EDGE_LOOP ( 'NONE', ( #524, #1779, #100, #1739 ) ) ;
#1067 = DIRECTION ( 'NONE',  ( 0.000000000000000000, 0.000000000000000000, -1.000000000000000000 ) ) ;
#1068 = CARTESIAN_POINT ( 'NONE',  ( 0.000000000000000000, -2.865000000000000213, -0.1999999999999999278 ) ) ;
#1069 = CARTESIAN_POINT ( 'NONE',  ( 6.270000000000000462, -3.515000000000000124, 0.2150000000000006906 ) ) ;
#1070 = EDGE_CURVE ( 'NONE', #191, #1647, #1800, .T. ) ;
#1071 = ORIENTED_EDGE ( 'NONE', *, *, #1317, .F. ) ;
#1072 = ORIENTED_EDGE ( 'NONE', *, *, #503, .F. ) ;
#1073 = DIRECTION ( 'NONE',  ( 0.000000000000000000, 0.000000000000000000, -1.000000000000000000 ) ) ;
#1074 = CLOSED_SHELL ( 'NONE', ( #1178, #412, #25, #794, #601, #76, #805, #315, #529, #1399, #377, #437, #1158, #1235 ) ) ;
#1075 = ORIENTED_EDGE ( 'NONE', *, *, #1315, .T. ) ;
#1076 = DIRECTION ( 'NONE',  ( -1.000000000000000000, 0.000000000000000000, -1.387778780781445676E-16 ) ) ;
#1077 = VECTOR ( 'NONE', #1045, 100.0000000000000000 ) ;
#1078 = VERTEX_POINT ( 'NONE', #922 ) ;
#1079 = VECTOR ( 'NONE', #183, 100.0000000000000000 ) ;
#1080 = SURFACE_STYLE_FILL_AREA ( #223 ) ;
#1081 = LINE ( 'NONE', #1069, #877 ) ;
#1082 = ADVANCED_FACE ( 'NONE', ( #953 ), #373, .T. ) ;
#1083 = ORIENTED_EDGE ( 'NONE', *, *, #131, .T. ) ;
#1084 = CARTESIAN_POINT ( 'NONE',  ( -1.270000000000000018, 2.850000000000000089, -0.2149999999999999967 ) ) ;
#1085 = ORIENTED_EDGE ( 'NONE', *, *, #17, .F. ) ;
#1086 = LINE ( 'NONE', #1205, #356 ) ;
#1087 = ORIENTED_EDGE ( 'NONE', *, *, #1616, .F. ) ;
#1088 = DIRECTION ( 'NONE',  ( 0.000000000000000000, -0.000000000000000000, 1.000000000000000000 ) ) ;
#1089 = ORIENTED_EDGE ( 'NONE', *, *, #640, .F. ) ;
#1090 = ORIENTED_EDGE ( 'NONE', *, *, #1434, .T. ) ;
#1091 = CARTESIAN_POINT ( 'NONE',  ( 6.270000000000000462, 0.000000000000000000, 5.303589821414345533E-33 ) ) ;
#1092 = ORIENTED_EDGE ( 'NONE', *, *, #617, .T. ) ;
#1093 = LINE ( 'NONE', #64, #621 ) ;
#1094 = EDGE_CURVE ( 'NONE', #797, #1352, #662, .T. ) ;
#1095 = EDGE_CURVE ( 'NONE', #192, #1801, #1222, .T. ) ;
#1096 = ORIENTED_EDGE ( 'NONE', *, *, #443, .T. ) ;
#1097 = DIRECTION ( 'NONE',  ( 1.000000000000000000, -0.000000000000000000, 0.000000000000000000 ) ) ;
#1098 = LINE ( 'NONE', #1680, #1814 ) ;
#1099 = ORIENTED_EDGE ( 'NONE', *, *, #1808, .F. ) ;
#1100 = DIRECTION ( 'NONE',  ( 0.000000000000000000, 0.000000000000000000, -1.000000000000000000 ) ) ;
#1101 = PLANE ( 'NONE',  #1750 ) ;
#1102 = VERTEX_POINT ( 'NONE', #936 ) ;
#1103 = LINE ( 'NONE', #631, #1843 ) ;
#1104 = CLOSED_SHELL ( 'NONE', ( #117, #121, #1164, #707, #1629, #1601, #1849, #1274, #1373, #1486, #141, #890, #233, #1082 ) ) ;
#1105 = EDGE_LOOP ( 'NONE', ( #925, #1811, #700, #216 ) ) ;
#1106 = EDGE_CURVE ( 'NONE', #689, #264, #1512, .T. ) ;
#1107 = DIRECTION ( 'NONE',  ( 0.000000000000000000, 0.000000000000000000, -1.000000000000000000 ) ) ;
#1108 =( GEOMETRIC_REPRESENTATION_CONTEXT ( 3 ) GLOBAL_UNCERTAINTY_ASSIGNED_CONTEXT ( ( #1333 ) ) GLOBAL_UNIT_ASSIGNED_CONTEXT ( ( #1027, #180, #1771 ) ) REPRESENTATION_CONTEXT ( 'NONE', 'WORKASPACE' ) );
#1109 = PLANE ( 'NONE',  #1474 ) ;
#1110 = VECTOR ( 'NONE', #1576, 100.0000000000000000 ) ;
#1111 = CARTESIAN_POINT ( 'NONE',  ( 6.905000000000000249, 2.865000000000000213, -0.2000000000000000111 ) ) ;
#1112 = ORIENTED_EDGE ( 'NONE', *, *, #491, .T. ) ;
#1113 = VECTOR ( 'NONE', #1519, 100.0000000000000000 ) ;
#1114 = CARTESIAN_POINT ( 'NONE',  ( 5.635000000000000675, 2.865000000000000213, -0.5000000000000006661 ) ) ;
#1115 = PLANE ( 'NONE',  #114 ) ;
#1116 = ORIENTED_EDGE ( 'NONE', *, *, #459, .F. ) ;
#1117 = CARTESIAN_POINT ( 'NONE',  ( 0.6350000000000001199, -2.865000000000000213, 0.5000000000000001110 ) ) ;
#1118 = ORIENTED_EDGE ( 'NONE', *, *, #758, .F. ) ;
#1119 = LINE ( 'NONE', #1701, #1345 ) ;
#1120 =( NAMED_UNIT ( * ) SI_UNIT ( $, .STERADIAN. ) SOLID_ANGLE_UNIT ( ) );
#1121 = EDGE_CURVE ( 'NONE', #799, #1669, #1376, .T. ) ;
#1122 = PLANE ( 'NONE',  #506 ) ;
#1123 = EDGE_LOOP ( 'NONE', ( #1135, #1506, #1405, #270 ) ) ;
#1124 = EDGE_CURVE ( 'NONE', #37, #814, #486, .T. ) ;
#1125 = ORIENTED_EDGE ( 'NONE', *, *, #376, .F. ) ;
#1126 = DIRECTION ( 'NONE',  ( -0.000000000000000000, -0.000000000000000000, -1.000000000000000000 ) ) ;
#1127 = ORIENTED_EDGE ( 'NONE', *, *, #683, .F. ) ;
#1128 = LINE ( 'NONE', #1709, #1415 ) ;
#1129 = CARTESIAN_POINT ( 'NONE',  ( 0.6350000000000001199, -3.500000000000000444, 0.5000000000000001110 ) ) ;
#1130 = FACE_OUTER_BOUND ( 'NONE', #987, .T. ) ;
#1131 = VERTEX_POINT ( 'NONE', #1822 ) ;
#1132 = DIRECTION ( 'NONE',  ( 0.000000000000000000, 0.000000000000000000, -1.000000000000000000 ) ) ;
#1133 = EDGE_CURVE ( 'NONE', #500, #830, #1055, .T. ) ;
#1134 = CARTESIAN_POINT ( 'NONE',  ( 0.000000000000000000, 3.500000000000000444, 0.000000000000000000 ) ) ;
#1135 = ORIENTED_EDGE ( 'NONE', *, *, #319, .F. ) ;
#1136 = DIRECTION ( 'NONE',  ( 1.000000000000000000, 0.000000000000000000, -0.000000000000000000 ) ) ;
#1137 = FACE_OUTER_BOUND ( 'NONE', #565, .T. ) ;
#1138 = FILL_AREA_STYLE_COLOUR ( '', #27 ) ;
#1139 = AXIS2_PLACEMENT_3D ( 'NONE', #165, #1435, #153 ) ;
#1140 = AXIS2_PLACEMENT_3D ( 'NONE', #1247, #84, #1076 ) ;
#1141 = PLANE ( 'NONE',  #4 ) ;
#1142 = ORIENTED_EDGE ( 'NONE', *, *, #1146, .F. ) ;
#1143 = VECTOR ( 'NONE', #1015, 100.0000000000000000 ) ;
#1144 = ORIENTED_EDGE ( 'NONE', *, *, #984, .F. ) ;
#1145 = DIRECTION ( 'NONE',  ( 0.000000000000000000, 0.000000000000000000, -1.000000000000000000 ) ) ;
#1146 = EDGE_CURVE ( 'NONE', #689, #1102, #1673, .T. ) ;
#1147 = ORIENTED_EDGE ( 'NONE', *, *, #276, .T. ) ;
#1148 = FACE_OUTER_BOUND ( 'NONE', #505, .T. ) ;
#1149 = EDGE_CURVE ( 'NONE', #684, #350, #912, .T. ) ;
#1150 = ORIENTED_EDGE ( 'NONE', *, *, #1422, .F. ) ;
#1151 = DIRECTION ( 'NONE',  ( 0.000000000000000000, 0.000000000000000000, -1.000000000000000000 ) ) ;
#1152 = CARTESIAN_POINT ( 'NONE',  ( 6.270000000000000462, -3.500000000000000444, -1.800000000000000266 ) ) ;
#1153 = FACE_OUTER_BOUND ( 'NONE', #1066, .T. ) ;
#1154 = CARTESIAN_POINT ( 'NONE',  ( 0.6350000000000000089, -3.500000000000000444, 1.800000000000000266 ) ) ;
#1155 = VERTEX_POINT ( 'NONE', #766 ) ;
#1156 = CARTESIAN_POINT ( 'NONE',  ( -1.270000000000000018, -2.850000000000000089, -0.2149999999999999134 ) ) ;
#1157 = PLANE ( 'NONE',  #839 ) ;
#1158 = ADVANCED_FACE ( 'NONE', ( #1063 ), #1346, .T. ) ;
#1159 = DIRECTION ( 'NONE',  ( 0.000000000000000000, 0.000000000000000000, -1.000000000000000000 ) ) ;
#1160 = LINE ( 'NONE', #19, #393 ) ;
#1161 = ORIENTED_EDGE ( 'NONE', *, *, #451, .F. ) ;
#1162 = DIRECTION ( 'NONE',  ( -1.000000000000000000, 0.000000000000000000, -0.000000000000000000 ) ) ;
#1163 = LINE ( 'NONE', #312, #391 ) ;
#1164 = ADVANCED_FACE ( 'NONE', ( #568 ), #996, .T. ) ;
#1165 = AXIS2_PLACEMENT_3D ( 'NONE', #306, #607, #1612 ) ;
#1166 = VECTOR ( 'NONE', #792, 100.0000000000000000 ) ;
#1167 = DIRECTION ( 'NONE',  ( 1.000000000000000000, 0.000000000000000000, -0.000000000000000000 ) ) ;
#1168 = DIRECTION ( 'NONE',  ( 1.000000000000000000, -0.000000000000000000, -0.000000000000000000 ) ) ;
#1169 = VECTOR ( 'NONE', #421, 100.0000000000000000 ) ;
#1170 = VECTOR ( 'NONE', #1538, 100.0000000000000000 ) ;
#1171 = ORIENTED_EDGE ( 'NONE', *, *, #1218, .T. ) ;
#1172 = LINE ( 'NONE', #1610, #273 ) ;
#1173 =( LENGTH_UNIT ( ) NAMED_UNIT ( * ) SI_UNIT ( .CENTI., .METRE. ) );
#1174 = DIRECTION ( 'NONE',  ( 1.000000000000000000, 0.000000000000000000, 0.000000000000000000 ) ) ;
#1175 = EDGE_CURVE ( 'NONE', #1713, #573, #863, .T. ) ;
#1176 = PLANE ( 'NONE',  #566 ) ;
#1177 = FACE_OUTER_BOUND ( 'NONE', #865, .T. ) ;
#1178 = ADVANCED_FACE ( 'NONE', ( #1561 ), #143, .T. ) ;
#1179 = ORIENTED_EDGE ( 'NONE', *, *, #1616, .T. ) ;
#1180 = DIRECTION ( 'NONE',  ( 1.000000000000000000, 0.000000000000000000, 0.000000000000000000 ) ) ;
#1181 = DIRECTION ( 'NONE',  ( -1.000000000000000000, -0.000000000000000000, -0.000000000000000000 ) ) ;
#1182 = LINE ( 'NONE', #106, #1684 ) ;
#1183 = LINE ( 'NONE', #1312, #1323 ) ;
#1184 = ADVANCED_FACE ( 'NONE', ( #832, #973 ), #1583, .T. ) ;
#1185 = ORIENTED_EDGE ( 'NONE', *, *, #1862, .T. ) ;
#1186 = CARTESIAN_POINT ( 'NONE',  ( 0.000000000000000000, -3.469446951953614189E-16, 0.6500000000000000222 ) ) ;
#1187 =( NAMED_UNIT ( * ) PLANE_ANGLE_UNIT ( ) SI_UNIT ( $, .RADIAN. ) );
#1188 = DIRECTION ( 'NONE',  ( 0.000000000000000000, 0.000000000000000000, 1.000000000000000000 ) ) ;
#1189 = CARTESIAN_POINT ( 'NONE',  ( 6.270000000000000462, -3.500000000000000444, 0.2150000000000006906 ) ) ;
#1190 = AXIS2_PLACEMENT_3D ( 'NONE', #1706, #669, #411 ) ;
#1191 = ORIENTED_EDGE ( 'NONE', *, *, #1133, .F. ) ;
#1192 = FACE_OUTER_BOUND ( 'NONE', #434, .T. ) ;
#1193 = EDGE_CURVE ( 'NONE', #1036, #945, #1244, .T. ) ;
#1194 = AXIS2_PLACEMENT_3D ( 'NONE', #1032, #1180, #310 ) ;
#1195 = VERTEX_POINT ( 'NONE', #1398 ) ;
#1196 = CARTESIAN_POINT ( 'NONE',  ( 0.000000000000000000, 3.500000000000000444, 0.2000000000000000111 ) ) ;
#1197 = AXIS2_PLACEMENT_3D ( 'NONE', #958, #58, #818 ) ;
#1198 = ADVANCED_FACE ( 'NONE', ( #1729 ), #1874, .F. ) ;
#1199 = CARTESIAN_POINT ( 'NONE',  ( 6.905000000000000249, 3.500000000000000444, -0.2000000000000000111 ) ) ;
#1200 = CARTESIAN_POINT ( 'NONE',  ( 0.6350000000000000089, 3.500000000000000444, 1.800000000000000266 ) ) ;
#1201 = VERTEX_POINT ( 'NONE', #1419 ) ;
#1202 = ORIENTED_EDGE ( 'NONE', *, *, #1834, .T. ) ;
#1203 = DIRECTION ( 'NONE',  ( -1.000000000000000000, -0.000000000000000000, -0.000000000000000000 ) ) ;
#1204 = ORIENTED_EDGE ( 'NONE', *, *, #1676, .F. ) ;
#1205 = CARTESIAN_POINT ( 'NONE',  ( 0.6350000000000000089, 2.865000000000000213, -0.5000000000000000000 ) ) ;
#1206 = ORIENTED_EDGE ( 'NONE', *, *, #221, .F. ) ;
#1207 = EDGE_CURVE ( 'NONE', #705, #1102, #405, .T. ) ;
#1208 = CARTESIAN_POINT ( 'NONE',  ( 0.6350000000000000089, 3.500000000000000444, -0.2000000000000000111 ) ) ;
#1209 = LINE ( 'NONE', #1620, #1748 ) ;
#1210 = CARTESIAN_POINT ( 'NONE',  ( 5.635000000000000675, 3.500000000000000444, -0.2000000000000000111 ) ) ;
#1211 = VERTEX_POINT ( 'NONE', #680 ) ;
#1212 = ORIENTED_EDGE ( 'NONE', *, *, #249, .T. ) ;
#1213 = CARTESIAN_POINT ( 'NONE',  ( 0.6350000000000000089, 3.500000000000000444, 1.800000000000000266 ) ) ;
#1214 = EDGE_LOOP ( 'NONE', ( #1289, #1087 ) ) ;
#1215 = LINE ( 'NONE', #1687, #328 ) ;
#1216 = VERTEX_POINT ( 'NONE', #112 ) ;
#1217 = CARTESIAN_POINT ( 'NONE',  ( 5.635000000000000675, -3.500000000000000444, 0.5000000000000006661 ) ) ;
#1218 = EDGE_CURVE ( 'NONE', #191, #192, #1842, .T. ) ;
#1219 = CARTESIAN_POINT ( 'NONE',  ( 5.635000000000000675, 2.865000000000000213, -0.5000000000000006661 ) ) ;
#1220 = ORIENTED_EDGE ( 'NONE', *, *, #131, .F. ) ;
#1221 = ORIENTED_EDGE ( 'NONE', *, *, #1094, .F. ) ;
#1222 = LINE ( 'NONE', #509, #1470 ) ;
#1223 = UNCERTAINTY_MEASURE_WITH_UNIT (LENGTH_MEASURE( 1.000000000000000082E-05 ), #327, 'distance_accuracy_value', 'NONE');
#1224 = AXIS2_PLACEMENT_3D ( 'NONE', #416, #442, #1151 ) ;
#1225 = ORIENTED_EDGE ( 'NONE', *, *, #719, .T. ) ;
#1226 = LINE ( 'NONE', #815, #470 ) ;
#1227 = VECTOR ( 'NONE', #1501, 100.0000000000000000 ) ;
#1228 = ORIENTED_EDGE ( 'NONE', *, *, #1782, .F. ) ;
#1229 = AXIS2_PLACEMENT_3D ( 'NONE', #795, #1061, #339 ) ;
#1230 = DIRECTION ( 'NONE',  ( -1.000000000000000000, -0.000000000000000000, -8.352109954983220072E-33 ) ) ;
#1231 = DIRECTION ( 'NONE',  ( 1.000000000000000000, -0.000000000000000000, -0.000000000000000000 ) ) ;
#1232 = ORIENTED_EDGE ( 'NONE', *, *, #873, .T. ) ;
#1233 = ORIENTED_EDGE ( 'NONE', *, *, #1017, .T. ) ;
#1234 = EDGE_CURVE ( 'NONE', #309, #1713, #693, .T. ) ;
#1235 = ADVANCED_FACE ( 'NONE', ( #1288 ), #1544, .T. ) ;
#1236 = LINE ( 'NONE', #1213, #1688 ) ;
#1237 = ORIENTED_EDGE ( 'NONE', *, *, #36, .F. ) ;
#1238 = LINE ( 'NONE', #1833, #1166 ) ;
#1239 = ORIENTED_EDGE ( 'NONE', *, *, #1133, .T. ) ;
#1240 = CARTESIAN_POINT ( 'NONE',  ( 0.6350000000000000089, -3.500000000000000444, 0.2000000000000000944 ) ) ;
#1241 = DIRECTION ( 'NONE',  ( 1.000000000000000000, 0.000000000000000000, -0.000000000000000000 ) ) ;
#1242 = ORIENTED_EDGE ( 'NONE', *, *, #696, .F. ) ;
#1243 = CARTESIAN_POINT ( 'NONE',  ( 5.635000000000000675, -3.500000000000000444, -0.1999999999999993172 ) ) ;
#1244 = LINE ( 'NONE', #713, #201 ) ;
#1245 = EDGE_CURVE ( 'NONE', #875, #726, #1864, .T. ) ;
#1246 = ORIENTED_EDGE ( 'NONE', *, *, #1794, .F. ) ;
#1247 = CARTESIAN_POINT ( 'NONE',  ( 5.635000000000000675, -2.865000000000000213, -0.4999999999999993339 ) ) ;
#1248 = EDGE_LOOP ( 'NONE', ( #1413, #781, #1370, #1118 ) ) ;
#1249 = FACE_OUTER_BOUND ( 'NONE', #1643, .T. ) ;
#1250 = CARTESIAN_POINT ( 'NONE',  ( -0.6350000000000000089, 2.865000000000000213, 0.2000000000000000111 ) ) ;
#1251 = FACE_OUTER_BOUND ( 'NONE', #1248, .T. ) ;
#1252 = EDGE_LOOP ( 'NONE', ( #340, #1788, #966, #661, #1083, #299, #410, #1375, #489, #985, #1489, #641 ) ) ;
#1253 = VERTEX_POINT ( 'NONE', #1254 ) ;
#1254 = CARTESIAN_POINT ( 'NONE',  ( 0.000000000000000000, 3.500000000000000444, 0.2000000000000000111 ) ) ;
#1255 = B_SPLINE_CURVE_WITH_KNOTS ( 'NONE', 1,
 ( #885, #1466 ),
 .UNSPECIFIED., .F., .F.,
 ( 2, 2 ),
 ( 0.000000000000000000, 0.3067632850241546194 ),
 .UNSPECIFIED. ) ;
#1256 = ORIENTED_EDGE ( 'NONE', *, *, #443, .F. ) ;
#1257 = VECTOR ( 'NONE', #826, 100.0000000000000000 ) ;
#1258 = LINE ( 'NONE', #695, #1497 ) ;
#1259 = AXIS2_PLACEMENT_3D ( 'NONE', #1430, #1280, #1731 ) ;
#1260 = CARTESIAN_POINT ( 'NONE',  ( 0.000000000000000000, -3.515000000000000124, -0.2149999999999999134 ) ) ;
#1261 = VECTOR ( 'NONE', #1855, 100.0000000000000000 ) ;
#1262 = CARTESIAN_POINT ( 'NONE',  ( 0.6350000000000000089, 3.500000000000000444, -0.5000000000000000000 ) ) ;
#1263 = ADVANCED_FACE ( 'NONE', ( #526 ), #1101, .F. ) ;
#1264 = AXIS2_PLACEMENT_3D ( 'NONE', #466, #1037, #738 ) ;
#1265 = FACE_OUTER_BOUND ( 'NONE', #943, .T. ) ;
#1266 = ORIENTED_EDGE ( 'NONE', *, *, #810, .F. ) ;
#1267 = VECTOR ( 'NONE', #642, 100.0000000000000000 ) ;
#1268 = LINE ( 'NONE', #549, #1343 ) ;
#1269 = CARTESIAN_POINT ( 'NONE',  ( 6.905000000000000249, -3.500000000000000444, 0.2000000000000007050 ) ) ;
#1270 = ORIENTED_EDGE ( 'NONE', *, *, #43, .F. ) ;
#1271 = FACE_OUTER_BOUND ( 'NONE', #1252, .T. ) ;
#1272 = ORIENTED_EDGE ( 'NONE', *, *, #403, .F. ) ;
#1273 = CARTESIAN_POINT ( 'NONE',  ( 0.6350000000000000089, -3.469446951953614189E-16, 0.6500000000000000222 ) ) ;
#1274 = ADVANCED_FACE ( 'NONE', ( #823 ), #1115, .T. ) ;
#1275 = DIRECTION ( 'NONE',  ( 1.000000000000000000, 0.000000000000000000, -0.000000000000000000 ) ) ;
#1276 = ORIENTED_EDGE ( 'NONE', *, *, #459, .T. ) ;
#1277 = LINE ( 'NONE', #251, #300 ) ;
#1278 = CARTESIAN_POINT ( 'NONE',  ( 5.635000000000000675, -2.865000000000000213, 0.5000000000000006661 ) ) ;
#1279 = ORIENTED_EDGE ( 'NONE', *, *, #1106, .T. ) ;
#1280 = DIRECTION ( 'NONE',  ( 1.000000000000000000, -0.000000000000000000, 0.000000000000000000 ) ) ;
#1281 = ORIENTED_EDGE ( 'NONE', *, *, #1017, .F. ) ;
#1282 = LINE ( 'NONE', #1440, #654 ) ;
#1283 = LINE ( 'NONE', #1262, #209 ) ;
#1284 = LINE ( 'NONE', #564, #1623 ) ;
#1285 = EDGE_CURVE ( 'NONE', #1801, #1036, #983, .T. ) ;
#1286 = ORIENTED_EDGE ( 'NONE', *, *, #1808, .T. ) ;
#1287 = ORIENTED_EDGE ( 'NONE', *, *, #1146, .T. ) ;
#1288 = FACE_OUTER_BOUND ( 'NONE', #628, .T. ) ;
#1289 = ORIENTED_EDGE ( 'NONE', *, *, #921, .F. ) ;
#1290 = CARTESIAN_POINT ( 'NONE',  ( 0.000000000000000000, 3.500000000000000444, -1.800000000000000266 ) ) ;
#1291 = CARTESIAN_POINT ( 'NONE',  ( 5.635000000000000675, -2.850000000000000089, 0.2150000000000006906 ) ) ;
#1292 = DIRECTION ( 'NONE',  ( 0.000000000000000000, 0.000000000000000000, -1.000000000000000000 ) ) ;
#1293 = AXIS2_PLACEMENT_3D ( 'NONE', #1547, #492, #1836 ) ;
#1294 = VECTOR ( 'NONE', #265, 100.0000000000000000 ) ;
#1295 = VECTOR ( 'NONE', #445, 100.0000000000000000 ) ;
#1296 = CARTESIAN_POINT ( 'NONE',  ( 6.905000000000000249, 2.865000000000000213, -0.2000000000000000111 ) ) ;
#1297 = VECTOR ( 'NONE', #1230, 100.0000000000000000 ) ;
#1298 = FACE_OUTER_BOUND ( 'NONE', #101, .T. ) ;
#1299 = ADVANCED_FACE ( 'NONE', ( #1574 ), #1613, .F. ) ;
#1300 = EDGE_CURVE ( 'NONE', #1379, #1653, #1183, .T. ) ;
#1301 = ORIENTED_EDGE ( 'NONE', *, *, #286, .T. ) ;
#1302 = DIRECTION ( 'NONE',  ( 0.000000000000000000, 1.000000000000000000, -0.000000000000000000 ) ) ;
#1303 = CARTESIAN_POINT ( 'NONE',  ( 0.6350000000000000089, 2.865000000000000213, 0.5000000000000000000 ) ) ;
#1304 = SHAPE_DEFINITION_REPRESENTATION ( #864, #387 ) ;
#1305 = PLANE ( 'NONE',  #269 ) ;
#1306 = DIRECTION ( 'NONE',  ( -1.000000000000000000, -0.000000000000000000, -8.352109954983220072E-33 ) ) ;
#1307 = ORIENTED_EDGE ( 'NONE', *, *, #1386, .T. ) ;
#1308 = DIRECTION ( 'NONE',  ( 0.000000000000000000, 0.000000000000000000, -1.000000000000000000 ) ) ;
#1309 = EDGE_CURVE ( 'NONE', #495, #769, #731, .T. ) ;
#1310 = LINE ( 'NONE', #469, #895 ) ;
#1311 = PLANE ( 'NONE',  #499 ) ;
#1312 = CARTESIAN_POINT ( 'NONE',  ( 0.6350000000000000089, 0.000000000000000000, 0.2150000000000000799 ) ) ;
#1313 = ORIENTED_EDGE ( 'NONE', *, *, #1411, .F. ) ;
#1314 = DIRECTION ( 'NONE',  ( 1.000000000000000000, 0.000000000000000000, -0.000000000000000000 ) ) ;
#1315 = EDGE_CURVE ( 'NONE', #350, #847, #1607, .T. ) ;
#1316 = FILL_AREA_STYLE_COLOUR ( '', #990 ) ;
#1317 = EDGE_CURVE ( 'NONE', #788, #1395, #1160, .T. ) ;
#1318 = EDGE_CURVE ( 'NONE', #573, #1253, #13, .T. ) ;
#1319 = VECTOR ( 'NONE', #438, 100.0000000000000000 ) ;
#1320 =( GEOMETRIC_REPRESENTATION_CONTEXT ( 3 ) GLOBAL_UNCERTAINTY_ASSIGNED_CONTEXT ( ( #1483 ) ) GLOBAL_UNIT_ASSIGNED_CONTEXT ( ( #1173, #1617, #1637 ) ) REPRESENTATION_CONTEXT ( 'NONE', 'WORKASPACE' ) );
#1321 = CARTESIAN_POINT ( 'NONE',  ( 5.635000000000000675, 2.865000000000000213, 0.5000000000000006661 ) ) ;
#1322 = LINE ( 'NONE', #30, #305 ) ;
#1323 = VECTOR ( 'NONE', #1754, 100.0000000000000000 ) ;
#1324 = AXIS2_PLACEMENT_3D ( 'NONE', #501, #1097, #666 ) ;
#1325 = EDGE_LOOP ( 'NONE', ( #1451, #672, #109, #478 ) ) ;
#1326 = PLANE ( 'NONE',  #1264 ) ;
#1327 = ADVANCED_FACE ( 'NONE', ( #1479 ), #1020, .T. ) ;
#1328 = CARTESIAN_POINT ( 'NONE',  ( 0.000000000000000000, 3.500000000000000444, 1.800000000000000266 ) ) ;
#1329 = DIRECTION ( 'NONE',  ( 0.000000000000000000, 0.000000000000000000, -1.000000000000000000 ) ) ;
#1330 = ORIENTED_EDGE ( 'NONE', *, *, #7, .T. ) ;
#1331 = DIRECTION ( 'NONE',  ( 1.000000000000000000, -0.000000000000000000, -0.000000000000000000 ) ) ;
#1332 = CARTESIAN_POINT ( 'NONE',  ( 0.6350000000000000089, -2.850000000000000089, 0.000000000000000000 ) ) ;
#1333 = UNCERTAINTY_MEASURE_WITH_UNIT (LENGTH_MEASURE( 1.000000000000000082E-05 ), #1027, 'distance_accuracy_value', 'NONE');
#1334 = LINE ( 'NONE', #1199, #923 ) ;
#1335 = ADVANCED_FACE ( 'NONE', ( #1463 ), #464, .F. ) ;
#1336 = PLANE ( 'NONE',  #330 ) ;
#1337 = ORIENTED_EDGE ( 'NONE', *, *, #36, .T. ) ;
#1338 = EDGE_CURVE ( 'NONE', #1713, #1575, #1745, .T. ) ;
#1339 = FACE_OUTER_BOUND ( 'NONE', #1591, .T. ) ;
#1340 = CARTESIAN_POINT ( 'NONE',  ( 0.6350000000000000089, 2.865000000000000213, 0.2000000000000000111 ) ) ;
#1341 = CARTESIAN_POINT ( 'NONE',  ( -1.270000000000000018, 2.850000000000000089, -0.2149999999999999967 ) ) ;
#1342 = ORIENTED_EDGE ( 'NONE', *, *, #1551, .T. ) ;
#1343 = VECTOR ( 'NONE', #1397, 100.0000000000000000 ) ;
#1344 = VERTEX_POINT ( 'NONE', #332 ) ;
#1345 = VECTOR ( 'NONE', #119, 100.0000000000000000 ) ;
#1346 = PLANE ( 'NONE',  #1622 ) ;
#1347 = EDGE_CURVE ( 'NONE', #772, #814, #1448, .T. ) ;
#1348 = VECTOR ( 'NONE', #589, 100.0000000000000000 ) ;
#1349 = EDGE_LOOP ( 'NONE', ( #455, #763, #858, #262 ) ) ;
#1350 = CARTESIAN_POINT ( 'NONE',  ( 0.000000000000000000, 2.850000000000000089, -0.2149999999999999967 ) ) ;
#1351 = VECTOR ( 'NONE', #369, 100.0000000000000000 ) ;
#1352 = VERTEX_POINT ( 'NONE', #439 ) ;
#1353 = LINE ( 'NONE', #1661, #1170 ) ;
#1354 = CARTESIAN_POINT ( 'NONE',  ( 0.6349999999999997868, 2.850000000000000089, -0.2149999999999999967 ) ) ;
#1355 = DIRECTION ( 'NONE',  ( 0.000000000000000000, 1.000000000000000000, 0.000000000000000000 ) ) ;
#1356 = ORIENTED_EDGE ( 'NONE', *, *, #937, .F. ) ;
#1357 = ORIENTED_EDGE ( 'NONE', *, *, #1551, .F. ) ;
#1358 = PLANE ( 'NONE',  #50 ) ;
#1359 = VERTEX_POINT ( 'NONE', #154 ) ;
#1360 = DIRECTION ( 'NONE',  ( -1.000000000000000000, -0.000000000000000000, -0.000000000000000000 ) ) ;
#1361 = ADVANCED_FACE ( 'NONE', ( #1454 ), #742, .T. ) ;
#1362 = ORIENTED_EDGE ( 'NONE', *, *, #1476, .T. ) ;
#1363 = CARTESIAN_POINT ( 'NONE',  ( 0.6350000000000000089, -3.500000000000000444, -1.800000000000000266 ) ) ;
#1364 = LINE ( 'NONE', #762, #1113 ) ;
#1365 = ORIENTED_EDGE ( 'NONE', *, *, #822, .F. ) ;
#1366 = VERTEX_POINT ( 'NONE', #1042 ) ;
#1367 = CARTESIAN_POINT ( 'NONE',  ( 0.000000000000000000, -2.850000000000000089, 0.2150000000000000799 ) ) ;
#1368 = ORIENTED_EDGE ( 'NONE', *, *, #784, .F. ) ;
#1369 = CARTESIAN_POINT ( 'NONE',  ( 5.635000000000000675, -2.865000000000000213, 0.5000000000000006661 ) ) ;
#1370 = ORIENTED_EDGE ( 'NONE', *, *, #658, .T. ) ;
#1371 =( LENGTH_UNIT ( ) NAMED_UNIT ( * ) SI_UNIT ( .CENTI., .METRE. ) );
#1372 = EDGE_CURVE ( 'NONE', #1062, #1799, #587, .T. ) ;
#1373 = ADVANCED_FACE ( 'NONE', ( #1298 ), #308, .T. ) ;
#1374 = DIRECTION ( 'NONE',  ( 1.000000000000000000, 0.000000000000000000, -0.000000000000000000 ) ) ;
#1375 = ORIENTED_EDGE ( 'NONE', *, *, #1285, .F. ) ;
#1376 = LINE ( 'NONE', #1367, #1724 ) ;
#1377 = VECTOR ( 'NONE', #1728, 100.0000000000000000 ) ;
#1378 = VECTOR ( 'NONE', #837, 100.0000000000000000 ) ;
#1379 = VERTEX_POINT ( 'NONE', #580 ) ;
#1380 = DIRECTION ( 'NONE',  ( 1.000000000000000000, -0.000000000000000000, -0.000000000000000000 ) ) ;
#1381 = VECTOR ( 'NONE', #1565, 100.0000000000000000 ) ;
#1382 = ORIENTED_EDGE ( 'NONE', *, *, #144, .F. ) ;
#1383 = VECTOR ( 'NONE', #1355, 100.0000000000000000 ) ;
#1384 = PLANE ( 'NONE',  #1324 ) ;
#1385 = CARTESIAN_POINT ( 'NONE',  ( 0.000000000000000000, -3.500000000000000444, 0.2150000000000000799 ) ) ;
#1386 = EDGE_CURVE ( 'NONE', #573, #1689, #1738, .T. ) ;
#1387 = CARTESIAN_POINT ( 'NONE',  ( 0.6349999999999997868, -2.850000000000000089, -0.2149999999999999134 ) ) ;
#1388 = CARTESIAN_POINT ( 'NONE',  ( 0.000000000000000000, -2.850000000000000089, -0.2149999999999999134 ) ) ;
#1389 = ORIENTED_EDGE ( 'NONE', *, *, #1794, .T. ) ;
#1390 = FACE_OUTER_BOUND ( 'NONE', #1520, .T. ) ;
#1391 = ORIENTED_EDGE ( 'NONE', *, *, #1070, .F. ) ;
#1392 = CARTESIAN_POINT ( 'NONE',  ( -1.270000000000000018, 3.515000000000000124, 0.2149999999999999967 ) ) ;
#1393 = CYLINDRICAL_SURFACE ( 'NONE', #1502, 0.6500000000000000222 ) ;
#1394 = FACE_OUTER_BOUND ( 'NONE', #1671, .T. ) ;
#1395 = VERTEX_POINT ( 'NONE', #871 ) ;
#1396 = EDGE_CURVE ( 'NONE', #814, #1572, #1322, .T. ) ;
#1397 = DIRECTION ( 'NONE',  ( 1.000000000000000000, -0.000000000000000000, -0.000000000000000000 ) ) ;
#1398 = CARTESIAN_POINT ( 'NONE',  ( 0.6350000000000000089, 2.865000000000000213, -0.5000000000000000000 ) ) ;
#1399 = ADVANCED_FACE ( 'NONE', ( #1177 ), #1761, .T. ) ;
#1400 = VERTEX_POINT ( 'NONE', #635 ) ;
#1401 = DIRECTION ( 'NONE',  ( 0.000000000000000000, 0.000000000000000000, -1.000000000000000000 ) ) ;
#1402 = DIRECTION ( 'NONE',  ( 1.000000000000000000, 0.000000000000000000, 0.000000000000000000 ) ) ;
#1403 = LINE ( 'NONE', #1711, #176 ) ;
#1404 = CARTESIAN_POINT ( 'NONE',  ( 6.270000000000000462, 0.000000000000000000, 0.000000000000000000 ) ) ;
#1405 = ORIENTED_EDGE ( 'NONE', *, *, #221, .T. ) ;
#1406 = ORIENTED_EDGE ( 'NONE', *, *, #861, .T. ) ;
#1407 = DIRECTION ( 'NONE',  ( 0.000000000000000000, -0.000000000000000000, 1.000000000000000000 ) ) ;
#1408 = ORIENTED_EDGE ( 'NONE', *, *, #348, .F. ) ;
#1409 = AXIS2_PLACEMENT_3D ( 'NONE', #1640, #1402, #1107 ) ;
#1410 = CARTESIAN_POINT ( 'NONE',  ( 6.270000000000000462, -3.500000000000000444, -0.2149999999999993028 ) ) ;
#1411 = EDGE_CURVE ( 'NONE', #512, #1400, #190, .T. ) ;
#1412 = VECTOR ( 'NONE', #848, 100.0000000000000000 ) ;
#1413 = ORIENTED_EDGE ( 'NONE', *, *, #1434, .F. ) ;
#1414 = CARTESIAN_POINT ( 'NONE',  ( 6.270000000000000462, 3.500000000000000444, 1.800000000000000266 ) ) ;
#1415 = VECTOR ( 'NONE', #1401, 100.0000000000000000 ) ;
#1416 = CARTESIAN_POINT ( 'NONE',  ( 0.000000000000000000, 3.500000000000000444, 1.800000000000000266 ) ) ;
#1417 = ORIENTED_EDGE ( 'NONE', *, *, #711, .T. ) ;
#1418 = LINE ( 'NONE', #239, #1531 ) ;
#1419 = CARTESIAN_POINT ( 'NONE',  ( 5.635000000000000675, 2.865000000000000213, -0.2000000000000000111 ) ) ;
#1420 = ORIENTED_EDGE ( 'NONE', *, *, #1038, .T. ) ;
#1421 = LINE ( 'NONE', #682, #447 ) ;
#1422 = EDGE_CURVE ( 'NONE', #333, #1211, #1785, .T. ) ;
#1423 = CARTESIAN_POINT ( 'NONE',  ( 0.6350000000000000089, 3.500000000000000444, -0.5000000000000000000 ) ) ;
#1424 = CARTESIAN_POINT ( 'NONE',  ( 5.635000000000000675, -2.865000000000000213, -0.4999999999999993339 ) ) ;
#1425 = CARTESIAN_POINT ( 'NONE',  ( 0.6349999999999997868, -2.850000000000000089, 0.2150000000000000799 ) ) ;
#1426 = ORIENTED_EDGE ( 'NONE', *, *, #517, .F. ) ;
#1427 = PLANE ( 'NONE',  #1190 ) ;
#1428 = CARTESIAN_POINT ( 'NONE',  ( 6.905000000000000249, -2.865000000000000213, 0.2000000000000007050 ) ) ;
#1429 = EDGE_LOOP ( 'NONE', ( #1642, #558 ) ) ;
#1430 = CARTESIAN_POINT ( 'NONE',  ( 5.635000000000000675, 0.000000000000000000, 0.000000000000000000 ) ) ;
#1431 = CARTESIAN_POINT ( 'NONE',  ( 0.000000000000000000, -3.500000000000000444, -1.800000000000000266 ) ) ;
#1432 = DIRECTION ( 'NONE',  ( 0.000000000000000000, 1.000000000000000000, 0.000000000000000000 ) ) ;
#1433 = EDGE_CURVE ( 'NONE', #918, #465, #82, .T. ) ;
#1434 = EDGE_CURVE ( 'NONE', #1201, #1359, #1807, .T. ) ;
#1435 = DIRECTION ( 'NONE',  ( -1.000000000000000000, 0.000000000000000000, 0.000000000000000000 ) ) ;
#1436 = DIRECTION ( 'NONE',  ( 0.000000000000000000, 0.000000000000000000, 1.000000000000000000 ) ) ;
#1437 = ORIENTED_EDGE ( 'NONE', *, *, #1513, .T. ) ;
#1438 = CARTESIAN_POINT ( 'NONE',  ( 5.635000000000000675, 3.500000000000000444, -1.800000000000000266 ) ) ;
#1439 = VERTEX_POINT ( 'NONE', #513 ) ;
#1440 = CARTESIAN_POINT ( 'NONE',  ( 5.635000000000000675, -0.000000000000000000, -0.2149999999999999967 ) ) ;
#1441 = DIRECTION ( 'NONE',  ( 0.000000000000000000, 1.000000000000000000, -0.000000000000000000 ) ) ;
#1442 = CIRCLE ( 'NONE', #1293, 0.6500000000000000222 ) ;
#1443 = VECTOR ( 'NONE', #1504, 100.0000000000000000 ) ;
#1444 = VECTOR ( 'NONE', #34, 100.0000000000000000 ) ;
#1445 = PLANE ( 'NONE',  #1772 ) ;
#1446 = EDGE_CURVE ( 'NONE', #1514, #548, #1081, .T. ) ;
#1447 = AXIS2_PLACEMENT_3D ( 'NONE', #458, #1035, #1374 ) ;
#1448 = LINE ( 'NONE', #453, #1444 ) ;
#1449 = EDGE_LOOP ( 'NONE', ( #619, #1368, #344, #948 ) ) ;
#1450 = DIRECTION ( 'NONE',  ( -0.000000000000000000, -1.000000000000000000, -0.000000000000000000 ) ) ;
#1451 = ORIENTED_EDGE ( 'NONE', *, *, #1608, .F. ) ;
#1452 = LINE ( 'NONE', #139, #1378 ) ;
#1453 = FACE_OUTER_BOUND ( 'NONE', #237, .T. ) ;
#1454 = FACE_OUTER_BOUND ( 'NONE', #1472, .T. ) ;
#1455 = ORIENTED_EDGE ( 'NONE', *, *, #1760, .T. ) ;
#1456 = CARTESIAN_POINT ( 'NONE',  ( 5.635000000000000675, -3.500000000000000444, 0.2000000000000007050 ) ) ;
#1457 = ADVANCED_FACE ( 'NONE', ( #60 ), #347, .T. ) ;
#1458 = ADVANCED_FACE ( 'NONE', ( #370 ), #1670, .F. ) ;
#1459 = ORIENTED_EDGE ( 'NONE', *, *, #376, .T. ) ;
#1460 = CARTESIAN_POINT ( 'NONE',  ( 0.000000000000000000, 3.500000000000000444, -0.2000000000000000111 ) ) ;
#1461 = PRODUCT_CONTEXT ( 'NONE', #311, 'mechanical' ) ;
#1462 = CARTESIAN_POINT ( 'NONE',  ( 5.635000000000000675, 2.865000000000000213, -0.5000000000000006661 ) ) ;
#1463 = FACE_OUTER_BOUND ( 'NONE', #1839, .T. ) ;
#1464 = ORIENTED_EDGE ( 'NONE', *, *, #1588, .F. ) ;
#1465 = CARTESIAN_POINT ( 'NONE',  ( 6.270000000000000462, 2.865000000000000213, 0.2000000000000000111 ) ) ;
#1466 = CARTESIAN_POINT ( 'NONE',  ( 5.635000000000000675, 2.865000000000000213, 0.2000000000000000111 ) ) ;
#1467 = EDGE_CURVE ( 'NONE', #799, #1653, #77, .T. ) ;
#1468 = DIRECTION ( 'NONE',  ( 0.000000000000000000, 0.000000000000000000, 1.000000000000000000 ) ) ;
#1469 = DIRECTION ( 'NONE',  ( 0.000000000000000000, -0.000000000000000000, 1.000000000000000000 ) ) ;
#1470 = VECTOR ( 'NONE', #477, 100.0000000000000000 ) ;
#1471 = PRESENTATION_LAYER_ASSIGNMENT (  '', '', ( #1537 ) ) ;
#1472 = EDGE_LOOP ( 'NONE', ( #1803, #204, #1503, #515 ) ) ;
#1473 = CARTESIAN_POINT ( 'NONE',  ( 0.6350000000000000089, -3.500000000000000444, -0.5000000000000000000 ) ) ;
#1474 = AXIS2_PLACEMENT_3D ( 'NONE', #838, #1432, #140 ) ;
#1475 = LINE ( 'NONE', #1196, #78 ) ;
#1476 = EDGE_CURVE ( 'NONE', #1829, #37, #1052, .T. ) ;
#1477 = EDGE_CURVE ( 'NONE', #495, #372, #1364, .T. ) ;
#1478 = CARTESIAN_POINT ( 'NONE',  ( 0.6350000000000000089, 3.500000000000000444, 0.2000000000000000111 ) ) ;
#1479 = FACE_OUTER_BOUND ( 'NONE', #1325, .T. ) ;
#1480 = ORIENTED_EDGE ( 'NONE', *, *, #1300, .T. ) ;
#1481 = LINE ( 'NONE', #334, #1348 ) ;
#1482 =( NAMED_UNIT ( * ) SI_UNIT ( $, .STERADIAN. ) SOLID_ANGLE_UNIT ( ) );
#1483 = UNCERTAINTY_MEASURE_WITH_UNIT (LENGTH_MEASURE( 1.000000000000000082E-05 ), #1173, 'distance_accuracy_value', 'NONE');
#1484 = CARTESIAN_POINT ( 'NONE',  ( 0.6350000000000000089, 2.865000000000000213, -0.2000000000000000111 ) ) ;
#1485 = FACE_OUTER_BOUND ( 'NONE', #1563, .T. ) ;
#1486 = ADVANCED_FACE ( 'NONE', ( #1641 ), #1336, .T. ) ;
#1487 = ORIENTED_EDGE ( 'NONE', *, *, #1655, .F. ) ;
#1488 = CARTESIAN_POINT ( 'NONE',  ( 0.6350000000000000089, -3.500000000000000444, 1.800000000000000266 ) ) ;
#1489 = ORIENTED_EDGE ( 'NONE', *, *, #1070, .T. ) ;
#1490 = LINE ( 'NONE', #511, #1443 ) ;
#1491 = ORIENTED_EDGE ( 'NONE', *, *, #1315, .F. ) ;
#1492 = SURFACE_SIDE_STYLE ('',( #1080 ) ) ;
#1493 = VECTOR ( 'NONE', #613, 100.0000000000000000 ) ;
#1494 = FACE_OUTER_BOUND ( 'NONE', #1449, .T. ) ;
#1495 = CARTESIAN_POINT ( 'NONE',  ( 5.635000000000000675, -3.500000000000000444, 0.5000000000000006661 ) ) ;
#1496 = ORIENTED_EDGE ( 'NONE', *, *, #822, .T. ) ;
#1497 = VECTOR ( 'NONE', #9, 100.0000000000000000 ) ;
#1498 = EDGE_CURVE ( 'NONE', #1746, #737, #1509, .T. ) ;
#1499 = EDGE_LOOP ( 'NONE', ( #207, #253, #1455, #836 ) ) ;
#1500 = VECTOR ( 'NONE', #1145, 100.0000000000000000 ) ;
#1501 = DIRECTION ( 'NONE',  ( -0.000000000000000000, -0.000000000000000000, 1.000000000000000000 ) ) ;
#1502 = AXIS2_PLACEMENT_3D ( 'NONE', #98, #1518, #774 ) ;
#1503 = ORIENTED_EDGE ( 'NONE', *, *, #1317, .T. ) ;
#1504 = DIRECTION ( 'NONE',  ( 0.000000000000000000, 0.000000000000000000, -1.000000000000000000 ) ) ;
#1505 = VECTOR ( 'NONE', #1168, 100.0000000000000000 ) ;
#1506 = ORIENTED_EDGE ( 'NONE', *, *, #1666, .T. ) ;
#1507 = LINE ( 'NONE', #231, #1049 ) ;
#1508 = FACE_OUTER_BOUND ( 'NONE', #374, .T. ) ;
#1509 = LINE ( 'NONE', #1495, #1079 ) ;
#1510 = ORIENTED_EDGE ( 'NONE', *, *, #1580, .T. ) ;
#1511 = EDGE_LOOP ( 'NONE', ( #1301, #595, #928, #957 ) ) ;
#1512 = LINE ( 'NONE', #1084, #656 ) ;
#1513 = EDGE_CURVE ( 'NONE', #372, #1514, #203, .T. ) ;
#1514 = VERTEX_POINT ( 'NONE', #1189 ) ;
#1515 = LINE ( 'NONE', #212, #1532 ) ;
#1516 = EDGE_CURVE ( 'NONE', #1799, #1043, #1632, .T. ) ;
#1517 = ORIENTED_EDGE ( 'NONE', *, *, #348, .T. ) ;
#1518 = DIRECTION ( 'NONE',  ( -1.000000000000000000, -0.000000000000000000, -0.000000000000000000 ) ) ;
#1519 = DIRECTION ( 'NONE',  ( -0.000000000000000000, -1.000000000000000000, -0.000000000000000000 ) ) ;
#1520 = EDGE_LOOP ( 'NONE', ( #646, #1382, #167, #791 ) ) ;
#1521 = ORIENTED_EDGE ( 'NONE', *, *, #10, .F. ) ;
#1522 = DIRECTION ( 'NONE',  ( 1.000000000000000000, -0.000000000000000000, -0.000000000000000000 ) ) ;
#1523 = ORIENTED_EDGE ( 'NONE', *, *, #1542, .F. ) ;
#1524 = FACE_OUTER_BOUND ( 'NONE', #1511, .T. ) ;
#1525 = ORIENTED_EDGE ( 'NONE', *, *, #336, .T. ) ;
#1526 = ADVANCED_FACE ( 'NONE', ( #1485 ), #224, .F. ) ;
#1527 = CARTESIAN_POINT ( 'NONE',  ( 7.540000000000000924, 3.515000000000000124, 0.2149999999999999967 ) ) ;
#1528 = CARTESIAN_POINT ( 'NONE',  ( 0.6350000000000000089, 2.865000000000000213, 0.5000000000000000000 ) ) ;
#1529 = CARTESIAN_POINT ( 'NONE',  ( 5.635000000000000675, -3.500000000000000444, 0.5000000000000006661 ) ) ;
#1530 = FACE_BOUND ( 'NONE', #1214, .T. ) ;
#1531 = VECTOR ( 'NONE', #124, 100.0000000000000000 ) ;
#1532 = VECTOR ( 'NONE', #946, 100.0000000000000000 ) ;
#1533 = ORIENTED_EDGE ( 'NONE', *, *, #318, .F. ) ;
#1534 = CARTESIAN_POINT ( 'NONE',  ( 0.000000000000000000, -3.500000000000000444, 1.800000000000000266 ) ) ;
#1535 = VECTOR ( 'NONE', #15, 100.0000000000000000 ) ;
#1536 = ORIENTED_EDGE ( 'NONE', *, *, #1704, .T. ) ;
#1537 = STYLED_ITEM ( 'NONE', ( #1648 ), #1783 ) ;
#1538 = DIRECTION ( 'NONE',  ( 0.000000000000000000, 0.000000000000000000, -1.000000000000000000 ) ) ;
#1539 = EDGE_CURVE ( 'NONE', #788, #1633, #787, .T. ) ;
#1540 = DIRECTION ( 'NONE',  ( 0.000000000000000000, 0.000000000000000000, -1.000000000000000000 ) ) ;
#1541 = ORIENTED_EDGE ( 'NONE', *, *, #750, .F. ) ;
#1542 = EDGE_CURVE ( 'NONE', #52, #283, #626, .T. ) ;
#1543 = DIRECTION ( 'NONE',  ( 1.734723475976806848E-16, 0.000000000000000000, 1.000000000000000000 ) ) ;
#1544 = PLANE ( 'NONE',  #806 ) ;
#1545 = ORIENTED_EDGE ( 'NONE', *, *, #1124, .T. ) ;
#1546 = DIRECTION ( 'NONE',  ( -0.000000000000000000, -1.000000000000000000, 0.000000000000000000 ) ) ;
#1547 = CARTESIAN_POINT ( 'NONE',  ( 0.6350000000000000089, -3.469446951953614189E-16, 3.618428607958274558E-31 ) ) ;
#1548 = CARTESIAN_POINT ( 'NONE',  ( 6.270000000000000462, 3.500000000000000444, 1.800000000000000266 ) ) ;
#1549 = VERTEX_POINT ( 'NONE', #1219 ) ;
#1550 = EDGE_LOOP ( 'NONE', ( #1790, #70, #497, #1755 ) ) ;
#1551 = EDGE_CURVE ( 'NONE', #793, #1201, #942, .T. ) ;
#1552 = DIRECTION ( 'NONE',  ( 0.000000000000000000, -0.000000000000000000, 1.000000000000000000 ) ) ;
#1553 = EDGE_LOOP ( 'NONE', ( #1517, #385, #1698, #789, #1624, #1798, #633, #1356, #1270, #1459, #258, #1722 ) ) ;
#1554 = CARTESIAN_POINT ( 'NONE',  ( 6.270000000000000462, -3.500000000000000444, 0.2000000000000007050 ) ) ;
#1555 = ORIENTED_EDGE ( 'NONE', *, *, #163, .F. ) ;
#1556 = CARTESIAN_POINT ( 'NONE',  ( 6.270000000000000462, -3.500000000000000444, -0.2149999999999992195 ) ) ;
#1557 = CARTESIAN_POINT ( 'NONE',  ( 6.270000000000000462, 2.850000000000000089, -0.2149999999999999967 ) ) ;
#1558 = DIRECTION ( 'NONE',  ( 1.000000000000000000, 0.000000000000000000, 0.000000000000000000 ) ) ;
#1559 = ORIENTED_EDGE ( 'NONE', *, *, #144, .T. ) ;
#1560 = CARTESIAN_POINT ( 'NONE',  ( 0.000000000000000000, -3.500000000000000444, 0.2000000000000000944 ) ) ;
#1561 = FACE_OUTER_BOUND ( 'NONE', #1792, .T. ) ;
#1562 = EDGE_CURVE ( 'NONE', #1102, #856, #279, .T. ) ;
#1563 = EDGE_LOOP ( 'NONE', ( #184, #1142, #1279, #1487 ) ) ;
#1564 = AXIS2_PLACEMENT_3D ( 'NONE', #964, #1841, #1543 ) ;
#1565 = DIRECTION ( 'NONE',  ( 0.000000000000000000, 0.000000000000000000, -1.000000000000000000 ) ) ;
#1566 = VECTOR ( 'NONE', #150, 100.0000000000000000 ) ;
#1567 = DIRECTION ( 'NONE',  ( 0.000000000000000000, -1.000000000000000000, 0.000000000000000000 ) ) ;
#1568 = VECTOR ( 'NONE', #1450, 100.0000000000000000 ) ;
#1569 = FILL_AREA_STYLE ('',( #1138 ) ) ;
#1570 = VECTOR ( 'NONE', #829, 100.0000000000000000 ) ;
#1571 = CARTESIAN_POINT ( 'NONE',  ( 6.270000000000000462, -2.865000000000000213, -0.1999999999999993172 ) ) ;
#1572 = VERTEX_POINT ( 'NONE', #547 ) ;
#1573 = CARTESIAN_POINT ( 'NONE',  ( 6.270000000000000462, 3.500000000000000444, -0.2000000000000000111 ) ) ;
#1574 = FACE_OUTER_BOUND ( 'NONE', #222, .T. ) ;
#1575 = VERTEX_POINT ( 'NONE', #1694 ) ;
#1576 = DIRECTION ( 'NONE',  ( -0.000000000000000000, -0.000000000000000000, 1.000000000000000000 ) ) ;
#1577 = VERTEX_POINT ( 'NONE', #401 ) ;
#1578 = LINE ( 'NONE', #1303, #924 ) ;
#1579 = CARTESIAN_POINT ( 'NONE',  ( -1.270000000000000018, 2.850000000000000089, 0.2149999999999999967 ) ) ;
#1580 = EDGE_CURVE ( 'NONE', #974, #495, #1828, .T. ) ;
#1581 = DIRECTION ( 'NONE',  ( -1.000000000000000000, 0.000000000000000000, 0.000000000000000000 ) ) ;
#1582 = CARTESIAN_POINT ( 'NONE',  ( 5.635000000000000675, 0.000000000000000000, 0.000000000000000000 ) ) ;
#1583 = PLANE ( 'NONE',  #1022 ) ;
#1584 = ORIENTED_EDGE ( 'NONE', *, *, #1467, .F. ) ;
#1585 = DIRECTION ( 'NONE',  ( 0.000000000000000000, 1.000000000000000000, 0.000000000000000000 ) ) ;
#1586 = LINE ( 'NONE', #294, #594 ) ;
#1587 = CARTESIAN_POINT ( 'NONE',  ( 0.6350000000000000089, -2.673426532507834641E-16, -0.6500000000000000222 ) ) ;
#1588 = EDGE_CURVE ( 'NONE', #74, #684, #1727, .T. ) ;
#1589 = CARTESIAN_POINT ( 'NONE',  ( 5.635000000000000675, -3.500000000000000444, -0.4999999999999993339 ) ) ;
#1590 = DIRECTION ( 'NONE',  ( -1.000000000000000000, 0.000000000000000000, 0.000000000000000000 ) ) ;
#1591 = EDGE_LOOP ( 'NONE', ( #1256, #971, #485, #1266 ) ) ;
#1592 = LINE ( 'NONE', #889, #773 ) ;
#1593 = AXIS2_PLACEMENT_3D ( 'NONE', #1854, #420, #972 ) ;
#1594 = CARTESIAN_POINT ( 'NONE',  ( 7.540000000000000924, -2.850000000000000089, 0.2150000000000006906 ) ) ;
#1595 = AXIS2_PLACEMENT_3D ( 'NONE', #1582, #735, #862 ) ;
#1596 = VECTOR ( 'NONE', #1764, 100.0000000000000000 ) ;
#1597 = VECTOR ( 'NONE', #884, 100.0000000000000000 ) ;
#1598 = DIRECTION ( 'NONE',  ( -1.000000000000000000, 0.000000000000000000, 0.000000000000000000 ) ) ;
#1599 = VECTOR ( 'NONE', #909, 100.0000000000000000 ) ;
#1600 = DIRECTION ( 'NONE',  ( 0.000000000000000000, 0.000000000000000000, -1.000000000000000000 ) ) ;
#1601 = ADVANCED_FACE ( 'NONE', ( #1860 ), #961, .T. ) ;
#1602 = ADVANCED_FACE ( 'NONE', ( #1265 ), #1122, .F. ) ;
#1603 = ORIENTED_EDGE ( 'NONE', *, *, #882, .T. ) ;
#1604 = DIRECTION ( 'NONE',  ( -1.000000000000000000, 0.000000000000000000, -0.000000000000000000 ) ) ;
#1605 = LINE ( 'NONE', #606, #113 ) ;
#1606 = LINE ( 'NONE', #579, #235 ) ;
#1607 = LINE ( 'NONE', #902, #3 ) ;
#1608 = EDGE_CURVE ( 'NONE', #1155, #1366, #1284, .T. ) ;
#1609 = ORIENTED_EDGE ( 'NONE', *, *, #43, .T. ) ;
#1610 = CARTESIAN_POINT ( 'NONE',  ( -0.6350000000000000089, -3.500000000000000444, 0.2000000000000000944 ) ) ;
#1611 = FILL_AREA_STYLE_COLOUR ( '', #803 ) ;
#1612 = DIRECTION ( 'NONE',  ( 0.000000000000000000, 0.000000000000000000, 1.000000000000000000 ) ) ;
#1613 = PLANE ( 'NONE',  #843 ) ;
#1614 = VERTEX_POINT ( 'NONE', #1703 ) ;
#1615 = CARTESIAN_POINT ( 'NONE',  ( 6.270000000000000462, 3.500000000000000444, 0.2149999999999999967 ) ) ;
#1616 = EDGE_CURVE ( 'NONE', #1078, #1211, #600, .T. ) ;
#1617 =( NAMED_UNIT ( * ) PLANE_ANGLE_UNIT ( ) SI_UNIT ( $, .RADIAN. ) );
#1618 = VECTOR ( 'NONE', #1598, 100.0000000000000000 ) ;
#1619 = VECTOR ( 'NONE', #367, 100.0000000000000000 ) ;
#1620 = CARTESIAN_POINT ( 'NONE',  ( 5.635000000000000675, -3.500000000000000444, -0.4999999999999993339 ) ) ;
#1621 = CARTESIAN_POINT ( 'NONE',  ( 6.270000000000000462, 2.850000000000000089, 0.2149999999999999967 ) ) ;
#1622 = AXIS2_PLACEMENT_3D ( 'NONE', #53, #1644, #260 ) ;
#1623 = VECTOR ( 'NONE', #1241, 100.0000000000000000 ) ;
#1624 = ORIENTED_EDGE ( 'NONE', *, *, #1823, .T. ) ;
#1625 = DIRECTION ( 'NONE',  ( 0.000000000000000000, 0.000000000000000000, -1.000000000000000000 ) ) ;
#1626 =( GEOMETRIC_REPRESENTATION_CONTEXT ( 3 ) GLOBAL_UNCERTAINTY_ASSIGNED_CONTEXT ( ( #1223 ) ) GLOBAL_UNIT_ASSIGNED_CONTEXT ( ( #327, #1187, #1482 ) ) REPRESENTATION_CONTEXT ( 'NONE', 'WORKASPACE' ) );
#1627 = SURFACE_STYLE_FILL_AREA ( #1047 ) ;
#1628 = APPLICATION_PROTOCOL_DEFINITION ( 'draft international standard', 'automotive_design', 1998, #232 ) ;
#1629 = ADVANCED_FACE ( 'NONE', ( #1251 ), #409, .T. ) ;
#1630 = EDGE_CURVE ( 'NONE', #820, #74, #418, .T. ) ;
#1631 = DIRECTION ( 'NONE',  ( -1.000000000000000000, 0.000000000000000000, -0.000000000000000000 ) ) ;
#1632 = LINE ( 'NONE', #504, #1599 ) ;
#1633 = VERTEX_POINT ( 'NONE', #523 ) ;
#1634 = ORIENTED_EDGE ( 'NONE', *, *, #103, .F. ) ;
#1635 = CARTESIAN_POINT ( 'NONE',  ( 5.270000000000000462, 5.204748896376247001E-17, 0.4249999999999997113 ) ) ;
#1636 = VERTEX_POINT ( 'NONE', #108 ) ;
#1637 =( NAMED_UNIT ( * ) SI_UNIT ( $, .STERADIAN. ) SOLID_ANGLE_UNIT ( ) );
#1638 = CARTESIAN_POINT ( 'NONE',  ( 0.6350000000000000089, -2.865000000000000213, 0.2000000000000000944 ) ) ;
#1639 = ADVANCED_FACE ( 'NONE', ( #1130 ), #1141, .F. ) ;
#1640 = CARTESIAN_POINT ( 'NONE',  ( 0.6350000000000000089, -3.469446951953614189E-16, 3.618428607958274558E-31 ) ) ;
#1641 = FACE_OUTER_BOUND ( 'NONE', #888, .T. ) ;
#1642 = ORIENTED_EDGE ( 'NONE', *, *, #276, .F. ) ;
#1643 = EDGE_LOOP ( 'NONE', ( #714, #1206, #1674, #460, #1330, #1663, #1417, #341, #980, #531, #934, #630 ) ) ;
#1644 = DIRECTION ( 'NONE',  ( 0.000000000000000000, 0.000000000000000000, -1.000000000000000000 ) ) ;
#1645 = ORIENTED_EDGE ( 'NONE', *, *, #861, .F. ) ;
#1646 = DIRECTION ( 'NONE',  ( 0.000000000000000000, 0.000000000000000000, 1.000000000000000000 ) ) ;
#1647 = VERTEX_POINT ( 'NONE', #1571 ) ;
#1648 = PRESENTATION_STYLE_ASSIGNMENT (( #75 ) ) ;
#1649 = VECTOR ( 'NONE', #2, 100.0000000000000000 ) ;
#1650 = CARTESIAN_POINT ( 'NONE',  ( 0.6350000000000000089, 3.500000000000000444, -0.2000000000000000111 ) ) ;
#1651 = DIRECTION ( 'NONE',  ( 1.000000000000000000, -0.000000000000000000, -0.000000000000000000 ) ) ;
#1652 = AXIS2_PLACEMENT_3D ( 'NONE', #1006, #1585, #835 ) ;
#1653 = VERTEX_POINT ( 'NONE', #1425 ) ;
#1654 = AXIS2_PLACEMENT_3D ( 'NONE', #177, #166, #752 ) ;
#1655 = EDGE_CURVE ( 'NONE', #705, #264, #677, .T. ) ;
#1656 = FACE_OUTER_BOUND ( 'NONE', #1664, .T. ) ;
#1657 =( GEOMETRIC_REPRESENTATION_CONTEXT ( 3 ) GLOBAL_UNCERTAINTY_ASSIGNED_CONTEXT ( ( #612 ) ) GLOBAL_UNIT_ASSIGNED_CONTEXT ( ( #1371, #949, #1120 ) ) REPRESENTATION_CONTEXT ( 'NONE', 'WORKASPACE' ) );
#1658 = ORIENTED_EDGE ( 'NONE', *, *, #503, .T. ) ;
#1659 = CARTESIAN_POINT ( 'NONE',  ( 7.540000000000000924, 2.850000000000000089, 0.2149999999999999967 ) ) ;
#1660 = ORIENTED_EDGE ( 'NONE', *, *, #668, .T. ) ;
#1661 = CARTESIAN_POINT ( 'NONE',  ( 5.635000000000000675, -3.500000000000000444, 1.800000000000000266 ) ) ;
#1662 = DIRECTION ( 'NONE',  ( 0.000000000000000000, 0.000000000000000000, -1.000000000000000000 ) ) ;
#1663 = ORIENTED_EDGE ( 'NONE', *, *, #1498, .T. ) ;
#1664 = EDGE_LOOP ( 'NONE', ( #343, #1161, #1510, #627, #1437, #834, #1337, #1239, #1875, #1225, #1420, #1786 ) ) ;
#1665 = DIRECTION ( 'NONE',  ( 0.000000000000000000, 1.000000000000000000, 0.000000000000000000 ) ) ;
#1666 = EDGE_CURVE ( 'NONE', #1647, #371, #807, .T. ) ;
#1667 = ORIENTED_EDGE ( 'NONE', *, *, #491, .F. ) ;
#1668 = DIRECTION ( 'NONE',  ( -1.734723475976806848E-16, 0.000000000000000000, -1.000000000000000000 ) ) ;
#1669 = VERTEX_POINT ( 'NONE', #1385 ) ;
#1670 = CYLINDRICAL_SURFACE ( 'NONE', #1229, 0.4249999999999997113 ) ;
#1671 = EDGE_LOOP ( 'NONE', ( #1406, #1480, #1054, #133, #425, #910, #867, #250, #156, #1603, #1127, #1071 ) ) ;
#1672 = ORIENTED_EDGE ( 'NONE', *, *, #286, .F. ) ;
#1673 = LINE ( 'NONE', #629, #897 ) ;
#1674 = ORIENTED_EDGE ( 'NONE', *, *, #103, .T. ) ;
#1675 = LINE ( 'NONE', #1065, #199 ) ;
#1676 = EDGE_CURVE ( 'NONE', #808, #1686, #1098, .T. ) ;
#1677 = ORIENTED_EDGE ( 'NONE', *, *, #1300, .F. ) ;
#1678 = CARTESIAN_POINT ( 'NONE',  ( 6.270000000000000462, -3.500000000000000444, 1.800000000000000266 ) ) ;
#1679 = ADVANCED_FACE ( 'NONE', ( #1394, #99 ), #1838, .F. ) ;
#1680 = CARTESIAN_POINT ( 'NONE',  ( 5.635000000000000675, -0.000000000000000000, 0.2149999999999999967 ) ) ;
#1681 = EDGE_LOOP ( 'NONE', ( #419, #518, #636, #647 ) ) ;
#1682 = LINE ( 'NONE', #18, #1805 ) ;
#1683 = DIRECTION ( 'NONE',  ( 0.000000000000000000, -1.000000000000000000, 0.000000000000000000 ) ) ;
#1684 = VECTOR ( 'NONE', #358, 100.0000000000000000 ) ;
#1685 = MECHANICAL_DESIGN_GEOMETRIC_PRESENTATION_REPRESENTATION (  '', ( #1774 ), #1108 ) ;
#1686 = VERTEX_POINT ( 'NONE', #247 ) ;
#1687 = CARTESIAN_POINT ( 'NONE',  ( 0.6350000000000000089, 2.850000000000000089, 0.000000000000000000 ) ) ;
#1688 = VECTOR ( 'NONE', #227, 100.0000000000000000 ) ;
#1689 = VERTEX_POINT ( 'NONE', #1208 ) ;
#1690 = VECTOR ( 'NONE', #42, 100.0000000000000000 ) ;
#1691 = CARTESIAN_POINT ( 'NONE',  ( 0.6350000000000000089, 3.500000000000000444, -1.800000000000000266 ) ) ;
#1692 = LINE ( 'NONE', #1869, #625 ) ;
#1693 = ADVANCED_FACE ( 'NONE', ( #214, #786 ), #1384, .F. ) ;
#1694 = CARTESIAN_POINT ( 'NONE',  ( 0.6350000000000000089, 2.865000000000000213, -0.2000000000000000111 ) ) ;
#1695 = EDGE_LOOP ( 'NONE', ( #1523, #1848, #406, #1220 ) ) ;
#1696 = DIRECTION ( 'NONE',  ( -0.000000000000000000, -0.000000000000000000, 1.000000000000000000 ) ) ;
#1697 = CARTESIAN_POINT ( 'NONE',  ( 0.6350000000000000089, 2.865000000000000213, -0.5000000000000000000 ) ) ;
#1698 = ORIENTED_EDGE ( 'NONE', *, *, #1318, .T. ) ;
#1699 = CARTESIAN_POINT ( 'NONE',  ( 0.6350000000000000089, -3.500000000000000444, 1.800000000000000266 ) ) ;
#1700 = EDGE_LOOP ( 'NONE', ( #537, #225, #1815, #581, #716, #778, #1287, #1705, #1116, #213, #1658, #178 ) ) ;
#1701 = CARTESIAN_POINT ( 'NONE',  ( 0.000000000000000000, 2.850000000000000089, 0.2149999999999999967 ) ) ;
#1702 = CARTESIAN_POINT ( 'NONE',  ( 0.6350000000000000089, 2.865000000000000213, -0.5000000000000000000 ) ) ;
#1703 = CARTESIAN_POINT ( 'NONE',  ( 0.6350000000000000089, -3.500000000000000444, -0.1999999999999999278 ) ) ;
#1704 = EDGE_CURVE ( 'NONE', #283, #245, #1507, .T. ) ;
#1705 = ORIENTED_EDGE ( 'NONE', *, *, #1562, .T. ) ;
#1706 = CARTESIAN_POINT ( 'NONE',  ( 5.635000000000000675, -2.865000000000000213, 0.5000000000000006661 ) ) ;
#1707 = DIRECTION ( 'NONE',  ( -1.000000000000000000, 0.000000000000000000, 0.000000000000000000 ) ) ;
#1708 = ORIENTED_EDGE ( 'NONE', *, *, #403, .T. ) ;
#1709 = CARTESIAN_POINT ( 'NONE',  ( 0.6350000000000000089, -3.500000000000000444, 1.800000000000000266 ) ) ;
#1710 = DIRECTION ( 'NONE',  ( 0.000000000000000000, 0.000000000000000000, -1.000000000000000000 ) ) ;
#1711 = CARTESIAN_POINT ( 'NONE',  ( 0.6350000000000000089, 3.500000000000000444, 0.5000000000000000000 ) ) ;
#1712 = DIRECTION ( 'NONE',  ( -0.000000000000000000, 1.000000000000000000, 0.000000000000000000 ) ) ;
#1713 = VERTEX_POINT ( 'NONE', #379 ) ;
#1714 = PLANE ( 'NONE',  #1593 ) ;
#1715 = CARTESIAN_POINT ( 'NONE',  ( 5.635000000000000675, -2.865000000000000213, 0.5000000000000006661 ) ) ;
#1716 = EDGE_CURVE ( 'NONE', #372, #398, #1058, .T. ) ;
#1717 = EDGE_CURVE ( 'NONE', #350, #285, #200, .T. ) ;
#1718 = EDGE_LOOP ( 'NONE', ( #123, #366, #1645, #161 ) ) ;
#1719 = VECTOR ( 'NONE', #1696, 100.0000000000000000 ) ;
#1720 = CARTESIAN_POINT ( 'NONE',  ( 7.540000000000000924, 2.850000000000000089, -0.2149999999999999967 ) ) ;
#1721 = VECTOR ( 'NONE', #544, 100.0000000000000000 ) ;
#1722 = ORIENTED_EDGE ( 'NONE', *, *, #471, .T. ) ;
#1723 = LINE ( 'NONE', #1556, #1649 ) ;
#1724 = VECTOR ( 'NONE', #779, 100.0000000000000000 ) ;
#1725 = SURFACE_SIDE_STYLE ('',( #578 ) ) ;
#1726 = AXIS2_PLACEMENT_3D ( 'NONE', #1200, #1819, #1088 ) ;
#1727 = LINE ( 'NONE', #122, #1570 ) ;
#1728 = DIRECTION ( 'NONE',  ( 0.000000000000000000, 0.000000000000000000, 1.000000000000000000 ) ) ;
#1729 = FACE_OUTER_BOUND ( 'NONE', #1718, .T. ) ;
#1730 = ORIENTED_EDGE ( 'NONE', *, *, #1338, .T. ) ;
#1731 = DIRECTION ( 'NONE',  ( 0.000000000000000000, 0.000000000000000000, -1.000000000000000000 ) ) ;
#1732 = EDGE_CURVE ( 'NONE', #476, #1821, #67, .T. ) ;
#1733 = EDGE_LOOP ( 'NONE', ( #1426, #61, #14, #1559 ) ) ;
#1734 = LINE ( 'NONE', #287, #1294 ) ;
#1735 =( LENGTH_UNIT ( ) NAMED_UNIT ( * ) SI_UNIT ( .CENTI., .METRE. ) );
#1736 = DIRECTION ( 'NONE',  ( 0.000000000000000000, 0.000000000000000000, 1.000000000000000000 ) ) ;
#1737 = DIRECTION ( 'NONE',  ( 0.000000000000000000, 0.000000000000000000, -1.000000000000000000 ) ) ;
#1738 = LINE ( 'NONE', #160, #1505 ) ;
#1739 = ORIENTED_EDGE ( 'NONE', *, *, #583, .T. ) ;
#1740 = DIRECTION ( 'NONE',  ( -1.000000000000000000, -0.000000000000000000, -0.000000000000000000 ) ) ;
#1741 = EDGE_CURVE ( 'NONE', #512, #37, #1353, .T. ) ;
#1742 = CARTESIAN_POINT ( 'NONE',  ( 5.635000000000000675, -2.865000000000000213, 0.5000000000000006661 ) ) ;
#1743 = ADVANCED_FACE ( 'NONE', ( #655 ), #521, .F. ) ;
#1744 = CYLINDRICAL_SURFACE ( 'NONE', #1165, 0.6500000000000000222 ) ;
#1745 = LINE ( 'NONE', #881, #1295 ) ;
#1746 = VERTEX_POINT ( 'NONE', #1217 ) ;
#1747 = LINE ( 'NONE', #168, #1143 ) ;
#1748 = VECTOR ( 'NONE', #331, 100.0000000000000000 ) ;
#1749 = VECTOR ( 'NONE', #1302, 100.0000000000000000 ) ;
#1750 = AXIS2_PLACEMENT_3D ( 'NONE', #559, #1683, #540 ) ;
#1751 = ADVANCED_FACE ( 'NONE', ( #1818 ), #1393, .F. ) ;
#1752 = COLOUR_RGB ( '',0.7921568627450980005, 0.8196078431372548767, 0.9333333333333333481 ) ;
#1753 = CARTESIAN_POINT ( 'NONE',  ( -0.6350000000000000089, 3.500000000000000444, 0.2000000000000000111 ) ) ;
#1754 = DIRECTION ( 'NONE',  ( 0.000000000000000000, 1.000000000000000000, -0.000000000000000000 ) ) ;
#1755 = ORIENTED_EDGE ( 'NONE', *, *, #921, .T. ) ;
#1756 = LINE ( 'NONE', #760, #1077 ) ;
#1757 = PLANE ( 'NONE',  #1810 ) ;
#1758 = APPLICATION_PROTOCOL_DEFINITION ( 'draft international standard', 'automotive_design', 1998, #311 ) ;
#1759 = DIRECTION ( 'NONE',  ( 0.000000000000000000, -1.000000000000000000, 0.000000000000000000 ) ) ;
#1760 = EDGE_CURVE ( 'NONE', #309, #1845, #676, .T. ) ;
#1761 = PLANE ( 'NONE',  #1447 ) ;
#1762 = VERTEX_POINT ( 'NONE', #480 ) ;
#1763 = CARTESIAN_POINT ( 'NONE',  ( 0.6350000000000000089, -3.500000000000000444, 0.2149999999999999134 ) ) ;
#1764 = DIRECTION ( 'NONE',  ( 0.000000000000000000, -1.000000000000000000, 0.000000000000000000 ) ) ;
#1765 = LINE ( 'NONE', #968, #197 ) ;
#1766 = DIRECTION ( 'NONE',  ( 1.000000000000000000, 0.000000000000000000, -0.000000000000000000 ) ) ;
#1767 = ORIENTED_EDGE ( 'NONE', *, *, #810, .T. ) ;
#1768 = PLANE ( 'NONE',  #993 ) ;
#1769 = EDGE_CURVE ( 'NONE', #945, #1216, #651, .T. ) ;
#1770 = ADVANCED_FACE ( 'NONE', ( #345 ), #1827, .T. ) ;
#1771 =( NAMED_UNIT ( * ) SI_UNIT ( $, .STERADIAN. ) SOLID_ANGLE_UNIT ( ) );
#1772 = AXIS2_PLACEMENT_3D ( 'NONE', #1462, #33, #1737 ) ;
#1773 = UNCERTAINTY_MEASURE_WITH_UNIT (LENGTH_MEASURE( 1.000000000000000082E-05 ), #1735, 'distance_accuracy_value', 'NONE');
#1774 = STYLED_ITEM ( 'NONE', ( #325 ), #530 ) ;
#1775 = PLANE ( 'NONE',  #110 ) ;
#1776 = DIRECTION ( 'NONE',  ( 0.000000000000000000, 1.000000000000000000, 0.000000000000000000 ) ) ;
#1777 = VECTOR ( 'NONE', #670, 100.0000000000000000 ) ;
#1778 = STYLED_ITEM ( 'NONE', ( #430 ), #1787 ) ;
#1779 = ORIENTED_EDGE ( 'NONE', *, *, #1245, .F. ) ;
#1780 = DIRECTION ( 'NONE',  ( 1.000000000000000000, -0.000000000000000000, 0.000000000000000000 ) ) ;
#1781 = ORIENTED_EDGE ( 'NONE', *, *, #1175, .F. ) ;
#1782 = EDGE_CURVE ( 'NONE', #830, #1829, #915, .T. ) ;
#1783 = MANIFOLD_SOLID_BREP ( 'Tab and Slot-Slot2', #652 ) ;
#1784 = DIRECTION ( 'NONE',  ( -1.000000000000000000, -0.000000000000000000, -0.000000000000000000 ) ) ;
#1785 = LINE ( 'NONE', #359, #427 ) ;
#1786 = ORIENTED_EDGE ( 'NONE', *, *, #1834, .F. ) ;
#1787 = MANIFOLD_SOLID_BREP ( 'Tab and Slot-Tab3', #1074 ) ;
#1788 = ORIENTED_EDGE ( 'NONE', *, *, #1732, .F. ) ;
#1789 = DIRECTION ( 'NONE',  ( 1.000000000000000000, -0.000000000000000000, -0.000000000000000000 ) ) ;
#1790 = ORIENTED_EDGE ( 'NONE', *, *, #1039, .F. ) ;
#1791 = LINE ( 'NONE', #519, #721 ) ;
#1792 = EDGE_LOOP ( 'NONE', ( #542, #759, #709, #1092 ) ) ;
#1793 = DIRECTION ( 'NONE',  ( 0.000000000000000000, 0.000000000000000000, -1.000000000000000000 ) ) ;
#1794 = EDGE_CURVE ( 'NONE', #793, #1439, #978, .T. ) ;
#1795 = EDGE_CURVE ( 'NONE', #1352, #875, #1403, .T. ) ;
#1796 = DIRECTION ( 'NONE',  ( -1.000000000000000000, 0.000000000000000000, -8.352109954983220072E-33 ) ) ;
#1797 = DIRECTION ( 'NONE',  ( 1.000000000000000000, 0.000000000000000000, 0.000000000000000000 ) ) ;
#1798 = ORIENTED_EDGE ( 'NONE', *, *, #1795, .T. ) ;
#1799 = VERTEX_POINT ( 'NONE', #1557 ) ;
#1800 = LINE ( 'NONE', #496, #304 ) ;
#1801 = VERTEX_POINT ( 'NONE', #1859 ) ;
#1802 = FACE_OUTER_BOUND ( 'NONE', #57, .T. ) ;
#1803 = ORIENTED_EDGE ( 'NONE', *, *, #906, .F. ) ;
#1804 = DIRECTION ( 'NONE',  ( -1.000000000000000000, 0.000000000000000000, -0.000000000000000000 ) ) ;
#1805 = VECTOR ( 'NONE', #891, 100.0000000000000000 ) ;
#1806 = DIRECTION ( 'NONE',  ( 0.000000000000000000, 0.000000000000000000, -1.000000000000000000 ) ) ;
#1807 = B_SPLINE_CURVE_WITH_KNOTS ( 'NONE', 1,
 ( #493, #1210 ),
 .UNSPECIFIED., .F., .F.,
 ( 2, 2 ),
 ( 0.5000000000000000000, 0.8067632850241546194 ),
 .UNSPECIFIED. ) ;
#1808 = EDGE_CURVE ( 'NONE', #500, #1400, #130, .T. ) ;
#1809 = EDGE_LOOP ( 'NONE', ( #777, #1634, #842, #1391 ) ) ;
#1810 = AXIS2_PLACEMENT_3D ( 'NONE', #755, #620, #748 ) ;
#1811 = ORIENTED_EDGE ( 'NONE', *, *, #451, .T. ) ;
#1812 = VECTOR ( 'NONE', #1203, 100.0000000000000000 ) ;
#1813 = CARTESIAN_POINT ( 'NONE',  ( 0.6350000000000000089, -2.673426532507834641E-16, -0.6500000000000000222 ) ) ;
#1814 = VECTOR ( 'NONE', #248, 100.0000000000000000 ) ;
#1815 = ORIENTED_EDGE ( 'NONE', *, *, #906, .T. ) ;
#1816 = DIRECTION ( 'NONE',  ( 0.000000000000000000, -0.000000000000000000, 1.000000000000000000 ) ) ;
#1817 = ORIENTED_EDGE ( 'NONE', *, *, #1760, .F. ) ;
#1818 = FACE_OUTER_BOUND ( 'NONE', #994, .T. ) ;
#1819 = DIRECTION ( 'NONE',  ( -0.000000000000000000, 1.000000000000000000, 0.000000000000000000 ) ) ;
#1820 = ADVANCED_FACE ( 'NONE', ( #288 ), #1002, .F. ) ;
#1821 = VERTEX_POINT ( 'NONE', #1424 ) ;
#1822 = CARTESIAN_POINT ( 'NONE',  ( 6.270000000000000462, 3.500000000000000444, -0.2149999999999999967 ) ) ;
#1823 = EDGE_CURVE ( 'NONE', #63, #1352, #1283, .T. ) ;
#1824 = ORIENTED_EDGE ( 'NONE', *, *, #336, .F. ) ;
#1825 = DIRECTION ( 'NONE',  ( -1.000000000000000000, 0.000000000000000000, 1.387778780781445676E-16 ) ) ;
#1826 = ORIENTED_EDGE ( 'NONE', *, *, #833, .F. ) ;
#1827 = PLANE ( 'NONE',  #692 ) ;
#1828 = LINE ( 'NONE', #1548, #541 ) ;
#1829 = VERTEX_POINT ( 'NONE', #1152 ) ;
#1830 = LINE ( 'NONE', #1114, #388 ) ;
#1831 = CARTESIAN_POINT ( 'NONE',  ( 5.635000000000000675, 3.500000000000000444, -0.5000000000000006661 ) ) ;
#1832 = ORIENTED_EDGE ( 'NONE', *, *, #873, .F. ) ;
#1833 = CARTESIAN_POINT ( 'NONE',  ( 5.635000000000000675, -2.865000000000000213, 0.5000000000000006661 ) ) ;
#1834 = EDGE_CURVE ( 'NONE', #1799, #1131, #729, .T. ) ;
#1835 = VERTEX_POINT ( 'NONE', #1587 ) ;
#1836 = DIRECTION ( 'NONE',  ( 0.000000000000000000, 0.000000000000000000, -1.000000000000000000 ) ) ;
#1837 = CARTESIAN_POINT ( 'NONE',  ( 0.6350000000000000089, 2.865000000000000213, 0.2000000000000000111 ) ) ;
#1838 = PLANE ( 'NONE',  #277 ) ;
#1839 = EDGE_LOOP ( 'NONE', ( #1545, #226, #584, #1362 ) ) ;
#1840 = AXIS2_PLACEMENT_3D ( 'NONE', #399, #481, #182 ) ;
#1841 = DIRECTION ( 'NONE',  ( -1.000000000000000000, 0.000000000000000000, 1.734723475976806848E-16 ) ) ;
#1842 = LINE ( 'NONE', #1428, #1261 ) ;
#1843 = VECTOR ( 'NONE', #1360, 100.0000000000000000 ) ;
#1844 = AXIS2_PLACEMENT_3D ( 'NONE', #868, #129, #706 ) ;
#1845 = VERTEX_POINT ( 'NONE', #1837 ) ;
#1846 = PLANE ( 'NONE',  #596 ) ;
#1847 = AXIS2_PLACEMENT_3D ( 'NONE', #1697, #1707, #135 ) ;
#1848 = ORIENTED_EDGE ( 'NONE', *, *, #92, .F. ) ;
#1849 = ADVANCED_FACE ( 'NONE', ( #295 ), #1109, .F. ) ;
#1850 = VECTOR ( 'NONE', #950, 100.0000000000000000 ) ;
#1851 = CARTESIAN_POINT ( 'NONE',  ( 0.6350000000000000089, -2.865000000000000213, -0.5000000000000000000 ) ) ;
#1852 = DIRECTION ( 'NONE',  ( 0.000000000000000000, 0.000000000000000000, -1.000000000000000000 ) ) ;
#1853 = ORIENTED_EDGE ( 'NONE', *, *, #210, .T. ) ;
#1854 = CARTESIAN_POINT ( 'NONE',  ( -1.270000000000000018, -2.850000000000000089, 0.2150000000000000799 ) ) ;
#1855 = DIRECTION ( 'NONE',  ( -1.000000000000000000, -0.000000000000000000, -0.000000000000000000 ) ) ;
#1856 = ORIENTED_EDGE ( 'NONE', *, *, #1048, .F. ) ;
#1857 = DIRECTION ( 'NONE',  ( 1.000000000000000000, -0.000000000000000000, -0.000000000000000000 ) ) ;
#1858 = CARTESIAN_POINT ( 'NONE',  ( 6.270000000000000462, -2.850000000000000089, -0.2149999999999993028 ) ) ;
#1859 = CARTESIAN_POINT ( 'NONE',  ( 5.635000000000000675, -2.865000000000000213, 0.5000000000000006661 ) ) ;
#1860 = FACE_OUTER_BOUND ( 'NONE', #316, .T. ) ;
#1861 = EDGE_LOOP ( 'NONE', ( #1204, #1672, #1667, #89, #198, #274, #65, #363, #1496, #1089, #610, #1826 ) ) ;
#1862 = EDGE_CURVE ( 'NONE', #285, #856, #1692, .T. ) ;
#1863 = PLANE ( 'NONE',  #1564 ) ;
#1864 = LINE ( 'NONE', #1831, #690 ) ;
#1865 = VERTEX_POINT ( 'NONE', #969 ) ;
#1866 = PLANE ( 'NONE',  #687 ) ;
#1867 = ORIENTED_EDGE ( 'NONE', *, *, #1580, .F. ) ;
#1868 = DIRECTION ( 'NONE',  ( -0.000000000000000000, 1.000000000000000000, 0.000000000000000000 ) ) ;
#1869 = CARTESIAN_POINT ( 'NONE',  ( 0.6350000000000000089, 3.500000000000000444, -1.800000000000000266 ) ) ;
#1870 = DIRECTION ( 'NONE',  ( -1.000000000000000000, -0.000000000000000000, -0.000000000000000000 ) ) ;
#1871 = VERTEX_POINT ( 'NONE', #107 ) ;
#1872 = EDGE_LOOP ( 'NONE', ( #1584, #1856, #649, #557 ) ) ;
#1873 = EDGE_CURVE ( 'NONE', #1549, #1195, #686, .T. ) ;
#1874 = PLANE ( 'NONE',  #960 ) ;
#1875 = ORIENTED_EDGE ( 'NONE', *, *, #1782, .T. ) ;
#1876 = VECTOR ( 'NONE', #718, 100.0000000000000000 ) ;
#1877 = DIRECTION ( 'NONE',  ( 0.000000000000000000, 0.000000000000000000, 1.000000000000000000 ) ) ;
#1878 = PRESENTATION_LAYER_ASSIGNMENT (  '', '', ( #745 ) ) ;
ENDSEC;
END-ISO-10303-21;
