ISO-10303-21;
HEADER;
FILE_DESCRIPTION (( 'STEP AP203' ),
    '1' );
FILE_NAME ('steering short.STEP',
    '2026-09-08T14:38:38',
    ( '' ),
    ( '' ),
    'SwSTEP 2.0',
    'SolidWorks 2026',
    '' );
FILE_SCHEMA (( 'CONFIG_CONTROL_DESIGN' ));
ENDSEC;

DATA;
#1 = VERTEX_POINT ( 'NONE', #971 ) ;
#2 = LINE ( 'NONE', #320, #687 ) ;
#3 = LINE ( 'NONE', #162, #1075 ) ;
#4 = EDGE_CURVE ( 'NONE', #680, #1877, #714, .T. ) ;
#5 = ORIENTED_EDGE ( 'NONE', *, *, #1587, .F. ) ;
#6 = DIRECTION ( 'NONE',  ( -1.000000000000000000, -0.000000000000000000, -0.000000000000000000 ) ) ;
#7 = ORIENTED_EDGE ( 'NONE', *, *, #132, .F. ) ;
#8 = PLANE ( 'NONE',  #319 ) ;
#9 = EDGE_LOOP ( 'NONE', ( #1258, #334, #584, #1120 ) ) ;
#10 = CARTESIAN_POINT ( 'NONE',  ( 6.270000000000000462, 2.865000000000000213, 0.2000000000000000111 ) ) ;
#11 = PLANE ( 'NONE',  #1102 ) ;
#12 = VERTEX_POINT ( 'NONE', #1448 ) ;
#13 = DIRECTION ( 'NONE',  ( 1.000000000000000000, 0.000000000000000000, -0.000000000000000000 ) ) ;
#14 = DIRECTION ( 'NONE',  ( 0.000000000000000000, 0.000000000000000000, 1.000000000000000000 ) ) ;
#15 = ORIENTED_EDGE ( 'NONE', *, *, #935, .T. ) ;
#16 = DIRECTION ( 'NONE',  ( 0.000000000000000000, -0.000000000000000000, 1.000000000000000000 ) ) ;
#17 = EDGE_CURVE ( 'NONE', #450, #726, #1848, .T. ) ;
#18 = CARTESIAN_POINT ( 'NONE',  ( 0.6350000000000001199, -3.500000000000000444, 0.5000000000000001110 ) ) ;
#19 = AXIS2_PLACEMENT_3D ( 'NONE', #1263, #1413, #721 ) ;
#20 = DIRECTION ( 'NONE',  ( 0.000000000000000000, 0.000000000000000000, 1.000000000000000000 ) ) ;
#21 = VECTOR ( 'NONE', #1328, 100.0000000000000000 ) ;
#22 = DIRECTION ( 'NONE',  ( 0.000000000000000000, 0.000000000000000000, -1.000000000000000000 ) ) ;
#23 = VERTEX_POINT ( 'NONE', #1302 ) ;
#24 = FACE_OUTER_BOUND ( 'NONE', #986, .T. ) ;
#25 = SHAPE_DEFINITION_REPRESENTATION ( #396, #611 ) ;
#26 = EDGE_CURVE ( 'NONE', #760, #1823, #580, .T. ) ;
#27 = ORIENTED_EDGE ( 'NONE', *, *, #26, .T. ) ;
#28 = DIRECTION ( 'NONE',  ( 0.000000000000000000, 0.000000000000000000, -1.000000000000000000 ) ) ;
#29 = EDGE_CURVE ( 'NONE', #1472, #1833, #1607, .T. ) ;
#30 = EDGE_CURVE ( 'NONE', #426, #1520, #1175, .T. ) ;
#31 = DIRECTION ( 'NONE',  ( 1.000000000000000000, 0.000000000000000000, -0.000000000000000000 ) ) ;
#32 = LINE ( 'NONE', #10, #1606 ) ;
#33 = CC_DESIGN_PERSON_AND_ORGANIZATION_ASSIGNMENT ( #1861, #1443, ( #205 ) ) ;
#34 = DIRECTION ( 'NONE',  ( -0.000000000000000000, 1.000000000000000000, 0.000000000000000000 ) ) ;
#35 = ORIENTED_EDGE ( 'NONE', *, *, #436, .T. ) ;
#36 = CARTESIAN_POINT ( 'NONE',  ( 5.635000000000000675, -3.500000000000000444, 0.5000000000000006661 ) ) ;
#37 = EDGE_CURVE ( 'NONE', #1331, #1035, #1535, .T. ) ;
#38 = ORIENTED_EDGE ( 'NONE', *, *, #197, .T. ) ;
#39 = CARTESIAN_POINT ( 'NONE',  ( 6.270000000000000462, 3.500000000000000444, 0.2000000000000000111 ) ) ;
#40 = DIRECTION ( 'NONE',  ( -1.000000000000000000, -0.000000000000000000, -0.000000000000000000 ) ) ;
#41 = CARTESIAN_POINT ( 'NONE',  ( 0.000000000000000000, 2.865000000000000213, 0.2000000000000000111 ) ) ;
#42 = ORIENTED_EDGE ( 'NONE', *, *, #417, .F. ) ;
#43 = LINE ( 'NONE', #447, #347 ) ;
#44 = ORIENTED_EDGE ( 'NONE', *, *, #543, .F. ) ;
#45 = CARTESIAN_POINT ( 'NONE',  ( 6.270000000000000462, 3.500000000000000444, -0.2149999999999999967 ) ) ;
#46 = PLANE ( 'NONE',  #866 ) ;
#47 = ADVANCED_FACE ( 'NONE', ( #885 ), #747, .T. ) ;
#48 = AXIS2_PLACEMENT_3D ( 'NONE', #560, #122, #277 ) ;
#49 = LINE ( 'NONE', #1354, #1202 ) ;
#50 = VECTOR ( 'NONE', #905, 100.0000000000000000 ) ;
#51 = ORIENTED_EDGE ( 'NONE', *, *, #1587, .T. ) ;
#52 = AXIS2_PLACEMENT_3D ( 'NONE', #433, #182, #1452 ) ;
#53 = MANIFOLD_SOLID_BREP ( 'Cut-Extrude1', #1016 ) ;
#54 = DIRECTION ( 'NONE',  ( 0.000000000000000000, 0.000000000000000000, 1.000000000000000000 ) ) ;
#55 = AXIS2_PLACEMENT_3D ( 'NONE', #1267, #1702, #799 ) ;
#56 = VECTOR ( 'NONE', #676, 100.0000000000000000 ) ;
#57 = VERTEX_POINT ( 'NONE', #919 ) ;
#58 = DIRECTION ( 'NONE',  ( 0.000000000000000000, -0.000000000000000000, 1.000000000000000000 ) ) ;
#59 = DIRECTION ( 'NONE',  ( 0.000000000000000000, 0.000000000000000000, -1.000000000000000000 ) ) ;
#60 = ADVANCED_FACE ( 'NONE', ( #911 ), #897, .T. ) ;
#61 = VECTOR ( 'NONE', #775, 100.0000000000000000 ) ;
#62 = DIRECTION ( 'NONE',  ( 0.000000000000000000, 1.000000000000000000, 0.000000000000000000 ) ) ;
#63 = VERTEX_POINT ( 'NONE', #1058 ) ;
#64 = CARTESIAN_POINT ( 'NONE',  ( 0.000000000000000000, 2.865000000000000213, -0.2000000000000000111 ) ) ;
#65 = EDGE_CURVE ( 'NONE', #1276, #490, #1183, .T. ) ;
#66 = ORIENTED_EDGE ( 'NONE', *, *, #1666, .T. ) ;
#67 = CARTESIAN_POINT ( 'NONE',  ( 5.635000000000000675, 3.500000000000000444, 0.5000000000000006661 ) ) ;
#68 = ORIENTED_EDGE ( 'NONE', *, *, #194, .T. ) ;
#69 = LINE ( 'NONE', #1792, #955 ) ;
#70 = CARTESIAN_POINT ( 'NONE',  ( 6.270000000000000462, -3.500000000000000444, -0.2149999999999993028 ) ) ;
#71 = ORIENTED_EDGE ( 'NONE', *, *, #744, .T. ) ;
#72 = DIRECTION ( 'NONE',  ( 1.000000000000000000, -0.000000000000000000, 0.000000000000000000 ) ) ;
#73 = ORIENTED_EDGE ( 'NONE', *, *, #85, .F. ) ;
#74 = LINE ( 'NONE', #663, #228 ) ;
#75 = ORIENTED_EDGE ( 'NONE', *, *, #1217, .F. ) ;
#76 = LINE ( 'NONE', #1083, #923 ) ;
#77 = CARTESIAN_POINT ( 'NONE',  ( 5.635000000000000675, -3.500000000000000444, 1.800000000000000266 ) ) ;
#78 = ORIENTED_EDGE ( 'NONE', *, *, #635, .T. ) ;
#79 = DIRECTION ( 'NONE',  ( 0.000000000000000000, -1.000000000000000000, 0.000000000000000000 ) ) ;
#80 = VECTOR ( 'NONE', #1431, 100.0000000000000000 ) ;
#81 = AXIS2_PLACEMENT_3D ( 'NONE', #964, #1546, #554 ) ;
#82 = ORIENTED_EDGE ( 'NONE', *, *, #30, .T. ) ;
#83 = DIRECTION ( 'NONE',  ( -1.000000000000000000, 0.000000000000000000, 0.000000000000000000 ) ) ;
#84 = VECTOR ( 'NONE', #462, 100.0000000000000000 ) ;
#85 = EDGE_CURVE ( 'NONE', #1198, #875, #772, .T. ) ;
#86 = CARTESIAN_POINT ( 'NONE',  ( 6.270000000000000462, -3.500000000000000444, -0.1999999999999993172 ) ) ;
#87 = EDGE_CURVE ( 'NONE', #592, #1068, #904, .T. ) ;
#88 = FACE_OUTER_BOUND ( 'NONE', #533, .T. ) ;
#89 = VECTOR ( 'NONE', #1041, 100.0000000000000000 ) ;
#90 = ORIENTED_EDGE ( 'NONE', *, *, #1775, .F. ) ;
#91 = CARTESIAN_POINT ( 'NONE',  ( 6.270000000000000462, -3.500000000000000444, -1.800000000000000266 ) ) ;
#92 = ORIENTED_EDGE ( 'NONE', *, *, #1680, .F. ) ;
#93 = PLANE ( 'NONE',  #857 ) ;
#94 = DIRECTION ( 'NONE',  ( -0.000000000000000000, 1.000000000000000000, 0.000000000000000000 ) ) ;
#95 = CARTESIAN_POINT ( 'NONE',  ( 5.635000000000000675, 2.865000000000000213, 0.5000000000000006661 ) ) ;
#96 = EDGE_LOOP ( 'NONE', ( #933, #1574, #226, #212, #1557, #684, #906, #807, #1366, #888, #673, #1379 ) ) ;
#97 = LINE ( 'NONE', #669, #1531 ) ;
#98 = ORIENTED_EDGE ( 'NONE', *, *, #130, .F. ) ;
#99 = CARTESIAN_POINT ( 'NONE',  ( 6.270000000000000462, 0.000000000000000000, 5.303589821414345533E-33 ) ) ;
#100 = ORIENTED_EDGE ( 'NONE', *, *, #895, .T. ) ;
#101 = DIRECTION ( 'NONE',  ( 1.000000000000000000, -0.000000000000000000, -0.000000000000000000 ) ) ;
#102 = LINE ( 'NONE', #552, #56 ) ;
#103 = EDGE_CURVE ( 'NONE', #12, #841, #561, .T. ) ;
#104 = ORIENTED_EDGE ( 'NONE', *, *, #543, .T. ) ;
#105 = CARTESIAN_POINT ( 'NONE',  ( 6.270000000000000462, -2.865000000000000213, 0.2000000000000007050 ) ) ;
#106 = ORIENTED_EDGE ( 'NONE', *, *, #329, .T. ) ;
#107 = VECTOR ( 'NONE', #1816, 100.0000000000000000 ) ;
#108 = DIRECTION ( 'NONE',  ( 0.000000000000000000, 0.000000000000000000, 1.000000000000000000 ) ) ;
#109 = VECTOR ( 'NONE', #1669, 100.0000000000000000 ) ;
#110 = ORIENTED_EDGE ( 'NONE', *, *, #1458, .T. ) ;
#111 = CARTESIAN_POINT ( 'NONE',  ( 0.6350000000000000089, 3.500000000000000444, -0.2149999999999999134 ) ) ;
#112 = PRODUCT ( 'steering short', 'steering short', '', ( #1422 ) ) ;
#113 = CC_DESIGN_APPROVAL ( #1596, ( #205 ) ) ;
#114 = LINE ( 'NONE', #1268, #1233 ) ;
#115 = DIRECTION ( 'NONE',  ( -0.000000000000000000, -0.000000000000000000, 1.000000000000000000 ) ) ;
#116 = VECTOR ( 'NONE', #14, 100.0000000000000000 ) ;
#117 = VERTEX_POINT ( 'NONE', #1493 ) ;
#118 = CARTESIAN_POINT ( 'NONE',  ( 5.635000000000000675, -0.000000000000000000, -0.2149999999999999967 ) ) ;
#119 = PERSON_AND_ORGANIZATION ( #1621, #1504 ) ;
#120 = EDGE_CURVE ( 'NONE', #1611, #1037, #318, .T. ) ;
#121 = EDGE_LOOP ( 'NONE', ( #1634, #1001, #259, #82 ) ) ;
#122 = DIRECTION ( 'NONE',  ( 0.000000000000000000, 0.000000000000000000, 1.000000000000000000 ) ) ;
#123 = PLANE ( 'NONE',  #1881 ) ;
#124 = LINE ( 'NONE', #1000, #1630 ) ;
#125 = ORIENTED_EDGE ( 'NONE', *, *, #839, .F. ) ;
#126 = CARTESIAN_POINT ( 'NONE',  ( 6.270000000000000462, 3.500000000000000444, 0.2149999999999999134 ) ) ;
#127 = DIRECTION ( 'NONE',  ( 1.000000000000000000, 0.000000000000000000, 0.000000000000000000 ) ) ;
#128 = ORIENTED_EDGE ( 'NONE', *, *, #1224, .F. ) ;
#129 = DIRECTION ( 'NONE',  ( 0.000000000000000000, 1.000000000000000000, -0.000000000000000000 ) ) ;
#130 = EDGE_CURVE ( 'NONE', #1095, #643, #309, .T. ) ;
#131 = DIRECTION ( 'NONE',  ( 0.000000000000000000, -1.000000000000000000, 0.000000000000000000 ) ) ;
#132 = EDGE_CURVE ( 'NONE', #1376, #63, #1725, .T. ) ;
#133 = LINE ( 'NONE', #1714, #650 ) ;
#134 = EDGE_LOOP ( 'NONE', ( #818, #1683, #15, #1444 ) ) ;
#135 = CARTESIAN_POINT ( 'NONE',  ( 0.6350000000000000089, 2.865000000000000213, 0.2000000000000000111 ) ) ;
#136 = DIRECTION ( 'NONE',  ( 0.000000000000000000, 0.000000000000000000, 1.000000000000000000 ) ) ;
#137 = EDGE_LOOP ( 'NONE', ( #1545, #754, #390, #1239 ) ) ;
#138 = CARTESIAN_POINT ( 'NONE',  ( 5.635000000000000675, 0.000000000000000000, -0.3500000000000000333 ) ) ;
#139 = VECTOR ( 'NONE', #151, 100.0000000000000000 ) ;
#140 = AXIS2_PLACEMENT_3D ( 'NONE', #1597, #34, #1638 ) ;
#141 = EDGE_LOOP ( 'NONE', ( #1329, #441, #378, #908 ) ) ;
#142 = LINE ( 'NONE', #716, #563 ) ;
#143 = EDGE_CURVE ( 'NONE', #1578, #12, #328, .T. ) ;
#144 = LINE ( 'NONE', #1295, #710 ) ;
#145 = VERTEX_POINT ( 'NONE', #169 ) ;
#146 = DIRECTION ( 'NONE',  ( 1.000000000000000000, 0.000000000000000000, 0.000000000000000000 ) ) ;
#147 = PERSON_AND_ORGANIZATION_ROLE ( 'creator' ) ;
#148 = VECTOR ( 'NONE', #1304, 100.0000000000000000 ) ;
#149 = EDGE_CURVE ( 'NONE', #1859, #1699, #764, .T. ) ;
#150 = ORIENTED_EDGE ( 'NONE', *, *, #197, .F. ) ;
#151 = DIRECTION ( 'NONE',  ( 0.000000000000000000, -1.000000000000000000, 0.000000000000000000 ) ) ;
#152 = EDGE_LOOP ( 'NONE', ( #791, #1008, #267, #815 ) ) ;
#153 = DIRECTION ( 'NONE',  ( 0.000000000000000000, 0.000000000000000000, 1.000000000000000000 ) ) ;
#154 = DIRECTION ( 'NONE',  ( 1.000000000000000000, 0.000000000000000000, -0.000000000000000000 ) ) ;
#155 = ORIENTED_EDGE ( 'NONE', *, *, #246, .F. ) ;
#156 = CARTESIAN_POINT ( 'NONE',  ( 7.540000000000000924, 2.850000000000000089, -0.2149999999999999967 ) ) ;
#157 = LINE ( 'NONE', #629, #1763 ) ;
#158 = ORIENTED_EDGE ( 'NONE', *, *, #982, .T. ) ;
#159 = LINE ( 'NONE', #1142, #1133 ) ;
#160 = VERTEX_POINT ( 'NONE', #337 ) ;
#161 = LINE ( 'NONE', #1024, #777 ) ;
#162 = CARTESIAN_POINT ( 'NONE',  ( 5.635000000000000675, 0.000000000000000000, -0.2149999999999993028 ) ) ;
#163 = EDGE_CURVE ( 'NONE', #145, #1198, #195, .T. ) ;
#164 = VERTEX_POINT ( 'NONE', #181 ) ;
#165 = LINE ( 'NONE', #596, #1408 ) ;
#166 = EDGE_CURVE ( 'NONE', #604, #592, #616, .T. ) ;
#167 = EDGE_LOOP ( 'NONE', ( #175, #1741, #1189, #529 ) ) ;
#168 = PLANE ( 'NONE',  #437 ) ;
#169 = CARTESIAN_POINT ( 'NONE',  ( 6.270000000000000462, 2.865000000000000213, -0.2000000000000000111 ) ) ;
#170 = VECTOR ( 'NONE', #1273, 100.0000000000000000 ) ;
#171 = CARTESIAN_POINT ( 'NONE',  ( 0.6350000000000000089, -3.500000000000000444, 0.2000000000000000944 ) ) ;
#172 = VECTOR ( 'NONE', #237, 100.0000000000000000 ) ;
#173 = ADVANCED_FACE ( 'NONE', ( #1341 ), #46, .F. ) ;
#174 = LINE ( 'NONE', #750, #21 ) ;
#175 = ORIENTED_EDGE ( 'NONE', *, *, #1427, .F. ) ;
#176 = CC_DESIGN_APPROVAL ( #1568, ( #351 ) ) ;
#177 = CARTESIAN_POINT ( 'NONE',  ( 6.905000000000000249, -3.500000000000000444, -0.1999999999999993172 ) ) ;
#178 = ORIENTED_EDGE ( 'NONE', *, *, #921, .T. ) ;
#179 = CARTESIAN_POINT ( 'NONE',  ( 7.540000000000000924, 3.515000000000000124, 0.2149999999999999967 ) ) ;
#180 = VECTOR ( 'NONE', #1399, 100.0000000000000000 ) ;
#181 = CARTESIAN_POINT ( 'NONE',  ( 0.000000000000000000, -2.865000000000000213, 0.2000000000000000944 ) ) ;
#182 = DIRECTION ( 'NONE',  ( 0.000000000000000000, 0.000000000000000000, 1.000000000000000000 ) ) ;
#183 = ORIENTED_EDGE ( 'NONE', *, *, #308, .T. ) ;
#184 = LINE ( 'NONE', #874, #952 ) ;
#185 = ORIENTED_EDGE ( 'NONE', *, *, #1134, .F. ) ;
#186 = CARTESIAN_POINT ( 'NONE',  ( 5.635000000000000675, -3.500000000000000444, 1.800000000000000266 ) ) ;
#187 = CARTESIAN_POINT ( 'NONE',  ( 0.6350000000000000089, -3.500000000000000444, -0.1999999999999999278 ) ) ;
#188 = EDGE_CURVE ( 'NONE', #1213, #1833, #1808, .T. ) ;
#189 = LINE ( 'NONE', #759, #1753 ) ;
#190 = EDGE_LOOP ( 'NONE', ( #1499, #1604, #1528, #864 ) ) ;
#191 = LINE ( 'NONE', #761, #1786 ) ;
#192 = ORIENTED_EDGE ( 'NONE', *, *, #252, .F. ) ;
#193 = FACE_OUTER_BOUND ( 'NONE', #96, .T. ) ;
#194 = EDGE_CURVE ( 'NONE', #490, #230, #471, .T. ) ;
#195 = LINE ( 'NONE', #1651, #1532 ) ;
#196 = AXIS2_PLACEMENT_3D ( 'NONE', #966, #634, #1387 ) ;
#197 = EDGE_CURVE ( 'NONE', #664, #511, #69, .T. ) ;
#198 = LINE ( 'NONE', #1534, #990 ) ;
#199 = VECTOR ( 'NONE', #1088, 100.0000000000000000 ) ;
#200 = ORIENTED_EDGE ( 'NONE', *, *, #149, .F. ) ;
#201 = VECTOR ( 'NONE', #1152, 100.0000000000000000 ) ;
#202 = CARTESIAN_POINT ( 'NONE',  ( 7.540000000000000924, -3.515000000000000124, 0.2150000000000006906 ) ) ;
#203 = B_SPLINE_CURVE_WITH_KNOTS ( 'NONE', 1,
 ( #949, #961 ),
 .UNSPECIFIED., .F., .F.,
 ( 2, 2 ),
 ( 0.5000000000000000000, 0.8067632850241546194 ),
 .UNSPECIFIED. ) ;
#204 = VECTOR ( 'NONE', #1092, 100.0000000000000000 ) ;
#205 = PRODUCT_DEFINITION_FORMATION_WITH_SPECIFIED_SOURCE ( 'ANY', '', #112, .NOT_KNOWN. ) ;
#206 = VERTEX_POINT ( 'NONE', #1030 ) ;
#207 = FACE_OUTER_BOUND ( 'NONE', #1831, .T. ) ;
#208 = DIRECTION ( 'NONE',  ( -1.000000000000000000, -0.000000000000000000, -0.000000000000000000 ) ) ;
#209 = AXIS2_PLACEMENT_3D ( 'NONE', #878, #1436, #153 ) ;
#210 = ADVANCED_FACE ( 'NONE', ( #665 ), #1826, .F. ) ;
#211 = DIRECTION ( 'NONE',  ( 0.000000000000000000, 1.000000000000000000, 0.000000000000000000 ) ) ;
#212 = ORIENTED_EDGE ( 'NONE', *, *, #817, .T. ) ;
#213 = CARTESIAN_POINT ( 'NONE',  ( 0.000000000000000000, 3.515000000000000124, 0.2149999999999999967 ) ) ;
#214 = ORIENTED_EDGE ( 'NONE', *, *, #1197, .T. ) ;
#215 = DIRECTION ( 'NONE',  ( 1.000000000000000000, 0.000000000000000000, 1.214306433183764966E-16 ) ) ;
#216 = ORIENTED_EDGE ( 'NONE', *, *, #358, .T. ) ;
#217 = LINE ( 'NONE', #1834, #776 ) ;
#218 = CARTESIAN_POINT ( 'NONE',  ( 0.000000000000000000, 3.500000000000000444, 0.2149999999999999134 ) ) ;
#219 = VERTEX_POINT ( 'NONE', #656 ) ;
#220 = PLANE ( 'NONE',  #1595 ) ;
#221 = ORIENTED_EDGE ( 'NONE', *, *, #1680, .T. ) ;
#222 = DIRECTION ( 'NONE',  ( 0.000000000000000000, 1.000000000000000000, -0.000000000000000000 ) ) ;
#223 = ADVANCED_FACE ( 'NONE', ( #1115 ), #372, .F. ) ;
#224 = CARTESIAN_POINT ( 'NONE',  ( 0.6350000000000001199, -2.865000000000000213, 0.5000000000000001110 ) ) ;
#225 = FACE_BOUND ( 'NONE', #1122, .T. ) ;
#226 = ORIENTED_EDGE ( 'NONE', *, *, #29, .T. ) ;
#227 = CARTESIAN_POINT ( 'NONE',  ( 0.000000000000000000, -2.865000000000000213, 0.2000000000000000944 ) ) ;
#228 = VECTOR ( 'NONE', #1700, 100.0000000000000000 ) ;
#229 = AXIS2_PLACEMENT_3D ( 'NONE', #314, #1778, #1455 ) ;
#230 = VERTEX_POINT ( 'NONE', #1398 ) ;
#231 = DIRECTION ( 'NONE',  ( 1.734723475976806848E-16, 0.000000000000000000, 1.000000000000000000 ) ) ;
#232 = ORIENTED_EDGE ( 'NONE', *, *, #609, .F. ) ;
#233 = CARTESIAN_POINT ( 'NONE',  ( 5.635000000000000675, -2.865000000000000213, 0.2000000000000007050 ) ) ;
#234 = DIRECTION ( 'NONE',  ( 0.000000000000000000, 0.000000000000000000, -1.000000000000000000 ) ) ;
#235 = AXIS2_PLACEMENT_3D ( 'NONE', #1582, #131, #962 ) ;
#236 = CARTESIAN_POINT ( 'NONE',  ( 0.000000000000000000, 3.500000000000000444, 1.800000000000000266 ) ) ;
#237 = DIRECTION ( 'NONE',  ( 0.000000000000000000, 0.000000000000000000, -1.000000000000000000 ) ) ;
#238 = ORIENTED_EDGE ( 'NONE', *, *, #756, .F. ) ;
#239 = PLANE ( 'NONE',  #1689 ) ;
#240 = ORIENTED_EDGE ( 'NONE', *, *, #166, .F. ) ;
#241 = LINE ( 'NONE', #507, #682 ) ;
#242 = DIRECTION ( 'NONE',  ( 0.000000000000000000, 0.000000000000000000, -1.000000000000000000 ) ) ;
#243 = EDGE_CURVE ( 'NONE', #1278, #426, #354, .T. ) ;
#244 = ORIENTED_EDGE ( 'NONE', *, *, #1819, .F. ) ;
#245 = CARTESIAN_POINT ( 'NONE',  ( 0.6350000000000000089, -3.500000000000000444, -0.5000000000000000000 ) ) ;
#246 = EDGE_CURVE ( 'NONE', #117, #525, #250, .T. ) ;
#247 = ORIENTED_EDGE ( 'NONE', *, *, #1065, .T. ) ;
#248 = LINE ( 'NONE', #1707, #1751 ) ;
#249 = ORIENTED_EDGE ( 'NONE', *, *, #862, .F. ) ;
#250 = LINE ( 'NONE', #1100, #1598 ) ;
#251 = CARTESIAN_POINT ( 'NONE',  ( 5.635000000000000675, -2.865000000000000213, 0.5000000000000006661 ) ) ;
#252 = EDGE_CURVE ( 'NONE', #1501, #881, #1244, .T. ) ;
#253 = ADVANCED_FACE ( 'NONE', ( #1513 ), #968, .T. ) ;
#254 = FACE_BOUND ( 'NONE', #1150, .T. ) ;
#255 = ORIENTED_EDGE ( 'NONE', *, *, #658, .F. ) ;
#256 = VECTOR ( 'NONE', #1434, 100.0000000000000000 ) ;
#257 = DIRECTION ( 'NONE',  ( -1.000000000000000000, -0.000000000000000000, 1.387778780781445676E-16 ) ) ;
#258 = AXIS2_PLACEMENT_3D ( 'NONE', #1335, #1754, #311 ) ;
#259 = ORIENTED_EDGE ( 'NONE', *, *, #243, .T. ) ;
#260 = DIRECTION ( 'NONE',  ( 1.000000000000000000, 0.000000000000000000, 1.387778780781445676E-16 ) ) ;
#261 = CARTESIAN_POINT ( 'NONE',  ( -1.270000000000000018, -2.850000000000000089, 0.2150000000000000799 ) ) ;
#262 = CARTESIAN_POINT ( 'NONE',  ( 0.6350000000000000089, -3.469446951953614189E-16, 3.618428607958274558E-31 ) ) ;
#263 = ORIENTED_EDGE ( 'NONE', *, *, #87, .F. ) ;
#264 = LINE ( 'NONE', #126, #1471 ) ;
#265 = DATE_TIME_ROLE ( 'classification_date' ) ;
#266 = EDGE_CURVE ( 'NONE', #63, #680, #1521, .T. ) ;
#267 = ORIENTED_EDGE ( 'NONE', *, *, #1147, .F. ) ;
#268 = CARTESIAN_POINT ( 'NONE',  ( 0.6350000000000000089, -3.500000000000000444, 1.800000000000000266 ) ) ;
#269 = EDGE_CURVE ( 'NONE', #762, #1859, #1306, .T. ) ;
#270 = DIRECTION ( 'NONE',  ( 0.000000000000000000, 1.000000000000000000, 0.000000000000000000 ) ) ;
#271 = DIRECTION ( 'NONE',  ( 0.000000000000000000, 0.000000000000000000, 1.000000000000000000 ) ) ;
#272 = EDGE_LOOP ( 'NONE', ( #699, #446, #1359, #1569 ) ) ;
#273 = CARTESIAN_POINT ( 'NONE',  ( 5.635000000000000675, 3.500000000000000444, -0.5000000000000006661 ) ) ;
#274 = CALENDAR_DATE ( 2026, 8, 9 ) ;
#275 = VERTEX_POINT ( 'NONE', #86 ) ;
#276 = EDGE_CURVE ( 'NONE', #1685, #1862, #522, .T. ) ;
#277 = DIRECTION ( 'NONE',  ( 1.000000000000000000, 0.000000000000000000, -0.000000000000000000 ) ) ;
#278 = ORIENTED_EDGE ( 'NONE', *, *, #17, .T. ) ;
#279 = CARTESIAN_POINT ( 'NONE',  ( 5.635000000000000675, -3.500000000000000444, -1.800000000000000266 ) ) ;
#280 = PLANE ( 'NONE',  #985 ) ;
#281 = EDGE_CURVE ( 'NONE', #1663, #1823, #203, .T. ) ;
#282 = ORIENTED_EDGE ( 'NONE', *, *, #603, .F. ) ;
#283 = CARTESIAN_POINT ( 'NONE',  ( 6.270000000000000462, -3.500000000000000444, -1.800000000000000266 ) ) ;
#284 = VECTOR ( 'NONE', #1358, 100.0000000000000000 ) ;
#285 = VERTEX_POINT ( 'NONE', #1227 ) ;
#286 = PLANE ( 'NONE',  #1784 ) ;
#287 = VECTOR ( 'NONE', #1179, 100.0000000000000000 ) ;
#288 = EDGE_LOOP ( 'NONE', ( #316, #900, #214, #916, #559, #35, #549, #957, #1249, #1226, #38, #323 ) ) ;
#289 = PLANE ( 'NONE',  #1480 ) ;
#290 = VECTOR ( 'NONE', #1371, 100.0000000000000000 ) ;
#291 = AXIS2_PLACEMENT_3D ( 'NONE', #1153, #737, #1594 ) ;
#292 = PLANE ( 'NONE',  #140 ) ;
#293 = ORIENTED_EDGE ( 'NONE', *, *, #798, .F. ) ;
#294 = CARTESIAN_POINT ( 'NONE',  ( 0.6350000000000000089, 2.865000000000000213, -0.5000000000000000000 ) ) ;
#295 = APPROVAL_STATUS ( 'not_yet_approved' ) ;
#296 = AXIS2_PLACEMENT_3D ( 'NONE', #385, #980, #1245 ) ;
#297 = ORIENTED_EDGE ( 'NONE', *, *, #1425, .T. ) ;
#298 = FACE_OUTER_BOUND ( 'NONE', #1820, .T. ) ;
#299 = VERTEX_POINT ( 'NONE', #1542 ) ;
#300 = EDGE_CURVE ( 'NONE', #1394, #742, #241, .T. ) ;
#301 = DIRECTION ( 'NONE',  ( -1.000000000000000000, 0.000000000000000000, 0.000000000000000000 ) ) ;
#302 = LINE ( 'NONE', #572, #148 ) ;
#303 = ORIENTED_EDGE ( 'NONE', *, *, #1113, .T. ) ;
#304 = CARTESIAN_POINT ( 'NONE',  ( 0.000000000000000000, 3.500000000000000444, -1.800000000000000266 ) ) ;
#305 = APPROVAL_DATE_TIME ( #448, #1596 ) ;
#306 = ORIENTED_EDGE ( 'NONE', *, *, #828, .T. ) ;
#307 = CARTESIAN_POINT ( 'NONE',  ( 5.635000000000000675, 2.850000000000000089, 0.000000000000000000 ) ) ;
#308 = EDGE_CURVE ( 'NONE', #1611, #1541, #217, .T. ) ;
#309 = LINE ( 'NONE', #1479, #713 ) ;
#310 = DIRECTION ( 'NONE',  ( 0.000000000000000000, 0.000000000000000000, -1.000000000000000000 ) ) ;
#311 = DIRECTION ( 'NONE',  ( 0.000000000000000000, 0.000000000000000000, -1.000000000000000000 ) ) ;
#312 = ADVANCED_FACE ( 'NONE', ( #674 ), #1237, .F. ) ;
#313 = VERTEX_POINT ( 'NONE', #1252 ) ;
#314 = CARTESIAN_POINT ( 'NONE',  ( 6.905000000000000249, 2.865000000000000213, -0.2000000000000000111 ) ) ;
#315 = APPROVAL_DATE_TIME ( #1729, #1568 ) ;
#316 = ORIENTED_EDGE ( 'NONE', *, *, #494, .F. ) ;
#317 = CARTESIAN_POINT ( 'NONE',  ( 0.6350000000000000089, 3.500000000000000444, -0.2149999999999999134 ) ) ;
#318 = LINE ( 'NONE', #637, #1633 ) ;
#319 = AXIS2_PLACEMENT_3D ( 'NONE', #268, #845, #1426 ) ;
#320 = CARTESIAN_POINT ( 'NONE',  ( 0.000000000000000000, 3.500000000000000444, -0.2000000000000000111 ) ) ;
#321 = VECTOR ( 'NONE', #115, 100.0000000000000000 ) ;
#322 = DIRECTION ( 'NONE',  ( 0.000000000000000000, -1.000000000000000000, 0.000000000000000000 ) ) ;
#323 = ORIENTED_EDGE ( 'NONE', *, *, #1478, .F. ) ;
#324 = DIRECTION ( 'NONE',  ( -1.000000000000000000, 0.000000000000000000, 0.000000000000000000 ) ) ;
#325 = VERTEX_POINT ( 'NONE', #1389 ) ;
#326 = LINE ( 'NONE', #903, #345 ) ;
#327 = EDGE_CURVE ( 'NONE', #23, #63, #496, .T. ) ;
#328 = LINE ( 'NONE', #1211, #805 ) ;
#329 = EDGE_CURVE ( 'NONE', #450, #1363, #1502, .T. ) ;
#330 = CARTESIAN_POINT ( 'NONE',  ( -1.270000000000000018, -2.850000000000000089, 0.2150000000000000799 ) ) ;
#331 = EDGE_CURVE ( 'NONE', #588, #1331, #1074, .T. ) ;
#332 = ORIENTED_EDGE ( 'NONE', *, *, #1796, .F. ) ;
#333 = FACE_OUTER_BOUND ( 'NONE', #809, .T. ) ;
#334 = ORIENTED_EDGE ( 'NONE', *, *, #1342, .F. ) ;
#335 = CARTESIAN_POINT ( 'NONE',  ( 0.6350000000000000089, 2.850000000000000089, 0.000000000000000000 ) ) ;
#336 = EDGE_CURVE ( 'NONE', #1520, #1541, #76, .T. ) ;
#337 = CARTESIAN_POINT ( 'NONE',  ( 5.635000000000000675, 3.500000000000000444, -1.800000000000000266 ) ) ;
#338 = CARTESIAN_POINT ( 'NONE',  ( 6.270000000000000462, 3.500000000000000444, 1.800000000000000266 ) ) ;
#339 = CARTESIAN_POINT ( 'NONE',  ( 0.000000000000000000, -2.865000000000000213, -0.1999999999999999278 ) ) ;
#340 = VERTEX_POINT ( 'NONE', #1883 ) ;
#341 = CARTESIAN_POINT ( 'NONE',  ( 5.635000000000000675, 2.865000000000000213, 0.5000000000000006661 ) ) ;
#342 = ORIENTED_EDGE ( 'NONE', *, *, #582, .F. ) ;
#343 = DIRECTION ( 'NONE',  ( 0.000000000000000000, 0.000000000000000000, -1.000000000000000000 ) ) ;
#344 = DIRECTION ( 'NONE',  ( -1.000000000000000000, 0.000000000000000000, -8.352109954983220072E-33 ) ) ;
#345 = VECTOR ( 'NONE', #1623, 100.0000000000000000 ) ;
#346 = PLANE ( 'NONE',  #1353 ) ;
#347 = VECTOR ( 'NONE', #768, 100.0000000000000000 ) ;
#348 = CARTESIAN_POINT ( 'NONE',  ( 6.270000000000000462, 3.500000000000000444, 0.2149999999999999967 ) ) ;
#349 = EDGE_LOOP ( 'NONE', ( #1777, #1089, #1430, #374 ) ) ;
#350 = CARTESIAN_POINT ( 'NONE',  ( 0.6349999999999997868, -2.850000000000000089, -0.2149999999999999134 ) ) ;
#351 = SECURITY_CLASSIFICATION ( '', '', #1567 ) ;
#352 = EDGE_LOOP ( 'NONE', ( #469, #342, #332, #75 ) ) ;
#353 = DIRECTION ( 'NONE',  ( 0.000000000000000000, 1.000000000000000000, -0.000000000000000000 ) ) ;
#354 = LINE ( 'NONE', #685, #290 ) ;
#355 = EDGE_CURVE ( 'NONE', #299, #622, #430, .T. ) ;
#356 = FACE_OUTER_BOUND ( 'NONE', #513, .T. ) ;
#357 = ADVANCED_FACE ( 'NONE', ( #1558 ), #1605, .T. ) ;
#358 = EDGE_CURVE ( 'NONE', #57, #1178, #1007, .T. ) ;
#359 = ORIENTED_EDGE ( 'NONE', *, *, #1458, .F. ) ;
#360 = LINE ( 'NONE', #517, #773 ) ;
#361 = EDGE_CURVE ( 'NONE', #219, #851, #835, .T. ) ;
#362 = ORIENTED_EDGE ( 'NONE', *, *, #1781, .T. ) ;
#363 = PLANE ( 'NONE',  #196 ) ;
#364 = ORIENTED_EDGE ( 'NONE', *, *, #29, .F. ) ;
#365 = DIRECTION ( 'NONE',  ( -1.000000000000000000, 0.000000000000000000, 1.734723475976806848E-16 ) ) ;
#366 = CARTESIAN_POINT ( 'NONE',  ( 6.270000000000000462, 2.865000000000000213, -0.2000000000000000111 ) ) ;
#367 = EDGE_LOOP ( 'NONE', ( #574, #1357, #1287, #1803 ) ) ;
#368 = DIRECTION ( 'NONE',  ( -0.000000000000000000, 1.000000000000000000, 0.000000000000000000 ) ) ;
#369 = EDGE_LOOP ( 'NONE', ( #249, #1109, #51, #786 ) ) ;
#370 = PLANE ( 'NONE',  #586 ) ;
#371 = VERTEX_POINT ( 'NONE', #1279 ) ;
#372 = PLANE ( 'NONE',  #55 ) ;
#373 = CARTESIAN_POINT ( 'NONE',  ( 0.6350000000000000089, 2.865000000000000213, 0.5000000000000000000 ) ) ;
#374 = ORIENTED_EDGE ( 'NONE', *, *, #1864, .T. ) ;
#375 = FACE_BOUND ( 'NONE', #988, .T. ) ;
#376 = VECTOR ( 'NONE', #1047, 100.0000000000000000 ) ;
#377 = VECTOR ( 'NONE', #872, 100.0000000000000000 ) ;
#378 = ORIENTED_EDGE ( 'NONE', *, *, #1119, .F. ) ;
#379 = EDGE_CURVE ( 'NONE', #588, #1423, #159, .T. ) ;
#380 = CARTESIAN_POINT ( 'NONE',  ( 7.540000000000000924, 2.850000000000000089, -0.2149999999999999967 ) ) ;
#381 = VECTOR ( 'NONE', #877, 100.0000000000000000 ) ;
#382 = VECTOR ( 'NONE', #1581, 100.0000000000000000 ) ;
#383 = ORIENTED_EDGE ( 'NONE', *, *, #30, .F. ) ;
#384 = CARTESIAN_POINT ( 'NONE',  ( 6.270000000000000462, -3.500000000000000444, 1.800000000000000266 ) ) ;
#385 = CARTESIAN_POINT ( 'NONE',  ( 0.6350000000000000089, 2.865000000000000213, 0.5000000000000000000 ) ) ;
#386 = VECTOR ( 'NONE', #1617, 100.0000000000000000 ) ;
#387 = ORIENTED_EDGE ( 'NONE', *, *, #1134, .T. ) ;
#388 = FACE_OUTER_BOUND ( 'NONE', #1870, .T. ) ;
#389 = EDGE_CURVE ( 'NONE', #1489, #1805, #1416, .T. ) ;
#390 = ORIENTED_EDGE ( 'NONE', *, *, #266, .T. ) ;
#391 = DIRECTION ( 'NONE',  ( -1.214306433183764966E-16, 0.000000000000000000, 1.000000000000000000 ) ) ;
#392 = ORIENTED_EDGE ( 'NONE', *, *, #1033, .F. ) ;
#393 = DIRECTION ( 'NONE',  ( 0.000000000000000000, 0.000000000000000000, -1.000000000000000000 ) ) ;
#394 = ADVANCED_FACE ( 'NONE', ( #1871 ), #439, .F. ) ;
#395 = PLANE ( 'NONE',  #235 ) ;
#396 = PRODUCT_DEFINITION_SHAPE ( 'NONE', 'NONE',  #1654 ) ;
#397 = ORIENTED_EDGE ( 'NONE', *, *, #389, .F. ) ;
#398 = CARTESIAN_POINT ( 'NONE',  ( 6.270000000000000462, 4.286263797015736595E-17, 0.3500000000000000333 ) ) ;
#399 = ORIENTED_EDGE ( 'NONE', *, *, #1517, .T. ) ;
#400 = FACE_OUTER_BOUND ( 'NONE', #546, .T. ) ;
#401 = ORIENTED_EDGE ( 'NONE', *, *, #798, .T. ) ;
#402 = DIRECTION ( 'NONE',  ( -1.000000000000000000, -0.000000000000000000, -0.000000000000000000 ) ) ;
#403 = DIRECTION ( 'NONE',  ( 0.000000000000000000, 0.000000000000000000, -1.000000000000000000 ) ) ;
#404 = DIRECTION ( 'NONE',  ( -1.000000000000000000, 0.000000000000000000, -0.000000000000000000 ) ) ;
#405 = VERTEX_POINT ( 'NONE', #1457 ) ;
#406 = VECTOR ( 'NONE', #849, 100.0000000000000000 ) ;
#407 = CARTESIAN_POINT ( 'NONE',  ( 5.635000000000000675, -3.500000000000000444, 0.2000000000000007050 ) ) ;
#408 = APPROVAL_STATUS ( 'not_yet_approved' ) ;
#409 = VECTOR ( 'NONE', #822, 100.0000000000000000 ) ;
#410 = ORIENTED_EDGE ( 'NONE', *, *, #1828, .F. ) ;
#411 = DIRECTION ( 'NONE',  ( -8.352109954983220072E-33, 0.000000000000000000, 1.000000000000000000 ) ) ;
#412 = CLOSED_SHELL ( 'NONE', ( #1264, #1564, #725, #253, #1807, #690, #1369, #1170, #1773, #1365, #518, #729, #1822, #1039 ) ) ;
#413 = FACE_OUTER_BOUND ( 'NONE', #349, .T. ) ;
#414 = ADVANCED_FACE ( 'NONE', ( #298 ), #876, .F. ) ;
#415 = VECTOR ( 'NONE', #1009, 100.0000000000000000 ) ;
#416 = LINE ( 'NONE', #984, #409 ) ;
#417 = EDGE_CURVE ( 'NONE', #1547, #1095, #1291, .T. ) ;
#418 = ADVANCED_FACE ( 'NONE', ( #1855 ), #286, .T. ) ;
#419 = ORIENTED_EDGE ( 'NONE', *, *, #1712, .T. ) ;
#420 = LINE ( 'NONE', #1149, #648 ) ;
#421 = DATE_AND_TIME ( #274, #683 ) ;
#422 = EDGE_LOOP ( 'NONE', ( #1745, #401, #1087, #711 ) ) ;
#423 = LINE ( 'NONE', #542, #556 ) ;
#424 = LINE ( 'NONE', #1255, #1850 ) ;
#425 = PLANE ( 'NONE',  #803 ) ;
#426 = VERTEX_POINT ( 'NONE', #1740 ) ;
#427 = CARTESIAN_POINT ( 'NONE',  ( 0.000000000000000000, 2.850000000000000089, -0.2149999999999999967 ) ) ;
#428 = APPROVAL_STATUS ( 'not_yet_approved' ) ;
#429 = ORIENTED_EDGE ( 'NONE', *, *, #1217, .T. ) ;
#430 = LINE ( 'NONE', #1019, #1378 ) ;
#431 = VERTEX_POINT ( 'NONE', #865 ) ;
#432 = CARTESIAN_POINT ( 'NONE',  ( 0.6350000000000000089, 3.500000000000000444, -0.2000000000000000111 ) ) ;
#433 = CARTESIAN_POINT ( 'NONE',  ( -0.6350000000000000089, -2.865000000000000213, 0.2000000000000000944 ) ) ;
#434 = EDGE_LOOP ( 'NONE', ( #383, #1073, #293, #1511, #734, #397, #1770, #942, #399, #44, #944, #1311 ) ) ;
#435 = CARTESIAN_POINT ( 'NONE',  ( 5.635000000000000675, 2.865000000000000213, -0.5000000000000006661 ) ) ;
#436 = EDGE_CURVE ( 'NONE', #689, #978, #423, .T. ) ;
#437 = AXIS2_PLACEMENT_3D ( 'NONE', #1210, #909, #58 ) ;
#438 = VERTEX_POINT ( 'NONE', #1123 ) ;
#439 = PLANE ( 'NONE',  #524 ) ;
#440 = ADVANCED_FACE ( 'NONE', ( #1131 ), #1445, .F. ) ;
#441 = ORIENTED_EDGE ( 'NONE', *, *, #1802, .F. ) ;
#442 = FACE_OUTER_BOUND ( 'NONE', #478, .T. ) ;
#443 = VECTOR ( 'NONE', #393, 100.0000000000000000 ) ;
#444 = LOCAL_TIME ( 10, 38, 38.00000000000000000, #548 ) ;
#445 = LINE ( 'NONE', #879, #1447 ) ;
#446 = ORIENTED_EDGE ( 'NONE', *, *, #667, .T. ) ;
#447 = CARTESIAN_POINT ( 'NONE',  ( 0.6350000000000000089, 3.500000000000000444, -0.5000000000000000000 ) ) ;
#448 = DATE_AND_TIME ( #1414, #924 ) ;
#449 = VECTOR ( 'NONE', #666, 100.0000000000000000 ) ;
#450 = VERTEX_POINT ( 'NONE', #138 ) ;
#451 = LINE ( 'NONE', #607, #950 ) ;
#452 = CARTESIAN_POINT ( 'NONE',  ( 5.635000000000000675, -2.865000000000000213, -0.4999999999999993339 ) ) ;
#453 = DIRECTION ( 'NONE',  ( 0.000000000000000000, 1.000000000000000000, 0.000000000000000000 ) ) ;
#454 = CARTESIAN_POINT ( 'NONE',  ( 0.6350000000000000089, 3.500000000000000444, -0.5000000000000000000 ) ) ;
#455 = EDGE_CURVE ( 'NONE', #680, #1231, #712, .T. ) ;
#456 = LINE ( 'NONE', #610, #50 ) ;
#457 = ORIENTED_EDGE ( 'NONE', *, *, #895, .F. ) ;
#458 = DIRECTION ( 'NONE',  ( 1.000000000000000000, 0.000000000000000000, 0.000000000000000000 ) ) ;
#459 = CARTESIAN_POINT ( 'NONE',  ( 0.000000000000000000, 3.500000000000000444, 1.800000000000000266 ) ) ;
#460 = ORIENTED_EDGE ( 'NONE', *, *, #910, .T. ) ;
#461 = DIRECTION ( 'NONE',  ( 0.000000000000000000, 0.000000000000000000, 1.000000000000000000 ) ) ;
#462 = DIRECTION ( 'NONE',  ( 0.000000000000000000, 0.000000000000000000, 1.000000000000000000 ) ) ;
#463 = LINE ( 'NONE', #600, #89 ) ;
#464 = DIRECTION ( 'NONE',  ( 0.000000000000000000, 0.000000000000000000, -1.000000000000000000 ) ) ;
#465 = EDGE_CURVE ( 'NONE', #160, #1601, #989, .T. ) ;
#466 = EDGE_LOOP ( 'NONE', ( #1290, #1052, #1251, #1337 ) ) ;
#467 = CARTESIAN_POINT ( 'NONE',  ( 0.6350000000000000089, 3.500000000000000444, 0.2149999999999999134 ) ) ;
#468 = ADVANCED_FACE ( 'NONE', ( #1570 ), #8, .F. ) ;
#469 = ORIENTED_EDGE ( 'NONE', *, *, #694, .F. ) ;
#470 = LINE ( 'NONE', #335, #1437 ) ;
#471 = LINE ( 'NONE', #608, #528 ) ;
#472 = AXIS2_PLACEMENT_3D ( 'NONE', #435, #708, #842 ) ;
#473 = AXIS2_PLACEMENT_3D ( 'NONE', #1536, #72, #1821 ) ;
#474 = CARTESIAN_POINT ( 'NONE',  ( 0.6349999999999997868, 2.850000000000000089, -0.2149999999999999967 ) ) ;
#475 = ORIENTED_EDGE ( 'NONE', *, *, #281, .F. ) ;
#476 = DIRECTION ( 'NONE',  ( -1.000000000000000000, -0.000000000000000000, -0.000000000000000000 ) ) ;
#477 = EDGE_CURVE ( 'NONE', #1080, #426, #1761, .T. ) ;
#478 = EDGE_LOOP ( 'NONE', ( #110, #419, #1130, #780 ) ) ;
#479 = CARTESIAN_POINT ( 'NONE',  ( 0.000000000000000000, -3.500000000000000444, -0.2149999999999999134 ) ) ;
#480 = AXIS2_PLACEMENT_3D ( 'NONE', #1157, #136, #127 ) ;
#481 = DIRECTION ( 'NONE',  ( 0.000000000000000000, 0.000000000000000000, 1.000000000000000000 ) ) ;
#482 = CARTESIAN_POINT ( 'NONE',  ( 0.000000000000000000, 2.850000000000000089, 0.2149999999999999967 ) ) ;
#483 = EDGE_LOOP ( 'NONE', ( #1760, #541 ) ) ;
#484 = CARTESIAN_POINT ( 'NONE',  ( 0.6350000000000000089, 0.000000000000000000, 0.2150000000000000799 ) ) ;
#485 = ORIENTED_EDGE ( 'NONE', *, *, #589, .T. ) ;
#486 = LINE ( 'NONE', #917, #891 ) ;
#487 = DIRECTION ( 'NONE',  ( -0.000000000000000000, -0.000000000000000000, 1.000000000000000000 ) ) ;
#488 = DIRECTION ( 'NONE',  ( 1.000000000000000000, 0.000000000000000000, 0.000000000000000000 ) ) ;
#489 = LINE ( 'NONE', #1655, #1538 ) ;
#490 = VERTEX_POINT ( 'NONE', #39 ) ;
#491 = DIRECTION ( 'NONE',  ( 0.000000000000000000, 1.000000000000000000, 0.000000000000000000 ) ) ;
#492 = EDGE_LOOP ( 'NONE', ( #1672, #1591, #778, #1270, #1415, #825, #1839, #457, #200, #255, #429, #460 ) ) ;
#493 = LINE ( 'NONE', #1098, #1072 ) ;
#494 = EDGE_CURVE ( 'NONE', #1278, #1243, #451, .T. ) ;
#495 = EDGE_LOOP ( 'NONE', ( #1127, #387, #1026, #1867 ) ) ;
#496 = LINE ( 'NONE', #1844, #1259 ) ;
#497 = ADVANCED_FACE ( 'NONE', ( #763 ), #168, .T. ) ;
#498 = VECTOR ( 'NONE', #1852, 100.0000000000000000 ) ;
#499 = LINE ( 'NONE', #1094, #1730 ) ;
#500 = AXIS2_PLACEMENT_3D ( 'NONE', #1044, #324, #901 ) ;
#501 = VERTEX_POINT ( 'NONE', #743 ) ;
#502 = LINE ( 'NONE', #91, #109 ) ;
#503 = ORIENTED_EDGE ( 'NONE', *, *, #910, .F. ) ;
#504 = FACE_OUTER_BOUND ( 'NONE', #967, .T. ) ;
#505 = EDGE_CURVE ( 'NONE', #325, #1663, #1064, .T. ) ;
#506 = VERTEX_POINT ( 'NONE', #1038 ) ;
#507 = CARTESIAN_POINT ( 'NONE',  ( 5.635000000000000675, 3.500000000000000444, -0.5000000000000006661 ) ) ;
#508 = DIRECTION ( 'NONE',  ( 0.000000000000000000, -0.000000000000000000, 1.000000000000000000 ) ) ;
#509 = ORIENTED_EDGE ( 'NONE', *, *, #609, .T. ) ;
#510 = LINE ( 'NONE', #64, #1814 ) ;
#511 = VERTEX_POINT ( 'NONE', #45 ) ;
#512 = LINE ( 'NONE', #928, #1101 ) ;
#513 = EDGE_LOOP ( 'NONE', ( #240, #244, #1138, #263 ) ) ;
#514 = DIRECTION ( 'NONE',  ( 1.734723475976806848E-16, 0.000000000000000000, 1.000000000000000000 ) ) ;
#515 = LINE ( 'NONE', #1076, #1266 ) ;
#516 = ORIENTED_EDGE ( 'NONE', *, *, #1180, .T. ) ;
#517 = CARTESIAN_POINT ( 'NONE',  ( 0.000000000000000000, -3.500000000000000444, -0.1999999999999999278 ) ) ;
#518 = ADVANCED_FACE ( 'NONE', ( #1492 ), #1649, .T. ) ;
#519 = ORIENTED_EDGE ( 'NONE', *, *, #1316, .T. ) ;
#520 = CARTESIAN_POINT ( 'NONE',  ( 5.635000000000000675, -2.865000000000000213, 0.5000000000000006661 ) ) ;
#521 = ORIENTED_EDGE ( 'NONE', *, *, #1124, .T. ) ;
#522 = LINE ( 'NONE', #1380, #532 ) ;
#523 = LINE ( 'NONE', #1544, #180 ) ;
#524 = AXIS2_PLACEMENT_3D ( 'NONE', #568, #411, #695 ) ;
#525 = VERTEX_POINT ( 'NONE', #884 ) ;
#526 = DIRECTION ( 'NONE',  ( -1.000000000000000000, 0.000000000000000000, 0.000000000000000000 ) ) ;
#527 = AXIS2_PLACEMENT_3D ( 'NONE', #1465, #54, #623 ) ;
#528 = VECTOR ( 'NONE', #1191, 100.0000000000000000 ) ;
#529 = ORIENTED_EDGE ( 'NONE', *, *, #300, .F. ) ;
#530 = DIRECTION ( 'NONE',  ( 0.000000000000000000, -1.000000000000000000, 0.000000000000000000 ) ) ;
#531 = EDGE_CURVE ( 'NONE', #1055, #1435, #1477, .T. ) ;
#532 = VECTOR ( 'NONE', #101, 100.0000000000000000 ) ;
#533 = EDGE_LOOP ( 'NONE', ( #1495, #1246, #963, #155 ) ) ;
#534 = CARTESIAN_POINT ( 'NONE',  ( 5.635000000000000675, 0.000000000000000000, 0.000000000000000000 ) ) ;
#535 = CARTESIAN_POINT ( 'NONE',  ( 0.6350000000000000089, -3.500000000000000444, 1.800000000000000266 ) ) ;
#536 = AXIS2_PLACEMENT_3D ( 'NONE', #969, #991, #1711 ) ;
#537 = CARTESIAN_POINT ( 'NONE',  ( 0.000000000000000000, -3.500000000000000444, 1.800000000000000266 ) ) ;
#538 = FACE_OUTER_BOUND ( 'NONE', #1141, .T. ) ;
#539 = EDGE_LOOP ( 'NONE', ( #362, #1735, #974, #751, #71, #1508, #858, #936, #1668, #794, #959, #1853 ) ) ;
#540 = PLANE ( 'NONE',  #19 ) ;
#541 = ORIENTED_EDGE ( 'NONE', *, *, #756, .T. ) ;
#542 = CARTESIAN_POINT ( 'NONE',  ( 6.270000000000000462, -3.515000000000000124, 0.2150000000000006906 ) ) ;
#543 = EDGE_CURVE ( 'NONE', #1384, #206, #1325, .T. ) ;
#544 = CARTESIAN_POINT ( 'NONE',  ( 0.6350000000000000089, -3.500000000000000444, 1.800000000000000266 ) ) ;
#545 = PLANE ( 'NONE',  #1254 ) ;
#546 = EDGE_LOOP ( 'NONE', ( #1851, #925, #1262, #677 ) ) ;
#547 = LINE ( 'NONE', #1128, #1225 ) ;
#548 = COORDINATED_UNIVERSAL_TIME_OFFSET ( 5, 0, .BEHIND. ) ;
#549 = ORIENTED_EDGE ( 'NONE', *, *, #1819, .T. ) ;
#550 = DIRECTION ( 'NONE',  ( -1.387778780781445676E-16, 0.000000000000000000, -1.000000000000000000 ) ) ;
#551 = ADVANCED_FACE ( 'NONE', ( #193, #625 ), #1798, .T. ) ;
#552 = CARTESIAN_POINT ( 'NONE',  ( 6.905000000000000249, 2.865000000000000213, 0.2000000000000000111 ) ) ;
#553 = EDGE_CURVE ( 'NONE', #1043, #1376, #1340, .T. ) ;
#554 = DIRECTION ( 'NONE',  ( 0.000000000000000000, 0.000000000000000000, -1.000000000000000000 ) ) ;
#555 = VERTEX_POINT ( 'NONE', #1182 ) ;
#556 = VECTOR ( 'NONE', #129, 100.0000000000000000 ) ;
#557 = LINE ( 'NONE', #1156, #981 ) ;
#558 = AXIS2_PLACEMENT_3D ( 'NONE', #1069, #491, #642 ) ;
#559 = ORIENTED_EDGE ( 'NONE', *, *, #1185, .T. ) ;
#560 = CARTESIAN_POINT ( 'NONE',  ( 0.6350000000000000089, -3.500000000000000444, 1.800000000000000266 ) ) ;
#561 = CIRCLE ( 'NONE', #1351, 0.6500000000000000222 ) ;
#562 = CARTESIAN_POINT ( 'NONE',  ( 5.635000000000000675, -2.865000000000000213, 0.5000000000000006661 ) ) ;
#563 = VECTOR ( 'NONE', #1315, 100.0000000000000000 ) ;
#564 = CARTESIAN_POINT ( 'NONE',  ( 6.270000000000000462, 3.500000000000000444, -0.2149999999999999134 ) ) ;
#565 = VERTEX_POINT ( 'NONE', #479 ) ;
#566 = DIRECTION ( 'NONE',  ( 0.000000000000000000, 0.000000000000000000, -1.000000000000000000 ) ) ;
#567 = ORIENTED_EDGE ( 'NONE', *, *, #276, .T. ) ;
#568 = CARTESIAN_POINT ( 'NONE',  ( 6.270000000000000462, -3.500000000000000444, -1.800000000000000266 ) ) ;
#569 = CARTESIAN_POINT ( 'NONE',  ( 5.270000000000000462, 0.000000000000000000, -0.3500000000000000333 ) ) ;
#570 = FACE_OUTER_BOUND ( 'NONE', #723, .T. ) ;
#571 = CARTESIAN_POINT ( 'NONE',  ( 0.000000000000000000, -3.500000000000000444, 0.2000000000000000944 ) ) ;
#572 = CARTESIAN_POINT ( 'NONE',  ( 6.270000000000000462, -3.500000000000000444, 1.800000000000000266 ) ) ;
#573 = EDGE_CURVE ( 'NONE', #1423, #117, #470, .T. ) ;
#574 = ORIENTED_EDGE ( 'NONE', *, *, #331, .T. ) ;
#575 = CARTESIAN_POINT ( 'NONE',  ( 0.000000000000000000, -2.673426532507834641E-16, -0.6500000000000000222 ) ) ;
#576 = ADVANCED_FACE ( 'NONE', ( #1771 ), #1635, .T. ) ;
#577 = DIRECTION ( 'NONE',  ( -1.000000000000000000, 0.000000000000000000, -0.000000000000000000 ) ) ;
#578 = ORIENTED_EDGE ( 'NONE', *, *, #1400, .T. ) ;
#579 = CARTESIAN_POINT ( 'NONE',  ( 5.635000000000000675, -3.500000000000000444, 1.800000000000000266 ) ) ;
#580 = LINE ( 'NONE', #18, #1257 ) ;
#581 = LINE ( 'NONE', #1752, #1600 ) ;
#582 = EDGE_CURVE ( 'NONE', #275, #636, #326, .T. ) ;
#583 = CARTESIAN_POINT ( 'NONE',  ( 5.635000000000000675, 3.500000000000000444, -0.2000000000000000111 ) ) ;
#584 = ORIENTED_EDGE ( 'NONE', *, *, #1590, .F. ) ;
#585 = LINE ( 'NONE', #484, #1473 ) ;
#586 = AXIS2_PLACEMENT_3D ( 'NONE', #1540, #1526, #231 ) ;
#587 = DIRECTION ( 'NONE',  ( 1.000000000000000000, -0.000000000000000000, -0.000000000000000000 ) ) ;
#588 = VERTEX_POINT ( 'NONE', #317 ) ;
#589 = EDGE_CURVE ( 'NONE', #664, #160, #486, .T. ) ;
#590 = LINE ( 'NONE', #1172, #1045 ) ;
#591 = VECTOR ( 'NONE', #1857, 100.0000000000000000 ) ;
#592 = VERTEX_POINT ( 'NONE', #1500 ) ;
#593 = DIRECTION ( 'NONE',  ( 0.000000000000000000, 0.000000000000000000, -1.000000000000000000 ) ) ;
#594 = DIRECTION ( 'NONE',  ( 0.000000000000000000, 0.000000000000000000, 1.000000000000000000 ) ) ;
#595 = EDGE_LOOP ( 'NONE', ( #1388, #1727, #633, #1829 ) ) ;
#596 = CARTESIAN_POINT ( 'NONE',  ( 0.000000000000000000, -3.500000000000000444, -1.800000000000000266 ) ) ;
#597 = EDGE_LOOP ( 'NONE', ( #1779, #158, #1386, #392 ) ) ;
#598 = CARTESIAN_POINT ( 'NONE',  ( -0.6350000000000000089, -3.500000000000000444, -0.1999999999999999278 ) ) ;
#599 = DIRECTION ( 'NONE',  ( -1.000000000000000000, 0.000000000000000000, -0.000000000000000000 ) ) ;
#600 = CARTESIAN_POINT ( 'NONE',  ( 6.270000000000000462, -2.865000000000000213, -0.1999999999999993172 ) ) ;
#601 = ADVANCED_FACE ( 'NONE', ( #207 ), #1485, .T. ) ;
#602 = CARTESIAN_POINT ( 'NONE',  ( 0.6350000000000000089, 3.500000000000000444, 1.800000000000000266 ) ) ;
#603 = EDGE_CURVE ( 'NONE', #490, #555, #590, .T. ) ;
#604 = VERTEX_POINT ( 'NONE', #1071 ) ;
#605 = FACE_OUTER_BOUND ( 'NONE', #141, .T. ) ;
#606 = ORIENTED_EDGE ( 'NONE', *, *, #573, .T. ) ;
#607 = CARTESIAN_POINT ( 'NONE',  ( 6.270000000000000462, 2.850000000000000089, 0.2149999999999999967 ) ) ;
#608 = CARTESIAN_POINT ( 'NONE',  ( 6.905000000000000249, 3.500000000000000444, 0.2000000000000000111 ) ) ;
#609 = EDGE_CURVE ( 'NONE', #1699, #1012, #1661, .T. ) ;
#610 = CARTESIAN_POINT ( 'NONE',  ( 0.000000000000000000, -2.850000000000000089, 0.2150000000000000799 ) ) ;
#611 = ADVANCED_BREP_SHAPE_REPRESENTATION ( 'steering short', ( #675, #1313, #670, #53, #480 ), #1637 ) ;
#612 = ORIENTED_EDGE ( 'NONE', *, *, #880, .T. ) ;
#613 = CARTESIAN_POINT ( 'NONE',  ( 6.905000000000000249, -2.865000000000000213, -0.1999999999999993172 ) ) ;
#614 = EDGE_LOOP ( 'NONE', ( #5, #410, #216, #702 ) ) ;
#615 = DIRECTION ( 'NONE',  ( -1.000000000000000000, -0.000000000000000000, -8.352109954983220072E-33 ) ) ;
#616 = LINE ( 'NONE', #1503, #1788 ) ;
#617 = VECTOR ( 'NONE', #222, 100.0000000000000000 ) ;
#618 = AXIS2_PLACEMENT_3D ( 'NONE', #202, #943, #1516 ) ;
#619 = DIRECTION ( 'NONE',  ( 0.000000000000000000, 1.000000000000000000, -0.000000000000000000 ) ) ;
#620 = VECTOR ( 'NONE', #487, 100.0000000000000000 ) ;
#621 = AXIS2_PLACEMENT_3D ( 'NONE', #1653, #793, #508 ) ;
#622 = VERTEX_POINT ( 'NONE', #67 ) ;
#623 = DIRECTION ( 'NONE',  ( 1.000000000000000000, 0.000000000000000000, -0.000000000000000000 ) ) ;
#624 = ORIENTED_EDGE ( 'NONE', *, *, #1180, .F. ) ;
#625 = FACE_BOUND ( 'NONE', #483, .T. ) ;
#626 = CIRCLE ( 'NONE', #1114, 0.6500000000000000222 ) ;
#627 = DIRECTION ( 'NONE',  ( 0.000000000000000000, 0.000000000000000000, 1.000000000000000000 ) ) ;
#628 = DIRECTION ( 'NONE',  ( 0.000000000000000000, -0.000000000000000000, -1.000000000000000000 ) ) ;
#629 = CARTESIAN_POINT ( 'NONE',  ( 0.000000000000000000, -2.850000000000000089, -0.2149999999999999134 ) ) ;
#630 = ORIENTED_EDGE ( 'NONE', *, *, #1463, .F. ) ;
#631 = CARTESIAN_POINT ( 'NONE',  ( 0.000000000000000000, -3.500000000000000444, -1.800000000000000266 ) ) ;
#632 = ADVANCED_FACE ( 'NONE', ( #504 ), #363, .T. ) ;
#633 = ORIENTED_EDGE ( 'NONE', *, *, #417, .T. ) ;
#634 = DIRECTION ( 'NONE',  ( 1.000000000000000000, -0.000000000000000000, 0.000000000000000000 ) ) ;
#635 = EDGE_CURVE ( 'NONE', #1484, #1489, #512, .T. ) ;
#636 = VERTEX_POINT ( 'NONE', #1548 ) ;
#637 = CARTESIAN_POINT ( 'NONE',  ( 6.270000000000000462, -3.500000000000000444, 1.800000000000000266 ) ) ;
#638 = CC_DESIGN_DATE_AND_TIME_ASSIGNMENT ( #421, #1759, ( #1654 ) ) ;
#639 = PLANE ( 'NONE',  #1507 ) ;
#640 = ADVANCED_FACE ( 'NONE', ( #816 ), #1216, .F. ) ;
#641 = ORIENTED_EDGE ( 'NONE', *, *, #774, .F. ) ;
#642 = DIRECTION ( 'NONE',  ( 0.000000000000000000, -0.000000000000000000, 1.000000000000000000 ) ) ;
#643 = VERTEX_POINT ( 'NONE', #1519 ) ;
#644 = PLANE ( 'NONE',  #829 ) ;
#645 = EDGE_CURVE ( 'NONE', #1837, #1278, #74, .T. ) ;
#646 = ORIENTED_EDGE ( 'NONE', *, *, #188, .F. ) ;
#647 = DIRECTION ( 'NONE',  ( 0.000000000000000000, 1.000000000000000000, -0.000000000000000000 ) ) ;
#648 = VECTOR ( 'NONE', #1737, 100.0000000000000000 ) ;
#649 = CARTESIAN_POINT ( 'NONE',  ( 0.6350000000000000089, 2.865000000000000213, 0.5000000000000000000 ) ) ;
#650 = VECTOR ( 'NONE', #688, 100.0000000000000000 ) ;
#651 = ORIENTED_EDGE ( 'NONE', *, *, #1748, .T. ) ;
#652 = DIRECTION ( 'NONE',  ( 0.000000000000000000, 0.000000000000000000, -1.000000000000000000 ) ) ;
#653 = ORIENTED_EDGE ( 'NONE', *, *, #582, .T. ) ;
#654 = DIRECTION ( 'NONE',  ( 1.000000000000000000, 0.000000000000000000, -0.000000000000000000 ) ) ;
#655 = AXIS2_PLACEMENT_3D ( 'NONE', #1390, #1836, #403 ) ;
#656 = CARTESIAN_POINT ( 'NONE',  ( 0.6350000000000000089, -3.500000000000000444, -1.800000000000000266 ) ) ;
#657 = CARTESIAN_POINT ( 'NONE',  ( 5.635000000000000675, 3.500000000000000444, 1.800000000000000266 ) ) ;
#658 = EDGE_CURVE ( 'NONE', #1241, #1859, #1512, .T. ) ;
#659 = EDGE_LOOP ( 'NONE', ( #128, #848, #1181, #1815 ) ) ;
#660 = FACE_OUTER_BOUND ( 'NONE', #994, .T. ) ;
#661 = CC_DESIGN_PERSON_AND_ORGANIZATION_ASSIGNMENT ( #119, #861, ( #205 ) ) ;
#662 = EDGE_LOOP ( 'NONE', ( #1323, #247, #1319, #7 ) ) ;
#663 = CARTESIAN_POINT ( 'NONE',  ( 6.270000000000000462, 3.515000000000000124, 0.2149999999999999967 ) ) ;
#664 = VERTEX_POINT ( 'NONE', #1806 ) ;
#665 = FACE_OUTER_BOUND ( 'NONE', #272, .T. ) ;
#666 = DIRECTION ( 'NONE',  ( 0.000000000000000000, 1.000000000000000000, 0.000000000000000000 ) ) ;
#667 = EDGE_CURVE ( 'NONE', #1363, #1187, #493, .T. ) ;
#668 = ORIENTED_EDGE ( 'NONE', *, *, #331, .F. ) ;
#669 = CARTESIAN_POINT ( 'NONE',  ( 0.6350000000000000089, -2.673426532507834641E-16, -0.6500000000000000222 ) ) ;
#670 = MANIFOLD_SOLID_BREP ( 'Tab and Slot-Tab4', #1662 ) ;
#671 = VERTEX_POINT ( 'NONE', #672 ) ;
#672 = CARTESIAN_POINT ( 'NONE',  ( 0.000000000000000000, -3.500000000000000444, 0.2150000000000000799 ) ) ;
#673 = ORIENTED_EDGE ( 'NONE', *, *, #1391, .T. ) ;
#674 = FACE_OUTER_BOUND ( 'NONE', #1648, .T. ) ;
#675 = MANIFOLD_SOLID_BREP ( 'Tab and Slot-Slot2', #746 ) ;
#676 = DIRECTION ( 'NONE',  ( -1.000000000000000000, -0.000000000000000000, -0.000000000000000000 ) ) ;
#677 = ORIENTED_EDGE ( 'NONE', *, *, #1543, .T. ) ;
#678 = DIRECTION ( 'NONE',  ( -1.000000000000000000, -0.000000000000000000, -0.000000000000000000 ) ) ;
#679 = VECTOR ( 'NONE', #856, 100.0000000000000000 ) ;
#680 = VERTEX_POINT ( 'NONE', #937 ) ;
#681 = DIRECTION ( 'NONE',  ( 1.000000000000000000, -0.000000000000000000, -0.000000000000000000 ) ) ;
#682 = VECTOR ( 'NONE', #1817, 100.0000000000000000 ) ;
#683 = LOCAL_TIME ( 10, 38, 38.00000000000000000, #1004 ) ;
#684 = ORIENTED_EDGE ( 'NONE', *, *, #252, .T. ) ;
#685 = CARTESIAN_POINT ( 'NONE',  ( 7.540000000000000924, 2.850000000000000089, 0.2149999999999999967 ) ) ;
#686 = CARTESIAN_POINT ( 'NONE',  ( 0.6350000000000000089, 2.865000000000000213, 0.2000000000000000111 ) ) ;
#687 = VECTOR ( 'NONE', #20, 100.0000000000000000 ) ;
#688 = DIRECTION ( 'NONE',  ( 1.000000000000000000, -0.000000000000000000, 1.387778780781445676E-16 ) ) ;
#689 = VERTEX_POINT ( 'NONE', #1395 ) ;
#690 = ADVANCED_FACE ( 'NONE', ( #790 ), #644, .T. ) ;
#691 = LINE ( 'NONE', #1277, #741 ) ;
#692 = CALENDAR_DATE ( 2026, 8, 9 ) ;
#693 = ORIENTED_EDGE ( 'NONE', *, *, #717, .T. ) ;
#694 = EDGE_CURVE ( 'NONE', #636, #1241, #1081, .T. ) ;
#695 = DIRECTION ( 'NONE',  ( 1.000000000000000000, 0.000000000000000000, 8.352109954983220072E-33 ) ) ;
#696 = CARTESIAN_POINT ( 'NONE',  ( 0.6350000000000000089, 3.500000000000000444, 0.2000000000000000111 ) ) ;
#697 = DIRECTION ( 'NONE',  ( 0.000000000000000000, 0.000000000000000000, -1.000000000000000000 ) ) ;
#698 = EDGE_CURVE ( 'NONE', #636, #762, #1367, .T. ) ;
#699 = ORIENTED_EDGE ( 'NONE', *, *, #1124, .F. ) ;
#700 = DIRECTION ( 'NONE',  ( 1.000000000000000000, 0.000000000000000000, 0.000000000000000000 ) ) ;
#701 = APPROVAL_ROLE ( '' ) ;
#702 = ORIENTED_EDGE ( 'NONE', *, *, #1373, .F. ) ;
#703 = DIRECTION ( 'NONE',  ( -1.000000000000000000, 0.000000000000000000, 1.387778780781445676E-16 ) ) ;
#704 = CARTESIAN_POINT ( 'NONE',  ( 6.270000000000000462, 3.500000000000000444, 1.800000000000000266 ) ) ;
#705 = CARTESIAN_POINT ( 'NONE',  ( -1.270000000000000018, 2.850000000000000089, 0.2149999999999999967 ) ) ;
#706 = ORIENTED_EDGE ( 'NONE', *, *, #1113, .F. ) ;
#707 = AXIS2_PLACEMENT_3D ( 'NONE', #1589, #735, #1151 ) ;
#708 = DIRECTION ( 'NONE',  ( 1.000000000000000000, 0.000000000000000000, 0.000000000000000000 ) ) ;
#709 = COORDINATED_UNIVERSAL_TIME_OFFSET ( 5, 0, .BEHIND. ) ;
#710 = VECTOR ( 'NONE', #322, 100.0000000000000000 ) ;
#711 = ORIENTED_EDGE ( 'NONE', *, *, #1478, .T. ) ;
#712 = LINE ( 'NONE', #1721, #139 ) ;
#713 = VECTOR ( 'NONE', #1218, 100.0000000000000000 ) ;
#714 = LINE ( 'NONE', #1022, #1475 ) ;
#715 = ADVANCED_FACE ( 'NONE', ( #1671 ), #93, .T. ) ;
#716 = CARTESIAN_POINT ( 'NONE',  ( 6.270000000000000462, -3.500000000000000444, 0.2150000000000006073 ) ) ;
#717 = EDGE_CURVE ( 'NONE', #1012, #760, #1824, .T. ) ;
#718 = AXIS2_PLACEMENT_3D ( 'NONE', #338, #913, #628 ) ;
#719 = CARTESIAN_POINT ( 'NONE',  ( 6.270000000000000462, 2.850000000000000089, -0.2149999999999999967 ) ) ;
#720 = ORIENTED_EDGE ( 'NONE', *, *, #1336, .F. ) ;
#721 = DIRECTION ( 'NONE',  ( 0.000000000000000000, 0.000000000000000000, 1.000000000000000000 ) ) ;
#722 = PERSON_AND_ORGANIZATION ( #1621, #1504 ) ;
#723 = EDGE_LOOP ( 'NONE', ( #1392, #1660, #804, #1747 ) ) ;
#724 = CARTESIAN_POINT ( 'NONE',  ( 5.635000000000000675, 3.500000000000000444, 1.800000000000000266 ) ) ;
#725 = ADVANCED_FACE ( 'NONE', ( #1679 ), #370, .T. ) ;
#726 = VERTEX_POINT ( 'NONE', #808 ) ;
#727 = CARTESIAN_POINT ( 'NONE',  ( 5.635000000000000675, -2.865000000000000213, -0.4999999999999993339 ) ) ;
#728 = DIRECTION ( 'NONE',  ( 0.000000000000000000, 1.000000000000000000, 0.000000000000000000 ) ) ;
#729 = ADVANCED_FACE ( 'NONE', ( #1832 ), #239, .T. ) ;
#730 = EDGE_LOOP ( 'NONE', ( #359, #641, #73, #1580, #1105, #66, #98, #42, #1339, #1344, #1070, #868 ) ) ;
#731 = DIRECTION ( 'NONE',  ( -1.000000000000000000, -0.000000000000000000, -0.000000000000000000 ) ) ;
#732 = PERSON_AND_ORGANIZATION ( #1621, #1504 ) ;
#733 = FACE_OUTER_BOUND ( 'NONE', #1453, .T. ) ;
#734 = ORIENTED_EDGE ( 'NONE', *, *, #880, .F. ) ;
#735 = DIRECTION ( 'NONE',  ( -0.000000000000000000, 1.000000000000000000, 0.000000000000000000 ) ) ;
#736 = EDGE_LOOP ( 'NONE', ( #104, #1397, #1206, #297 ) ) ;
#737 = DIRECTION ( 'NONE',  ( -0.000000000000000000, 1.000000000000000000, 0.000000000000000000 ) ) ;
#738 = CARTESIAN_POINT ( 'NONE',  ( 5.635000000000000675, -3.500000000000000444, 1.800000000000000266 ) ) ;
#739 = ORIENTED_EDGE ( 'NONE', *, *, #1695, .F. ) ;
#740 = CARTESIAN_POINT ( 'NONE',  ( 6.270000000000000462, -2.850000000000000089, 0.2150000000000006906 ) ) ;
#741 = VECTOR ( 'NONE', #6, 100.0000000000000000 ) ;
#742 = VERTEX_POINT ( 'NONE', #273 ) ;
#743 = CARTESIAN_POINT ( 'NONE',  ( 0.6350000000000000089, -3.500000000000000444, 1.800000000000000266 ) ) ;
#744 = EDGE_CURVE ( 'NONE', #285, #299, #1297, .T. ) ;
#745 = VECTOR ( 'NONE', #1620, 100.0000000000000000 ) ;
#746 = CLOSED_SHELL ( 'NONE', ( #440, #414, #1324, #1192, #551, #1688, #601, #357, #468, #1229, #223, #973, #1510, #640, #1334, #1854 ) ) ;
#747 = PLANE ( 'NONE',  #1724 ) ;
#748 = CARTESIAN_POINT ( 'NONE',  ( 0.6350000000000000089, 3.500000000000000444, -0.5000000000000000000 ) ) ;
#749 = LOCAL_TIME ( 10, 38, 38.00000000000000000, #1869 ) ;
#750 = CARTESIAN_POINT ( 'NONE',  ( 0.000000000000000000, -3.500000000000000444, 1.800000000000000266 ) ) ;
#751 = ORIENTED_EDGE ( 'NONE', *, *, #1086, .T. ) ;
#752 = FACE_OUTER_BOUND ( 'NONE', #367, .T. ) ;
#753 = ADVANCED_FACE ( 'NONE', ( #995 ), #1556, .T. ) ;
#754 = ORIENTED_EDGE ( 'NONE', *, *, #132, .T. ) ;
#755 = DIRECTION ( 'NONE',  ( 0.000000000000000000, 0.000000000000000000, -1.000000000000000000 ) ) ;
#756 = EDGE_CURVE ( 'NONE', #841, #12, #859, .T. ) ;
#757 = CARTESIAN_POINT ( 'NONE',  ( 6.270000000000000462, -3.500000000000000444, 1.800000000000000266 ) ) ;
#758 = EDGE_CURVE ( 'NONE', #881, #1423, #1575, .T. ) ;
#759 = CARTESIAN_POINT ( 'NONE',  ( 0.6350000000000000089, -3.500000000000000444, 1.800000000000000266 ) ) ;
#760 = VERTEX_POINT ( 'NONE', #1271 ) ;
#761 = CARTESIAN_POINT ( 'NONE',  ( -0.6350000000000000089, 2.865000000000000213, 0.2000000000000000111 ) ) ;
#762 = VERTEX_POINT ( 'NONE', #407 ) ;
#763 = FACE_OUTER_BOUND ( 'NONE', #539, .T. ) ;
#764 = LINE ( 'NONE', #1782, #620 ) ;
#765 = FACE_OUTER_BOUND ( 'NONE', #930, .T. ) ;
#766 = B_SPLINE_CURVE_WITH_KNOTS ( 'NONE', 1,
 ( #696, #686 ),
 .UNSPECIFIED., .F., .F.,
 ( 2, 2 ),
 ( 0.000000000000000000, 0.3067632850241546194 ),
 .UNSPECIFIED. ) ;
#767 = EDGE_LOOP ( 'NONE', ( #612, #1701, #739, #1148 ) ) ;
#768 = DIRECTION ( 'NONE',  ( -1.000000000000000000, -0.000000000000000000, 1.387778780781445676E-16 ) ) ;
#769 = ORIENTED_EDGE ( 'NONE', *, *, #1316, .F. ) ;
#770 = DIRECTION ( 'NONE',  ( 0.000000000000000000, 0.000000000000000000, 1.000000000000000000 ) ) ;
#771 = VECTOR ( 'NONE', #1090, 100.0000000000000000 ) ;
#772 = LINE ( 'NONE', #1352, #1382 ) ;
#773 = VECTOR ( 'NONE', #1385, 100.0000000000000000 ) ;
#774 = EDGE_CURVE ( 'NONE', #875, #313, #248, .T. ) ;
#775 = DIRECTION ( 'NONE',  ( 0.000000000000000000, 0.000000000000000000, -1.000000000000000000 ) ) ;
#776 = VECTOR ( 'NONE', #1691, 100.0000000000000000 ) ;
#777 = VECTOR ( 'NONE', #1303, 100.0000000000000000 ) ;
#778 = ORIENTED_EDGE ( 'NONE', *, *, #266, .F. ) ;
#779 = DIRECTION ( 'NONE',  ( 0.000000000000000000, -0.000000000000000000, 1.000000000000000000 ) ) ;
#780 = ORIENTED_EDGE ( 'NONE', *, *, #1537, .F. ) ;
#781 = CARTESIAN_POINT ( 'NONE',  ( 6.270000000000000462, -3.500000000000000444, 0.2000000000000007050 ) ) ;
#782 = VECTOR ( 'NONE', #1428, 100.0000000000000000 ) ;
#783 = ORIENTED_EDGE ( 'NONE', *, *, #553, .T. ) ;
#784 = DIRECTION ( 'NONE',  ( 8.352109954983220072E-33, 0.000000000000000000, -1.000000000000000000 ) ) ;
#785 = DIRECTION ( 'NONE',  ( 0.000000000000000000, 1.000000000000000000, -0.000000000000000000 ) ) ;
#786 = ORIENTED_EDGE ( 'NONE', *, *, #977, .F. ) ;
#787 = CARTESIAN_POINT ( 'NONE',  ( 7.540000000000000924, 2.850000000000000089, 0.2149999999999999967 ) ) ;
#788 = EDGE_CURVE ( 'NONE', #1178, #405, #1566, .T. ) ;
#789 = ORIENTED_EDGE ( 'NONE', *, *, #1517, .F. ) ;
#790 = FACE_OUTER_BOUND ( 'NONE', #1646, .T. ) ;
#791 = ORIENTED_EDGE ( 'NONE', *, *, #1065, .F. ) ;
#792 = DIRECTION ( 'NONE',  ( -1.000000000000000000, 0.000000000000000000, 0.000000000000000000 ) ) ;
#793 = DIRECTION ( 'NONE',  ( -0.000000000000000000, 1.000000000000000000, 0.000000000000000000 ) ) ;
#794 = ORIENTED_EDGE ( 'NONE', *, *, #839, .T. ) ;
#795 = CARTESIAN_POINT ( 'NONE',  ( 0.6350000000000000089, -3.500000000000000444, 1.800000000000000266 ) ) ;
#796 = ORIENTED_EDGE ( 'NONE', *, *, #717, .F. ) ;
#797 = CARTESIAN_POINT ( 'NONE',  ( 5.635000000000000675, -2.865000000000000213, 0.5000000000000006661 ) ) ;
#798 = EDGE_CURVE ( 'NONE', #1601, #1080, #1404, .T. ) ;
#799 = DIRECTION ( 'NONE',  ( 0.000000000000000000, 0.000000000000000000, -1.000000000000000000 ) ) ;
#800 = VECTOR ( 'NONE', #1056, 100.0000000000000000 ) ;
#801 = CC_DESIGN_PERSON_AND_ORGANIZATION_ASSIGNMENT ( #1880, #1738, ( #112 ) ) ;
#802 = PLANE ( 'NONE',  #867 ) ;
#803 = AXIS2_PLACEMENT_3D ( 'NONE', #1118, #1554, #697 ) ;
#804 = ORIENTED_EDGE ( 'NONE', *, *, #1424, .F. ) ;
#805 = VECTOR ( 'NONE', #1799, 100.0000000000000000 ) ;
#806 = LINE ( 'NONE', #1221, #1136 ) ;
#807 = ORIENTED_EDGE ( 'NONE', *, *, #37, .T. ) ;
#808 = CARTESIAN_POINT ( 'NONE',  ( 6.270000000000000462, 0.000000000000000000, -0.3500000000000000333 ) ) ;
#809 = EDGE_LOOP ( 'NONE', ( #948, #1639, #1466, #914 ) ) ;
#810 = DIRECTION ( 'NONE',  ( 0.000000000000000000, -0.000000000000000000, 1.000000000000000000 ) ) ;
#811 = ADVANCED_FACE ( 'NONE', ( #400 ), #540, .T. ) ;
#812 = FACE_OUTER_BOUND ( 'NONE', #954, .T. ) ;
#813 = ORIENTED_EDGE ( 'NONE', *, *, #1305, .F. ) ;
#814 = CARTESIAN_POINT ( 'NONE',  ( -0.6350000000000000089, 3.500000000000000444, 0.2000000000000000111 ) ) ;
#815 = ORIENTED_EDGE ( 'NONE', *, *, #1858, .F. ) ;
#816 = FACE_OUTER_BOUND ( 'NONE', #614, .T. ) ;
#817 = EDGE_CURVE ( 'NONE', #1833, #1539, #1139, .T. ) ;
#818 = ORIENTED_EDGE ( 'NONE', *, *, #1086, .F. ) ;
#819 = CARTESIAN_POINT ( 'NONE',  ( 0.6350000000000001199, -2.865000000000000213, 0.5000000000000001110 ) ) ;
#820 = LINE ( 'NONE', #261, #782 ) ;
#821 = EDGE_LOOP ( 'NONE', ( #813, #150, #485, #1641 ) ) ;
#822 = DIRECTION ( 'NONE',  ( 0.000000000000000000, 0.000000000000000000, -1.000000000000000000 ) ) ;
#823 = ORIENTED_EDGE ( 'NONE', *, *, #246, .T. ) ;
#824 = CARTESIAN_POINT ( 'NONE',  ( 0.6350000000000000089, 0.000000000000000000, -0.2149999999999999134 ) ) ;
#825 = ORIENTED_EDGE ( 'NONE', *, *, #1174, .T. ) ;
#826 = DIRECTION ( 'NONE',  ( 1.000000000000000000, -0.000000000000000000, 0.000000000000000000 ) ) ;
#827 = FACE_OUTER_BOUND ( 'NONE', #190, .T. ) ;
#828 = EDGE_CURVE ( 'NONE', #726, #1187, #1318, .T. ) ;
#829 = AXIS2_PLACEMENT_3D ( 'NONE', #797, #391, #215 ) ;
#830 = CARTESIAN_POINT ( 'NONE',  ( 6.270000000000000462, 2.850000000000000089, 0.2149999999999999967 ) ) ;
#831 = CIRCLE ( 'NONE', #258, 0.3500000000000000333 ) ;
#832 = ORIENTED_EDGE ( 'NONE', *, *, #862, .T. ) ;
#833 = DIRECTION ( 'NONE',  ( 0.000000000000000000, -1.000000000000000000, 0.000000000000000000 ) ) ;
#834 = ORIENTED_EDGE ( 'NONE', *, *, #120, .F. ) ;
#835 = LINE ( 'NONE', #997, #1686 ) ;
#836 = CARTESIAN_POINT ( 'NONE',  ( 7.540000000000000924, -2.850000000000000089, -0.2149999999999993028 ) ) ;
#837 = CC_DESIGN_SECURITY_CLASSIFICATION ( #351, ( #205 ) ) ;
#838 = DIRECTION ( 'NONE',  ( 1.000000000000000000, 0.000000000000000000, 0.000000000000000000 ) ) ;
#839 = EDGE_CURVE ( 'NONE', #1276, #1394, #691, .T. ) ;
#840 = CARTESIAN_POINT ( 'NONE',  ( 0.6350000000000000089, 3.500000000000000444, -1.800000000000000266 ) ) ;
#841 = VERTEX_POINT ( 'NONE', #575 ) ;
#842 = DIRECTION ( 'NONE',  ( 0.000000000000000000, 0.000000000000000000, -1.000000000000000000 ) ) ;
#843 = PERSON_AND_ORGANIZATION_ROLE ( 'classification_officer' ) ;
#844 = VERTEX_POINT ( 'NONE', #135 ) ;
#845 = DIRECTION ( 'NONE',  ( -0.000000000000000000, 1.000000000000000000, 0.000000000000000000 ) ) ;
#846 = CARTESIAN_POINT ( 'NONE',  ( 0.6350000000000000089, 2.865000000000000213, -0.2000000000000000111 ) ) ;
#847 = DIRECTION ( 'NONE',  ( 0.000000000000000000, 0.000000000000000000, 1.000000000000000000 ) ) ;
#848 = ORIENTED_EDGE ( 'NONE', *, *, #455, .F. ) ;
#849 = DIRECTION ( 'NONE',  ( 0.000000000000000000, 0.000000000000000000, -1.000000000000000000 ) ) ;
#850 = EDGE_CURVE ( 'NONE', #1877, #340, #1860, .T. ) ;
#851 = VERTEX_POINT ( 'NONE', #1288 ) ;
#852 = DIRECTION ( 'NONE',  ( 0.000000000000000000, -1.000000000000000000, 0.000000000000000000 ) ) ;
#853 = EDGE_CURVE ( 'NONE', #1213, #525, #557, .T. ) ;
#854 = VERTEX_POINT ( 'NONE', #283 ) ;
#855 = DIRECTION ( 'NONE',  ( 0.000000000000000000, 0.000000000000000000, 1.000000000000000000 ) ) ;
#856 = DIRECTION ( 'NONE',  ( 1.000000000000000000, -0.000000000000000000, -0.000000000000000000 ) ) ;
#857 = AXIS2_PLACEMENT_3D ( 'NONE', #380, #1377, #654 ) ;
#858 = ORIENTED_EDGE ( 'NONE', *, *, #1342, .T. ) ;
#859 = CIRCLE ( 'NONE', #1011, 0.6500000000000000222 ) ;
#860 = CARTESIAN_POINT ( 'NONE',  ( 5.635000000000000675, -2.865000000000000213, 0.5000000000000006661 ) ) ;
#861 = PERSON_AND_ORGANIZATION_ROLE ( 'creator' ) ;
#862 = EDGE_CURVE ( 'NONE', #671, #1159, #547, .T. ) ;
#863 = VECTOR ( 'NONE', #678, 100.0000000000000000 ) ;
#864 = ORIENTED_EDGE ( 'NONE', *, *, #1197, .F. ) ;
#865 = CARTESIAN_POINT ( 'NONE',  ( 0.6350000000000000089, -2.673426532507834641E-16, -0.6500000000000000222 ) ) ;
#866 = AXIS2_PLACEMENT_3D ( 'NONE', #757, #784, #344 ) ;
#867 = AXIS2_PLACEMENT_3D ( 'NONE', #562, #838, #242 ) ;
#868 = ORIENTED_EDGE ( 'NONE', *, *, #531, .T. ) ;
#869 = CARTESIAN_POINT ( 'NONE',  ( 0.6350000000000000089, 2.865000000000000213, -0.5000000000000000000 ) ) ;
#870 = EDGE_CURVE ( 'NONE', #1520, #1837, #264, .T. ) ;
#871 = VECTOR ( 'NONE', #62, 100.0000000000000000 ) ;
#872 = DIRECTION ( 'NONE',  ( -0.000000000000000000, -0.000000000000000000, -1.000000000000000000 ) ) ;
#873 = ORIENTED_EDGE ( 'NONE', *, *, #281, .T. ) ;
#874 = CARTESIAN_POINT ( 'NONE',  ( 5.635000000000000675, -2.865000000000000213, 0.5000000000000006661 ) ) ;
#875 = VERTEX_POINT ( 'NONE', #1728 ) ;
#876 = PLANE ( 'NONE',  #707 ) ;
#877 = DIRECTION ( 'NONE',  ( 0.000000000000000000, 1.000000000000000000, 0.000000000000000000 ) ) ;
#878 = CARTESIAN_POINT ( 'NONE',  ( 0.000000000000000000, 0.000000000000000000, 0.000000000000000000 ) ) ;
#879 = CARTESIAN_POINT ( 'NONE',  ( 0.6350000000000001199, -3.500000000000000444, 0.5000000000000001110 ) ) ;
#880 = EDGE_CURVE ( 'NONE', #1805, #160, #420, .T. ) ;
#881 = VERTEX_POINT ( 'NONE', #427 ) ;
#882 = PLANE ( 'NONE',  #527 ) ;
#883 = ORIENTED_EDGE ( 'NONE', *, *, #1006, .T. ) ;
#884 = CARTESIAN_POINT ( 'NONE',  ( 0.6350000000000000089, 3.500000000000000444, 0.2149999999999999134 ) ) ;
#885 = FACE_OUTER_BOUND ( 'NONE', #134, .T. ) ;
#886 = DIRECTION ( 'NONE',  ( -1.000000000000000000, 0.000000000000000000, -0.000000000000000000 ) ) ;
#887 = CARTESIAN_POINT ( 'NONE',  ( 0.000000000000000000, -2.865000000000000213, 0.000000000000000000 ) ) ;
#888 = ORIENTED_EDGE ( 'NONE', *, *, #1400, .F. ) ;
#889 = CARTESIAN_POINT ( 'NONE',  ( -1.270000000000000018, 2.850000000000000089, -0.2149999999999999967 ) ) ;
#890 = ADVANCED_FACE ( 'NONE', ( #1003 ), #1585, .T. ) ;
#891 = VECTOR ( 'NONE', #615, 100.0000000000000000 ) ;
#892 = ORIENTED_EDGE ( 'NONE', *, *, #1506, .T. ) ;
#893 = DIRECTION ( 'NONE',  ( 0.000000000000000000, 0.000000000000000000, 1.000000000000000000 ) ) ;
#894 = CIRCLE ( 'NONE', #81, 0.6500000000000000222 ) ;
#895 = EDGE_CURVE ( 'NONE', #1699, #325, #184, .T. ) ;
#896 = AXIS2_PLACEMENT_3D ( 'NONE', #1049, #1360, #599 ) ;
#897 = PLANE ( 'NONE',  #896 ) ;
#898 = CARTESIAN_POINT ( 'NONE',  ( 5.635000000000000675, 3.500000000000000444, -0.5000000000000006661 ) ) ;
#899 = VECTOR ( 'NONE', #1561, 100.0000000000000000 ) ;
#900 = ORIENTED_EDGE ( 'NONE', *, *, #645, .F. ) ;
#901 = DIRECTION ( 'NONE',  ( 0.000000000000000000, 0.000000000000000000, 1.000000000000000000 ) ) ;
#902 = EDGE_LOOP ( 'NONE', ( #185, #1209, #1764, #238 ) ) ;
#903 = CARTESIAN_POINT ( 'NONE',  ( 6.270000000000000462, -3.500000000000000444, -0.1999999999999993172 ) ) ;
#904 = LINE ( 'NONE', #1772, #1137 ) ;
#905 = DIRECTION ( 'NONE',  ( 0.000000000000000000, -1.000000000000000000, 0.000000000000000000 ) ) ;
#906 = ORIENTED_EDGE ( 'NONE', *, *, #1710, .T. ) ;
#907 = CARTESIAN_POINT ( 'NONE',  ( 5.635000000000000675, 2.865000000000000213, 0.2000000000000000111 ) ) ;
#908 = ORIENTED_EDGE ( 'NONE', *, *, #1451, .F. ) ;
#909 = DIRECTION ( 'NONE',  ( 0.000000000000000000, 1.000000000000000000, 0.000000000000000000 ) ) ;
#910 = EDGE_CURVE ( 'NONE', #438, #340, #1490, .T. ) ;
#911 = FACE_OUTER_BOUND ( 'NONE', #927, .T. ) ;
#912 = ADVANCED_FACE ( 'NONE', ( #24 ), #1631, .F. ) ;
#913 = DIRECTION ( 'NONE',  ( 0.000000000000000000, -1.000000000000000000, 0.000000000000000000 ) ) ;
#914 = ORIENTED_EDGE ( 'NONE', *, *, #269, .F. ) ;
#915 = CARTESIAN_POINT ( 'NONE',  ( 5.635000000000000675, 0.000000000000000000, 0.000000000000000000 ) ) ;
#916 = ORIENTED_EDGE ( 'NONE', *, *, #120, .T. ) ;
#917 = CARTESIAN_POINT ( 'NONE',  ( 6.270000000000000462, 3.500000000000000444, -1.800000000000000266 ) ) ;
#918 = VECTOR ( 'NONE', #833, 100.0000000000000000 ) ;
#919 = CARTESIAN_POINT ( 'NONE',  ( 0.000000000000000000, -2.850000000000000089, -0.2149999999999999134 ) ) ;
#920 = VECTOR ( 'NONE', #464, 100.0000000000000000 ) ;
#921 = EDGE_CURVE ( 'NONE', #230, #643, #1577, .T. ) ;
#922 = DIRECTION ( 'NONE',  ( 1.000000000000000000, -0.000000000000000000, 0.000000000000000000 ) ) ;
#923 = VECTOR ( 'NONE', #1673, 100.0000000000000000 ) ;
#924 = LOCAL_TIME ( 10, 38, 38.00000000000000000, #1586 ) ;
#925 = ORIENTED_EDGE ( 'NONE', *, *, #1652, .T. ) ;
#926 = CARTESIAN_POINT ( 'NONE',  ( 0.6350000000000001199, -2.865000000000000213, 0.5000000000000001110 ) ) ;
#927 = EDGE_LOOP ( 'NONE', ( #1046, #1706, #567, #1588 ) ) ;
#928 = CARTESIAN_POINT ( 'NONE',  ( 6.270000000000000462, -3.500000000000000444, -0.2149999999999992195 ) ) ;
#929 = AXIS2_PLACEMENT_3D ( 'NONE', #1645, #1299, #577 ) ;
#930 = EDGE_LOOP ( 'NONE', ( #1565, #1005, #1704, #475 ) ) ;
#931 = CARTESIAN_POINT ( 'NONE',  ( 0.000000000000000000, 2.850000000000000089, 0.2149999999999999967 ) ) ;
#932 = LINE ( 'NONE', #77, #1846 ) ;
#933 = ORIENTED_EDGE ( 'NONE', *, *, #1368, .T. ) ;
#934 = DIRECTION ( 'NONE',  ( -0.000000000000000000, -0.000000000000000000, 1.000000000000000000 ) ) ;
#935 = EDGE_CURVE ( 'NONE', #1403, #844, #191, .T. ) ;
#936 = ORIENTED_EDGE ( 'NONE', *, *, #194, .F. ) ;
#937 = CARTESIAN_POINT ( 'NONE',  ( 0.6350000000000000089, -2.865000000000000213, -0.5000000000000000000 ) ) ;
#938 = CC_DESIGN_PERSON_AND_ORGANIZATION_ASSIGNMENT ( #1603, #147, ( #1654 ) ) ;
#939 = EDGE_LOOP ( 'NONE', ( #1220, #1518, #1370, #1091 ) ) ;
#940 = CARTESIAN_POINT ( 'NONE',  ( 5.270000000000000462, 0.000000000000000000, 0.000000000000000000 ) ) ;
#941 = CARTESIAN_POINT ( 'NONE',  ( 0.6350000000000000089, 2.865000000000000213, -0.5000000000000000000 ) ) ;
#942 = ORIENTED_EDGE ( 'NONE', *, *, #87, .T. ) ;
#943 = DIRECTION ( 'NONE',  ( 0.000000000000000000, 0.000000000000000000, 1.000000000000000000 ) ) ;
#944 = ORIENTED_EDGE ( 'NONE', *, *, #1529, .F. ) ;
#945 = CARTESIAN_POINT ( 'NONE',  ( 5.635000000000000675, -3.500000000000000444, 0.5000000000000006661 ) ) ;
#946 =( NAMED_UNIT ( * ) SI_UNIT ( $, .STERADIAN. ) SOLID_ANGLE_UNIT ( ) );
#947 = EDGE_CURVE ( 'NONE', #1243, #1080, #1338, .T. ) ;
#948 = ORIENTED_EDGE ( 'NONE', *, *, #698, .F. ) ;
#949 = CARTESIAN_POINT ( 'NONE',  ( 0.6350000000000000089, -2.865000000000000213, 0.2000000000000000944 ) ) ;
#950 = VECTOR ( 'NONE', #755, 100.0000000000000000 ) ;
#951 = FACE_OUTER_BOUND ( 'NONE', #821, .T. ) ;
#952 = VECTOR ( 'NONE', #1036, 100.0000000000000000 ) ;
#953 = EDGE_CURVE ( 'NONE', #742, #1720, #43, .T. ) ;
#954 = EDGE_LOOP ( 'NONE', ( #1459, #996, #278, #306 ) ) ;
#955 = VECTOR ( 'NONE', #1643, 100.0000000000000000 ) ;
#956 = FACE_OUTER_BOUND ( 'NONE', #434, .T. ) ;
#957 = ORIENTED_EDGE ( 'NONE', *, *, #1310, .T. ) ;
#958 = CARTESIAN_POINT ( 'NONE',  ( -1.270000000000000018, -2.850000000000000089, -0.2149999999999999134 ) ) ;
#959 = ORIENTED_EDGE ( 'NONE', *, *, #300, .T. ) ;
#960 = AXIS2_PLACEMENT_3D ( 'NONE', #869, #301, #855 ) ;
#961 = CARTESIAN_POINT ( 'NONE',  ( 0.6350000000000000089, -3.500000000000000444, 0.2000000000000000944 ) ) ;
#962 = DIRECTION ( 'NONE',  ( 0.000000000000000000, -0.000000000000000000, -1.000000000000000000 ) ) ;
#963 = ORIENTED_EDGE ( 'NONE', *, *, #970, .T. ) ;
#964 = CARTESIAN_POINT ( 'NONE',  ( 0.6350000000000000089, -3.469446951953614189E-16, 3.618428607958274558E-31 ) ) ;
#965 = VERTEX_POINT ( 'NONE', #1195 ) ;
#966 = CARTESIAN_POINT ( 'NONE',  ( 6.270000000000000462, 0.000000000000000000, 5.303589821414345533E-33 ) ) ;
#967 = EDGE_LOOP ( 'NONE', ( #1696, #1265, #1670, #892 ) ) ;
#968 = PLANE ( 'NONE',  #1020 ) ;
#969 = CARTESIAN_POINT ( 'NONE',  ( 0.6350000000000000089, -3.500000000000000444, -1.800000000000000266 ) ) ;
#970 = EDGE_CURVE ( 'NONE', #1539, #525, #1758, .T. ) ;
#971 = CARTESIAN_POINT ( 'NONE',  ( 0.000000000000000000, -3.500000000000000444, 0.2000000000000000944 ) ) ;
#972 = CARTESIAN_POINT ( 'NONE',  ( 0.6350000000000000089, 3.500000000000000444, 1.800000000000000266 ) ) ;
#973 = ADVANCED_FACE ( 'NONE', ( #752 ), #1787, .F. ) ;
#974 = ORIENTED_EDGE ( 'NONE', *, *, #1802, .T. ) ;
#975 = B_SPLINE_CURVE_WITH_KNOTS ( 'NONE', 1,
 ( #846, #432 ),
 .UNSPECIFIED., .F., .F.,
 ( 2, 2 ),
 ( 0.5000000000000000000, 0.8067632850241546194 ),
 .UNSPECIFIED. ) ;
#976 = CARTESIAN_POINT ( 'NONE',  ( 0.000000000000000000, 3.500000000000000444, 1.800000000000000266 ) ) ;
#977 = EDGE_CURVE ( 'NONE', #1159, #1300, #585, .T. ) ;
#978 = VERTEX_POINT ( 'NONE', #740 ) ;
#979 = CARTESIAN_POINT ( 'NONE',  ( -1.270000000000000018, -2.850000000000000089, -0.2149999999999999134 ) ) ;
#980 = DIRECTION ( 'NONE',  ( -1.387778780781445676E-16, 0.000000000000000000, 1.000000000000000000 ) ) ;
#981 = VECTOR ( 'NONE', #1879, 100.0000000000000000 ) ;
#982 = EDGE_CURVE ( 'NONE', #340, #1272, #1446, .T. ) ;
#983 = EDGE_CURVE ( 'NONE', #844, #1547, #1027, .T. ) ;
#984 = CARTESIAN_POINT ( 'NONE',  ( 6.270000000000000462, -2.865000000000000213, 0.2000000000000007050 ) ) ;
#985 = AXIS2_PLACEMENT_3D ( 'NONE', #1418, #1410, #404 ) ;
#986 = EDGE_LOOP ( 'NONE', ( #1412, #1619, #1028, #125 ) ) ;
#987 = DIRECTION ( 'NONE',  ( 1.000000000000000000, 0.000000000000000000, -0.000000000000000000 ) ) ;
#988 = EDGE_LOOP ( 'NONE', ( #106, #521 ) ) ;
#989 = LINE ( 'NONE', #724, #1658 ) ;
#990 = VECTOR ( 'NONE', #1212, 100.0000000000000000 ) ;
#991 = DIRECTION ( 'NONE',  ( 0.000000000000000000, 0.000000000000000000, 1.000000000000000000 ) ) ;
#992 = APPLICATION_CONTEXT ( 'configuration controlled 3d designs of mechanical parts and assemblies' ) ;
#993 = CYLINDRICAL_SURFACE ( 'NONE', #1498, 0.6500000000000000222 ) ;
#994 = EDGE_LOOP ( 'NONE', ( #789, #1061, #1515, #90 ) ) ;
#995 = FACE_OUTER_BOUND ( 'NONE', #9, .T. ) ;
#996 = ORIENTED_EDGE ( 'NONE', *, *, #329, .F. ) ;
#997 = CARTESIAN_POINT ( 'NONE',  ( 0.6350000000000000089, -3.500000000000000444, -1.800000000000000266 ) ) ;
#998 = APPROVAL ( #428, 'UNSPECIFIED' ) ;
#999 = DIRECTION ( 'NONE',  ( 0.000000000000000000, 1.000000000000000000, 0.000000000000000000 ) ) ;
#1000 = CARTESIAN_POINT ( 'NONE',  ( 6.270000000000000462, 3.500000000000000444, 1.800000000000000266 ) ) ;
#1001 = ORIENTED_EDGE ( 'NONE', *, *, #645, .T. ) ;
#1002 = DESIGN_CONTEXT ( 'detailed design', #992, 'design' ) ;
#1003 = FACE_OUTER_BOUND ( 'NONE', #167, .T. ) ;
#1004 = COORDINATED_UNIVERSAL_TIME_OFFSET ( 5, 0, .BEHIND. ) ;
#1005 = ORIENTED_EDGE ( 'NONE', *, *, #1147, .T. ) ;
#1006 = EDGE_CURVE ( 'NONE', #275, #1272, #1474, .T. ) ;
#1007 = LINE ( 'NONE', #979, #1628 ) ;
#1008 = ORIENTED_EDGE ( 'NONE', *, *, #1748, .F. ) ;
#1009 = DIRECTION ( 'NONE',  ( 0.000000000000000000, 0.000000000000000000, -1.000000000000000000 ) ) ;
#1010 = CARTESIAN_POINT ( 'NONE',  ( 5.635000000000000675, 2.865000000000000213, -0.2000000000000000111 ) ) ;
#1011 = AXIS2_PLACEMENT_3D ( 'NONE', #1716, #1014, #1442 ) ;
#1012 = VERTEX_POINT ( 'NONE', #36 ) ;
#1013 = CIRCLE ( 'NONE', #1842, 0.3500000000000000333 ) ;
#1014 = DIRECTION ( 'NONE',  ( 1.000000000000000000, 0.000000000000000000, 0.000000000000000000 ) ) ;
#1015 = APPROVAL_ROLE ( '' ) ;
#1016 = CLOSED_SHELL ( 'NONE', ( #210, #1627, #1553, #1462, #1110, #312, #1766, #394, #173, #1562, #1875, #1093, #576, #1057, #715, #1650 ) ) ;
#1017 = PLANE ( 'NONE',  #929 ) ;
#1018 = ORIENTED_EDGE ( 'NONE', *, *, #1719, .T. ) ;
#1019 = CARTESIAN_POINT ( 'NONE',  ( 0.6350000000000000089, 3.500000000000000444, 0.5000000000000000000 ) ) ;
#1020 = AXIS2_PLACEMENT_3D ( 'NONE', #819, #365, #514 ) ;
#1021 = APPROVAL_PERSON_ORGANIZATION ( #1169, #998, #1015 ) ;
#1022 = CARTESIAN_POINT ( 'NONE',  ( 5.635000000000000675, -2.865000000000000213, -0.4999999999999993339 ) ) ;
#1023 = CARTESIAN_POINT ( 'NONE',  ( 5.635000000000000675, -2.865000000000000213, 0.2000000000000007050 ) ) ;
#1024 = CARTESIAN_POINT ( 'NONE',  ( 6.270000000000000462, -2.850000000000000089, 0.2150000000000006906 ) ) ;
#1025 = LINE ( 'NONE', #898, #377 ) ;
#1026 = ORIENTED_EDGE ( 'NONE', *, *, #103, .F. ) ;
#1027 = LINE ( 'NONE', #294, #1722 ) ;
#1028 = ORIENTED_EDGE ( 'NONE', *, *, #1427, .T. ) ;
#1029 = CARTESIAN_POINT ( 'NONE',  ( 0.6350000000000001199, -2.865000000000000213, 0.5000000000000001110 ) ) ;
#1030 = CARTESIAN_POINT ( 'NONE',  ( 5.635000000000000675, -3.500000000000000444, 0.2150000000000006073 ) ) ;
#1031 = ADVANCED_FACE ( 'NONE', ( #605 ), #1188, .T. ) ;
#1032 = LINE ( 'NONE', #748, #386 ) ;
#1033 = EDGE_CURVE ( 'NONE', #1877, #371, #1483, .T. ) ;
#1034 = DIRECTION ( 'NONE',  ( 0.000000000000000000, 1.000000000000000000, 0.000000000000000000 ) ) ;
#1035 = VERTEX_POINT ( 'NONE', #304 ) ;
#1036 = DIRECTION ( 'NONE',  ( -1.000000000000000000, 0.000000000000000000, -1.214306433183764966E-16 ) ) ;
#1037 = VERTEX_POINT ( 'NONE', #1640 ) ;
#1038 = CARTESIAN_POINT ( 'NONE',  ( 0.000000000000000000, 3.500000000000000444, 0.2000000000000000111 ) ) ;
#1039 = ADVANCED_FACE ( 'NONE', ( #333 ), #882, .T. ) ;
#1040 = DIRECTION ( 'NONE',  ( 1.000000000000000000, 0.000000000000000000, 0.000000000000000000 ) ) ;
#1041 = DIRECTION ( 'NONE',  ( 0.000000000000000000, -1.000000000000000000, 0.000000000000000000 ) ) ;
#1042 = CARTESIAN_POINT ( 'NONE',  ( 0.6350000000000000089, -3.500000000000000444, -0.1999999999999999278 ) ) ;
#1043 = VERTEX_POINT ( 'NONE', #1207 ) ;
#1044 = CARTESIAN_POINT ( 'NONE',  ( 0.000000000000000000, 0.000000000000000000, 0.000000000000000000 ) ) ;
#1045 = VECTOR ( 'NONE', #530, 100.0000000000000000 ) ;
#1046 = ORIENTED_EDGE ( 'NONE', *, *, #531, .F. ) ;
#1047 = DIRECTION ( 'NONE',  ( 1.000000000000000000, -0.000000000000000000, -0.000000000000000000 ) ) ;
#1048 = VECTOR ( 'NONE', #1079, 100.0000000000000000 ) ;
#1049 = CARTESIAN_POINT ( 'NONE',  ( -0.6350000000000000089, 2.865000000000000213, -0.2000000000000000111 ) ) ;
#1050 = FACE_OUTER_BOUND ( 'NONE', #1063, .T. ) ;
#1051 = VECTOR ( 'NONE', #999, 100.0000000000000000 ) ;
#1052 = ORIENTED_EDGE ( 'NONE', *, *, #1486, .F. ) ;
#1053 = CARTESIAN_POINT ( 'NONE',  ( 5.635000000000000675, -2.865000000000000213, -0.4999999999999993339 ) ) ;
#1054 = EDGE_CURVE ( 'NONE', #1166, #1035, #165, .T. ) ;
#1055 = VERTEX_POINT ( 'NONE', #1812 ) ;
#1056 = DIRECTION ( 'NONE',  ( 1.000000000000000000, -0.000000000000000000, -0.000000000000000000 ) ) ;
#1057 = ADVANCED_FACE ( 'NONE', ( #1393 ), #220, .T. ) ;
#1058 = CARTESIAN_POINT ( 'NONE',  ( 0.6350000000000000089, -2.865000000000000213, -0.1999999999999999278 ) ) ;
#1059 = LINE ( 'NONE', #941, #1205 ) ;
#1060 = EDGE_CURVE ( 'NONE', #1539, #1501, #1838, .T. ) ;
#1061 = ORIENTED_EDGE ( 'NONE', *, *, #1677, .F. ) ;
#1062 = PLANE ( 'NONE',  #473 ) ;
#1063 = EDGE_LOOP ( 'NONE', ( #668, #519, #1550, #1476 ) ) ;
#1064 = LINE ( 'NONE', #1029, #1196 ) ;
#1065 = EDGE_CURVE ( 'NONE', #1043, #23, #360, .T. ) ;
#1066 = CARTESIAN_POINT ( 'NONE',  ( 6.270000000000000462, 3.500000000000000444, -0.2000000000000000111 ) ) ;
#1067 = LINE ( 'NONE', #1793, #1693 ) ;
#1068 = VERTEX_POINT ( 'NONE', #1647 ) ;
#1069 = CARTESIAN_POINT ( 'NONE',  ( 0.000000000000000000, -3.500000000000000444, 0.000000000000000000 ) ) ;
#1070 = ORIENTED_EDGE ( 'NONE', *, *, #1451, .T. ) ;
#1071 = CARTESIAN_POINT ( 'NONE',  ( 6.270000000000000462, -2.850000000000000089, -0.2149999999999993028 ) ) ;
#1072 = VECTOR ( 'NONE', #1687, 100.0000000000000000 ) ;
#1073 = ORIENTED_EDGE ( 'NONE', *, *, #477, .F. ) ;
#1074 = LINE ( 'NONE', #111, #1755 ) ;
#1075 = VECTOR ( 'NONE', #728, 100.0000000000000000 ) ;
#1076 = CARTESIAN_POINT ( 'NONE',  ( 0.6350000000000000089, 2.865000000000000213, -0.5000000000000000000 ) ) ;
#1077 = EDGE_CURVE ( 'NONE', #854, #1805, #502, .T. ) ;
#1078 = ORIENTED_EDGE ( 'NONE', *, *, #1224, .T. ) ;
#1079 = DIRECTION ( 'NONE',  ( 0.000000000000000000, -1.000000000000000000, 0.000000000000000000 ) ) ;
#1080 = VERTEX_POINT ( 'NONE', #1684 ) ;
#1081 = LINE ( 'NONE', #781, #617 ) ;
#1082 = EDGE_LOOP ( 'NONE', ( #503, #1629, #883, #1656 ) ) ;
#1083 = CARTESIAN_POINT ( 'NONE',  ( 5.635000000000000675, 3.500000000000000444, 1.800000000000000266 ) ) ;
#1084 = EDGE_CURVE ( 'NONE', #371, #1272, #806, .T. ) ;
#1085 = FACE_OUTER_BOUND ( 'NONE', #597, .T. ) ;
#1086 = EDGE_CURVE ( 'NONE', #506, #285, #1509, .T. ) ;
#1087 = ORIENTED_EDGE ( 'NONE', *, *, #947, .F. ) ;
#1088 = DIRECTION ( 'NONE',  ( 1.000000000000000000, -0.000000000000000000, -0.000000000000000000 ) ) ;
#1089 = ORIENTED_EDGE ( 'NONE', *, *, #1248, .F. ) ;
#1090 = DIRECTION ( 'NONE',  ( -1.000000000000000000, 0.000000000000000000, -1.214306433183764966E-16 ) ) ;
#1091 = ORIENTED_EDGE ( 'NONE', *, *, #947, .T. ) ;
#1092 = DIRECTION ( 'NONE',  ( -1.734723475976806848E-16, 0.000000000000000000, -1.000000000000000000 ) ) ;
#1093 = ADVANCED_FACE ( 'NONE', ( #660 ), #1096, .F. ) ;
#1094 = CARTESIAN_POINT ( 'NONE',  ( 5.635000000000000675, 0.000000000000000000, 0.2150000000000006906 ) ) ;
#1095 = VERTEX_POINT ( 'NONE', #341 ) ;
#1096 = PLANE ( 'NONE',  #618 ) ;
#1097 = ORIENTED_EDGE ( 'NONE', *, *, #269, .T. ) ;
#1098 = CARTESIAN_POINT ( 'NONE',  ( 5.270000000000000462, 4.286263797015736595E-17, 0.3500000000000000333 ) ) ;
#1099 = ORIENTED_EDGE ( 'NONE', *, *, #828, .F. ) ;
#1100 = CARTESIAN_POINT ( 'NONE',  ( 0.6350000000000000089, 0.000000000000000000, 0.2149999999999999967 ) ) ;
#1101 = VECTOR ( 'NONE', #83, 100.0000000000000000 ) ;
#1102 = AXIS2_PLACEMENT_3D ( 'NONE', #887, #1488, #1776 ) ;
#1103 = CARTESIAN_POINT ( 'NONE',  ( 0.6350000000000000089, -3.469446951953614189E-16, 0.6500000000000000222 ) ) ;
#1104 = VECTOR ( 'NONE', #22, 100.0000000000000000 ) ;
#1105 = ORIENTED_EDGE ( 'NONE', *, *, #1713, .F. ) ;
#1106 = AXIS2_PLACEMENT_3D ( 'NONE', #940, #1530, #1664 ) ;
#1107 = CARTESIAN_POINT ( 'NONE',  ( 6.270000000000000462, -3.500000000000000444, 1.800000000000000266 ) ) ;
#1108 = AXIS2_PLACEMENT_3D ( 'NONE', #836, #1762, #1161 ) ;
#1109 = ORIENTED_EDGE ( 'NONE', *, *, #1368, .F. ) ;
#1110 = ADVANCED_FACE ( 'NONE', ( #375, #956 ), #1062, .F. ) ;
#1111 = DIRECTION ( 'NONE',  ( 0.000000000000000000, -1.000000000000000000, 0.000000000000000000 ) ) ;
#1112 = ORIENTED_EDGE ( 'NONE', *, *, #389, .T. ) ;
#1113 = EDGE_CURVE ( 'NONE', #501, #1159, #1240, .T. ) ;
#1114 = AXIS2_PLACEMENT_3D ( 'NONE', #1505, #488, #1343 ) ;
#1115 = FACE_OUTER_BOUND ( 'NONE', #1482, .T. ) ;
#1116 = PLANE ( 'NONE',  #536 ) ;
#1117 = ORIENTED_EDGE ( 'NONE', *, *, #1454, .F. ) ;
#1118 = CARTESIAN_POINT ( 'NONE',  ( 5.635000000000000675, -2.865000000000000213, 0.5000000000000006661 ) ) ;
#1119 = EDGE_CURVE ( 'NONE', #1055, #1685, #510, .T. ) ;
#1120 = ORIENTED_EDGE ( 'NONE', *, *, #130, .T. ) ;
#1121 = CARTESIAN_POINT ( 'NONE',  ( -1.270000000000000018, 2.850000000000000089, -0.2149999999999999967 ) ) ;
#1122 = EDGE_LOOP ( 'NONE', ( #1099, #1355 ) ) ;
#1123 = CARTESIAN_POINT ( 'NONE',  ( 6.270000000000000462, -2.865000000000000213, -0.1999999999999993172 ) ) ;
#1124 = EDGE_CURVE ( 'NONE', #1363, #450, #1013, .T. ) ;
#1125 = LINE ( 'NONE', #535, #899 ) ;
#1126 = CARTESIAN_POINT ( 'NONE',  ( 0.6350000000000000089, -3.500000000000000444, -0.2149999999999999134 ) ) ;
#1127 = ORIENTED_EDGE ( 'NONE', *, *, #1256, .T. ) ;
#1128 = CARTESIAN_POINT ( 'NONE',  ( 0.6350000000000000089, -3.500000000000000444, 0.2149999999999999134 ) ) ;
#1129 = CALENDAR_DATE ( 2026, 8, 9 ) ;
#1130 = ORIENTED_EDGE ( 'NONE', *, *, #1781, .F. ) ;
#1131 = FACE_OUTER_BOUND ( 'NONE', #495, .T. ) ;
#1132 = DIRECTION ( 'NONE',  ( 0.000000000000000000, 1.000000000000000000, 0.000000000000000000 ) ) ;
#1133 = VECTOR ( 'NONE', #852, 100.0000000000000000 ) ;
#1134 = EDGE_CURVE ( 'NONE', #431, #841, #97, .T. ) ;
#1135 = FACE_OUTER_BOUND ( 'NONE', #1882, .T. ) ;
#1136 = VECTOR ( 'NONE', #934, 100.0000000000000000 ) ;
#1137 = VECTOR ( 'NONE', #627, 100.0000000000000000 ) ;
#1138 = ORIENTED_EDGE ( 'NONE', *, *, #1677, .T. ) ;
#1139 = LINE ( 'NONE', #976, #406 ) ;
#1140 = CALENDAR_DATE ( 2026, 8, 9 ) ;
#1141 = EDGE_LOOP ( 'NONE', ( #303, #1555, #1622, #1525, #221, #1420, #769, #1675, #606, #823, #1797, #1441 ) ) ;
#1142 = CARTESIAN_POINT ( 'NONE',  ( 0.6350000000000000089, 0.000000000000000000, -0.2149999999999999967 ) ) ;
#1143 = AXIS2_PLACEMENT_3D ( 'NONE', #727, #1460, #1176 ) ;
#1144 = CARTESIAN_POINT ( 'NONE',  ( 0.6350000000000000089, 3.500000000000000444, -0.2000000000000000111 ) ) ;
#1145 = PLANE ( 'NONE',  #296 ) ;
#1146 = LINE ( 'NONE', #840, #863 ) ;
#1147 = EDGE_CURVE ( 'NONE', #164, #1, #1830, .T. ) ;
#1148 = ORIENTED_EDGE ( 'NONE', *, *, #1077, .T. ) ;
#1149 = CARTESIAN_POINT ( 'NONE',  ( 5.635000000000000675, -3.500000000000000444, -1.800000000000000266 ) ) ;
#1150 = EDGE_LOOP ( 'NONE', ( #1433, #630 ) ) ;
#1151 = DIRECTION ( 'NONE',  ( 0.000000000000000000, -0.000000000000000000, 1.000000000000000000 ) ) ;
#1152 = DIRECTION ( 'NONE',  ( 1.000000000000000000, -0.000000000000000000, -0.000000000000000000 ) ) ;
#1153 = CARTESIAN_POINT ( 'NONE',  ( 6.270000000000000462, -3.500000000000000444, 1.800000000000000266 ) ) ;
#1154 = CARTESIAN_POINT ( 'NONE',  ( 0.000000000000000000, 3.500000000000000444, -0.2149999999999999967 ) ) ;
#1155 = ORIENTED_EDGE ( 'NONE', *, *, #1281, .F. ) ;
#1156 = CARTESIAN_POINT ( 'NONE',  ( 0.6350000000000000089, 3.500000000000000444, 1.800000000000000266 ) ) ;
#1157 = CARTESIAN_POINT ( 'NONE',  ( 0.000000000000000000, 0.000000000000000000, 0.000000000000000000 ) ) ;
#1158 = LINE ( 'NONE', #339, #116 ) ;
#1159 = VERTEX_POINT ( 'NONE', #1496 ) ;
#1160 = DIRECTION ( 'NONE',  ( 1.000000000000000000, -0.000000000000000000, -0.000000000000000000 ) ) ;
#1161 = DIRECTION ( 'NONE',  ( -1.000000000000000000, 0.000000000000000000, -0.000000000000000000 ) ) ;
#1162 = DIRECTION ( 'NONE',  ( -1.734723475976806848E-16, 0.000000000000000000, -1.000000000000000000 ) ) ;
#1163 = PLANE ( 'NONE',  #960 ) ;
#1164 = CARTESIAN_POINT ( 'NONE',  ( 0.6350000000000000089, 2.865000000000000213, -0.2000000000000000111 ) ) ;
#1165 = AXIS2_PLACEMENT_3D ( 'NONE', #179, #343, #1349 ) ;
#1166 = VERTEX_POINT ( 'NONE', #631 ) ;
#1167 = VECTOR ( 'NONE', #1269, 100.0000000000000000 ) ;
#1168 = CARTESIAN_POINT ( 'NONE',  ( 5.635000000000000675, -2.865000000000000213, -0.1999999999999993172 ) ) ;
#1169 = PERSON_AND_ORGANIZATION ( #1621, #1504 ) ;
#1170 = ADVANCED_FACE ( 'NONE', ( #1214 ), #1804, .F. ) ;
#1171 = ORIENTED_EDGE ( 'NONE', *, *, #1449, .T. ) ;
#1172 = CARTESIAN_POINT ( 'NONE',  ( 6.270000000000000462, 3.500000000000000444, 0.2000000000000000111 ) ) ;
#1173 = APPROVAL_PERSON_ORGANIZATION ( #1718, #1568, #701 ) ;
#1174 = EDGE_CURVE ( 'NONE', #164, #1663, #1657, .T. ) ;
#1175 = LINE ( 'NONE', #1314, #1440 ) ;
#1176 = DIRECTION ( 'NONE',  ( -1.000000000000000000, 0.000000000000000000, -1.387778780781445676E-16 ) ) ;
#1177 = DIRECTION ( 'NONE',  ( -1.000000000000000000, -0.000000000000000000, -0.000000000000000000 ) ) ;
#1178 = VERTEX_POINT ( 'NONE', #350 ) ;
#1179 = DIRECTION ( 'NONE',  ( 0.000000000000000000, -1.000000000000000000, 0.000000000000000000 ) ) ;
#1180 = EDGE_CURVE ( 'NONE', #325, #760, #1676, .T. ) ;
#1181 = ORIENTED_EDGE ( 'NONE', *, *, #4, .T. ) ;
#1182 = CARTESIAN_POINT ( 'NONE',  ( 6.270000000000000462, 2.865000000000000213, 0.2000000000000000111 ) ) ;
#1183 = LINE ( 'NONE', #1066, #84 ) ;
#1184 = DIRECTION ( 'NONE',  ( 0.000000000000000000, 0.000000000000000000, -1.000000000000000000 ) ) ;
#1185 = EDGE_CURVE ( 'NONE', #1037, #689, #1260, .T. ) ;
#1186 = FACE_OUTER_BOUND ( 'NONE', #369, .T. ) ;
#1187 = VERTEX_POINT ( 'NONE', #398 ) ;
#1188 = PLANE ( 'NONE',  #500 ) ;
#1189 = ORIENTED_EDGE ( 'NONE', *, *, #1486, .T. ) ;
#1190 = DIRECTION ( 'NONE',  ( -1.734723475976806848E-16, 0.000000000000000000, -1.000000000000000000 ) ) ;
#1191 = DIRECTION ( 'NONE',  ( -1.000000000000000000, -0.000000000000000000, -0.000000000000000000 ) ) ;
#1192 = ADVANCED_FACE ( 'NONE', ( #538, #254 ), #545, .F. ) ;
#1193 = CARTESIAN_POINT ( 'NONE',  ( 0.6350000000000000089, -2.850000000000000089, 0.000000000000000000 ) ) ;
#1194 = ORIENTED_EDGE ( 'NONE', *, *, #1208, .F. ) ;
#1195 = CARTESIAN_POINT ( 'NONE',  ( 0.000000000000000000, -2.850000000000000089, 0.2150000000000000799 ) ) ;
#1196 = VECTOR ( 'NONE', #1190, 100.0000000000000000 ) ;
#1197 = EDGE_CURVE ( 'NONE', #1837, #1611, #124, .T. ) ;
#1198 = VERTEX_POINT ( 'NONE', #1697 ) ;
#1199 = DIRECTION ( 'NONE',  ( -0.000000000000000000, 1.000000000000000000, 0.000000000000000000 ) ) ;
#1200 = AXIS2_PLACEMENT_3D ( 'NONE', #330, #594, #154 ) ;
#1201 = DIRECTION ( 'NONE',  ( -0.000000000000000000, -1.000000000000000000, -0.000000000000000000 ) ) ;
#1202 = VECTOR ( 'NONE', #619, 100.0000000000000000 ) ;
#1203 = ADVANCED_FACE ( 'NONE', ( #1135 ), #280, .F. ) ;
#1204 = DIRECTION ( 'NONE',  ( 0.000000000000000000, 0.000000000000000000, 1.000000000000000000 ) ) ;
#1205 = VECTOR ( 'NONE', #1522, 100.0000000000000000 ) ;
#1206 = ORIENTED_EDGE ( 'NONE', *, *, #1185, .F. ) ;
#1207 = CARTESIAN_POINT ( 'NONE',  ( 0.000000000000000000, -3.500000000000000444, -0.1999999999999999278 ) ) ;
#1208 = EDGE_CURVE ( 'NONE', #405, #565, #1726, .T. ) ;
#1209 = ORIENTED_EDGE ( 'NONE', *, *, #1463, .T. ) ;
#1210 = CARTESIAN_POINT ( 'NONE',  ( 0.000000000000000000, 3.500000000000000444, 0.000000000000000000 ) ) ;
#1211 = CARTESIAN_POINT ( 'NONE',  ( 0.6350000000000000089, -3.469446951953614189E-16, 0.6500000000000000222 ) ) ;
#1212 = DIRECTION ( 'NONE',  ( 0.000000000000000000, 0.000000000000000000, -1.000000000000000000 ) ) ;
#1213 = VERTEX_POINT ( 'NONE', #972 ) ;
#1214 = FACE_OUTER_BOUND ( 'NONE', #1456, .T. ) ;
#1215 = ORIENTED_EDGE ( 'NONE', *, *, #1336, .T. ) ;
#1216 = PLANE ( 'NONE',  #1407 ) ;
#1217 = EDGE_CURVE ( 'NONE', #1241, #438, #416, .T. ) ;
#1218 = DIRECTION ( 'NONE',  ( -0.000000000000000000, -0.000000000000000000, -1.000000000000000000 ) ) ;
#1219 = CARTESIAN_POINT ( 'NONE',  ( 0.000000000000000000, -3.500000000000000444, 1.800000000000000266 ) ) ;
#1220 = ORIENTED_EDGE ( 'NONE', *, *, #477, .T. ) ;
#1221 = CARTESIAN_POINT ( 'NONE',  ( 5.635000000000000675, -3.500000000000000444, 0.5000000000000006661 ) ) ;
#1222 = ORIENTED_EDGE ( 'NONE', *, *, #1529, .T. ) ;
#1223 = CARTESIAN_POINT ( 'NONE',  ( 6.905000000000000249, -3.500000000000000444, 0.2000000000000007050 ) ) ;
#1224 = EDGE_CURVE ( 'NONE', #1231, #371, #133, .T. ) ;
#1225 = VECTOR ( 'NONE', #987, 100.0000000000000000 ) ;
#1226 = ORIENTED_EDGE ( 'NONE', *, *, #1695, .T. ) ;
#1227 = CARTESIAN_POINT ( 'NONE',  ( 0.6350000000000000089, 3.500000000000000444, 0.2000000000000000111 ) ) ;
#1228 = VECTOR ( 'NONE', #1849, 100.0000000000000000 ) ;
#1229 = ADVANCED_FACE ( 'NONE', ( #1402 ), #993, .F. ) ;
#1230 = CARTESIAN_POINT ( 'NONE',  ( 5.635000000000000675, -3.500000000000000444, -0.2149999999999993028 ) ) ;
#1231 = VERTEX_POINT ( 'NONE', #245 ) ;
#1232 = CARTESIAN_POINT ( 'NONE',  ( -0.6350000000000000089, -2.865000000000000213, 0.2000000000000000944 ) ) ;
#1233 = VECTOR ( 'NONE', #1856, 100.0000000000000000 ) ;
#1234 = ORIENTED_EDGE ( 'NONE', *, *, #1609, .T. ) ;
#1235 = DIRECTION ( 'NONE',  ( 0.000000000000000000, 0.000000000000000000, 1.000000000000000000 ) ) ;
#1236 = ORIENTED_EDGE ( 'NONE', *, *, #853, .T. ) ;
#1237 = PLANE ( 'NONE',  #1599 ) ;
#1238 = LINE ( 'NONE', #1494, #61 ) ;
#1239 = ORIENTED_EDGE ( 'NONE', *, *, #455, .T. ) ;
#1240 = LINE ( 'NONE', #795, #172 ) ;
#1241 = VERTEX_POINT ( 'NONE', #105 ) ;
#1242 = CARTESIAN_POINT ( 'NONE',  ( 6.905000000000000249, -2.865000000000000213, 0.2000000000000007050 ) ) ;
#1243 = VERTEX_POINT ( 'NONE', #719 ) ;
#1244 = LINE ( 'NONE', #931, #443 ) ;
#1245 = DIRECTION ( 'NONE',  ( 1.000000000000000000, 0.000000000000000000, 1.387778780781445676E-16 ) ) ;
#1246 = ORIENTED_EDGE ( 'NONE', *, *, #1060, .F. ) ;
#1247 = DIRECTION ( 'NONE',  ( 1.000000000000000000, -0.000000000000000000, 0.000000000000000000 ) ) ;
#1248 = EDGE_CURVE ( 'NONE', #851, #1035, #1146, .T. ) ;
#1249 = ORIENTED_EDGE ( 'NONE', *, *, #1454, .T. ) ;
#1250 = DIRECTION ( 'NONE',  ( 1.000000000000000000, -0.000000000000000000, 0.000000000000000000 ) ) ;
#1251 = ORIENTED_EDGE ( 'NONE', *, *, #774, .T. ) ;
#1252 = CARTESIAN_POINT ( 'NONE',  ( 0.6350000000000000089, 2.865000000000000213, -0.5000000000000000000 ) ) ;
#1253 = VECTOR ( 'NONE', #681, 100.0000000000000000 ) ;
#1254 = AXIS2_PLACEMENT_3D ( 'NONE', #1563, #526, #271 ) ;
#1255 = CARTESIAN_POINT ( 'NONE',  ( 7.540000000000000924, -2.850000000000000089, 0.2150000000000006906 ) ) ;
#1256 = EDGE_CURVE ( 'NONE', #1578, #431, #894, .T. ) ;
#1257 = VECTOR ( 'NONE', #1162, 100.0000000000000000 ) ;
#1258 = ORIENTED_EDGE ( 'NONE', *, *, #921, .F. ) ;
#1259 = VECTOR ( 'NONE', #1551, 100.0000000000000000 ) ;
#1260 = LINE ( 'NONE', #1107, #591 ) ;
#1261 = CC_DESIGN_APPROVAL ( #998, ( #1654 ) ) ;
#1262 = ORIENTED_EDGE ( 'NONE', *, *, #983, .T. ) ;
#1263 = CARTESIAN_POINT ( 'NONE',  ( 0.6350000000000000089, 2.865000000000000213, -0.5000000000000000000 ) ) ;
#1264 = ADVANCED_FACE ( 'NONE', ( #388 ), #425, .T. ) ;
#1265 = ORIENTED_EDGE ( 'NONE', *, *, #603, .T. ) ;
#1266 = VECTOR ( 'NONE', #1204, 100.0000000000000000 ) ;
#1267 = CARTESIAN_POINT ( 'NONE',  ( -1.270000000000000018, 2.850000000000000089, 0.2149999999999999967 ) ) ;
#1268 = CARTESIAN_POINT ( 'NONE',  ( 0.000000000000000000, 2.850000000000000089, -0.2149999999999999967 ) ) ;
#1269 = DIRECTION ( 'NONE',  ( 0.000000000000000000, -1.000000000000000000, 0.000000000000000000 ) ) ;
#1270 = ORIENTED_EDGE ( 'NONE', *, *, #327, .F. ) ;
#1271 = CARTESIAN_POINT ( 'NONE',  ( 0.6350000000000001199, -3.500000000000000444, 0.5000000000000001110 ) ) ;
#1272 = VERTEX_POINT ( 'NONE', #1275 ) ;
#1273 = DIRECTION ( 'NONE',  ( 1.000000000000000000, 0.000000000000000000, 1.387778780781445676E-16 ) ) ;
#1274 = FACE_OUTER_BOUND ( 'NONE', #595, .T. ) ;
#1275 = CARTESIAN_POINT ( 'NONE',  ( 5.635000000000000675, -3.500000000000000444, -0.1999999999999993172 ) ) ;
#1276 = VERTEX_POINT ( 'NONE', #1866 ) ;
#1277 = CARTESIAN_POINT ( 'NONE',  ( 6.905000000000000249, 3.500000000000000444, -0.2000000000000000111 ) ) ;
#1278 = VERTEX_POINT ( 'NONE', #830 ) ;
#1279 = CARTESIAN_POINT ( 'NONE',  ( 5.635000000000000675, -3.500000000000000444, -0.4999999999999993339 ) ) ;
#1280 =( LENGTH_UNIT ( ) NAMED_UNIT ( * ) SI_UNIT ( .CENTI., .METRE. ) );
#1281 = EDGE_CURVE ( 'NONE', #762, #1012, #1429, .T. ) ;
#1282 = FACE_OUTER_BOUND ( 'NONE', #730, .T. ) ;
#1283 = EDGE_CURVE ( 'NONE', #1501, #117, #1573, .T. ) ;
#1284 = VECTOR ( 'NONE', #108, 100.0000000000000000 ) ;
#1285 = CARTESIAN_POINT ( 'NONE',  ( 0.6349999999999997868, -2.850000000000000089, 0.2150000000000000799 ) ) ;
#1286 = VECTOR ( 'NONE', #1356, 100.0000000000000000 ) ;
#1287 = ORIENTED_EDGE ( 'NONE', *, *, #758, .T. ) ;
#1288 = CARTESIAN_POINT ( 'NONE',  ( 0.6350000000000000089, 3.500000000000000444, -1.800000000000000266 ) ) ;
#1289 = DATE_AND_TIME ( #692, #1411 ) ;
#1290 = ORIENTED_EDGE ( 'NONE', *, *, #953, .F. ) ;
#1291 = LINE ( 'NONE', #1863, #170 ) ;
#1292 = VECTOR ( 'NONE', #270, 100.0000000000000000 ) ;
#1293 = DIRECTION ( 'NONE',  ( 1.000000000000000000, -0.000000000000000000, 1.387778780781445676E-16 ) ) ;
#1294 = FACE_OUTER_BOUND ( 'NONE', #736, .T. ) ;
#1295 = CARTESIAN_POINT ( 'NONE',  ( 6.270000000000000462, -2.850000000000000089, -0.2149999999999993028 ) ) ;
#1296 = EDGE_LOOP ( 'NONE', ( #92, #1464, #578, #1678 ) ) ;
#1297 = LINE ( 'NONE', #1868, #1284 ) ;
#1298 = DATE_AND_TIME ( #1129, #444 ) ;
#1299 = DIRECTION ( 'NONE',  ( 0.000000000000000000, 0.000000000000000000, -1.000000000000000000 ) ) ;
#1300 = VERTEX_POINT ( 'NONE', #1285 ) ;
#1301 = DIRECTION ( 'NONE',  ( -0.000000000000000000, -0.000000000000000000, 1.000000000000000000 ) ) ;
#1302 = CARTESIAN_POINT ( 'NONE',  ( 0.000000000000000000, -2.865000000000000213, -0.1999999999999999278 ) ) ;
#1303 = DIRECTION ( 'NONE',  ( 0.000000000000000000, 0.000000000000000000, -1.000000000000000000 ) ) ;
#1304 = DIRECTION ( 'NONE',  ( -1.000000000000000000, -0.000000000000000000, -8.352109954983220072E-33 ) ) ;
#1305 = EDGE_CURVE ( 'NONE', #511, #1601, #1876, .T. ) ;
#1306 = B_SPLINE_CURVE_WITH_KNOTS ( 'NONE', 1,
 ( #1681, #233 ),
 .UNSPECIFIED., .F., .F.,
 ( 2, 2 ),
 ( 0.000000000000000000, 0.3067632850241546194 ),
 .UNSPECIFIED. ) ;
#1307 = ORIENTED_EDGE ( 'NONE', *, *, #1666, .F. ) ;
#1308 = DIRECTION ( 'NONE',  ( 1.000000000000000000, -0.000000000000000000, -0.000000000000000000 ) ) ;
#1309 = APPROVAL_DATE_TIME ( #1289, #998 ) ;
#1310 = EDGE_CURVE ( 'NONE', #604, #1484, #144, .T. ) ;
#1311 = ORIENTED_EDGE ( 'NONE', *, *, #336, .F. ) ;
#1312 = CARTESIAN_POINT ( 'NONE',  ( 0.6350000000000000089, 3.500000000000000444, 1.800000000000000266 ) ) ;
#1313 = MANIFOLD_SOLID_BREP ( 'Tab and Slot-Tab3', #412 ) ;
#1314 = CARTESIAN_POINT ( 'NONE',  ( 5.635000000000000675, -0.000000000000000000, 0.2149999999999999967 ) ) ;
#1315 = DIRECTION ( 'NONE',  ( 1.000000000000000000, 0.000000000000000000, -0.000000000000000000 ) ) ;
#1316 = EDGE_CURVE ( 'NONE', #588, #851, #1470, .T. ) ;
#1317 = FACE_OUTER_BOUND ( 'NONE', #492, .T. ) ;
#1318 = CIRCLE ( 'NONE', #1559, 0.3500000000000000333 ) ;
#1319 = ORIENTED_EDGE ( 'NONE', *, *, #327, .T. ) ;
#1320 = AXIS2_PLACEMENT_3D ( 'NONE', #889, #1330, #1602 ) ;
#1321 = CARTESIAN_POINT ( 'NONE',  ( 5.635000000000000675, -3.500000000000000444, -0.1999999999999993172 ) ) ;
#1322 = VECTOR ( 'NONE', #59, 100.0000000000000000 ) ;
#1323 = ORIENTED_EDGE ( 'NONE', *, *, #553, .F. ) ;
#1324 = ADVANCED_FACE ( 'NONE', ( #1050 ), #292, .T. ) ;
#1325 = LINE ( 'NONE', #186, #1813 ) ;
#1326 = CARTESIAN_POINT ( 'NONE',  ( -0.6350000000000000089, 3.500000000000000444, 0.2000000000000000111 ) ) ;
#1327 = PLANE ( 'NONE',  #291 ) ;
#1328 = DIRECTION ( 'NONE',  ( 0.000000000000000000, 0.000000000000000000, -1.000000000000000000 ) ) ;
#1329 = ORIENTED_EDGE ( 'NONE', *, *, #1665, .F. ) ;
#1330 = DIRECTION ( 'NONE',  ( 0.000000000000000000, 0.000000000000000000, -1.000000000000000000 ) ) ;
#1331 = VERTEX_POINT ( 'NONE', #1154 ) ;
#1332 = DIRECTION ( 'NONE',  ( 0.000000000000000000, 0.000000000000000000, -1.000000000000000000 ) ) ;
#1333 = CARTESIAN_POINT ( 'NONE',  ( 0.6350000000000000089, 3.500000000000000444, 1.800000000000000266 ) ) ;
#1334 = ADVANCED_FACE ( 'NONE', ( #1186 ), #1744, .F. ) ;
#1335 = CARTESIAN_POINT ( 'NONE',  ( 6.270000000000000462, 0.000000000000000000, 0.000000000000000000 ) ) ;
#1336 = EDGE_CURVE ( 'NONE', #501, #1472, #189, .T. ) ;
#1337 = ORIENTED_EDGE ( 'NONE', *, *, #1537, .T. ) ;
#1338 = LINE ( 'NONE', #156, #1439 ) ;
#1339 = ORIENTED_EDGE ( 'NONE', *, *, #983, .F. ) ;
#1340 = LINE ( 'NONE', #598, #800 ) ;
#1341 = FACE_OUTER_BOUND ( 'NONE', #1731, .T. ) ;
#1342 = EDGE_CURVE ( 'NONE', #622, #230, #1025, .T. ) ;
#1343 = DIRECTION ( 'NONE',  ( 0.000000000000000000, 0.000000000000000000, -1.000000000000000000 ) ) ;
#1344 = ORIENTED_EDGE ( 'NONE', *, *, #935, .F. ) ;
#1345 = DIRECTION ( 'NONE',  ( 0.000000000000000000, 1.000000000000000000, -0.000000000000000000 ) ) ;
#1346 = AXIS2_PLACEMENT_3D ( 'NONE', #1642, #1332, #1614 ) ;
#1347 = VECTOR ( 'NONE', #13, 100.0000000000000000 ) ;
#1348 = ORIENTED_EDGE ( 'NONE', *, *, #1425, .F. ) ;
#1349 = DIRECTION ( 'NONE',  ( -1.000000000000000000, 0.000000000000000000, -0.000000000000000000 ) ) ;
#1350 = VECTOR ( 'NONE', #40, 100.0000000000000000 ) ;
#1351 = AXIS2_PLACEMENT_3D ( 'NONE', #1636, #1040, #1624 ) ;
#1352 = CARTESIAN_POINT ( 'NONE',  ( 5.635000000000000675, 2.865000000000000213, -0.5000000000000006661 ) ) ;
#1353 = AXIS2_PLACEMENT_3D ( 'NONE', #1372, #1809, #1514 ) ;
#1354 = CARTESIAN_POINT ( 'NONE',  ( 6.270000000000000462, 2.850000000000000089, -0.2149999999999999967 ) ) ;
#1355 = ORIENTED_EDGE ( 'NONE', *, *, #1396, .F. ) ;
#1356 = DIRECTION ( 'NONE',  ( 1.000000000000000000, -0.000000000000000000, -0.000000000000000000 ) ) ;
#1357 = ORIENTED_EDGE ( 'NONE', *, *, #1710, .F. ) ;
#1358 = DIRECTION ( 'NONE',  ( -1.000000000000000000, -0.000000000000000000, -0.000000000000000000 ) ) ;
#1359 = ORIENTED_EDGE ( 'NONE', *, *, #1396, .T. ) ;
#1360 = DIRECTION ( 'NONE',  ( 0.000000000000000000, 0.000000000000000000, -1.000000000000000000 ) ) ;
#1361 = PLANE ( 'NONE',  #1108 ) ;
#1362 = DIRECTION ( 'NONE',  ( -0.000000000000000000, -1.000000000000000000, -0.000000000000000000 ) ) ;
#1363 = VERTEX_POINT ( 'NONE', #1767 ) ;
#1364 = DIRECTION ( 'NONE',  ( 0.000000000000000000, 1.000000000000000000, 0.000000000000000000 ) ) ;
#1365 = ADVANCED_FACE ( 'NONE', ( #765 ), #1481, .T. ) ;
#1366 = ORIENTED_EDGE ( 'NONE', *, *, #1054, .F. ) ;
#1367 = LINE ( 'NONE', #1223, #284 ) ;
#1368 = EDGE_CURVE ( 'NONE', #965, #671, #456, .T. ) ;
#1369 = ADVANCED_FACE ( 'NONE', ( #1317 ), #11, .T. ) ;
#1370 = ORIENTED_EDGE ( 'NONE', *, *, #494, .T. ) ;
#1371 = DIRECTION ( 'NONE',  ( -1.000000000000000000, -0.000000000000000000, -0.000000000000000000 ) ) ;
#1372 = CARTESIAN_POINT ( 'NONE',  ( -1.270000000000000018, 3.515000000000000124, 0.2149999999999999967 ) ) ;
#1373 = EDGE_CURVE ( 'NONE', #1300, #1178, #1618, .T. ) ;
#1374 = ORIENTED_EDGE ( 'NONE', *, *, #26, .F. ) ;
#1375 = DIRECTION ( 'NONE',  ( 0.000000000000000000, 1.000000000000000000, 0.000000000000000000 ) ) ;
#1376 = VERTEX_POINT ( 'NONE', #1042 ) ;
#1377 = DIRECTION ( 'NONE',  ( 0.000000000000000000, 0.000000000000000000, 1.000000000000000000 ) ) ;
#1378 = VECTOR ( 'NONE', #260, 100.0000000000000000 ) ;
#1379 = ORIENTED_EDGE ( 'NONE', *, *, #1828, .T. ) ;
#1380 = CARTESIAN_POINT ( 'NONE',  ( -0.6350000000000000089, 3.500000000000000444, -0.2000000000000000111 ) ) ;
#1381 = VECTOR ( 'NONE', #1438, 100.0000000000000000 ) ;
#1382 = VECTOR ( 'NONE', #1615, 100.0000000000000000 ) ;
#1383 = DIRECTION ( 'NONE',  ( -0.000000000000000000, -1.000000000000000000, 0.000000000000000000 ) ) ;
#1384 = VERTEX_POINT ( 'NONE', #738 ) ;
#1385 = DIRECTION ( 'NONE',  ( 0.000000000000000000, 1.000000000000000000, 0.000000000000000000 ) ) ;
#1386 = ORIENTED_EDGE ( 'NONE', *, *, #1084, .F. ) ;
#1387 = DIRECTION ( 'NONE',  ( 0.000000000000000000, 0.000000000000000000, -1.000000000000000000 ) ) ;
#1388 = ORIENTED_EDGE ( 'NONE', *, *, #355, .F. ) ;
#1389 = CARTESIAN_POINT ( 'NONE',  ( 0.6350000000000001199, -2.865000000000000213, 0.5000000000000001110 ) ) ;
#1390 = CARTESIAN_POINT ( 'NONE',  ( 5.270000000000000462, 0.000000000000000000, 0.000000000000000000 ) ) ;
#1391 = EDGE_CURVE ( 'NONE', #565, #57, #1626, .T. ) ;
#1392 = ORIENTED_EDGE ( 'NONE', *, *, #1310, .F. ) ;
#1393 = FACE_OUTER_BOUND ( 'NONE', #939, .T. ) ;
#1394 = VERTEX_POINT ( 'NONE', #1610 ) ;
#1395 = CARTESIAN_POINT ( 'NONE',  ( 6.270000000000000462, -3.500000000000000444, 0.2150000000000006906 ) ) ;
#1396 = EDGE_CURVE ( 'NONE', #1187, #726, #831, .T. ) ;
#1397 = ORIENTED_EDGE ( 'NONE', *, *, #1775, .T. ) ;
#1398 = CARTESIAN_POINT ( 'NONE',  ( 5.635000000000000675, 3.500000000000000444, 0.2000000000000000111 ) ) ;
#1399 = DIRECTION ( 'NONE',  ( 0.000000000000000000, -1.000000000000000000, 0.000000000000000000 ) ) ;
#1400 = EDGE_CURVE ( 'NONE', #565, #1166, #174, .T. ) ;
#1401 = ORIENTED_EDGE ( 'NONE', *, *, #698, .T. ) ;
#1402 = FACE_OUTER_BOUND ( 'NONE', #902, .T. ) ;
#1403 = VERTEX_POINT ( 'NONE', #41 ) ;
#1404 = LINE ( 'NONE', #118, #498 ) ;
#1405 = ORIENTED_EDGE ( 'NONE', *, *, #1391, .F. ) ;
#1406 = DIRECTION ( 'NONE',  ( 0.000000000000000000, 0.000000000000000000, -1.000000000000000000 ) ) ;
#1407 = AXIS2_PLACEMENT_3D ( 'NONE', #958, #353, #1235 ) ;
#1408 = VECTOR ( 'NONE', #1364, 100.0000000000000000 ) ;
#1409 = DIRECTION ( 'NONE',  ( 0.000000000000000000, -0.000000000000000000, 1.000000000000000000 ) ) ;
#1410 = DIRECTION ( 'NONE',  ( 0.000000000000000000, 0.000000000000000000, -1.000000000000000000 ) ) ;
#1411 = LOCAL_TIME ( 10, 38, 38.00000000000000000, #709 ) ;
#1412 = ORIENTED_EDGE ( 'NONE', *, *, #1506, .F. ) ;
#1413 = DIRECTION ( 'NONE',  ( -1.000000000000000000, 0.000000000000000000, 0.000000000000000000 ) ) ;
#1414 = CALENDAR_DATE ( 2026, 8, 9 ) ;
#1415 = ORIENTED_EDGE ( 'NONE', *, *, #1858, .T. ) ;
#1416 = LINE ( 'NONE', #579, #256 ) ;
#1417 = CARTESIAN_POINT ( 'NONE',  ( 5.635000000000000675, 3.500000000000000444, -0.2149999999999999134 ) ) ;
#1418 = CARTESIAN_POINT ( 'NONE',  ( 6.905000000000000249, 3.500000000000000444, 0.2000000000000000111 ) ) ;
#1419 = B_SPLINE_CURVE_WITH_KNOTS ( 'NONE', 1,
 ( #1010, #583 ),
 .UNSPECIFIED., .F., .F.,
 ( 2, 2 ),
 ( 0.5000000000000000000, 0.8067632850241546194 ),
 .UNSPECIFIED. ) ;
#1420 = ORIENTED_EDGE ( 'NONE', *, *, #361, .T. ) ;
#1421 = CARTESIAN_POINT ( 'NONE',  ( 6.270000000000000462, 0.000000000000000000, 0.000000000000000000 ) ) ;
#1422 = MECHANICAL_CONTEXT ( 'NONE', #1717, 'mechanical' ) ;
#1423 = VERTEX_POINT ( 'NONE', #474 ) ;
#1424 = EDGE_CURVE ( 'NONE', #1489, #592, #3, .T. ) ;
#1425 = EDGE_CURVE ( 'NONE', #1037, #1384, #302, .T. ) ;
#1426 = DIRECTION ( 'NONE',  ( 0.000000000000000000, -0.000000000000000000, 1.000000000000000000 ) ) ;
#1427 = EDGE_CURVE ( 'NONE', #1198, #1394, #1419, .T. ) ;
#1428 = DIRECTION ( 'NONE',  ( 1.000000000000000000, -0.000000000000000000, -0.000000000000000000 ) ) ;
#1429 = LINE ( 'NONE', #1705, #321 ) ;
#1430 = ORIENTED_EDGE ( 'NONE', *, *, #361, .F. ) ;
#1431 = DIRECTION ( 'NONE',  ( -0.000000000000000000, -0.000000000000000000, 1.000000000000000000 ) ) ;
#1432 = APPROVAL_ROLE ( '' ) ;
#1433 = ORIENTED_EDGE ( 'NONE', *, *, #1256, .F. ) ;
#1434 = DIRECTION ( 'NONE',  ( 0.000000000000000000, 0.000000000000000000, -1.000000000000000000 ) ) ;
#1435 = VERTEX_POINT ( 'NONE', #1164 ) ;
#1436 = DIRECTION ( 'NONE',  ( -1.000000000000000000, 0.000000000000000000, 0.000000000000000000 ) ) ;
#1437 = VECTOR ( 'NONE', #770, 100.0000000000000000 ) ;
#1438 = DIRECTION ( 'NONE',  ( -1.000000000000000000, 0.000000000000000000, 0.000000000000000000 ) ) ;
#1439 = VECTOR ( 'NONE', #731, 100.0000000000000000 ) ;
#1440 = VECTOR ( 'NONE', #453, 100.0000000000000000 ) ;
#1441 = ORIENTED_EDGE ( 'NONE', *, *, #1609, .F. ) ;
#1442 = DIRECTION ( 'NONE',  ( 0.000000000000000000, 0.000000000000000000, -1.000000000000000000 ) ) ;
#1443 = PERSON_AND_ORGANIZATION_ROLE ( 'design_supplier' ) ;
#1444 = ORIENTED_EDGE ( 'NONE', *, *, #1652, .F. ) ;
#1445 = CYLINDRICAL_SURFACE ( 'NONE', #1593, 0.6500000000000000222 ) ;
#1446 = B_SPLINE_CURVE_WITH_KNOTS ( 'NONE', 1,
 ( #1168, #1321 ),
 .UNSPECIFIED., .F., .F.,
 ( 2, 2 ),
 ( 0.5000000000000000000, 0.8067632850241546194 ),
 .UNSPECIFIED. ) ;
#1447 = VECTOR ( 'NONE', #1461, 100.0000000000000000 ) ;
#1448 = CARTESIAN_POINT ( 'NONE',  ( 0.000000000000000000, -3.469446951953614189E-16, 0.6500000000000000222 ) ) ;
#1449 = EDGE_CURVE ( 'NONE', #1376, #1231, #445, .T. ) ;
#1450 = PLANE ( 'NONE',  #209 ) ;
#1451 = EDGE_CURVE ( 'NONE', #1403, #1055, #198, .T. ) ;
#1452 = DIRECTION ( 'NONE',  ( 1.000000000000000000, 0.000000000000000000, -0.000000000000000000 ) ) ;
#1453 = EDGE_LOOP ( 'NONE', ( #1785, #1405, #1194, #1708 ) ) ;
#1454 = EDGE_CURVE ( 'NONE', #1484, #854, #1238, .T. ) ;
#1455 = DIRECTION ( 'NONE',  ( 1.000000000000000000, 0.000000000000000000, -0.000000000000000000 ) ) ;
#1456 = EDGE_LOOP ( 'NONE', ( #1715, #1750, #653, #1401, #1811, #693, #27, #1584, #651, #783, #1171, #1078 ) ) ;
#1457 = CARTESIAN_POINT ( 'NONE',  ( 0.6350000000000000089, -3.500000000000000444, -0.2149999999999999134 ) ) ;
#1458 = EDGE_CURVE ( 'NONE', #313, #1435, #515, .T. ) ;
#1459 = ORIENTED_EDGE ( 'NONE', *, *, #667, .F. ) ;
#1460 = DIRECTION ( 'NONE',  ( 1.387778780781445676E-16, 0.000000000000000000, -1.000000000000000000 ) ) ;
#1461 = DIRECTION ( 'NONE',  ( -1.734723475976806848E-16, 0.000000000000000000, -1.000000000000000000 ) ) ;
#1462 = ADVANCED_FACE ( 'NONE', ( #225, #1674 ), #639, .T. ) ;
#1463 = EDGE_CURVE ( 'NONE', #431, #1578, #626, .T. ) ;
#1464 = ORIENTED_EDGE ( 'NONE', *, *, #1208, .T. ) ;
#1465 = CARTESIAN_POINT ( 'NONE',  ( 6.905000000000000249, -3.500000000000000444, 0.2000000000000007050 ) ) ;
#1466 = ORIENTED_EDGE ( 'NONE', *, *, #658, .T. ) ;
#1467 = CARTESIAN_POINT ( 'NONE',  ( -0.6350000000000000089, 2.865000000000000213, -0.2000000000000000111 ) ) ;
#1468 = CARTESIAN_POINT ( 'NONE',  ( 0.6350000000000000089, -2.865000000000000213, -0.1999999999999999278 ) ) ;
#1469 = FACE_OUTER_BOUND ( 'NONE', #659, .T. ) ;
#1470 = LINE ( 'NONE', #602, #1104 ) ;
#1471 = VECTOR ( 'NONE', #700, 100.0000000000000000 ) ;
#1472 = VERTEX_POINT ( 'NONE', #1219 ) ;
#1473 = VECTOR ( 'NONE', #1345, 100.0000000000000000 ) ;
#1474 = LINE ( 'NONE', #177, #1692 ) ;
#1475 = VECTOR ( 'NONE', #1293, 100.0000000000000000 ) ;
#1476 = ORIENTED_EDGE ( 'NONE', *, *, #37, .F. ) ;
#1477 = LINE ( 'NONE', #1467, #376 ) ;
#1478 = EDGE_CURVE ( 'NONE', #1243, #511, #49, .T. ) ;
#1479 = CARTESIAN_POINT ( 'NONE',  ( 5.635000000000000675, 2.865000000000000213, -0.5000000000000006661 ) ) ;
#1480 = AXIS2_PLACEMENT_3D ( 'NONE', #1608, #310, #886 ) ;
#1481 = PLANE ( 'NONE',  #52 ) ;
#1482 = EDGE_LOOP ( 'NONE', ( #1690, #192, #1825, #1789 ) ) ;
#1483 = LINE ( 'NONE', #1053, #287 ) ;
#1484 = VERTEX_POINT ( 'NONE', #70 ) ;
#1485 = PLANE ( 'NONE',  #1872 ) ;
#1486 = EDGE_CURVE ( 'NONE', #875, #742, #1067, .T. ) ;
#1487 = DIRECTION ( 'NONE',  ( -1.000000000000000000, -0.000000000000000000, -0.000000000000000000 ) ) ;
#1488 = DIRECTION ( 'NONE',  ( 0.000000000000000000, 1.000000000000000000, 0.000000000000000000 ) ) ;
#1489 = VERTEX_POINT ( 'NONE', #1230 ) ;
#1490 = LINE ( 'NONE', #613, #745 ) ;
#1491 = EDGE_LOOP ( 'NONE', ( #364, #720, #1234, #1613 ) ) ;
#1492 = FACE_OUTER_BOUND ( 'NONE', #662, .T. ) ;
#1493 = CARTESIAN_POINT ( 'NONE',  ( 0.6349999999999997868, 2.850000000000000089, 0.2149999999999999967 ) ) ;
#1494 = CARTESIAN_POINT ( 'NONE',  ( 6.270000000000000462, -3.500000000000000444, 1.800000000000000266 ) ) ;
#1495 = ORIENTED_EDGE ( 'NONE', *, *, #1283, .F. ) ;
#1496 = CARTESIAN_POINT ( 'NONE',  ( 0.6350000000000000089, -3.500000000000000444, 0.2149999999999999134 ) ) ;
#1497 = VECTOR ( 'NONE', #1111, 100.0000000000000000 ) ;
#1498 = AXIS2_PLACEMENT_3D ( 'NONE', #262, #1734, #847 ) ;
#1499 = ORIENTED_EDGE ( 'NONE', *, *, #870, .F. ) ;
#1500 = CARTESIAN_POINT ( 'NONE',  ( 5.635000000000000675, -2.850000000000000089, -0.2149999999999993028 ) ) ;
#1501 = VERTEX_POINT ( 'NONE', #482 ) ;
#1502 = CIRCLE ( 'NONE', #1845, 0.3500000000000000333 ) ;
#1503 = CARTESIAN_POINT ( 'NONE',  ( 7.540000000000000924, -2.850000000000000089, -0.2149999999999993028 ) ) ;
#1504 = ORGANIZATION ( 'UNSPECIFIED', 'UNSPECIFIED', '' ) ;
#1505 = CARTESIAN_POINT ( 'NONE',  ( 0.6350000000000000089, -3.469446951953614189E-16, 3.618428607958274558E-31 ) ) ;
#1506 = EDGE_CURVE ( 'NONE', #145, #1276, #1827, .T. ) ;
#1507 = AXIS2_PLACEMENT_3D ( 'NONE', #1818, #922, #234 ) ;
#1508 = ORIENTED_EDGE ( 'NONE', *, *, #355, .T. ) ;
#1509 = LINE ( 'NONE', #814, #1286 ) ;
#1510 = ADVANCED_FACE ( 'NONE', ( #88 ), #346, .F. ) ;
#1511 = ORIENTED_EDGE ( 'NONE', *, *, #465, .F. ) ;
#1512 = LINE ( 'NONE', #1242, #107 ) ;
#1513 = FACE_OUTER_BOUND ( 'NONE', #1757, .T. ) ;
#1514 = DIRECTION ( 'NONE',  ( 1.000000000000000000, 0.000000000000000000, -0.000000000000000000 ) ) ;
#1515 = ORIENTED_EDGE ( 'NONE', *, *, #436, .F. ) ;
#1516 = DIRECTION ( 'NONE',  ( 1.000000000000000000, 0.000000000000000000, -0.000000000000000000 ) ) ;
#1517 = EDGE_CURVE ( 'NONE', #1068, #206, #499, .T. ) ;
#1518 = ORIENTED_EDGE ( 'NONE', *, *, #243, .F. ) ;
#1519 = CARTESIAN_POINT ( 'NONE',  ( 5.635000000000000675, 2.865000000000000213, 0.2000000000000000111 ) ) ;
#1520 = VERTEX_POINT ( 'NONE', #1667 ) ;
#1521 = LINE ( 'NONE', #224, #204 ) ;
#1522 = DIRECTION ( 'NONE',  ( 0.000000000000000000, 1.000000000000000000, 0.000000000000000000 ) ) ;
#1523 = ORIENTED_EDGE ( 'NONE', *, *, #970, .F. ) ;
#1524 = DIRECTION ( 'NONE',  ( -1.000000000000000000, -0.000000000000000000, -0.000000000000000000 ) ) ;
#1525 = ORIENTED_EDGE ( 'NONE', *, *, #788, .T. ) ;
#1526 = DIRECTION ( 'NONE',  ( -1.000000000000000000, 0.000000000000000000, 1.734723475976806848E-16 ) ) ;
#1527 = VECTOR ( 'NONE', #461, 100.0000000000000000 ) ;
#1528 = ORIENTED_EDGE ( 'NONE', *, *, #308, .F. ) ;
#1529 = EDGE_CURVE ( 'NONE', #1541, #1384, #932, .T. ) ;
#1530 = DIRECTION ( 'NONE',  ( 1.000000000000000000, -0.000000000000000000, -0.000000000000000000 ) ) ;
#1531 = VECTOR ( 'NONE', #1524, 100.0000000000000000 ) ;
#1532 = VECTOR ( 'NONE', #1487, 100.0000000000000000 ) ;
#1533 = CC_DESIGN_PERSON_AND_ORGANIZATION_ASSIGNMENT ( #722, #843, ( #351 ) ) ;
#1534 = CARTESIAN_POINT ( 'NONE',  ( 0.000000000000000000, 2.865000000000000213, 0.2000000000000000111 ) ) ;
#1535 = LINE ( 'NONE', #236, #1322 ) ;
#1536 = CARTESIAN_POINT ( 'NONE',  ( 5.635000000000000675, 0.000000000000000000, 0.000000000000000000 ) ) ;
#1537 = EDGE_CURVE ( 'NONE', #313, #1720, #1059, .T. ) ;
#1538 = VECTOR ( 'NONE', #587, 100.0000000000000000 ) ;
#1539 = VERTEX_POINT ( 'NONE', #218 ) ;
#1540 = CARTESIAN_POINT ( 'NONE',  ( 0.6350000000000001199, -2.865000000000000213, 0.5000000000000001110 ) ) ;
#1541 = VERTEX_POINT ( 'NONE', #657 ) ;
#1542 = CARTESIAN_POINT ( 'NONE',  ( 0.6350000000000000089, 3.500000000000000444, 0.5000000000000000000 ) ) ;
#1543 = EDGE_CURVE ( 'NONE', #1547, #299, #1682, .T. ) ;
#1544 = CARTESIAN_POINT ( 'NONE',  ( 0.000000000000000000, 3.500000000000000444, 0.2000000000000000111 ) ) ;
#1545 = ORIENTED_EDGE ( 'NONE', *, *, #1449, .F. ) ;
#1546 = DIRECTION ( 'NONE',  ( 1.000000000000000000, 0.000000000000000000, 0.000000000000000000 ) ) ;
#1547 = VERTEX_POINT ( 'NONE', #373 ) ;
#1548 = CARTESIAN_POINT ( 'NONE',  ( 6.270000000000000462, -3.500000000000000444, 0.2000000000000007050 ) ) ;
#1549 = APPLICATION_PROTOCOL_DEFINITION ( 'international standard', 'config_control_design', 1994, #1717 ) ;
#1550 = ORIENTED_EDGE ( 'NONE', *, *, #1248, .T. ) ;
#1551 = DIRECTION ( 'NONE',  ( 1.000000000000000000, -0.000000000000000000, -0.000000000000000000 ) ) ;
#1552 = CARTESIAN_POINT ( 'NONE',  ( 6.270000000000000462, -3.500000000000000444, -1.800000000000000266 ) ) ;
#1553 = ADVANCED_FACE ( 'NONE', ( #951 ), #1644, .F. ) ;
#1554 = DIRECTION ( 'NONE',  ( 1.000000000000000000, 0.000000000000000000, 0.000000000000000000 ) ) ;
#1555 = ORIENTED_EDGE ( 'NONE', *, *, #977, .T. ) ;
#1556 = PLANE ( 'NONE',  #472 ) ;
#1557 = ORIENTED_EDGE ( 'NONE', *, *, #1060, .T. ) ;
#1558 = FACE_OUTER_BOUND ( 'NONE', #1491, .T. ) ;
#1559 = AXIS2_PLACEMENT_3D ( 'NONE', #1421, #146, #566 ) ;
#1560 = VECTOR ( 'NONE', #79, 100.0000000000000000 ) ;
#1561 = DIRECTION ( 'NONE',  ( 0.000000000000000000, 0.000000000000000000, -1.000000000000000000 ) ) ;
#1562 = ADVANCED_FACE ( 'NONE', ( #356 ), #1801, .F. ) ;
#1563 = CARTESIAN_POINT ( 'NONE',  ( 0.6350000000000000089, 0.000000000000000000, 0.000000000000000000 ) ) ;
#1564 = ADVANCED_FACE ( 'NONE', ( #1085 ), #802, .T. ) ;
#1565 = ORIENTED_EDGE ( 'NONE', *, *, #1174, .F. ) ;
#1566 = LINE ( 'NONE', #824, #918 ) ;
#1567 = SECURITY_CLASSIFICATION_LEVEL ( 'unclassified' ) ;
#1568 = APPROVAL ( #408, 'UNSPECIFIED' ) ;
#1569 = ORIENTED_EDGE ( 'NONE', *, *, #17, .F. ) ;
#1570 = FACE_OUTER_BOUND ( 'NONE', #1296, .T. ) ;
#1571 = LINE ( 'NONE', #1552, #1292 ) ;
#1572 = ADVANCED_FACE ( 'NONE', ( #1274 ), #1145, .T. ) ;
#1573 = LINE ( 'NONE', #705, #679 ) ;
#1574 = ORIENTED_EDGE ( 'NONE', *, *, #1719, .F. ) ;
#1575 = LINE ( 'NONE', #1121, #1253 ) ;
#1576 = APPLICATION_PROTOCOL_DEFINITION ( 'international standard', 'config_control_design', 1994, #992 ) ;
#1577 = B_SPLINE_CURVE_WITH_KNOTS ( 'NONE', 1,
 ( #1795, #907 ),
 .UNSPECIFIED., .F., .F.,
 ( 2, 2 ),
 ( 0.000000000000000000, 0.3067632850241546194 ),
 .UNSPECIFIED. ) ;
#1578 = VERTEX_POINT ( 'NONE', #1103 ) ;
#1579 = DIRECTION ( 'NONE',  ( 0.000000000000000000, 0.000000000000000000, 1.000000000000000000 ) ) ;
#1580 = ORIENTED_EDGE ( 'NONE', *, *, #163, .F. ) ;
#1581 = DIRECTION ( 'NONE',  ( -1.000000000000000000, -0.000000000000000000, -0.000000000000000000 ) ) ;
#1582 = CARTESIAN_POINT ( 'NONE',  ( 6.270000000000000462, 3.500000000000000444, 1.800000000000000266 ) ) ;
#1583 = DIRECTION ( 'NONE',  ( -0.000000000000000000, -0.000000000000000000, 1.000000000000000000 ) ) ;
#1584 = ORIENTED_EDGE ( 'NONE', *, *, #1835, .F. ) ;
#1585 = PLANE ( 'NONE',  #1873 ) ;
#1586 = COORDINATED_UNIVERSAL_TIME_OFFSET ( 5, 0, .BEHIND. ) ;
#1587 = EDGE_CURVE ( 'NONE', #965, #1300, #820, .T. ) ;
#1588 = ORIENTED_EDGE ( 'NONE', *, *, #1712, .F. ) ;
#1589 = CARTESIAN_POINT ( 'NONE',  ( 0.6350000000000000089, -3.500000000000000444, 1.800000000000000266 ) ) ;
#1590 = EDGE_CURVE ( 'NONE', #1095, #622, #1865, .T. ) ;
#1591 = ORIENTED_EDGE ( 'NONE', *, *, #4, .F. ) ;
#1592 = LINE ( 'NONE', #1616, #382 ) ;
#1593 = AXIS2_PLACEMENT_3D ( 'NONE', #1709, #402, #1579 ) ;
#1594 = DIRECTION ( 'NONE',  ( 0.000000000000000000, -0.000000000000000000, 1.000000000000000000 ) ) ;
#1595 = AXIS2_PLACEMENT_3D ( 'NONE', #787, #368, #779 ) ;
#1596 = APPROVAL ( #295, 'UNSPECIFIED' ) ;
#1597 = CARTESIAN_POINT ( 'NONE',  ( 0.6350000000000000089, 3.500000000000000444, 1.800000000000000266 ) ) ;
#1598 = VECTOR ( 'NONE', #647, 100.0000000000000000 ) ;
#1599 = AXIS2_PLACEMENT_3D ( 'NONE', #384, #94, #810 ) ;
#1600 = VECTOR ( 'NONE', #593, 100.0000000000000000 ) ;
#1601 = VERTEX_POINT ( 'NONE', #1417 ) ;
#1602 = DIRECTION ( 'NONE',  ( -1.000000000000000000, 0.000000000000000000, -0.000000000000000000 ) ) ;
#1603 = PERSON_AND_ORGANIZATION ( #1621, #1504 ) ;
#1604 = ORIENTED_EDGE ( 'NONE', *, *, #336, .T. ) ;
#1605 = PLANE ( 'NONE',  #48 ) ;
#1606 = VECTOR ( 'NONE', #1184, 100.0000000000000000 ) ;
#1607 = LINE ( 'NONE', #537, #381 ) ;
#1608 = CARTESIAN_POINT ( 'NONE',  ( 6.905000000000000249, -2.865000000000000213, -0.1999999999999993172 ) ) ;
#1609 = EDGE_CURVE ( 'NONE', #501, #1213, #1874, .T. ) ;
#1610 = CARTESIAN_POINT ( 'NONE',  ( 5.635000000000000675, 3.500000000000000444, -0.2000000000000000111 ) ) ;
#1611 = VERTEX_POINT ( 'NONE', #704 ) ;
#1612 = DIRECTION ( 'NONE',  ( 0.000000000000000000, 0.000000000000000000, 1.000000000000000000 ) ) ;
#1613 = ORIENTED_EDGE ( 'NONE', *, *, #188, .T. ) ;
#1614 = DIRECTION ( 'NONE',  ( -1.000000000000000000, 0.000000000000000000, -0.000000000000000000 ) ) ;
#1615 = DIRECTION ( 'NONE',  ( -0.000000000000000000, -0.000000000000000000, -1.000000000000000000 ) ) ;
#1616 = CARTESIAN_POINT ( 'NONE',  ( 0.6350000000000000089, -3.500000000000000444, -1.800000000000000266 ) ) ;
#1617 = DIRECTION ( 'NONE',  ( 0.000000000000000000, 0.000000000000000000, 1.000000000000000000 ) ) ;
#1618 = LINE ( 'NONE', #1193, #920 ) ;
#1619 = ORIENTED_EDGE ( 'NONE', *, *, #163, .T. ) ;
#1620 = DIRECTION ( 'NONE',  ( -1.000000000000000000, -0.000000000000000000, -0.000000000000000000 ) ) ;
#1621 = PERSON ( 'UNSPECIFIED', 'UNSPECIFIED', 'UNSPECIFIED', ('UNSPECIFIED'), ('UNSPECIFIED'), ('UNSPECIFIED') ) ;
#1622 = ORIENTED_EDGE ( 'NONE', *, *, #1373, .T. ) ;
#1623 = DIRECTION ( 'NONE',  ( 0.000000000000000000, 0.000000000000000000, 1.000000000000000000 ) ) ;
#1624 = DIRECTION ( 'NONE',  ( 0.000000000000000000, 0.000000000000000000, -1.000000000000000000 ) ) ;
#1625 = LINE ( 'NONE', #571, #415 ) ;
#1626 = LINE ( 'NONE', #1783, #1659 ) ;
#1627 = ADVANCED_FACE ( 'NONE', ( #827 ), #395, .F. ) ;
#1628 = VECTOR ( 'NONE', #1160, 100.0000000000000000 ) ;
#1629 = ORIENTED_EDGE ( 'NONE', *, *, #1796, .T. ) ;
#1630 = VECTOR ( 'NONE', #1583, 100.0000000000000000 ) ;
#1631 = PLANE ( 'NONE',  #229 ) ;
#1632 = ADVANCED_FACE ( 'NONE', ( #1282 ), #123, .F. ) ;
#1633 = VECTOR ( 'NONE', #1201, 100.0000000000000000 ) ;
#1634 = ORIENTED_EDGE ( 'NONE', *, *, #870, .T. ) ;
#1635 = PLANE ( 'NONE',  #1165 ) ;
#1636 = CARTESIAN_POINT ( 'NONE',  ( 0.000000000000000000, -3.469446951953614189E-16, 3.618428607958274558E-31 ) ) ;
#1637 =( GEOMETRIC_REPRESENTATION_CONTEXT ( 3 ) GLOBAL_UNCERTAINTY_ASSIGNED_CONTEXT ( ( #1736 ) ) GLOBAL_UNIT_ASSIGNED_CONTEXT ( ( #1280, #1791, #946 ) ) REPRESENTATION_CONTEXT ( 'NONE', 'WORKASPACE' ) );
#1638 = DIRECTION ( 'NONE',  ( 0.000000000000000000, -0.000000000000000000, 1.000000000000000000 ) ) ;
#1639 = ORIENTED_EDGE ( 'NONE', *, *, #694, .T. ) ;
#1640 = CARTESIAN_POINT ( 'NONE',  ( 6.270000000000000462, -3.500000000000000444, 1.800000000000000266 ) ) ;
#1641 = ORIENTED_EDGE ( 'NONE', *, *, #465, .T. ) ;
#1642 = CARTESIAN_POINT ( 'NONE',  ( -0.6350000000000000089, -3.500000000000000444, -0.1999999999999999278 ) ) ;
#1643 = DIRECTION ( 'NONE',  ( -0.000000000000000000, -0.000000000000000000, 1.000000000000000000 ) ) ;
#1644 = PLANE ( 'NONE',  #718 ) ;
#1645 = CARTESIAN_POINT ( 'NONE',  ( -1.270000000000000018, -3.515000000000000124, -0.2149999999999999134 ) ) ;
#1646 = EDGE_LOOP ( 'NONE', ( #796, #232, #100, #516 ) ) ;
#1647 = CARTESIAN_POINT ( 'NONE',  ( 5.635000000000000675, -2.850000000000000089, 0.2150000000000006906 ) ) ;
#1648 = EDGE_LOOP ( 'NONE', ( #1117, #78, #1112, #1768 ) ) ;
#1649 = PLANE ( 'NONE',  #1346 ) ;
#1650 = ADVANCED_FACE ( 'NONE', ( #812 ), #1694, .F. ) ;
#1651 = CARTESIAN_POINT ( 'NONE',  ( 6.905000000000000249, 2.865000000000000213, -0.2000000000000000111 ) ) ;
#1652 = EDGE_CURVE ( 'NONE', #285, #844, #766, .T. ) ;
#1653 = CARTESIAN_POINT ( 'NONE',  ( 7.540000000000000924, -2.850000000000000089, 0.2150000000000006906 ) ) ;
#1654 = PRODUCT_DEFINITION ( 'UNKNOWN', '', #205, #1002 ) ;
#1655 = CARTESIAN_POINT ( 'NONE',  ( -0.6350000000000000089, -3.500000000000000444, 0.2000000000000000944 ) ) ;
#1656 = ORIENTED_EDGE ( 'NONE', *, *, #982, .F. ) ;
#1657 = LINE ( 'NONE', #1232, #199 ) ;
#1658 = VECTOR ( 'NONE', #1301, 100.0000000000000000 ) ;
#1659 = VECTOR ( 'NONE', #1034, 100.0000000000000000 ) ;
#1660 = ORIENTED_EDGE ( 'NONE', *, *, #166, .T. ) ;
#1661 = LINE ( 'NONE', #520, #1497 ) ;
#1662 = CLOSED_SHELL ( 'NONE', ( #753, #811, #1743, #418, #890, #1572, #1632, #497, #1031, #60, #47, #1203, #912, #632 ) ) ;
#1663 = VERTEX_POINT ( 'NONE', #1703 ) ;
#1664 = DIRECTION ( 'NONE',  ( 0.000000000000000000, 0.000000000000000000, -1.000000000000000000 ) ) ;
#1665 = EDGE_CURVE ( 'NONE', #506, #1403, #523, .T. ) ;
#1666 = EDGE_CURVE ( 'NONE', #555, #643, #102, .T. ) ;
#1667 = CARTESIAN_POINT ( 'NONE',  ( 5.635000000000000675, 3.500000000000000444, 0.2149999999999999967 ) ) ;
#1668 = ORIENTED_EDGE ( 'NONE', *, *, #65, .F. ) ;
#1669 = DIRECTION ( 'NONE',  ( -1.000000000000000000, -0.000000000000000000, -8.352109954983220072E-33 ) ) ;
#1670 = ORIENTED_EDGE ( 'NONE', *, *, #1713, .T. ) ;
#1671 = FACE_OUTER_BOUND ( 'NONE', #422, .T. ) ;
#1672 = ORIENTED_EDGE ( 'NONE', *, *, #850, .F. ) ;
#1673 = DIRECTION ( 'NONE',  ( -0.000000000000000000, -0.000000000000000000, 1.000000000000000000 ) ) ;
#1674 = FACE_OUTER_BOUND ( 'NONE', #288, .T. ) ;
#1675 = ORIENTED_EDGE ( 'NONE', *, *, #379, .T. ) ;
#1676 = LINE ( 'NONE', #926, #1167 ) ;
#1677 = EDGE_CURVE ( 'NONE', #978, #1068, #424, .T. ) ;
#1678 = ORIENTED_EDGE ( 'NONE', *, *, #1864, .F. ) ;
#1679 = FACE_OUTER_BOUND ( 'NONE', #137, .T. ) ;
#1680 = EDGE_CURVE ( 'NONE', #405, #219, #1125, .T. ) ;
#1681 = CARTESIAN_POINT ( 'NONE',  ( 5.635000000000000675, -3.500000000000000444, 0.2000000000000007050 ) ) ;
#1682 = LINE ( 'NONE', #649, #871 ) ;
#1683 = ORIENTED_EDGE ( 'NONE', *, *, #1665, .T. ) ;
#1684 = CARTESIAN_POINT ( 'NONE',  ( 5.635000000000000675, 2.850000000000000089, -0.2149999999999999967 ) ) ;
#1685 = VERTEX_POINT ( 'NONE', #1723 ) ;
#1686 = VECTOR ( 'NONE', #1749, 100.0000000000000000 ) ;
#1687 = DIRECTION ( 'NONE',  ( 1.000000000000000000, -0.000000000000000000, -0.000000000000000000 ) ) ;
#1688 = ADVANCED_FACE ( 'NONE', ( #413 ), #1116, .F. ) ;
#1689 = AXIS2_PLACEMENT_3D ( 'NONE', #99, #1250, #1841 ) ;
#1690 = ORIENTED_EDGE ( 'NONE', *, *, #758, .F. ) ;
#1691 = DIRECTION ( 'NONE',  ( -1.000000000000000000, -0.000000000000000000, -8.352109954983220072E-33 ) ) ;
#1692 = VECTOR ( 'NONE', #476, 100.0000000000000000 ) ;
#1693 = VECTOR ( 'NONE', #211, 100.0000000000000000 ) ;
#1694 = CYLINDRICAL_SURFACE ( 'NONE', #655, 0.3500000000000000333 ) ;
#1695 = EDGE_CURVE ( 'NONE', #854, #664, #1571, .T. ) ;
#1696 = ORIENTED_EDGE ( 'NONE', *, *, #65, .T. ) ;
#1697 = CARTESIAN_POINT ( 'NONE',  ( 5.635000000000000675, 2.865000000000000213, -0.2000000000000000111 ) ) ;
#1698 = VECTOR ( 'NONE', #785, 100.0000000000000000 ) ;
#1699 = VERTEX_POINT ( 'NONE', #251 ) ;
#1700 = DIRECTION ( 'NONE',  ( 0.000000000000000000, -1.000000000000000000, 0.000000000000000000 ) ) ;
#1701 = ORIENTED_EDGE ( 'NONE', *, *, #589, .F. ) ;
#1702 = DIRECTION ( 'NONE',  ( 0.000000000000000000, -1.000000000000000000, -0.000000000000000000 ) ) ;
#1703 = CARTESIAN_POINT ( 'NONE',  ( 0.6350000000000000089, -2.865000000000000213, 0.2000000000000000944 ) ) ;
#1704 = ORIENTED_EDGE ( 'NONE', *, *, #1835, .T. ) ;
#1705 = CARTESIAN_POINT ( 'NONE',  ( 5.635000000000000675, -3.500000000000000444, 0.5000000000000006661 ) ) ;
#1706 = ORIENTED_EDGE ( 'NONE', *, *, #1119, .T. ) ;
#1707 = CARTESIAN_POINT ( 'NONE',  ( 0.6350000000000000089, 2.865000000000000213, -0.5000000000000000000 ) ) ;
#1708 = ORIENTED_EDGE ( 'NONE', *, *, #788, .F. ) ;
#1709 = CARTESIAN_POINT ( 'NONE',  ( 0.6350000000000000089, -3.469446951953614189E-16, 3.618428607958274558E-31 ) ) ;
#1710 = EDGE_CURVE ( 'NONE', #881, #1331, #114, .T. ) ;
#1711 = DIRECTION ( 'NONE',  ( 1.000000000000000000, 0.000000000000000000, -0.000000000000000000 ) ) ;
#1712 = EDGE_CURVE ( 'NONE', #1435, #1862, #975, .T. ) ;
#1713 = EDGE_CURVE ( 'NONE', #555, #145, #32, .T. ) ;
#1714 = CARTESIAN_POINT ( 'NONE',  ( 5.635000000000000675, -3.500000000000000444, -0.4999999999999993339 ) ) ;
#1715 = ORIENTED_EDGE ( 'NONE', *, *, #1084, .T. ) ;
#1716 = CARTESIAN_POINT ( 'NONE',  ( 0.000000000000000000, -3.469446951953614189E-16, 3.618428607958274558E-31 ) ) ;
#1717 = APPLICATION_CONTEXT ( 'configuration controlled 3d designs of mechanical parts and assemblies' ) ;
#1718 = PERSON_AND_ORGANIZATION ( #1621, #1504 ) ;
#1719 = EDGE_CURVE ( 'NONE', #1472, #671, #581, .T. ) ;
#1720 = VERTEX_POINT ( 'NONE', #454 ) ;
#1721 = CARTESIAN_POINT ( 'NONE',  ( 0.6350000000000000089, -2.865000000000000213, -0.5000000000000000000 ) ) ;
#1722 = VECTOR ( 'NONE', #1612, 100.0000000000000000 ) ;
#1723 = CARTESIAN_POINT ( 'NONE',  ( 0.000000000000000000, 3.500000000000000444, -0.2000000000000000111 ) ) ;
#1724 = AXIS2_PLACEMENT_3D ( 'NONE', #1326, #481, #31 ) ;
#1725 = B_SPLINE_CURVE_WITH_KNOTS ( 'NONE', 1,
 ( #187, #1468 ),
 .UNSPECIFIED., .F., .F.,
 ( 2, 2 ),
 ( 0.000000000000000000, 0.3067632850241546194 ),
 .UNSPECIFIED. ) ;
#1726 = LINE ( 'NONE', #1126, #1228 ) ;
#1727 = ORIENTED_EDGE ( 'NONE', *, *, #1543, .F. ) ;
#1728 = CARTESIAN_POINT ( 'NONE',  ( 5.635000000000000675, 2.865000000000000213, -0.5000000000000006661 ) ) ;
#1729 = DATE_AND_TIME ( #1140, #749 ) ;
#1730 = VECTOR ( 'NONE', #1383, 100.0000000000000000 ) ;
#1731 = EDGE_LOOP ( 'NONE', ( #1222, #1348, #834, #183 ) ) ;
#1732 = CARTESIAN_POINT ( 'NONE',  ( 0.6350000000000000089, 2.865000000000000213, -0.5000000000000000000 ) ) ;
#1733 = CARTESIAN_POINT ( 'NONE',  ( 0.000000000000000000, 2.865000000000000213, 0.000000000000000000 ) ) ;
#1734 = DIRECTION ( 'NONE',  ( -1.000000000000000000, -0.000000000000000000, -0.000000000000000000 ) ) ;
#1735 = ORIENTED_EDGE ( 'NONE', *, *, #276, .F. ) ;
#1736 = UNCERTAINTY_MEASURE_WITH_UNIT (LENGTH_MEASURE( 1.000000000000000082E-05 ), #1280, 'distance_accuracy_value', 'NONE');
#1737 = DIRECTION ( 'NONE',  ( 0.000000000000000000, 1.000000000000000000, 0.000000000000000000 ) ) ;
#1738 = PERSON_AND_ORGANIZATION_ROLE ( 'design_owner' ) ;
#1739 = ORIENTED_EDGE ( 'NONE', *, *, #505, .T. ) ;
#1740 = CARTESIAN_POINT ( 'NONE',  ( 5.635000000000000675, 2.850000000000000089, 0.2149999999999999967 ) ) ;
#1741 = ORIENTED_EDGE ( 'NONE', *, *, #85, .T. ) ;
#1742 = PLANE ( 'NONE',  #1143 ) ;
#1743 = ADVANCED_FACE ( 'NONE', ( #442 ), #1163, .T. ) ;
#1744 = PLANE ( 'NONE',  #1200 ) ;
#1745 = ORIENTED_EDGE ( 'NONE', *, *, #1305, .T. ) ;
#1746 = CARTESIAN_POINT ( 'NONE',  ( 5.635000000000000675, 2.865000000000000213, -0.5000000000000006661 ) ) ;
#1747 = ORIENTED_EDGE ( 'NONE', *, *, #635, .F. ) ;
#1748 = EDGE_CURVE ( 'NONE', #1, #1043, #1625, .T. ) ;
#1749 = DIRECTION ( 'NONE',  ( 0.000000000000000000, 1.000000000000000000, 0.000000000000000000 ) ) ;
#1750 = ORIENTED_EDGE ( 'NONE', *, *, #1006, .F. ) ;
#1751 = VECTOR ( 'NONE', #257, 100.0000000000000000 ) ;
#1752 = CARTESIAN_POINT ( 'NONE',  ( 0.000000000000000000, -3.500000000000000444, 1.800000000000000266 ) ) ;
#1753 = VECTOR ( 'NONE', #1177, 100.0000000000000000 ) ;
#1754 = DIRECTION ( 'NONE',  ( 1.000000000000000000, 0.000000000000000000, 0.000000000000000000 ) ) ;
#1755 = VECTOR ( 'NONE', #792, 100.0000000000000000 ) ;
#1756 = APPROVAL_PERSON_ORGANIZATION ( #732, #1596, #1432 ) ;
#1757 = EDGE_LOOP ( 'NONE', ( #1739, #873, #1374, #624 ) ) ;
#1758 = LINE ( 'NONE', #467, #1347 ) ;
#1759 = DATE_TIME_ROLE ( 'creation_date' ) ;
#1760 = ORIENTED_EDGE ( 'NONE', *, *, #103, .T. ) ;
#1761 = LINE ( 'NONE', #307, #1527 ) ;
#1762 = DIRECTION ( 'NONE',  ( 0.000000000000000000, 0.000000000000000000, -1.000000000000000000 ) ) ;
#1763 = VECTOR ( 'NONE', #1810, 100.0000000000000000 ) ;
#1764 = ORIENTED_EDGE ( 'NONE', *, *, #143, .T. ) ;
#1765 = FACE_OUTER_BOUND ( 'NONE', #1082, .T. ) ;
#1766 = ADVANCED_FACE ( 'NONE', ( #1294 ), #1327, .F. ) ;
#1767 = CARTESIAN_POINT ( 'NONE',  ( 5.635000000000000675, 4.286263797015736595E-17, 0.3500000000000000333 ) ) ;
#1768 = ORIENTED_EDGE ( 'NONE', *, *, #1077, .F. ) ;
#1769 = DIRECTION ( 'NONE',  ( 0.000000000000000000, 0.000000000000000000, -1.000000000000000000 ) ) ;
#1770 = ORIENTED_EDGE ( 'NONE', *, *, #1424, .T. ) ;
#1771 = FACE_OUTER_BOUND ( 'NONE', #121, .T. ) ;
#1772 = CARTESIAN_POINT ( 'NONE',  ( 5.635000000000000675, -2.850000000000000089, 0.000000000000000000 ) ) ;
#1773 = ADVANCED_FACE ( 'NONE', ( #1774 ), #1450, .T. ) ;
#1774 = FACE_OUTER_BOUND ( 'NONE', #152, .T. ) ;
#1775 = EDGE_CURVE ( 'NONE', #206, #689, #142, .T. ) ;
#1776 = DIRECTION ( 'NONE',  ( 0.000000000000000000, -0.000000000000000000, 1.000000000000000000 ) ) ;
#1777 = ORIENTED_EDGE ( 'NONE', *, *, #1054, .T. ) ;
#1778 = DIRECTION ( 'NONE',  ( 0.000000000000000000, 0.000000000000000000, 1.000000000000000000 ) ) ;
#1779 = ORIENTED_EDGE ( 'NONE', *, *, #850, .T. ) ;
#1780 = CARTESIAN_POINT ( 'NONE',  ( 0.000000000000000000, 0.000000000000000000, 0.000000000000000000 ) ) ;
#1781 = EDGE_CURVE ( 'NONE', #1720, #1862, #1032, .T. ) ;
#1782 = CARTESIAN_POINT ( 'NONE',  ( 5.635000000000000675, -2.865000000000000213, 0.5000000000000006661 ) ) ;
#1783 = CARTESIAN_POINT ( 'NONE',  ( 0.000000000000000000, -3.515000000000000124, -0.2149999999999999134 ) ) ;
#1784 = AXIS2_PLACEMENT_3D ( 'NONE', #1732, #550, #703 ) ;
#1785 = ORIENTED_EDGE ( 'NONE', *, *, #358, .F. ) ;
#1786 = VECTOR ( 'NONE', #1308, 100.0000000000000000 ) ;
#1787 = PLANE ( 'NONE',  #1320 ) ;
#1788 = VECTOR ( 'NONE', #208, 100.0000000000000000 ) ;
#1789 = ORIENTED_EDGE ( 'NONE', *, *, #573, .F. ) ;
#1790 = DIRECTION ( 'NONE',  ( -1.000000000000000000, 0.000000000000000000, 0.000000000000000000 ) ) ;
#1791 =( NAMED_UNIT ( * ) PLANE_ANGLE_UNIT ( ) SI_UNIT ( $, .RADIAN. ) );
#1792 = CARTESIAN_POINT ( 'NONE',  ( 6.270000000000000462, 3.500000000000000444, 1.800000000000000266 ) ) ;
#1793 = CARTESIAN_POINT ( 'NONE',  ( 5.635000000000000675, 2.865000000000000213, -0.5000000000000006661 ) ) ;
#1794 = ORIENTED_EDGE ( 'NONE', *, *, #149, .T. ) ;
#1795 = CARTESIAN_POINT ( 'NONE',  ( 5.635000000000000675, 3.500000000000000444, 0.2000000000000000111 ) ) ;
#1796 = EDGE_CURVE ( 'NONE', #438, #275, #463, .T. ) ;
#1797 = ORIENTED_EDGE ( 'NONE', *, *, #853, .F. ) ;
#1798 = PLANE ( 'NONE',  #1840 ) ;
#1799 = DIRECTION ( 'NONE',  ( -1.000000000000000000, -0.000000000000000000, -0.000000000000000000 ) ) ;
#1800 = CC_DESIGN_DATE_AND_TIME_ASSIGNMENT ( #1298, #265, ( #351 ) ) ;
#1801 = PLANE ( 'NONE',  #621 ) ;
#1802 = EDGE_CURVE ( 'NONE', #1685, #506, #2, .T. ) ;
#1803 = ORIENTED_EDGE ( 'NONE', *, *, #379, .F. ) ;
#1804 = PLANE ( 'NONE',  #558 ) ;
#1805 = VERTEX_POINT ( 'NONE', #279 ) ;
#1806 = CARTESIAN_POINT ( 'NONE',  ( 6.270000000000000462, 3.500000000000000444, -1.800000000000000266 ) ) ;
#1807 = ADVANCED_FACE ( 'NONE', ( #1469 ), #1742, .T. ) ;
#1808 = LINE ( 'NONE', #1333, #1350 ) ;
#1809 = DIRECTION ( 'NONE',  ( 0.000000000000000000, 0.000000000000000000, 1.000000000000000000 ) ) ;
#1810 = DIRECTION ( 'NONE',  ( 0.000000000000000000, 0.000000000000000000, 1.000000000000000000 ) ) ;
#1811 = ORIENTED_EDGE ( 'NONE', *, *, #1281, .T. ) ;
#1812 = CARTESIAN_POINT ( 'NONE',  ( 0.000000000000000000, 2.865000000000000213, -0.2000000000000000111 ) ) ;
#1813 = VECTOR ( 'NONE', #28, 100.0000000000000000 ) ;
#1814 = VECTOR ( 'NONE', #1375, 100.0000000000000000 ) ;
#1815 = ORIENTED_EDGE ( 'NONE', *, *, #1033, .T. ) ;
#1816 = DIRECTION ( 'NONE',  ( -1.000000000000000000, -0.000000000000000000, -0.000000000000000000 ) ) ;
#1817 = DIRECTION ( 'NONE',  ( -0.000000000000000000, -0.000000000000000000, -1.000000000000000000 ) ) ;
#1818 = CARTESIAN_POINT ( 'NONE',  ( 6.270000000000000462, 0.000000000000000000, 5.303589821414345533E-33 ) ) ;
#1819 = EDGE_CURVE ( 'NONE', #978, #604, #161, .T. ) ;
#1820 = EDGE_LOOP ( 'NONE', ( #1018, #832, #706, #1215 ) ) ;
#1821 = DIRECTION ( 'NONE',  ( 0.000000000000000000, 0.000000000000000000, -1.000000000000000000 ) ) ;
#1822 = ADVANCED_FACE ( 'NONE', ( #1765 ), #289, .T. ) ;
#1823 = VERTEX_POINT ( 'NONE', #171 ) ;
#1824 = LINE ( 'NONE', #945, #771 ) ;
#1825 = ORIENTED_EDGE ( 'NONE', *, *, #1283, .T. ) ;
#1826 = CYLINDRICAL_SURFACE ( 'NONE', #1106, 0.3500000000000000333 ) ;
#1827 = LINE ( 'NONE', #366, #1698 ) ;
#1828 = EDGE_CURVE ( 'NONE', #57, #965, #157, .T. ) ;
#1829 = ORIENTED_EDGE ( 'NONE', *, *, #1590, .T. ) ;
#1830 = LINE ( 'NONE', #227, #1560 ) ;
#1831 = EDGE_LOOP ( 'NONE', ( #1523, #1843, #646, #1236 ) ) ;
#1832 = FACE_OUTER_BOUND ( 'NONE', #352, .T. ) ;
#1833 = VERTEX_POINT ( 'NONE', #459 ) ;
#1834 = CARTESIAN_POINT ( 'NONE',  ( 6.270000000000000462, 3.500000000000000444, 1.800000000000000266 ) ) ;
#1835 = EDGE_CURVE ( 'NONE', #1, #1823, #489, .T. ) ;
#1836 = DIRECTION ( 'NONE',  ( 1.000000000000000000, -0.000000000000000000, -0.000000000000000000 ) ) ;
#1837 = VERTEX_POINT ( 'NONE', #348 ) ;
#1838 = LINE ( 'NONE', #213, #1048 ) ;
#1839 = ORIENTED_EDGE ( 'NONE', *, *, #505, .F. ) ;
#1840 = AXIS2_PLACEMENT_3D ( 'NONE', #1780, #1790, #893 ) ;
#1841 = DIRECTION ( 'NONE',  ( 0.000000000000000000, 0.000000000000000000, -1.000000000000000000 ) ) ;
#1842 = AXIS2_PLACEMENT_3D ( 'NONE', #915, #1247, #652 ) ;
#1843 = ORIENTED_EDGE ( 'NONE', *, *, #817, .F. ) ;
#1844 = CARTESIAN_POINT ( 'NONE',  ( -0.6350000000000000089, -2.865000000000000213, -0.1999999999999999278 ) ) ;
#1845 = AXIS2_PLACEMENT_3D ( 'NONE', #534, #826, #1406 ) ;
#1846 = VECTOR ( 'NONE', #1362, 100.0000000000000000 ) ;
#1847 = DIRECTION ( 'NONE',  ( -1.000000000000000000, -0.000000000000000000, -0.000000000000000000 ) ) ;
#1848 = LINE ( 'NONE', #569, #201 ) ;
#1849 = DIRECTION ( 'NONE',  ( -1.000000000000000000, 0.000000000000000000, 0.000000000000000000 ) ) ;
#1850 = VECTOR ( 'NONE', #1847, 100.0000000000000000 ) ;
#1851 = ORIENTED_EDGE ( 'NONE', *, *, #744, .F. ) ;
#1852 = DIRECTION ( 'NONE',  ( -0.000000000000000000, -1.000000000000000000, 0.000000000000000000 ) ) ;
#1853 = ORIENTED_EDGE ( 'NONE', *, *, #953, .T. ) ;
#1854 = ADVANCED_FACE ( 'NONE', ( #733 ), #1017, .F. ) ;
#1855 = FACE_OUTER_BOUND ( 'NONE', #466, .T. ) ;
#1856 = DIRECTION ( 'NONE',  ( 0.000000000000000000, 1.000000000000000000, 0.000000000000000000 ) ) ;
#1857 = DIRECTION ( 'NONE',  ( 0.000000000000000000, 0.000000000000000000, -1.000000000000000000 ) ) ;
#1858 = EDGE_CURVE ( 'NONE', #23, #164, #1158, .T. ) ;
#1859 = VERTEX_POINT ( 'NONE', #1023 ) ;
#1860 = LINE ( 'NONE', #860, #80 ) ;
#1861 = PERSON_AND_ORGANIZATION ( #1621, #1504 ) ;
#1862 = VERTEX_POINT ( 'NONE', #1144 ) ;
#1863 = CARTESIAN_POINT ( 'NONE',  ( 0.6350000000000000089, 2.865000000000000213, 0.5000000000000000000 ) ) ;
#1864 = EDGE_CURVE ( 'NONE', #219, #1166, #1592, .T. ) ;
#1865 = LINE ( 'NONE', #95, #1051 ) ;
#1866 = CARTESIAN_POINT ( 'NONE',  ( 6.270000000000000462, 3.500000000000000444, -0.2000000000000000111 ) ) ;
#1867 = ORIENTED_EDGE ( 'NONE', *, *, #143, .F. ) ;
#1868 = CARTESIAN_POINT ( 'NONE',  ( 0.6350000000000000089, 3.500000000000000444, -0.5000000000000000000 ) ) ;
#1869 = COORDINATED_UNIVERSAL_TIME_OFFSET ( 5, 0, .BEHIND. ) ;
#1870 = EDGE_LOOP ( 'NONE', ( #1155, #1097, #1794, #509 ) ) ;
#1871 = FACE_OUTER_BOUND ( 'NONE', #767, .T. ) ;
#1872 = AXIS2_PLACEMENT_3D ( 'NONE', #1312, #1199, #16 ) ;
#1873 = AXIS2_PLACEMENT_3D ( 'NONE', #1746, #458, #1769 ) ;
#1874 = LINE ( 'NONE', #544, #449 ) ;
#1875 = ADVANCED_FACE ( 'NONE', ( #570 ), #1361, .F. ) ;
#1876 = LINE ( 'NONE', #564, #1381 ) ;
#1877 = VERTEX_POINT ( 'NONE', #452 ) ;
#1878 = PRODUCT_RELATED_PRODUCT_CATEGORY ( 'detail', '', ( #112 ) ) ;
#1879 = DIRECTION ( 'NONE',  ( 0.000000000000000000, 0.000000000000000000, -1.000000000000000000 ) ) ;
#1880 = PERSON_AND_ORGANIZATION ( #1621, #1504 ) ;
#1881 = AXIS2_PLACEMENT_3D ( 'NONE', #1733, #1132, #1409 ) ;
#1882 = EDGE_LOOP ( 'NONE', ( #282, #68, #178, #1307 ) ) ;
#1883 = CARTESIAN_POINT ( 'NONE',  ( 5.635000000000000675, -2.865000000000000213, -0.1999999999999993172 ) ) ;
ENDSEC;
END-ISO-10303-21;
