ISO-10303-21;
HEADER;
FILE_DESCRIPTION (( 'STEP AP214' ),
    '1' );
FILE_NAME ('throttle mount.STEP',
    '2026-09-21T20:31:11',
    ( '' ),
    ( '' ),
    'SwSTEP 2.0',
    'SolidWorks 2026',
    '' );
FILE_SCHEMA (( 'AUTOMOTIVE_DESIGN' ));
ENDSEC;

DATA;
#1 = PRODUCT_DEFINITION ( 'UNKNOWN', '', #997, #968 ) ;
#2 = DIRECTION ( 'NONE',  ( 1.000000000000000000, 0.000000000000000000, 0.000000000000000000 ) ) ;
#3 = CARTESIAN_POINT ( 'NONE',  ( 0.9946676872625113131, -2.802445745978511926, -0.7169924207505571356 ) ) ;
#4 = AXIS2_PLACEMENT_3D ( 'NONE', #1036, #579, #17 ) ;
#5 = EDGE_CURVE ( 'NONE', #1545, #1753, #1851, .T. ) ;
#6 = CIRCLE ( 'NONE', #1619, 0.5000000000000001110 ) ;
#7 = ORIENTED_EDGE ( 'NONE', *, *, #456, .T. ) ;
#8 = DIRECTION ( 'NONE',  ( 1.000000000000000000, 0.000000000000000000, 0.000000000000000000 ) ) ;
#9 = CIRCLE ( 'NONE', #531, 0.7000000000000002887 ) ;
#10 = CIRCLE ( 'NONE', #993, 3.200000000000000178 ) ;
#11 = CARTESIAN_POINT ( 'NONE',  ( 0.9345206939368470023, -2.232761143931546677, 1.174846792269065965 ) ) ;
#12 = AXIS2_PLACEMENT_3D ( 'NONE', #274, #420, #1563 ) ;
#13 = FACE_OUTER_BOUND ( 'NONE', #1719, .T. ) ;
#14 = AXIS2_PLACEMENT_3D ( 'NONE', #691, #1548, #1812 ) ;
#15 = CARTESIAN_POINT ( 'NONE',  ( 0.9809073541748641878, -6.067257499284973044, -0.6979211617510205912 ) ) ;
#16 = CARTESIAN_POINT ( 'NONE',  ( 2.070000000000000284, -3.026566545170900291, -0.2297254852682905080 ) ) ;
#17 = DIRECTION ( 'NONE',  ( 0.000000000000000000, 0.000000000000000000, 1.000000000000000000 ) ) ;
#18 = EDGE_LOOP ( 'NONE', ( #1408, #1192 ) ) ;
#19 = CARTESIAN_POINT ( 'NONE',  ( 2.204602446683340489, -1.819706178380103845, -5.213800578034682331 ) ) ;
#20 = EDGE_CURVE ( 'NONE', #635, #1085, #460, .T. ) ;
#21 = CARTESIAN_POINT ( 'NONE',  ( 0.6696245005563674635, -2.164484318433146814, 1.273608621217277026 ) ) ;
#22 = ORIENTED_EDGE ( 'NONE', *, *, #1736, .T. ) ;
#23 = B_SPLINE_CURVE_WITH_KNOTS ( 'NONE', 3,
 ( #1318, #1031, #11, #884, #739, #1180, #1054, #1747, #1608, #1631, #21, #599, #327, #1489, #1211, #1777, #478, #530, #637, #217 ),
 .UNSPECIFIED., .F., .F.,
 ( 4, 2, 2, 2, 2, 2, 2, 2, 2, 4 ),
 ( 0.000000000000000000, 0.0009764034465998966406, 0.001464605169899847129, 0.001952806893199798052, 0.002929210339799694258, 0.003905613786399591766, 0.004882017232999488407, 0.005858420679599384180, 0.006834824126199281688, 0.007811227572799178329 ),
 .UNSPECIFIED. ) ;
#24 = CARTESIAN_POINT ( 'NONE',  ( 2.204602446683340489, -1.819706178380103845, -4.213800578034682331 ) ) ;
#25 = CARTESIAN_POINT ( 'NONE',  ( 0.5000000000783736409, -3.263011295258850364, -1.064569118487080912 ) ) ;
#26 = ORIENTED_EDGE ( 'NONE', *, *, #1331, .T. ) ;
#27 = DIRECTION ( 'NONE',  ( -0.000000000000000000, -0.000000000000000000, 1.000000000000000000 ) ) ;
#28 = DIRECTION ( 'NONE',  ( 0.000000000000000000, 4.987136263509175853E-14, -1.000000000000000000 ) ) ;
#29 = EDGE_CURVE ( 'NONE', #233, #1815, #830, .T. ) ;
#30 = CARTESIAN_POINT ( 'NONE',  ( 0.5000000000000000000, -5.627053537019627072, -1.077672616895805069 ) ) ;
#31 = DIRECTION ( 'NONE',  ( -1.000000000000000000, -0.000000000000000000, -0.000000000000000000 ) ) ;
#32 = APPLICATION_PROTOCOL_DEFINITION ( 'draft international standard', 'automotive_design', 1998, #436 ) ;
#33 = CARTESIAN_POINT ( 'NONE',  ( 2.204602446683341377, -7.249542376533193000, -5.106300578034681514 ) ) ;
#34 = CARTESIAN_POINT ( 'NONE',  ( 0.5675213852304518136, -2.785507409734096385, -0.7175221793191005615 ) ) ;
#35 = VERTEX_POINT ( 'NONE', #434 ) ;
#36 = DIRECTION ( 'NONE',  ( -1.000000000000000000, 0.000000000000000000, -0.000000000000000000 ) ) ;
#37 = CARTESIAN_POINT ( 'NONE',  ( 1.934602446683340471, -1.819706178380103845, -5.213800578034682331 ) ) ;
#38 = CIRCLE ( 'NONE', #857, 0.2700000000000001288 ) ;
#39 = CARTESIAN_POINT ( 'NONE',  ( 2.474602446683340951, -7.249542376533193000, -5.213800578034682331 ) ) ;
#40 = CIRCLE ( 'NONE', #287, 0.3350000000000002420 ) ;
#41 = LINE ( 'NONE', #624, #648 ) ;
#42 = VECTOR ( 'NONE', #754, 100.0000000000000000 ) ;
#43 = ADVANCED_FACE ( 'NONE', ( #169 ), #1614, .F. ) ;
#44 = DIRECTION ( 'NONE',  ( 1.000000000000000000, 0.000000000000000000, 0.000000000000000000 ) ) ;
#45 = AXIS2_PLACEMENT_3D ( 'NONE', #1072, #1763, #1793 ) ;
#46 = ORIENTED_EDGE ( 'NONE', *, *, #1736, .F. ) ;
#47 = CARTESIAN_POINT ( 'NONE',  ( 0.5000000000000000000, -7.836950335279317947, 2.313699421965317082 ) ) ;
#48 = DIRECTION ( 'NONE',  ( -0.000000000000000000, -0.000000000000000000, 1.000000000000000000 ) ) ;
#49 = ORIENTED_EDGE ( 'NONE', *, *, #1540, .F. ) ;
#50 = FACE_OUTER_BOUND ( 'NONE', #1649, .T. ) ;
#51 = DIRECTION ( 'NONE',  ( 0.000000000000000000, 1.870321806983080855E-16, -1.000000000000000000 ) ) ;
#52 = ORIENTED_EDGE ( 'NONE', *, *, #53, .T. ) ;
#53 = EDGE_CURVE ( 'NONE', #1871, #1161, #443, .T. ) ;
#54 = LINE ( 'NONE', #932, #560 ) ;
#55 = FACE_OUTER_BOUND ( 'NONE', #559, .T. ) ;
#56 = ORIENTED_EDGE ( 'NONE', *, *, #1794, .F. ) ;
#57 = CARTESIAN_POINT ( 'NONE',  ( 0.000000000000000000, -7.836950335279318836, -5.106300578034681514 ) ) ;
#58 = EDGE_LOOP ( 'NONE', ( #1351, #1859, #955, #1606 ) ) ;
#59 = DIRECTION ( 'NONE',  ( 0.000000000000000000, -1.870321806983080855E-16, -1.000000000000000000 ) ) ;
#60 = DIRECTION ( 'NONE',  ( 1.000000000000000000, -0.000000000000000000, 0.000000000000000000 ) ) ;
#61 = ORIENTED_EDGE ( 'NONE', *, *, #591, .F. ) ;
#62 = CARTESIAN_POINT ( 'NONE',  ( 0.5000000000000000000, -7.836950335279318836, -3.213800578034680555 ) ) ;
#63 = FACE_BOUND ( 'NONE', #523, .T. ) ;
#64 = DIRECTION ( 'NONE',  ( -1.000000000000000000, -0.000000000000000000, -0.000000000000000000 ) ) ;
#65 = PRODUCT_RELATED_PRODUCT_CATEGORY ( 'part', '', ( #733 ) ) ;
#66 = DIRECTION ( 'NONE',  ( 0.000000000000000000, -0.8225691253896818544, -0.5686651334095083055 ) ) ;
#67 = ORIENTED_EDGE ( 'NONE', *, *, #1312, .F. ) ;
#68 = CARTESIAN_POINT ( 'NONE',  ( 4.755670429774157881, -7.249542376533193000, -5.213800578034682331 ) ) ;
#69 = EDGE_CURVE ( 'NONE', #748, #1758, #1317, .T. ) ;
#70 = ORIENTED_EDGE ( 'NONE', *, *, #223, .T. ) ;
#71 = FACE_BOUND ( 'NONE', #1755, .T. ) ;
#72 = CARTESIAN_POINT ( 'NONE',  ( 0.9999999999999998890, -5.682917976443632391, -1.101938377384404255 ) ) ;
#73 = ORIENTED_EDGE ( 'NONE', *, *, #1749, .F. ) ;
#74 = CARTESIAN_POINT ( 'NONE',  ( 0.000000000000000000, -2.804624277456648773, 0.5516994219653174047 ) ) ;
#75 = VECTOR ( 'NONE', #337, 100.0000000000000000 ) ;
#76 = LINE ( 'NONE', #1811, #1496 ) ;
#77 = CARTESIAN_POINT ( 'NONE',  ( 0.5000000000000000000, -4.534624277456648755, -2.886300578034682651 ) ) ;
#78 = AXIS2_PLACEMENT_3D ( 'NONE', #399, #1450, #572 ) ;
#79 = ORIENTED_EDGE ( 'NONE', *, *, #498, .F. ) ;
#80 = DIRECTION ( 'NONE',  ( 0.000000000000000000, 0.000000000000000000, 1.000000000000000000 ) ) ;
#81 = ORIENTED_EDGE ( 'NONE', *, *, #729, .T. ) ;
#82 = CIRCLE ( 'NONE', #45, 0.2699999999999994071 ) ;
#83 = ADVANCED_FACE ( 'NONE', ( #1028 ), #1322, .F. ) ;
#84 = LINE ( 'NONE', #670, #1115 ) ;
#85 = VERTEX_POINT ( 'NONE', #1522 ) ;
#86 = CARTESIAN_POINT ( 'NONE',  ( -0.5000000000000000000, -4.534624277456648755, -1.486300578034682074 ) ) ;
#87 = FACE_BOUND ( 'NONE', #1083, .T. ) ;
#88 = CYLINDRICAL_SURFACE ( 'NONE', #1120, 1.030494233764364331 ) ;
#89 = EDGE_LOOP ( 'NONE', ( #339, #1866, #1583, #1177 ) ) ;
#90 = DIRECTION ( 'NONE',  ( 0.000000000000000000, 0.5413016026144772397, -0.8408285051108808084 ) ) ;
#91 = EDGE_LOOP ( 'NONE', ( #241, #1824, #644, #100 ) ) ;
#92 = ORIENTED_EDGE ( 'NONE', *, *, #557, .F. ) ;
#93 = DIRECTION ( 'NONE',  ( 0.000000000000000000, 0.000000000000000000, 1.000000000000000000 ) ) ;
#94 = ORIENTED_EDGE ( 'NONE', *, *, #930, .T. ) ;
#95 = EDGE_CURVE ( 'NONE', #115, #1416, #726, .T. ) ;
#96 = CARTESIAN_POINT ( 'NONE',  ( 0.9800753616637905008, -3.004530439034074352, -0.6980190561146302208 ) ) ;
#97 = CARTESIAN_POINT ( 'NONE',  ( 1.500000000000000000, -7.836950335279317947, -3.213800578034681887 ) ) ;
#98 = CARTESIAN_POINT ( 'NONE',  ( 0.9999999999999998890, -6.347997551273627970, -0.7134165710143672845 ) ) ;
#99 = DIRECTION ( 'NONE',  ( 0.000000000000000000, 0.000000000000000000, -1.000000000000000000 ) ) ;
#100 = ORIENTED_EDGE ( 'NONE', *, *, #1340, .T. ) ;
#101 = DIRECTION ( 'NONE',  ( -1.000000000000000000, -0.000000000000000000, -0.000000000000000000 ) ) ;
#102 = ORIENTED_EDGE ( 'NONE', *, *, #1666, .T. ) ;
#103 = VECTOR ( 'NONE', #262, 99.99999999999998579 ) ;
#104 = LINE ( 'NONE', #690, #1687 ) ;
#105 = EDGE_CURVE ( 'NONE', #1258, #1085, #160, .T. ) ;
#106 = VECTOR ( 'NONE', #114, 100.0000000000000000 ) ;
#107 = CARTESIAN_POINT ( 'NONE',  ( 0.5000000000000000000, -5.627053537019627072, -1.077672616895805069 ) ) ;
#108 = AXIS2_PLACEMENT_3D ( 'NONE', #610, #1064, #926 ) ;
#109 = ORIENTED_EDGE ( 'NONE', *, *, #1027, .T. ) ;
#110 = DIRECTION ( 'NONE',  ( -0.000000000000000000, -0.000000000000000000, 1.000000000000000000 ) ) ;
#111 = ORIENTED_EDGE ( 'NONE', *, *, #1428, .T. ) ;
#112 = CIRCLE ( 'NONE', #1801, 0.2699999999999994071 ) ;
#113 = VECTOR ( 'NONE', #755, 100.0000000000000000 ) ;
#114 = DIRECTION ( 'NONE',  ( -1.000000000000000000, -0.000000000000000000, -0.000000000000000000 ) ) ;
#115 = VERTEX_POINT ( 'NONE', #655 ) ;
#116 = DIRECTION ( 'NONE',  ( 0.000000000000000000, 0.000000000000000000, 1.000000000000000000 ) ) ;
#117 = CARTESIAN_POINT ( 'NONE',  ( 0.5000000000000001110, -5.641587095114115158, -1.048021883831655732 ) ) ;
#118 = EDGE_CURVE ( 'NONE', #35, #545, #1068, .T. ) ;
#119 = FACE_OUTER_BOUND ( 'NONE', #127, .T. ) ;
#120 = ORIENTED_EDGE ( 'NONE', *, *, #996, .T. ) ;
#121 = ADVANCED_FACE ( 'NONE', ( #1366 ), #1384, .F. ) ;
#122 = CARTESIAN_POINT ( 'NONE',  ( 0.5032374322799476607, -7.081776076360592143, 1.529654694309679153 ) ) ;
#123 = EDGE_LOOP ( 'NONE', ( #552, #1516, #1529, #440 ) ) ;
#124 = DIRECTION ( 'NONE',  ( 1.000000000000000000, -0.000000000000000000, 0.000000000000000000 ) ) ;
#125 =( NAMED_UNIT ( * ) SI_UNIT ( $, .STERADIAN. ) SOLID_ANGLE_UNIT ( ) );
#126 = CARTESIAN_POINT ( 'NONE',  ( 0.9945123816429232155, -5.949590661300201866, -0.6683037175894847026 ) ) ;
#127 = EDGE_LOOP ( 'NONE', ( #744, #431, #702, #1804 ) ) ;
#128 = ADVANCED_FACE ( 'NONE', ( #1643 ), #942, .F. ) ;
#129 = EDGE_CURVE ( 'NONE', #1671, #1557, #860, .T. ) ;
#130 = LINE ( 'NONE', #701, #1830 ) ;
#131 = ORIENTED_EDGE ( 'NONE', *, *, #95, .F. ) ;
#132 = CARTESIAN_POINT ( 'NONE',  ( 0.9810237519644012805, -6.146875024445700220, -0.7102421008290179527 ) ) ;
#133 = AXIS2_PLACEMENT_3D ( 'NONE', #546, #1129, #1848 ) ;
#134 = CARTESIAN_POINT ( 'NONE',  ( 4.755670429774157881, -7.249542376533193000, -4.213800578034682331 ) ) ;
#135 = VERTEX_POINT ( 'NONE', #640 ) ;
#136 = AXIS2_PLACEMENT_3D ( 'NONE', #949, #500, #940 ) ;
#137 = VECTOR ( 'NONE', #90, 100.0000000000000000 ) ;
#138 = AXIS2_PLACEMENT_3D ( 'NONE', #864, #1012, #1573 ) ;
#139 = EDGE_CURVE ( 'NONE', #506, #1774, #38, .T. ) ;
#140 = DIRECTION ( 'NONE',  ( -1.000000000000000000, -0.000000000000000000, -0.000000000000000000 ) ) ;
#141 = VERTEX_POINT ( 'NONE', #1222 ) ;
#142 = AXIS2_PLACEMENT_3D ( 'NONE', #222, #1800, #1669 ) ;
#143 = LINE ( 'NONE', #1306, #653 ) ;
#144 = CARTESIAN_POINT ( 'NONE',  ( 0.9999999999999998890, -6.307547580662577147, -0.7166999844736986480 ) ) ;
#145 = CARTESIAN_POINT ( 'NONE',  ( 0.9799983351679247834, -2.983970944994165375, -0.7012679717556665748 ) ) ;
#146 = CARTESIAN_POINT ( 'NONE',  ( 2.500000000000000000, -6.042682009742398108, -0.2297254852682908965 ) ) ;
#147 = EDGE_LOOP ( 'NONE', ( #7, #1240, #948, #882 ) ) ;
#148 = EDGE_CURVE ( 'NONE', #1568, #1258, #54, .T. ) ;
#149 = DIRECTION ( 'NONE',  ( 0.000000000000000000, -5.396917480816734322E-15, -1.000000000000000000 ) ) ;
#150 = CARTESIAN_POINT ( 'NONE',  ( 0.5929840060062510076, -3.071283105677117931, -0.6824508127666690793 ) ) ;
#151 = ORIENTED_EDGE ( 'NONE', *, *, #1874, .F. ) ;
#152 = DIRECTION ( 'NONE',  ( 0.000000000000000000, 0.000000000000000000, -1.000000000000000000 ) ) ;
#153 =( LENGTH_UNIT ( ) NAMED_UNIT ( * ) SI_UNIT ( .CENTI., .METRE. ) );
#154 = ORIENTED_EDGE ( 'NONE', *, *, #251, .F. ) ;
#155 = DIRECTION ( 'NONE',  ( 0.000000000000000000, 0.8979340673709518272, -0.4401299929051178395 ) ) ;
#156 = CARTESIAN_POINT ( 'NONE',  ( 0.6051290913780273950, -6.079604964247594445, -0.7004363616719663233 ) ) ;
#157 = EDGE_CURVE ( 'NONE', #1237, #1580, #632, .T. ) ;
#158 = LINE ( 'NONE', #1734, #965 ) ;
#159 = CARTESIAN_POINT ( 'NONE',  ( 0.6049821657847003209, -2.992230355344346115, -0.6999670529055530555 ) ) ;
#160 = CIRCLE ( 'NONE', #886, 1.530494233764364109 ) ;
#161 = ORIENTED_EDGE ( 'NONE', *, *, #719, .T. ) ;
#162 = CARTESIAN_POINT ( 'NONE',  ( 2.070000000000000284, -2.931286389354899935, 0.003567660596904241588 ) ) ;
#163 = AXIS2_PLACEMENT_3D ( 'NONE', #1603, #155, #727 ) ;
#164 = CIRCLE ( 'NONE', #1716, 1.530494233764364331 ) ;
#165 =( NAMED_UNIT ( * ) PLANE_ANGLE_UNIT ( ) SI_UNIT ( $, .RADIAN. ) );
#166 = VERTEX_POINT ( 'NONE', #473 ) ;
#167 = AXIS2_PLACEMENT_3D ( 'NONE', #854, #1292, #715 ) ;
#168 = DIRECTION ( 'NONE',  ( 0.000000000000000000, 0.000000000000000000, -1.000000000000000000 ) ) ;
#169 = FACE_OUTER_BOUND ( 'NONE', #980, .T. ) ;
#170 = EDGE_CURVE ( 'NONE', #1580, #825, #286, .T. ) ;
#171 = ORIENTED_EDGE ( 'NONE', *, *, #633, .T. ) ;
#172 = CARTESIAN_POINT ( 'NONE',  ( 2.070000000000000284, -4.286265124358488166, -2.759376218744902687 ) ) ;
#173 = CARTESIAN_POINT ( 'NONE',  ( 1.500000000000000000, -7.836950335279317947, -4.213800578034682331 ) ) ;
#174 = EDGE_CURVE ( 'NONE', #1753, #135, #76, .T. ) ;
#175 = DIRECTION ( 'NONE',  ( 0.000000000000000000, 0.000000000000000000, -1.000000000000000000 ) ) ;
#176 = ORIENTED_EDGE ( 'NONE', *, *, #260, .T. ) ;
#177 = CARTESIAN_POINT ( 'NONE',  ( 0.5000000000000000000, -1.232298219633980230, 2.313699421965317082 ) ) ;
#178 = ORIENTED_EDGE ( 'NONE', *, *, #1413, .F. ) ;
#179 = DIRECTION ( 'NONE',  ( 0.000000000000000000, 0.000000000000000000, -1.000000000000000000 ) ) ;
#180 = DIRECTION ( 'NONE',  ( 0.000000000000000000, -0.4401299929051178395, -0.8979340673709518272 ) ) ;
#181 = EDGE_LOOP ( 'NONE', ( #1635, #1641, #877, #1726 ) ) ;
#182 = DIRECTION ( 'NONE',  ( 0.000000000000000000, 0.000000000000000000, 1.000000000000000000 ) ) ;
#183 = LINE ( 'NONE', #1336, #113 ) ;
#184 = FACE_BOUND ( 'NONE', #1615, .T. ) ;
#185 = ADVANCED_FACE ( 'NONE', ( #1079, #1532, #87, #63 ), #1512, .F. ) ;
#186 = CARTESIAN_POINT ( 'NONE',  ( 0.5000000000000000000, -5.943061621567157893, -1.751803966488678421 ) ) ;
#187 = ORIENTED_EDGE ( 'NONE', *, *, #1612, .F. ) ;
#188 = CARTESIAN_POINT ( 'NONE',  ( 0.5000000000000000000, -3.442195017893669107, -1.077672616895805957 ) ) ;
#189 = DIRECTION ( 'NONE',  ( 0.000000000000000000, 0.000000000000000000, -1.000000000000000000 ) ) ;
#190 = ORIENTED_EDGE ( 'NONE', *, *, #1331, .F. ) ;
#191 = CARTESIAN_POINT ( 'NONE',  ( 4.485670429774158308, -7.249542376533193000, -5.213800578034682331 ) ) ;
#192 = DIRECTION ( 'NONE',  ( 0.000000000000000000, 0.000000000000000000, -1.000000000000000000 ) ) ;
#193 = FACE_OUTER_BOUND ( 'NONE', #1282, .T. ) ;
#194 = EDGE_CURVE ( 'NONE', #1105, #639, #6, .T. ) ;
#195 = CIRCLE ( 'NONE', #1298, 3.200000000000000178 ) ;
#196 = LINE ( 'NONE', #772, #432 ) ;
#197 = EDGE_LOOP ( 'NONE', ( #1008, #1655, #400, #1061 ) ) ;
#198 = CIRCLE ( 'NONE', #538, 1.530494233764364109 ) ;
#199 = CARTESIAN_POINT ( 'NONE',  ( 0.9999999999999998890, -3.196291868038765749, -0.6394610389798496275 ) ) ;
#200 = DIRECTION ( 'NONE',  ( 1.000000000000000000, 0.000000000000000000, 0.000000000000000000 ) ) ;
#201 = CARTESIAN_POINT ( 'NONE',  ( 2.204602446683341377, -7.249542376533193000, -5.213800578034682331 ) ) ;
#202 = AXIS2_PLACEMENT_3D ( 'NONE', #1407, #1831, #666 ) ;
#203 = DIRECTION ( 'NONE',  ( 1.000000000000000000, -0.000000000000000000, 0.000000000000000000 ) ) ;
#204 = DIRECTION ( 'NONE',  ( 1.000000000000000000, 0.000000000000000000, 0.000000000000000000 ) ) ;
#205 = ORIENTED_EDGE ( 'NONE', *, *, #1571, .F. ) ;
#206 = DIRECTION ( 'NONE',  ( -0.000000000000000000, -0.000000000000000000, 1.000000000000000000 ) ) ;
#207 = DIRECTION ( 'NONE',  ( 1.000000000000000000, 0.000000000000000000, 0.000000000000000000 ) ) ;
#208 = ORIENTED_EDGE ( 'NONE', *, *, #282, .F. ) ;
#209 = EDGE_CURVE ( 'NONE', #1681, #320, #1354, .T. ) ;
#210 = DIRECTION ( 'NONE',  ( 1.000000000000000000, -0.000000000000000000, 0.000000000000000000 ) ) ;
#211 = ADVANCED_FACE ( 'NONE', ( #625 ), #1092, .F. ) ;
#212 = CARTESIAN_POINT ( 'NONE',  ( 0.5000000000000000000, -2.804624277456648773, 0.3136994219653173599 ) ) ;
#213 = DIRECTION ( 'NONE',  ( -1.000000000000000000, -0.000000000000000000, -0.000000000000000000 ) ) ;
#214 = ORIENTED_EDGE ( 'NONE', *, *, #954, .F. ) ;
#215 = LINE ( 'NONE', #1347, #1867 ) ;
#216 = VERTEX_POINT ( 'NONE', #254 ) ;
#217 = CARTESIAN_POINT ( 'NONE',  ( 0.5000000000000000000, -1.950236602412878995, 1.583516062397813062 ) ) ;
#218 = DIRECTION ( 'NONE',  ( 0.000000000000000000, -0.4401299929051178395, -0.8979340673709518272 ) ) ;
#219 = ORIENTED_EDGE ( 'NONE', *, *, #974, .F. ) ;
#220 = CARTESIAN_POINT ( 'NONE',  ( 0.000000000000000000, -5.548699165216214979, -1.173463017721558588 ) ) ;
#221 = DIRECTION ( 'NONE',  ( 0.000000000000000000, 0.000000000000000000, -1.000000000000000000 ) ) ;
#222 = CARTESIAN_POINT ( 'NONE',  ( 4.755670429774157881, -1.819706178380103845, -5.106300578034681514 ) ) ;
#223 = EDGE_CURVE ( 'NONE', #1152, #815, #967, .T. ) ;
#224 = ORIENTED_EDGE ( 'NONE', *, *, #471, .F. ) ;
#225 = CARTESIAN_POINT ( 'NONE',  ( 0.5000000000000000000, -6.264624277456648294, 0.5516994219653174047 ) ) ;
#226 = ORIENTED_EDGE ( 'NONE', *, *, #1413, .T. ) ;
#227 = DIRECTION ( 'NONE',  ( 1.000000000000000000, -0.000000000000000000, 0.000000000000000000 ) ) ;
#228 = ORIENTED_EDGE ( 'NONE', *, *, #1202, .T. ) ;
#229 = DIRECTION ( 'NONE',  ( -1.000000000000000000, -0.000000000000000000, -0.000000000000000000 ) ) ;
#230 = CLOSED_SHELL ( 'NONE', ( #1721, #1689, #1756, #1288, #1535, #794, #1769, #446, #783, #1294, #185, #128, #868, #395, #601, #888, #1242, #662, #981, #1277, #879, #1402, #43, #1833, #1033, #370, #1624, #449, #1190, #1819, #1845, #1136, #402, #1521, #1488, #323, #387, #1006, #906, #1647, #211, #826, #83, #1728, #1868, #1855, #1227, #1073, #121, #1455, #1280 ) ) ;
#231 = CIRCLE ( 'NONE', #1533, 0.2699999999999997402 ) ;
#232 = CARTESIAN_POINT ( 'NONE',  ( 0.5659182185783934171, -3.331995538337098051, -0.8528484320061254786 ) ) ;
#233 = VERTEX_POINT ( 'NONE', #525 ) ;
#234 = VECTOR ( 'NONE', #357, 99.99999999999998579 ) ;
#235 = CARTESIAN_POINT ( 'NONE',  ( 2.070000000000000284, -2.513488797862913238, 1.026543679258074437 ) ) ;
#236 = AXIS2_PLACEMENT_3D ( 'NONE', #1126, #1701, #780 ) ;
#237 = CARTESIAN_POINT ( 'NONE',  ( 0.5000000000000000000, -2.804624277456648773, 0.5516994219653174047 ) ) ;
#238 = CARTESIAN_POINT ( 'NONE',  ( 0.5557110476709608005, -6.302890967085516216, -0.7167816277786648316 ) ) ;
#239 = VERTEX_POINT ( 'NONE', #1291 ) ;
#240 = DIRECTION ( 'NONE',  ( 1.000000000000000000, 0.000000000000000000, 0.000000000000000000 ) ) ;
#241 = ORIENTED_EDGE ( 'NONE', *, *, #1060, .F. ) ;
#242 = CIRCLE ( 'NONE', #321, 0.5000000000000000000 ) ;
#243 = CARTESIAN_POINT ( 'NONE',  ( 0.5032369302448419512, -3.413370247493852983, -1.018865574105334293 ) ) ;
#244 = VERTEX_POINT ( 'NONE', #674 ) ;
#245 = LINE ( 'NONE', #1078, #1358 ) ;
#246 = CARTESIAN_POINT ( 'NONE',  ( 0.000000000000000000, -4.534624277456648755, 0.3136994219653173599 ) ) ;
#247 = CARTESIAN_POINT ( 'NONE',  ( 0.6027884833219683269, -5.761550096948117705, -0.8032785854714933338 ) ) ;
#248 = CARTESIAN_POINT ( 'NONE',  ( 5.650000000000003020, -1.232298219633978675, -4.213800578034682331 ) ) ;
#249 = ORIENTED_EDGE ( 'NONE', *, *, #974, .T. ) ;
#250 = CYLINDRICAL_SURFACE ( 'NONE', #767, 0.2380000000000000726 ) ;
#251 = EDGE_CURVE ( 'NONE', #1454, #1661, #1385, .T. ) ;
#252 = CARTESIAN_POINT ( 'NONE',  ( -0.5000000000000000000, -5.548699165216214979, -1.173463017721558588 ) ) ;
#253 = ORIENTED_EDGE ( 'NONE', *, *, #514, .F. ) ;
#254 = CARTESIAN_POINT ( 'NONE',  ( 0.9999999999999998890, -2.234602777971080645, 1.172182884791381108 ) ) ;
#255 = CARTESIAN_POINT ( 'NONE',  ( 0.8393623543213072358, -5.835679651558168146, -0.6520426925389468664 ) ) ;
#256 = FACE_OUTER_BOUND ( 'NONE', #1785, .T. ) ;
#257 = ORIENTED_EDGE ( 'NONE', *, *, #118, .F. ) ;
#258 = CARTESIAN_POINT ( 'NONE',  ( 0.6021528774253518401, -3.308072811409394021, -0.8040423250852799519 ) ) ;
#259 = EDGE_LOOP ( 'NONE', ( #1382, #1423, #81, #1854 ) ) ;
#260 = EDGE_CURVE ( 'NONE', #1774, #506, #1169, .T. ) ;
#261 = AXIS2_PLACEMENT_3D ( 'NONE', #1697, #1275, #1263 ) ;
#262 = DIRECTION ( 'NONE',  ( 0.000000000000000000, 0.4401299929051190607, -0.8979340673709512721 ) ) ;
#263 = COLOUR_RGB ( '',0.7921568627450980005, 0.8196078431372548767, 0.9333333333333333481 ) ;
#264 = CARTESIAN_POINT ( 'NONE',  ( 0.9345090917544554010, -5.845802906604284033, -0.6313896679209393126 ) ) ;
#265 = AXIS2_PLACEMENT_3D ( 'NONE', #172, #1494, #1038 ) ;
#266 = CARTESIAN_POINT ( 'NONE',  ( 0.9844973387376417806, -6.187297921340561224, -0.7146676601754248237 ) ) ;
#267 = ORIENTED_EDGE ( 'NONE', *, *, #311, .F. ) ;
#268 = AXIS2_PLACEMENT_3D ( 'NONE', #1182, #1449, #862 ) ;
#269 = CARTESIAN_POINT ( 'NONE',  ( 0.5659311192932716672, -6.976661089580623809, 1.377606788325824727 ) ) ;
#270 = ORIENTED_EDGE ( 'NONE', *, *, #571, .T. ) ;
#271 = DIRECTION ( 'NONE',  ( 0.000000000000000000, 1.000000000000000000, -1.870321806983080855E-16 ) ) ;
#272 = CARTESIAN_POINT ( 'NONE',  ( 0.5000000000000000000, -4.534624277456648755, -1.486300578034682074 ) ) ;
#273 = EDGE_CURVE ( 'NONE', #1124, #1114, #1233, .T. ) ;
#274 = CARTESIAN_POINT ( 'NONE',  ( 2.500000000000000000, -2.804624277456648773, 0.3136994219653173599 ) ) ;
#275 = ORIENTED_EDGE ( 'NONE', *, *, #1390, .T. ) ;
#276 = CARTESIAN_POINT ( 'NONE',  ( 0.9669845041477350689, -6.834645776942218198, 1.172182884791379776 ) ) ;
#277 = ORIENTED_EDGE ( 'NONE', *, *, #105, .T. ) ;
#278 = CARTESIAN_POINT ( 'NONE',  ( 2.070000000000000284, -6.445960314332498164, 0.5953769711774633544 ) ) ;
#279 = CARTESIAN_POINT ( 'NONE',  ( 0.4999999999380642102, -5.978002247481319031, -1.051740378882344062 ) ) ;
#280 = CARTESIAN_POINT ( 'NONE',  ( 0.9999999999999993339, -5.911129896882219015, -0.6551469699443708272 ) ) ;
#281 = ORIENTED_EDGE ( 'NONE', *, *, #550, .T. ) ;
#282 = EDGE_CURVE ( 'NONE', #490, #1557, #104, .T. ) ;
#283 = DIRECTION ( 'NONE',  ( -1.000000000000000000, -0.000000000000000000, -0.000000000000000000 ) ) ;
#284 = ORIENTED_EDGE ( 'NONE', *, *, #992, .T. ) ;
#285 = CARTESIAN_POINT ( 'NONE',  ( 2.500000000000000000, -3.026566545170899403, -0.2297254852682902027 ) ) ;
#286 = CIRCLE ( 'NONE', #376, 0.2380000000000000726 ) ;
#287 = AXIS2_PLACEMENT_3D ( 'NONE', #561, #124, #697 ) ;
#288 = CARTESIAN_POINT ( 'NONE',  ( 0.5000000000000000000, -7.119011952500420293, 1.583516062397812618 ) ) ;
#289 = CARTESIAN_POINT ( 'NONE',  ( 0.9999999999999998890, -3.196291868038766193, -0.6394610389798495165 ) ) ;
#290 = CIRCLE ( 'NONE', #763, 0.5869999999999998552 ) ;
#291 = AXIS2_PLACEMENT_3D ( 'NONE', #1193, #2, #1743 ) ;
#292 = CARTESIAN_POINT ( 'NONE',  ( 0.5505908620531817510, -6.992987010558978866, 1.401222089759605272 ) ) ;
#293 = ORIENTED_EDGE ( 'NONE', *, *, #1133, .T. ) ;
#294 = EDGE_CURVE ( 'NONE', #329, #1545, #1442, .T. ) ;
#295 = CARTESIAN_POINT ( 'NONE',  ( 0.5000000000835094216, -5.806928467208523514, -1.064411074251373712 ) ) ;
#296 = FACE_BOUND ( 'NONE', #1392, .T. ) ;
#297 = CARTESIAN_POINT ( 'NONE',  ( 0.9920776522859139357, -3.101105903075513481, -0.6734279094646731245 ) ) ;
#298 = LINE ( 'NONE', #745, #1049 ) ;
#299 = LINE ( 'NONE', #1134, #1443 ) ;
#300 = ORIENTED_EDGE ( 'NONE', *, *, #1146, .F. ) ;
#301 = EDGE_CURVE ( 'NONE', #1508, #1124, #799, .T. ) ;
#302 = APPLICATION_PROTOCOL_DEFINITION ( 'draft international standard', 'automotive_design', 1998, #1420 ) ;
#303 = DIRECTION ( 'NONE',  ( 1.000000000000000000, 0.000000000000000000, -0.000000000000000000 ) ) ;
#304 = CARTESIAN_POINT ( 'NONE',  ( 0.5672491951092801798, -3.136742746759466627, -0.6627550414476980345 ) ) ;
#305 = VERTEX_POINT ( 'NONE', #844 ) ;
#306 = DIRECTION ( 'NONE',  ( 0.000000000000000000, 0.000000000000000000, -1.000000000000000000 ) ) ;
#307 = ORIENTED_EDGE ( 'NONE', *, *, #798, .T. ) ;
#308 = EDGE_CURVE ( 'NONE', #1144, #1476, #231, .T. ) ;
#309 = DIRECTION ( 'NONE',  ( 0.000000000000000000, -1.813504095821518600E-15, -1.000000000000000000 ) ) ;
#310 = CARTESIAN_POINT ( 'NONE',  ( 0.9986674050190370577, -3.158521387989171814, -0.6543310794964151134 ) ) ;
#311 = EDGE_CURVE ( 'NONE', #1085, #166, #959, .T. ) ;
#312 = ORIENTED_EDGE ( 'NONE', *, *, #729, .F. ) ;
#313 = CARTESIAN_POINT ( 'NONE',  ( 2.500000000000000000, -5.847229623750088479, -0.6284789416574017018 ) ) ;
#314 = AXIS2_PLACEMENT_3D ( 'NONE', #489, #1610, #1507 ) ;
#315 = AXIS2_PLACEMENT_3D ( 'NONE', #935, #1224, #528 ) ;
#316 =( NAMED_UNIT ( * ) SI_UNIT ( $, .STERADIAN. ) SOLID_ANGLE_UNIT ( ) );
#317 = ORIENTED_EDGE ( 'NONE', *, *, #694, .F. ) ;
#318 = VECTOR ( 'NONE', #686, 100.0000000000000000 ) ;
#319 = CARTESIAN_POINT ( 'NONE',  ( 2.474602446683340506, -1.819706178380103845, -5.213800578034682331 ) ) ;
#320 = VERTEX_POINT ( 'NONE', #553 ) ;
#321 = AXIS2_PLACEMENT_3D ( 'NONE', #619, #1217, #1784 ) ;
#322 = CARTESIAN_POINT ( 'NONE',  ( 0.5000000000417553769, -3.343385241010086162, -1.085812646538479864 ) ) ;
#323 = ADVANCED_FACE ( 'NONE', ( #1710 ), #407, .T. ) ;
#324 = EDGE_LOOP ( 'NONE', ( #501, #976, #629, #600 ) ) ;
#325 = DIRECTION ( 'NONE',  ( -1.000000000000000000, -0.000000000000000000, -0.000000000000000000 ) ) ;
#326 = LINE ( 'NONE', #464, #1243 ) ;
#327 = CARTESIAN_POINT ( 'NONE',  ( 0.6028088081636900908, -2.123970145208094351, 1.332212017271839022 ) ) ;
#328 = CARTESIAN_POINT ( 'NONE',  ( 0.5000000000000000000, -2.513488797862913238, 1.026543679258074437 ) ) ;
#329 = VERTEX_POINT ( 'NONE', #1433 ) ;
#330 = CARTESIAN_POINT ( 'NONE',  ( 0.000000000000000000, -1.232298219633978675, -5.106300578034681514 ) ) ;
#331 = CARTESIAN_POINT ( 'NONE',  ( 0.000000000000000000, -2.804624277456648773, 0.3136994219653173599 ) ) ;
#332 = EDGE_LOOP ( 'NONE', ( #205, #363, #1039, #1745 ) ) ;
#333 = FACE_OUTER_BOUND ( 'NONE', #89, .T. ) ;
#334 = CARTESIAN_POINT ( 'NONE',  ( 0.000000000000000000, -2.731824476995197593, -2.330144915255797144 ) ) ;
#335 = EDGE_CURVE ( 'NONE', #239, #829, #40, .T. ) ;
#336 = ORIENTED_EDGE ( 'NONE', *, *, #856, .T. ) ;
#337 = DIRECTION ( 'NONE',  ( -0.000000000000000000, -0.000000000000000000, 1.000000000000000000 ) ) ;
#338 = DIRECTION ( 'NONE',  ( 1.000000000000000000, 0.000000000000000000, 0.000000000000000000 ) ) ;
#339 = ORIENTED_EDGE ( 'NONE', *, *, #1581, .F. ) ;
#340 = LINE ( 'NONE', #806, #652 ) ;
#341 = CARTESIAN_POINT ( 'NONE',  ( 0.5000000000000000000, -7.836950335279317947, 2.313699421965317082 ) ) ;
#342 = CARTESIAN_POINT ( 'NONE',  ( 2.474602446683340951, -7.249542376533193000, -4.213800578034682331 ) ) ;
#343 = CARTESIAN_POINT ( 'NONE',  ( 0.5000000000000000000, -1.232298219633979119, -3.213800578034680555 ) ) ;
#344 = CYLINDRICAL_SURFACE ( 'NONE', #411, 1.799999999999999600 ) ;
#345 = AXIS2_PLACEMENT_3D ( 'NONE', #1218, #1348, #1506 ) ;
#346 = EDGE_CURVE ( 'NONE', #1189, #239, #1149, .T. ) ;
#347 = FACE_OUTER_BOUND ( 'NONE', #181, .T. ) ;
#348 = CIRCLE ( 'NONE', #291, 0.2380000000000000726 ) ;
#349 = AXIS2_PLACEMENT_3D ( 'NONE', #684, #1427, #527 ) ;
#350 = DIRECTION ( 'NONE',  ( -1.000000000000000000, -0.000000000000000000, -0.000000000000000000 ) ) ;
#351 = DIRECTION ( 'NONE',  ( 0.000000000000000000, 0.5686651334095079724, 0.8225691253896819655 ) ) ;
#352 = DIRECTION ( 'NONE',  ( -0.000000000000000000, -1.000000000000000000, -0.000000000000000000 ) ) ;
#353 = ORIENTED_EDGE ( 'NONE', *, *, #1436, .T. ) ;
#354 = DIRECTION ( 'NONE',  ( 0.000000000000000000, 0.000000000000000000, -1.000000000000000000 ) ) ;
#355 = ORIENTED_EDGE ( 'NONE', *, *, #1707, .T. ) ;
#356 = FACE_BOUND ( 'NONE', #573, .T. ) ;
#357 = DIRECTION ( 'NONE',  ( 0.000000000000000000, 0.4401299929051190607, -0.8979340673709512721 ) ) ;
#358 = EDGE_CURVE ( 'NONE', #1024, #667, #1155, .T. ) ;
#359 = CARTESIAN_POINT ( 'NONE',  ( 1.500000000000000000, -1.232298219633978675, -3.213800578034681887 ) ) ;
#360 = CARTESIAN_POINT ( 'NONE',  ( 2.204602446683341377, -7.249542376533193000, -5.213800578034682331 ) ) ;
#361 = LINE ( 'NONE', #793, #867 ) ;
#362 = CARTESIAN_POINT ( 'NONE',  ( 2.070000000000000284, -2.623288240580799346, 0.5953769711774639095 ) ) ;
#363 = ORIENTED_EDGE ( 'NONE', *, *, #5, .F. ) ;
#364 = DIRECTION ( 'NONE',  ( -0.000000000000000000, -0.000000000000000000, 1.000000000000000000 ) ) ;
#365 = ORIENTED_EDGE ( 'NONE', *, *, #95, .T. ) ;
#366 = FACE_BOUND ( 'NONE', #660, .T. ) ;
#367 = CARTESIAN_POINT ( 'NONE',  ( 0.4999999999999998335, -3.427661316153924442, -1.048021590772850731 ) ) ;
#368 = ORIENTED_EDGE ( 'NONE', *, *, #1112, .T. ) ;
#369 = CARTESIAN_POINT ( 'NONE',  ( 2.070000000000000284, -2.804624277456648773, 0.3136994219653181926 ) ) ;
#370 = ADVANCED_FACE ( 'NONE', ( #13 ), #1171, .F. ) ;
#371 = DIRECTION ( 'NONE',  ( 0.000000000000000000, 0.000000000000000000, 1.000000000000000000 ) ) ;
#372 = FACE_OUTER_BOUND ( 'NONE', #444, .T. ) ;
#373 = CARTESIAN_POINT ( 'NONE',  ( 2.500000000000000000, -5.847229623750088479, -0.6284789416574017018 ) ) ;
#374 = ORIENTED_EDGE ( 'NONE', *, *, #1133, .F. ) ;
#375 = ORIENTED_EDGE ( 'NONE', *, *, #29, .T. ) ;
#376 = AXIS2_PLACEMENT_3D ( 'NONE', #331, #952, #1790 ) ;
#377 = CARTESIAN_POINT ( 'NONE',  ( 2.500000000000000000, -6.042682009742398108, -0.2297254852682908965 ) ) ;
#378 = ORIENTED_EDGE ( 'NONE', *, *, #438, .T. ) ;
#379 = VECTOR ( 'NONE', #1708, 100.0000000000000000 ) ;
#380 = CARTESIAN_POINT ( 'NONE',  ( 0.5000000000000000000, -2.486880236721952020, 0.8072657544654054940 ) ) ;
#381 = VECTOR ( 'NONE', #810, 100.0000000000000000 ) ;
#382 = CARTESIAN_POINT ( 'NONE',  ( 0.5257421024079291794, -5.698237809045761715, -0.9324455613812130395 ) ) ;
#383 = AXIS2_PLACEMENT_3D ( 'NONE', #1843, #1278, #1723 ) ;
#384 = CARTESIAN_POINT ( 'NONE',  ( 0.5000000000000000000, -2.804624277456648773, 0.5516994219653174047 ) ) ;
#385 = ORIENTED_EDGE ( 'NONE', *, *, #557, .T. ) ;
#386 = CIRCLE ( 'NONE', #14, 1.030494233764364331 ) ;
#387 = ADVANCED_FACE ( 'NONE', ( #1147 ), #1321, .F. ) ;
#388 = DIRECTION ( 'NONE',  ( 1.000000000000000000, -0.000000000000000000, -0.000000000000000000 ) ) ;
#389 = FACE_OUTER_BOUND ( 'NONE', #607, .T. ) ;
#390 = VERTEX_POINT ( 'NONE', #1480 ) ;
#391 = DIRECTION ( 'NONE',  ( 0.000000000000000000, 0.000000000000000000, -1.000000000000000000 ) ) ;
#392 = CARTESIAN_POINT ( 'NONE',  ( 0.4999999999216253599, -6.225298826684297460, -1.110434493163914293 ) ) ;
#393 = CARTESIAN_POINT ( 'NONE',  ( 0.5000000000000000000, -2.804624277456648773, 0.07569942196531728729 ) ) ;
#394 = ORIENTED_EDGE ( 'NONE', *, *, #578, .F. ) ;
#395 = ADVANCED_FACE ( 'NONE', ( #602 ), #1055, .F. ) ;
#396 = DIRECTION ( 'NONE',  ( 0.000000000000000000, 0.000000000000000000, -1.000000000000000000 ) ) ;
#397 = ORIENTED_EDGE ( 'NONE', *, *, #1166, .T. ) ;
#398 = FACE_OUTER_BOUND ( 'NONE', #759, .T. ) ;
#399 = CARTESIAN_POINT ( 'NONE',  ( 0.5000000000000000000, -2.804624277456648773, 0.3136994219653181926 ) ) ;
#400 = ORIENTED_EDGE ( 'NONE', *, *, #486, .T. ) ;
#401 = DIRECTION ( 'NONE',  ( -1.000000000000000000, -0.000000000000000000, -0.000000000000000000 ) ) ;
#402 = ADVANCED_FACE ( 'NONE', ( #1621 ), #758, .F. ) ;
#403 = CARTESIAN_POINT ( 'NONE',  ( 0.5000000000000000000, -2.804624277456648773, 0.3136994219653173599 ) ) ;
#404 = ORIENTED_EDGE ( 'NONE', *, *, #774, .T. ) ;
#405 = EDGE_CURVE ( 'NONE', #1774, #750, #479, .T. ) ;
#406 = AXIS2_PLACEMENT_3D ( 'NONE', #246, #1829, #391 ) ;
#407 = PLANE ( 'NONE',  #1203 ) ;
#408 = VECTOR ( 'NONE', #749, 100.0000000000000000 ) ;
#409 = CARTESIAN_POINT ( 'NONE',  ( 0.9986674050190632590, -6.307494187598683411, -0.7161007467120463765 ) ) ;
#410 =( BOUNDED_SURFACE ( )  B_SPLINE_SURFACE ( 3, 2, ( 
 ( #98, #675, #1398 ),
 ( #1842, #1849, #1138 ),
 ( #409, #995, #1572 ),
 ( #1534, #238, #808 ),
 ( #1256, #1265, #537 ),
 ( #1122, #1698, #392 ),
 ( #978, #1555, #419 ),
 ( #132, #1005, #1150 ),
 ( #1594, #728, #1324 ),
 ( #1311, #156, #1463 ),
 ( #15, #1578, #279 ),
 ( #1750, #425, #852 ),
 ( #1439, #1869, #570 ),
 ( #1300, #706, #295 ),
 ( #878, #1722, #1733 ),
 ( #451, #1727, #1157 ),
 ( #1456, #1011, #1857 ),
 ( #1163, #1584, #714 ) ),
 .UNSPECIFIED., .F., .F., .F. ) 
 B_SPLINE_SURFACE_WITH_KNOTS ( ( 4, 2, 2, 2, 2, 2, 2, 2, 4 ),
 ( 3, 3 ),
 ( 0.008394258328422806240, 0.009292132942494989861, 0.01019000755656717522, 0.01108788217063936057, 0.01198575678471154593, 0.01288363139878373129, 0.01378150601285591664, 0.01467938062692810200, 0.01557725524100028562 ),
 ( 0.000000000000000000, 1.000000000000000000 ),
 .UNSPECIFIED. ) 
 GEOMETRIC_REPRESENTATION_ITEM ( )  RATIONAL_B_SPLINE_SURFACE ( (
 ( 1.000000000000000000, 0.7071067811865482389, 1.000000000000000000),
 ( 1.000000000000000000, 0.7177317099624080932, 1.000000000000000000),
 ( 1.000000000000000000, 0.7289294822962062437, 1.000000000000000000),
 ( 1.000000000000000000, 0.7505088755104094567, 1.000000000000000000),
 ( 1.000000000000000000, 0.7609160784592610138, 1.000000000000000000),
 ( 1.000000000000000000, 0.7789553436967742162, 1.000000000000000000),
 ( 1.000000000000000000, 0.7865627152573121394, 1.000000000000000000),
 ( 1.000000000000000000, 0.7970900777289672279, 1.000000000000000000),
 ( 1.000000000000000000, 0.7999813553217327566, 1.000000000000000000),
 ( 1.000000000000000000, 0.8001519988941845352, 1.000000000000000000),
 ( 1.000000000000000000, 0.7974272301622036263, 1.000000000000000000),
 ( 1.000000000000000000, 0.7870289486813655255, 1.000000000000000000),
 ( 1.000000000000000000, 0.7793573980633782261, 1.000000000000000000),
 ( 1.000000000000000000, 0.7611658624645784021, 1.000000000000000000),
 ( 1.000000000000000000, 0.7506723561363185526, 1.000000000000000000),
 ( 1.000000000000000000, 0.7289868412597474423, 1.000000000000000000),
 ( 1.000000000000000000, 0.7177947179577074399, 1.000000000000000000),
 ( 1.000000000000000000, 0.7071067811865472397, 1.000000000000000000) ) ) 
 REPRESENTATION_ITEM ( '' )  SURFACE ( )  );
#411 = AXIS2_PLACEMENT_3D ( 'NONE', #1361, #757, #175 ) ;
#412 = CARTESIAN_POINT ( 'NONE',  ( 2.500000000000000000, -3.222018931163207700, -0.6284789416574010357 ) ) ;
#413 = DIRECTION ( 'NONE',  ( 1.000000000000000000, 0.000000000000000000, 0.000000000000000000 ) ) ;
#414 = VECTOR ( 'NONE', #1365, 100.0000000000000000 ) ;
#415 = CIRCLE ( 'NONE', #142, 0.2700000000000014611 ) ;
#416 = CARTESIAN_POINT ( 'NONE',  ( 2.500000000000000000, -6.264624277456648294, 0.3136994219653173599 ) ) ;
#417 = ORIENTED_EDGE ( 'NONE', *, *, #586, .T. ) ;
#418 = EDGE_CURVE ( 'NONE', #960, #1106, #1212, .T. ) ;
#419 = CARTESIAN_POINT ( 'NONE',  ( 0.5000000000710673742, -6.193657307985810156, -1.097221185719067238 ) ) ;
#420 = DIRECTION ( 'NONE',  ( -1.000000000000000000, -0.000000000000000000, -0.000000000000000000 ) ) ;
#421 = ORIENTED_EDGE ( 'NONE', *, *, #194, .T. ) ;
#422 = CARTESIAN_POINT ( 'NONE',  ( 0.000000000000000000, -7.836950335279318836, -5.106300578034681514 ) ) ;
#423 = DIRECTION ( 'NONE',  ( 0.000000000000000000, -0.3780958564126959964, -0.9257664518460095859 ) ) ;
#424 = ORIENTED_EDGE ( 'NONE', *, *, #1088, .F. ) ;
#425 = CARTESIAN_POINT ( 'NONE',  ( 0.5934177454193912959, -5.999583449193009344, -0.6828815711397241417 ) ) ;
#426 = DIRECTION ( 'NONE',  ( 0.000000000000000000, 0.000000000000000000, -1.000000000000000000 ) ) ;
#427 = CARTESIAN_POINT ( 'NONE',  ( 0.9868598078818728858, -2.863369297968031191, -0.7153198403621429113 ) ) ;
#428 = EDGE_CURVE ( 'NONE', #736, #305, #781, .T. ) ;
#429 = B_SPLINE_CURVE_WITH_KNOTS ( 'NONE', 3,
 ( #1434, #144, #1556, #266, #1705, #1429, #1850, #555, #998, #126, #280, #1440 ),
 .UNSPECIFIED., .F., .F.,
 ( 4, 2, 2, 2, 2, 4 ),
 ( 0.000000000000000000, 0.001217101160833251828, 0.002434202321666503657, 0.003042752902083140521, 0.003651303482499776952, 0.004868404643333028997 ),
 .UNSPECIFIED. ) ;
#430 = FILL_AREA_STYLE ('',( #1731 ) ) ;
#431 = ORIENTED_EDGE ( 'NONE', *, *, #1781, .F. ) ;
#432 = VECTOR ( 'NONE', #638, 100.0000000000000000 ) ;
#433 = LINE ( 'NONE', #1604, #1119 ) ;
#434 = CARTESIAN_POINT ( 'NONE',  ( 2.070000000000000284, -6.137962165558396244, 0.003567660596903721171 ) ) ;
#435 = AXIS2_PLACEMENT_3D ( 'NONE', #1542, #388, #973 ) ;
#436 = APPLICATION_CONTEXT ( 'automotive_design' ) ;
#437 = CIRCLE ( 'NONE', #682, 0.5869999999999998552 ) ;
#438 = EDGE_CURVE ( 'NONE', #750, #897, #1766, .T. ) ;
#439 = CARTESIAN_POINT ( 'NONE',  ( 0.000000000000000000, -3.520549389697083420, -1.173463017721559476 ) ) ;
#440 = ORIENTED_EDGE ( 'NONE', *, *, #308, .T. ) ;
#441 = DIRECTION ( 'NONE',  ( -1.000000000000000000, -0.000000000000000000, -0.000000000000000000 ) ) ;
#442 = CARTESIAN_POINT ( 'NONE',  ( 5.025670429774159231, -1.819706178380103845, -5.106300578034681514 ) ) ;
#443 = LINE ( 'NONE', #1586, #1077 ) ;
#444 = EDGE_LOOP ( 'NONE', ( #1468, #803, #1491, #870 ) ) ;
#445 = DIRECTION ( 'NONE',  ( 0.000000000000000000, 0.000000000000000000, -1.000000000000000000 ) ) ;
#446 = ADVANCED_FACE ( 'NONE', ( #347 ), #1757, .F. ) ;
#447 = LINE ( 'NONE', #622, #1419 ) ;
#448 = EDGE_LOOP ( 'NONE', ( #475, #1878, #1066, #1401 ) ) ;
#449 = ADVANCED_FACE ( 'NONE', ( #1767 ), #457, .F. ) ;
#450 = CARTESIAN_POINT ( 'NONE',  ( 2.070000000000000284, -6.264624277456648294, 0.3136994219653173599 ) ) ;
#451 = CARTESIAN_POINT ( 'NONE',  ( 0.9986617364968133348, -5.910823150593349062, -0.6543683356171291488 ) ) ;
#452 = CARTESIAN_POINT ( 'NONE',  ( 0.4999999999999994449, -3.196291868038766637, -0.6394610389798495165 ) ) ;
#453 = VERTEX_POINT ( 'NONE', #1640 ) ;
#454 = DIRECTION ( 'NONE',  ( -1.000000000000000000, -0.000000000000000000, -0.000000000000000000 ) ) ;
#455 = EDGE_LOOP ( 'NONE', ( #1303, #659, #853, #374 ) ) ;
#456 = EDGE_CURVE ( 'NONE', #795, #1684, #612, .T. ) ;
#457 = CYLINDRICAL_SURFACE ( 'NONE', #1860, 0.5869999999999998552 ) ;
#458 = EDGE_CURVE ( 'NONE', #1332, #1118, #1142, .T. ) ;
#459 = CARTESIAN_POINT ( 'NONE',  ( 0.4999999999931898365, -2.983260748286725939, -1.065530829362066889 ) ) ;
#460 = CIRCLE ( 'NONE', #1466, 0.7000000000000002887 ) ;
#461 = DIRECTION ( 'NONE',  ( 0.000000000000000000, 0.000000000000000000, -1.000000000000000000 ) ) ;
#462 = EDGE_LOOP ( 'NONE', ( #613, #892, #768, #693 ) ) ;
#463 = CARTESIAN_POINT ( 'NONE',  ( 1.500000000000000000, -1.232298219633978675, -4.213800578034682331 ) ) ;
#464 = CARTESIAN_POINT ( 'NONE',  ( 2.070000000000000284, -2.623288240580799346, 0.5953769711774639095 ) ) ;
#465 = CIRCLE ( 'NONE', #1386, 0.3350000000000002420 ) ;
#466 = AXIS2_PLACEMENT_3D ( 'NONE', #1520, #966, #817 ) ;
#467 = CARTESIAN_POINT ( 'NONE',  ( 4.755670429774157881, -7.249542376533193000, -5.106300578034681514 ) ) ;
#468 = AXIS2_PLACEMENT_3D ( 'NONE', #68, #766, #1226 ) ;
#469 = DIRECTION ( 'NONE',  ( 1.000000000000000000, 0.000000000000000000, 0.000000000000000000 ) ) ;
#470 = CARTESIAN_POINT ( 'NONE',  ( 1.934602446683341581, -7.249542376533193000, -4.213800578034682331 ) ) ;
#471 = EDGE_CURVE ( 'NONE', #1105, #1076, #9, .T. ) ;
#472 = FACE_OUTER_BOUND ( 'NONE', #1230, .T. ) ;
#473 = CARTESIAN_POINT ( 'NONE',  ( 0.5000000000000000000, -3.386330578469666008, -1.101938377384403589 ) ) ;
#474 = FACE_OUTER_BOUND ( 'NONE', #1207, .T. ) ;
#475 = ORIENTED_EDGE ( 'NONE', *, *, #1112, .F. ) ;
#476 = CARTESIAN_POINT ( 'NONE',  ( 0.5000000000000000000, -2.680797951557843728, -1.211777434824182098 ) ) ;
#477 = LINE ( 'NONE', #37, #1720 ) ;
#478 = CARTESIAN_POINT ( 'NONE',  ( 0.5161424880601322984, -2.024314814097141202, 1.476362579239430151 ) ) ;
#479 = LINE ( 'NONE', #319, #1620 ) ;
#480 = ORIENTED_EDGE ( 'NONE', *, *, #1807, .F. ) ;
#481 = CARTESIAN_POINT ( 'NONE',  ( 0.9867740292443867300, -2.864059690755394794, -0.7152807976517725486 ) ) ;
#482 = CARTESIAN_POINT ( 'NONE',  ( 2.070000000000000284, -5.259251937899774632, -2.147951420777012732 ) ) ;
#483 = ORIENTED_EDGE ( 'NONE', *, *, #105, .F. ) ;
#484 = CARTESIAN_POINT ( 'NONE',  ( 4.485670429774158308, -7.249542376533193000, -4.213800578034682331 ) ) ;
#485 = FACE_OUTER_BOUND ( 'NONE', #1342, .T. ) ;
#486 = EDGE_CURVE ( 'NONE', #1189, #35, #465, .T. ) ;
#487 = EDGE_LOOP ( 'NONE', ( #1682, #111, #696, #1505, #67, #1339, #1700, #277, #603, #1010, #946, #224, #1844, #1235, #1159, #1840, #22, #70, #1245, #178, #1748, #1796 ) ) ;
#488 = CARTESIAN_POINT ( 'NONE',  ( 0.5000000000000000000, -4.076150047128767717, -2.817956982338168270 ) ) ;
#489 = CARTESIAN_POINT ( 'NONE',  ( 0.5000000000000000000, -6.264624277456648294, 0.3136994219653173599 ) ) ;
#490 = VERTEX_POINT ( 'NONE', #1065 ) ;
#491 = DIRECTION ( 'NONE',  ( -1.000000000000000000, -0.000000000000000000, -0.000000000000000000 ) ) ;
#492 = DIRECTION ( 'NONE',  ( -0.000000000000000000, -1.870321806983080855E-16, 1.000000000000000000 ) ) ;
#493 = EDGE_LOOP ( 'NONE', ( #529, #1287, #809, #378 ) ) ;
#494 = AXIS2_PLACEMENT_3D ( 'NONE', #1596, #1458, #743 ) ;
#495 = CARTESIAN_POINT ( 'NONE',  ( 0.5000000000000000000, -4.534624277456648755, 0.3136994219653173599 ) ) ;
#496 = ORIENTED_EDGE ( 'NONE', *, *, #1781, .T. ) ;
#497 = CARTESIAN_POINT ( 'NONE',  ( 0.9999999999999998890, -2.804624277456648773, 0.3136994219653173599 ) ) ;
#498 = EDGE_CURVE ( 'NONE', #135, #795, #630, .T. ) ;
#499 = AXIS2_PLACEMENT_3D ( 'NONE', #1673, #939, #812 ) ;
#500 = DIRECTION ( 'NONE',  ( 1.000000000000000000, -0.000000000000000000, 0.000000000000000000 ) ) ;
#501 = ORIENTED_EDGE ( 'NONE', *, *, #1852, .F. ) ;
#502 = CIRCLE ( 'NONE', #1299, 0.7000000000000002887 ) ;
#503 = CIRCLE ( 'NONE', #1274, 0.3349999999999999645 ) ;
#504 = FACE_OUTER_BOUND ( 'NONE', #972, .T. ) ;
#505 = CARTESIAN_POINT ( 'NONE',  ( 0.4999999999999997780, -2.697539668039060423, -1.197969638322953445 ) ) ;
#506 = VERTEX_POINT ( 'NONE', #1075 ) ;
#507 = CARTESIAN_POINT ( 'NONE',  ( 2.204602446683341377, -7.249542376533193000, -5.106300578034681514 ) ) ;
#508 = EDGE_LOOP ( 'NONE', ( #46, #657, #1576, #355 ) ) ;
#509 = DIRECTION ( 'NONE',  ( 0.000000000000000000, 0.000000000000000000, -1.000000000000000000 ) ) ;
#510 = FACE_OUTER_BOUND ( 'NONE', #1050, .T. ) ;
#511 = EDGE_CURVE ( 'NONE', #1549, #1355, #41, .T. ) ;
#512 = DIRECTION ( 'NONE',  ( 0.000000000000000000, 0.000000000000000000, 1.000000000000000000 ) ) ;
#513 = ORIENTED_EDGE ( 'NONE', *, *, #511, .F. ) ;
#514 = EDGE_CURVE ( 'NONE', #1661, #1140, #1787, .T. ) ;
#515 = DIRECTION ( 'NONE',  ( 0.000000000000000000, 0.000000000000000000, -1.000000000000000000 ) ) ;
#516 = CARTESIAN_POINT ( 'NONE',  ( 0.000000000000000000, 0.000000000000000000, 0.000000000000000000 ) ) ;
#517 = CYLINDRICAL_SURFACE ( 'NONE', #349, 1.030494233764364109 ) ;
#518 = ORIENTED_EDGE ( 'NONE', *, *, #996, .F. ) ;
#519 = CARTESIAN_POINT ( 'NONE',  ( 2.070000000000000284, -4.286265124358488166, -2.759376218744902687 ) ) ;
#520 = ORIENTED_EDGE ( 'NONE', *, *, #943, .F. ) ;
#521 = FACE_OUTER_BOUND ( 'NONE', #508, .T. ) ;
#522 = CARTESIAN_POINT ( 'NONE',  ( 0.8697057703521968719, -3.229133250000312039, -0.6429932655002478237 ) ) ;
#523 = EDGE_LOOP ( 'NONE', ( #938, #911, #642, #1696, #368, #1257 ) ) ;
#524 = FACE_OUTER_BOUND ( 'NONE', #448, .T. ) ;
#525 = CARTESIAN_POINT ( 'NONE',  ( 0.9999999999999998890, -5.872956686874532650, -0.6394610389798500716 ) ) ;
#526 = EDGE_CURVE ( 'NONE', #1124, #1076, #196, .T. ) ;
#527 = DIRECTION ( 'NONE',  ( 0.000000000000000000, 0.000000000000000000, 1.000000000000000000 ) ) ;
#528 = DIRECTION ( 'NONE',  ( 0.000000000000000000, 0.000000000000000000, -1.000000000000000000 ) ) ;
#529 = ORIENTED_EDGE ( 'NONE', *, *, #1678, .F. ) ;
#530 = CARTESIAN_POINT ( 'NONE',  ( 0.5032378097053110677, -1.987581249063697930, 1.529497358720003808 ) ) ;
#531 = AXIS2_PLACEMENT_3D ( 'NONE', #186, #1350, #168 ) ;
#532 = CARTESIAN_POINT ( 'NONE',  ( 2.070000000000000284, -6.042682009742398108, -0.2297254852682908965 ) ) ;
#533 = ORIENTED_EDGE ( 'NONE', *, *, #139, .F. ) ;
#534 = VECTOR ( 'NONE', #929, 100.0000000000000000 ) ;
#535 = CIRCLE ( 'NONE', #1693, 0.4999999999999999445 ) ;
#536 = DIRECTION ( 'NONE',  ( 1.000000000000000000, -0.000000000000000000, 0.000000000000000000 ) ) ;
#537 = CARTESIAN_POINT ( 'NONE',  ( 0.5000000000783743070, -6.282327791526423511, -1.138688065339655386 ) ) ;
#538 = AXIS2_PLACEMENT_3D ( 'NONE', #584, #760, #309 ) ;
#539 = EDGE_CURVE ( 'NONE', #85, #1818, #1045, .T. ) ;
#540 = DIRECTION ( 'NONE',  ( 0.000000000000000000, 0.000000000000000000, -1.000000000000000000 ) ) ;
#541 = ORIENTED_EDGE ( 'NONE', *, *, #1125, .T. ) ;
#542 = AXIS2_PLACEMENT_3D ( 'NONE', #497, #227, #192 ) ;
#543 = DIRECTION ( 'NONE',  ( -0.000000000000000000, 0.9257664518460106962, 0.3780958564126934984 ) ) ;
#544 = DIRECTION ( 'NONE',  ( 1.000000000000000000, -0.000000000000000000, -0.000000000000000000 ) ) ;
#545 = VERTEX_POINT ( 'NONE', #532 ) ;
#546 = CARTESIAN_POINT ( 'NONE',  ( 0.5000000000000000000, -3.126186933346140062, -1.751803966488677977 ) ) ;
#547 = DIRECTION ( 'NONE',  ( -1.000000000000000000, -0.000000000000000000, -0.000000000000000000 ) ) ;
#548 = LINE ( 'NONE', #1131, #1741 ) ;
#549 = ORIENTED_EDGE ( 'NONE', *, *, #458, .T. ) ;
#550 = EDGE_CURVE ( 'NONE', #1305, #1661, #982, .T. ) ;
#551 = CARTESIAN_POINT ( 'NONE',  ( 5.650000000000003020, -7.836950335279317947, -5.106300578034680626 ) ) ;
#552 = ORIENTED_EDGE ( 'NONE', *, *, #846, .F. ) ;
#553 = CARTESIAN_POINT ( 'NONE',  ( 0.5000000000000000000, -6.582368318191345047, 0.8072657544654027184 ) ) ;
#554 = CARTESIAN_POINT ( 'NONE',  ( 0.5161385262303507249, -5.684397062617073892, -0.9606828502197455322 ) ) ;
#555 = CARTESIAN_POINT ( 'NONE',  ( 0.9842933478192655850, -6.028305615036327225, -0.6895373193180583948 ) ) ;
#556 = ORIENTED_EDGE ( 'NONE', *, *, #943, .T. ) ;
#557 = EDGE_CURVE ( 'NONE', #1454, #305, #814, .T. ) ;
#558 = CARTESIAN_POINT ( 'NONE',  ( 0.7781831679622830400, -6.863490763268939254, 1.213906904395660957 ) ) ;
#559 = EDGE_LOOP ( 'NONE', ( #161, #249, #1574, #575 ) ) ;
#560 = VECTOR ( 'NONE', #351, 100.0000000000000142 ) ;
#561 = CARTESIAN_POINT ( 'NONE',  ( 0.5000000000000000000, -6.264624277456648294, 0.3136994219653173599 ) ) ;
#562 = CIRCLE ( 'NONE', #136, 1.030494233764364109 ) ;
#563 = CARTESIAN_POINT ( 'NONE',  ( 0.000000000000000000, 0.000000000000000000, 0.000000000000000000 ) ) ;
#564 = VECTOR ( 'NONE', #1074, 100.0000000000000000 ) ;
#565 = CYLINDRICAL_SURFACE ( 'NONE', #138, 0.7000000000000002887 ) ;
#566 = ORIENTED_EDGE ( 'NONE', *, *, #526, .T. ) ;
#567 = AXIS2_PLACEMENT_3D ( 'NONE', #507, #80, #668 ) ;
#568 = LINE ( 'NONE', #146, #379 ) ;
#569 = ORIENTED_EDGE ( 'NONE', *, *, #1638, .T. ) ;
#570 = CARTESIAN_POINT ( 'NONE',  ( 0.4999999999164904119, -5.870745097019172576, -1.054802142121022746 ) ) ;
#571 = EDGE_CURVE ( 'NONE', #651, #958, #1127, .T. ) ;
#572 = DIRECTION ( 'NONE',  ( 0.000000000000000000, 0.000000000000000000, -1.000000000000000000 ) ) ;
#573 = EDGE_LOOP ( 'NONE', ( #496, #365 ) ) ;
#574 = FACE_BOUND ( 'NONE', #1430, .T. ) ;
#575 = ORIENTED_EDGE ( 'NONE', *, *, #157, .F. ) ;
#576 = CARTESIAN_POINT ( 'NONE',  ( 5.650000000000003020, -7.836950335279317947, -5.106300578034680626 ) ) ;
#577 =( LENGTH_UNIT ( ) NAMED_UNIT ( * ) SI_UNIT ( .CENTI., .METRE. ) );
#578 = EDGE_CURVE ( 'NONE', #1508, #631, #1553, .T. ) ;
#579 = DIRECTION ( 'NONE',  ( -1.000000000000000000, 0.000000000000000000, 0.000000000000000000 ) ) ;
#580 = PRESENTATION_STYLE_ASSIGNMENT (( #1453 ) ) ;
#581 = ORIENTED_EDGE ( 'NONE', *, *, #1187, .F. ) ;
#582 = ORIENTED_EDGE ( 'NONE', *, *, #1027, .F. ) ;
#583 = AXIS2_PLACEMENT_3D ( 'NONE', #1839, #544, #396 ) ;
#584 = CARTESIAN_POINT ( 'NONE',  ( 0.5000000000000000000, -2.804624277456648773, 0.3136994219653173599 ) ) ;
#585 = CARTESIAN_POINT ( 'NONE',  ( 0.5558998563909551827, -2.766608476875247025, -0.7167942895496814959 ) ) ;
#586 = EDGE_CURVE ( 'NONE', #305, #1369, #84, .T. ) ;
#587 = VECTOR ( 'NONE', #401, 100.0000000000000000 ) ;
#588 = ORIENTED_EDGE ( 'NONE', *, *, #930, .F. ) ;
#589 = DIRECTION ( 'NONE',  ( -1.000000000000000000, 0.000000000000000000, -0.000000000000000000 ) ) ;
#590 = CIRCLE ( 'NONE', #1864, 1.030494233764364109 ) ;
#591 = EDGE_CURVE ( 'NONE', #1476, #1144, #1588, .T. ) ;
#592 = CIRCLE ( 'NONE', #927, 0.2380000000000000726 ) ;
#593 = CARTESIAN_POINT ( 'NONE',  ( 0.000000000000000000, -2.804624277456648773, 0.07569942196531728729 ) ) ;
#594 = ORIENTED_EDGE ( 'NONE', *, *, #1510, .T. ) ;
#595 = FACE_OUTER_BOUND ( 'NONE', #324, .T. ) ;
#596 = LINE ( 'NONE', #1595, #1502 ) ;
#597 = CARTESIAN_POINT ( 'NONE',  ( 0.6025125855913787687, -3.019903466429043171, -0.6945107110935340167 ) ) ;
#598 = DIRECTION ( 'NONE',  ( 0.000000000000000000, 1.000000000000000000, -1.050607024020254571E-16 ) ) ;
#599 = CARTESIAN_POINT ( 'NONE',  ( 0.6235057371279172367, -2.138272230564083998, 1.311524176306473333 ) ) ;
#600 = ORIENTED_EDGE ( 'NONE', *, *, #1599, .F. ) ;
#601 = ADVANCED_FACE ( 'NONE', ( #824 ), #975, .F. ) ;
#602 = FACE_OUTER_BOUND ( 'NONE', #874, .T. ) ;
#603 = ORIENTED_EDGE ( 'NONE', *, *, #20, .F. ) ;
#604 = LINE ( 'NONE', #901, #1173 ) ;
#605 = CARTESIAN_POINT ( 'NONE',  ( 0.5000000000710645987, -3.165931514399216606, -1.052020297624785217 ) ) ;
#606 = DIRECTION ( 'NONE',  ( 0.000000000000000000, 0.5686651334095079724, 0.8225691253896819655 ) ) ;
#607 = EDGE_LOOP ( 'NONE', ( #764, #226, #822, #1779, #1459, #1261 ) ) ;
#608 = DIRECTION ( 'NONE',  ( 1.000000000000000000, 0.000000000000000000, 0.000000000000000000 ) ) ;
#609 = CARTESIAN_POINT ( 'NONE',  ( 5.025670429774157455, -7.249542376533193000, -5.213800578034682331 ) ) ;
#610 = CARTESIAN_POINT ( 'NONE',  ( 0.9999999999999998890, -2.804624277456648773, 0.3136994219653173599 ) ) ;
#611 = EDGE_CURVE ( 'NONE', #244, #233, #961, .T. ) ;
#612 = LINE ( 'NONE', #1200, #1498 ) ;
#613 = ORIENTED_EDGE ( 'NONE', *, *, #746, .F. ) ;
#614 = CARTESIAN_POINT ( 'NONE',  ( 2.500000000000000000, -6.834645776942219086, 1.172182884791380442 ) ) ;
#615 = CARTESIAN_POINT ( 'NONE',  ( 0.4999999999563992104, -2.761876372696697501, -1.153468131841649758 ) ) ;
#616 = AXIS2_PLACEMENT_3D ( 'NONE', #341, #1677, #1653 ) ;
#617 = ORIENTED_EDGE ( 'NONE', *, *, #1794, .T. ) ;
#618 = LINE ( 'NONE', #191, #924 ) ;
#619 = CARTESIAN_POINT ( 'NONE',  ( 1.000000000000003331, -2.680797951557846837, -1.211777434824184763 ) ) ;
#620 = AXIS2_PLACEMENT_3D ( 'NONE', #1117, #512, #1097 ) ;
#621 = CIRCLE ( 'NONE', #236, 1.030494233764364331 ) ;
#622 = CARTESIAN_POINT ( 'NONE',  ( 1.934602446683341581, -7.249542376533193000, -5.213800578034682331 ) ) ;
#623 = CIRCLE ( 'NONE', #1210, 0.7000000000000002887 ) ;
#624 = CARTESIAN_POINT ( 'NONE',  ( 2.500000000000000000, -4.076150047128767717, -2.817956982338168270 ) ) ;
#625 = FACE_OUTER_BOUND ( 'NONE', #332, .T. ) ;
#626 = ORIENTED_EDGE ( 'NONE', *, *, #1048, .T. ) ;
#627 = CYLINDRICAL_SURFACE ( 'NONE', #1471, 1.799999999999999600 ) ;
#628 = LINE ( 'NONE', #1776, #1424 ) ;
#629 = ORIENTED_EDGE ( 'NONE', *, *, #611, .F. ) ;
#630 = LINE ( 'NONE', #916, #1353 ) ;
#631 = VERTEX_POINT ( 'NONE', #663 ) ;
#632 = LINE ( 'NONE', #237, #704 ) ;
#633 = EDGE_CURVE ( 'NONE', #740, #1704, #562, .T. ) ;
#634 = DIRECTION ( 'NONE',  ( -0.000000000000000000, -1.870321806983080855E-16, 1.000000000000000000 ) ) ;
#635 = VERTEX_POINT ( 'NONE', #1703 ) ;
#636 = CARTESIAN_POINT ( 'NONE',  ( 2.500000000000000000, -2.234602777971080645, 1.172182884791381108 ) ) ;
#637 = CARTESIAN_POINT ( 'NONE',  ( 0.5000000000000000000, -1.969011263220218133, 1.556358680289317675 ) ) ;
#638 = DIRECTION ( 'NONE',  ( 1.000000000000000000, -0.000000000000000000, -0.000000000000000000 ) ) ;
#639 = VERTEX_POINT ( 'NONE', #1394 ) ;
#640 = CARTESIAN_POINT ( 'NONE',  ( 0.5000000000000000000, -1.232298219633980230, 2.313699421965317082 ) ) ;
#641 = CARTESIAN_POINT ( 'NONE',  ( 2.474602446683340506, -1.819706178380103845, -5.106300578034681514 ) ) ;
#642 = ORIENTED_EDGE ( 'NONE', *, *, #301, .T. ) ;
#643 = CARTESIAN_POINT ( 'NONE',  ( 0.5000000000000000000, -6.042682009742398108, -0.2297254852682908965 ) ) ;
#644 = ORIENTED_EDGE ( 'NONE', *, *, #1663, .T. ) ;
#645 = LINE ( 'NONE', #636, #1301 ) ;
#646 = EDGE_CURVE ( 'NONE', #1369, #740, #823, .T. ) ;
#647 = ORIENTED_EDGE ( 'NONE', *, *, #174, .F. ) ;
#648 = VECTOR ( 'NONE', #1648, 100.0000000000000000 ) ;
#649 = AXIS2_PLACEMENT_3D ( 'NONE', #737, #904, #1486 ) ;
#650 = CARTESIAN_POINT ( 'NONE',  ( 0.5262047257405563228, -3.371490757055571663, -0.9334248593281981865 ) ) ;
#651 = VERTEX_POINT ( 'NONE', #377 ) ;
#652 = VECTOR ( 'NONE', #491, 100.0000000000000000 ) ;
#653 = VECTOR ( 'NONE', #441, 100.0000000000000000 ) ;
#654 = CARTESIAN_POINT ( 'NONE',  ( 0.5000000000000001110, -2.623288240580799346, 0.5953769711774636875 ) ) ;
#655 = CARTESIAN_POINT ( 'NONE',  ( 4.485670429774156531, -1.819706178380103845, -5.106300578034681514 ) ) ;
#656 = DIRECTION ( 'NONE',  ( 0.000000000000000000, 0.000000000000000000, 1.000000000000000000 ) ) ;
#657 = ORIENTED_EDGE ( 'NONE', *, *, #928, .F. ) ;
#658 = FACE_OUTER_BOUND ( 'NONE', #1479, .T. ) ;
#659 = ORIENTED_EDGE ( 'NONE', *, *, #1666, .F. ) ;
#660 = EDGE_LOOP ( 'NONE', ( #176, #1792 ) ) ;
#661 = EDGE_CURVE ( 'NONE', #680, #1106, #1544, .T. ) ;
#662 = ADVANCED_FACE ( 'NONE', ( #389 ), #1422, .F. ) ;
#663 = CARTESIAN_POINT ( 'NONE',  ( 0.5000000000000000000, -5.548699165216214979, -1.173463017721558588 ) ) ;
#664 = ORIENTED_EDGE ( 'NONE', *, *, #735, .F. ) ;
#665 = LINE ( 'NONE', #1651, #414 ) ;
#666 = DIRECTION ( 'NONE',  ( 0.000000000000000000, -0.4401299929051189497, 0.8979340673709511611 ) ) ;
#667 = VERTEX_POINT ( 'NONE', #551 ) ;
#668 = DIRECTION ( 'NONE',  ( 1.000000000000000000, 0.000000000000000000, 0.000000000000000000 ) ) ;
#669 = ORIENTED_EDGE ( 'NONE', *, *, #856, .F. ) ;
#670 = CARTESIAN_POINT ( 'NONE',  ( 0.5000000000000000000, -2.349487706524496566, 1.151621310717117819 ) ) ;
#671 = EDGE_LOOP ( 'NONE', ( #154, #1782, #520, #281 ) ) ;
#672 = EDGE_CURVE ( 'NONE', #1758, #748, #861, .T. ) ;
#673 = CARTESIAN_POINT ( 'NONE',  ( 0.9799174987004187765, -2.944920004671785829, -0.7073980618101717299 ) ) ;
#674 = CARTESIAN_POINT ( 'NONE',  ( 0.5000000000000000000, -5.682917976443632391, -1.101938377384404255 ) ) ;
#675 = CARTESIAN_POINT ( 'NONE',  ( 0.5000000000000008882, -6.347997551273627970, -0.7134165710143672845 ) ) ;
#676 = CARTESIAN_POINT ( 'NONE',  ( 0.5000000000000000000, -7.836950335279317947, 2.313699421965317082 ) ) ;
#677 = DIRECTION ( 'NONE',  ( 0.000000000000000000, 1.000000000000000000, -0.000000000000000000 ) ) ;
#678 = CARTESIAN_POINT ( 'NONE',  ( 0.5000000000000000000, -6.264624277456648294, 0.3136994219653173599 ) ) ;
#679 = DIRECTION ( 'NONE',  ( -1.000000000000000000, -0.000000000000000000, -0.000000000000000000 ) ) ;
#680 = VERTEX_POINT ( 'NONE', #842 ) ;
#681 = VECTOR ( 'NONE', #598, 100.0000000000000000 ) ;
#682 = AXIS2_PLACEMENT_3D ( 'NONE', #1151, #1870, #985 ) ;
#683 = CARTESIAN_POINT ( 'NONE',  ( 1.500000000000000000, -7.836950335279318836, -3.213800578034681887 ) ) ;
#684 = CARTESIAN_POINT ( 'NONE',  ( 2.500000000000000000, -2.804624277456648773, 0.3136994219653173599 ) ) ;
#685 = AXIS2_PLACEMENT_3D ( 'NONE', #779, #788, #1209 ) ;
#686 = DIRECTION ( 'NONE',  ( -1.000000000000000000, -0.000000000000000000, -0.000000000000000000 ) ) ;
#687 = ORIENTED_EDGE ( 'NONE', *, *, #428, .T. ) ;
#688 = CARTESIAN_POINT ( 'NONE',  ( 0.8382724724402318417, -3.233364980505269770, -0.6516266580106128137 ) ) ;
#689 = ORIENTED_EDGE ( 'NONE', *, *, #1367, .T. ) ;
#690 = CARTESIAN_POINT ( 'NONE',  ( 0.5000000000000000000, -6.264624277456648294, 0.07569942196531728729 ) ) ;
#691 = CARTESIAN_POINT ( 'NONE',  ( 2.500000000000000000, -6.264624277456648294, 0.3136994219653173599 ) ) ;
#692 = CARTESIAN_POINT ( 'NONE',  ( 2.204602446683340489, -1.819706178380103845, -5.213800578034682331 ) ) ;
#693 = ORIENTED_EDGE ( 'NONE', *, *, #571, .F. ) ;
#694 = EDGE_CURVE ( 'NONE', #651, #545, #568, .T. ) ;
#695 = CARTESIAN_POINT ( 'NONE',  ( 0.5000000000000001110, -7.100237248203446150, 1.556358617381939036 ) ) ;
#696 = ORIENTED_EDGE ( 'NONE', *, *, #586, .F. ) ;
#697 = DIRECTION ( 'NONE',  ( 0.000000000000000000, 0.000000000000000000, -1.000000000000000000 ) ) ;
#698 = CYLINDRICAL_SURFACE ( 'NONE', #167, 0.2380000000000000726 ) ;
#699 = ORIENTED_EDGE ( 'NONE', *, *, #694, .T. ) ;
#700 = EDGE_CURVE ( 'NONE', #680, #1400, #1309, .T. ) ;
#701 = CARTESIAN_POINT ( 'NONE',  ( 2.070000000000000284, -2.513488797862913238, 1.026543679258074437 ) ) ;
#702 = ORIENTED_EDGE ( 'NONE', *, *, #1252, .T. ) ;
#703 = AXIS2_PLACEMENT_3D ( 'NONE', #1501, #919, #221 ) ;
#704 = VECTOR ( 'NONE', #1206, 100.0000000000000000 ) ;
#705 = AXIS2_PLACEMENT_3D ( 'NONE', #177, #887, #51 ) ;
#706 = CARTESIAN_POINT ( 'NONE',  ( 0.5675213852304376028, -5.932923938099029293, -0.6629060922813998502 ) ) ;
#707 = AXIS2_PLACEMENT_3D ( 'NONE', #1657, #203, #1104 ) ;
#708 = DIRECTION ( 'NONE',  ( 0.000000000000000000, 0.000000000000000000, 1.000000000000000000 ) ) ;
#709 = ORIENTED_EDGE ( 'NONE', *, *, #1088, .T. ) ;
#710 = CIRCLE ( 'NONE', #1020, 0.7000000000000002887 ) ;
#711 = DIRECTION ( 'NONE',  ( 0.000000000000000000, 0.000000000000000000, 1.000000000000000000 ) ) ;
#712 = ORIENTED_EDGE ( 'NONE', *, *, #1571, .T. ) ;
#713 = EDGE_CURVE ( 'NONE', #329, #1024, #299, .T. ) ;
#714 = CARTESIAN_POINT ( 'NONE',  ( 0.4999999999999999445, -5.682917976443631503, -1.101938377384404477 ) ) ;
#715 = DIRECTION ( 'NONE',  ( 0.000000000000000000, 0.000000000000000000, 1.000000000000000000 ) ) ;
#716 = CARTESIAN_POINT ( 'NONE',  ( 0.5858018391205795927, -3.095214734494498909, -0.6757783459715775987 ) ) ;
#717 = CARTESIAN_POINT ( 'NONE',  ( 0.7490999927697681304, -6.872332954261358928, 1.226697056075182202 ) ) ;
#718 = ORIENTED_EDGE ( 'NONE', *, *, #1264, .T. ) ;
#719 = EDGE_CURVE ( 'NONE', #1237, #1290, #1797, .T. ) ;
#720 = DIRECTION ( 'NONE',  ( 1.000000000000000000, 0.000000000000000000, 0.000000000000000000 ) ) ;
#721 = CARTESIAN_POINT ( 'NONE',  ( 0.9869812623422057341, -3.062418263326608603, -0.6842304270897040519 ) ) ;
#722 = ORIENTED_EDGE ( 'NONE', *, *, #1552, .F. ) ;
#723 = CYLINDRICAL_SURFACE ( 'NONE', #1116, 0.2700000000000001288 ) ;
#724 = CARTESIAN_POINT ( 'NONE',  ( 2.474602446683340506, -1.819706178380103845, -4.213800578034682331 ) ) ;
#725 = VERTEX_POINT ( 'NONE', #439 ) ;
#726 = CIRCLE ( 'NONE', #987, 0.2700000000000014611 ) ;
#727 = DIRECTION ( 'NONE',  ( 0.000000000000000000, 0.4401299929051177839, 0.8979340673709517162 ) ) ;
#728 = CARTESIAN_POINT ( 'NONE',  ( 0.6049821657847133105, -6.135200013060032376, -0.7090249409609574727 ) ) ;
#729 = EDGE_CURVE ( 'NONE', #1056, #1761, #1650, .T. ) ;
#730 = AXIS2_PLACEMENT_3D ( 'NONE', #1865, #1000, #1160 ) ;
#731 = DIRECTION ( 'NONE',  ( 0.000000000000000000, -0.5413016026144771287, -0.8408285051108809194 ) ) ;
#732 = CARTESIAN_POINT ( 'NONE',  ( 0.6051290913780403846, -2.936655551168596556, -0.7086856701971072647 ) ) ;
#733 = PRODUCT ( 'throttle mount', 'throttle mount', '', ( #1343 ) ) ;
#734 = VECTOR ( 'NONE', #1644, 100.0000000000000000 ) ;
#735 = EDGE_CURVE ( 'NONE', #1297, #1032, #1044, .T. ) ;
#736 = VERTEX_POINT ( 'NONE', #1437 ) ;
#737 = CARTESIAN_POINT ( 'NONE',  ( 2.500000000000000000, -2.060284602144404786, 1.424332596467155820 ) ) ;
#738 = CIRCLE ( 'NONE', #567, 0.2699999999999997402 ) ;
#739 = CARTESIAN_POINT ( 'NONE',  ( 0.8707841268874219054, -2.225100539339557315, 1.185927789588890446 ) ) ;
#740 = VERTEX_POINT ( 'NONE', #1718 ) ;
#741 = DIRECTION ( 'NONE',  ( 0.000000000000000000, 0.000000000000000000, 1.000000000000000000 ) ) ;
#742 = DIRECTION ( 'NONE',  ( 1.000000000000000000, 0.000000000000000000, 0.000000000000000000 ) ) ;
#743 = DIRECTION ( 'NONE',  ( 1.000000000000000000, 0.000000000000000000, 0.000000000000000000 ) ) ;
#744 = ORIENTED_EDGE ( 'NONE', *, *, #1375, .F. ) ;
#745 = CARTESIAN_POINT ( 'NONE',  ( 2.500000000000000000, -6.834645776942219086, 1.172182884791380442 ) ) ;
#746 = EDGE_CURVE ( 'NONE', #1549, #651, #290, .T. ) ;
#747 = CARTESIAN_POINT ( 'NONE',  ( 0.000000000000000000, -1.232298219633980230, 2.313699421965317082 ) ) ;
#748 = VERTEX_POINT ( 'NONE', #849 ) ;
#749 = DIRECTION ( 'NONE',  ( 0.000000000000000000, -0.3780958564126959964, -0.9257664518460095859 ) ) ;
#750 = VERTEX_POINT ( 'NONE', #724 ) ;
#751 = CARTESIAN_POINT ( 'NONE',  ( 0.000000000000000000, -6.264624277456648294, 0.3136994219653173599 ) ) ;
#752 = CARTESIAN_POINT ( 'NONE',  ( 0.4999999999999999445, -3.366308432003991324, -1.093923436021608575 ) ) ;
#753 = ORIENTED_EDGE ( 'NONE', *, *, #1014, .F. ) ;
#754 = DIRECTION ( 'NONE',  ( 1.000000000000000000, -0.000000000000000000, -0.000000000000000000 ) ) ;
#755 = DIRECTION ( 'NONE',  ( 0.000000000000000000, 0.3780958564126933874, -0.9257664518460105851 ) ) ;
#756 = EDGE_CURVE ( 'NONE', #999, #1454, #130, .T. ) ;
#757 = DIRECTION ( 'NONE',  ( 1.000000000000000000, -0.000000000000000000, -0.000000000000000000 ) ) ;
#758 = PLANE ( 'NONE',  #1295 ) ;
#759 = EDGE_LOOP ( 'NONE', ( #1098, #171, #848, #1259, #1363, #1389 ) ) ;
#760 = DIRECTION ( 'NONE',  ( -1.000000000000000000, 0.000000000000000000, -0.000000000000000000 ) ) ;
#761 = DIRECTION ( 'NONE',  ( -0.000000000000000000, -0.000000000000000000, 1.000000000000000000 ) ) ;
#762 = AXIS2_PLACEMENT_3D ( 'NONE', #683, #271, #116 ) ;
#763 = AXIS2_PLACEMENT_3D ( 'NONE', #416, #1872, #1575 ) ;
#764 = ORIENTED_EDGE ( 'NONE', *, *, #578, .T. ) ;
#765 = CARTESIAN_POINT ( 'NONE',  ( 2.500000000000000000, -2.804624277456648773, 0.3136994219653173599 ) ) ;
#766 = DIRECTION ( 'NONE',  ( -0.000000000000000000, -0.000000000000000000, 1.000000000000000000 ) ) ;
#767 = AXIS2_PLACEMENT_3D ( 'NONE', #678, #229, #1816 ) ;
#768 = ORIENTED_EDGE ( 'NONE', *, *, #1828, .T. ) ;
#769 = VECTOR ( 'NONE', #213, 100.0000000000000000 ) ;
#770 = DIRECTION ( 'NONE',  ( 0.000000000000000000, 0.000000000000000000, -1.000000000000000000 ) ) ;
#771 = AXIS2_PLACEMENT_3D ( 'NONE', #1452, #937, #28 ) ;
#772 = CARTESIAN_POINT ( 'NONE',  ( -0.5000000000000000000, -6.337424077918100807, -2.330144915255796256 ) ) ;
#773 = ORIENTED_EDGE ( 'NONE', *, *, #1749, .T. ) ;
#774 = EDGE_CURVE ( 'NONE', #1549, #1681, #1167, .T. ) ;
#775 = CARTESIAN_POINT ( 'NONE',  ( 0.5149095108860644032, -2.726842697387269698, -0.7138704618326173756 ) ) ;
#776 = DIRECTION ( 'NONE',  ( -0.000000000000000000, -0.000000000000000000, 1.000000000000000000 ) ) ;
#777 = MANIFOLD_SOLID_BREP ( 'Cut-Extrude3', #230 ) ;
#778 = CARTESIAN_POINT ( 'NONE',  ( 0.5000000000000000000, -7.836950335279318836, -5.106300578034681514 ) ) ;
#779 = CARTESIAN_POINT ( 'NONE',  ( 2.500000000000000000, 0.000000000000000000, 0.000000000000000000 ) ) ;
#780 = DIRECTION ( 'NONE',  ( 0.000000000000000000, 0.000000000000000000, -1.000000000000000000 ) ) ;
#781 = LINE ( 'NONE', #328, #408 ) ;
#782 = ORIENTED_EDGE ( 'NONE', *, *, #837, .T. ) ;
#783 = ADVANCED_FACE ( 'NONE', ( #1188, #1639, #184, #574 ), #896, .T. ) ;
#784 = DIRECTION ( 'NONE',  ( 0.000000000000000000, 0.000000000000000000, -1.000000000000000000 ) ) ;
#785 = EDGE_CURVE ( 'NONE', #1813, #635, #10, .T. ) ;
#786 = CARTESIAN_POINT ( 'NONE',  ( 2.070000000000000284, -6.445960314332498164, 0.5953769711774633544 ) ) ;
#787 = ORIENTED_EDGE ( 'NONE', *, *, #1312, .T. ) ;
#788 = DIRECTION ( 'NONE',  ( 1.000000000000000000, -0.000000000000000000, 0.000000000000000000 ) ) ;
#789 = EDGE_LOOP ( 'NONE', ( #1251, #424, #718, #257 ) ) ;
#790 = DIRECTION ( 'NONE',  ( -1.000000000000000000, 0.000000000000000000, -0.000000000000000000 ) ) ;
#791 = CARTESIAN_POINT ( 'NONE',  ( 0.9808605805069515737, -2.924879618349120136, -0.7099553646965985898 ) ) ;
#792 = CARTESIAN_POINT ( 'NONE',  ( 0.9999999999999996669, -2.721251003639670873, -0.7134165710143671735 ) ) ;
#793 = CARTESIAN_POINT ( 'NONE',  ( 2.500000000000000000, -2.060284602144404786, 1.424332596467155820 ) ) ;
#794 = ADVANCED_FACE ( 'NONE', ( #50 ), #344, .T. ) ;
#795 = VERTEX_POINT ( 'NONE', #747 ) ;
#796 = CARTESIAN_POINT ( 'NONE',  ( 0.000000000000000000, -3.126186933346140062, -1.751803966488677977 ) ) ;
#797 = ORIENTED_EDGE ( 'NONE', *, *, #1166, .F. ) ;
#798 = EDGE_CURVE ( 'NONE', #1818, #631, #1145, .T. ) ;
#799 = CIRCLE ( 'NONE', #1043, 0.7000000000000002887 ) ;
#800 = AXIS2_PLACEMENT_3D ( 'NONE', #467, #1490, #338 ) ;
#801 = AXIS2_PLACEMENT_3D ( 'NONE', #1636, #589, #445 ) ;
#802 = CARTESIAN_POINT ( 'NONE',  ( 0.6232462748343394754, -3.296743016799064119, -0.7809277709287217872 ) ) ;
#803 = ORIENTED_EDGE ( 'NONE', *, *, #1337, .F. ) ;
#804 = AXIS2_PLACEMENT_3D ( 'NONE', #1822, #971, #540 ) ;
#805 = CIRCLE ( 'NONE', #1474, 1.799999999999999600 ) ;
#806 = CARTESIAN_POINT ( 'NONE',  ( 2.500000000000000000, -3.026566545170899403, -0.2297254852682902027 ) ) ;
#807 = DIRECTION ( 'NONE',  ( 1.040834085586084059E-15, -0.08090610416364994728, -0.9967217276196304043 ) ) ;
#808 = CARTESIAN_POINT ( 'NONE',  ( 0.4999999999582434018, -6.307737202952148792, -1.153697569237881249 ) ) ;
#809 = ORIENTED_EDGE ( 'NONE', *, *, #405, .T. ) ;
#810 = DIRECTION ( 'NONE',  ( -1.000000000000000000, -0.000000000000000000, -0.000000000000000000 ) ) ;
#811 = ORIENTED_EDGE ( 'NONE', *, *, #209, .F. ) ;
#812 = DIRECTION ( 'NONE',  ( 1.000000000000000000, 0.000000000000000000, -0.000000000000000000 ) ) ;
#813 = EDGE_CURVE ( 'NONE', #390, #1144, #1338, .T. ) ;
#814 = LINE ( 'NONE', #1559, #106 ) ;
#815 = VERTEX_POINT ( 'NONE', #30 ) ;
#816 = B_SPLINE_CURVE_WITH_KNOTS ( 'NONE', 3,
 ( #1711, #819, #264, #1130, #953, #255, #984, #1414, #845, #1276, #838, #1102, #247, #1820, #1111, #382, #554, #969, #117, #107 ),
 .UNSPECIFIED., .F., .F.,
 ( 4, 2, 2, 2, 2, 2, 2, 2, 2, 4 ),
 ( 0.000000000000000000, 0.0009765796810868544384, 0.001464869521630282091, 0.001953159362173709310, 0.002929739043260555943, 0.003906318724347402141, 0.004882898405434249640, 0.005859478086521096273, 0.006836057767607942905, 0.007812637448694788669 ),
 .UNSPECIFIED. ) ;
#817 = DIRECTION ( 'NONE',  ( 0.000000000000000000, 0.000000000000000000, -1.000000000000000000 ) ) ;
#818 = DIRECTION ( 'NONE',  ( -1.000000000000000000, -0.000000000000000000, -0.000000000000000000 ) ) ;
#819 = CARTESIAN_POINT ( 'NONE',  ( 0.9669784640877344684, -5.847229623750087590, -0.6284789416574020349 ) ) ;
#820 = EDGE_LOOP ( 'NONE', ( #109, #267, #73, #722 ) ) ;
#821 = CARTESIAN_POINT ( 'NONE',  ( 5.025670429774157455, -7.249542376533193000, -5.106300578034681514 ) ) ;
#822 = ORIENTED_EDGE ( 'NONE', *, *, #1349, .T. ) ;
#823 = B_SPLINE_CURVE_WITH_KNOTS ( 'NONE', 3,
 ( #1518, #367, #243, #1528, #1683, #650, #1411, #1244, #232, #258, #802, #1695, #1253, #833, #1817, #688, #522, #1108, #1281, #963 ),
 .UNSPECIFIED., .F., .F.,
 ( 4, 2, 2, 2, 2, 2, 2, 2, 2, 4 ),
 ( 5.275955480050202716E-18, 0.0009765799673468428081, 0.001464869951020259442, 0.001953159934693676075, 0.002929739902040513679, 0.003906319869387351283, 0.004882899836734188453, 0.005859479804081026491, 0.006836059771427861059, 0.007812639738774695627 ),
 .UNSPECIFIED. ) ;
#824 = FACE_OUTER_BOUND ( 'NONE', #147, .T. ) ;
#825 = VERTEX_POINT ( 'NONE', #593 ) ;
#826 = ADVANCED_FACE ( 'NONE', ( #193 ), #835, .F. ) ;
#827 = CARTESIAN_POINT ( 'NONE',  ( 2.500000000000000000, -6.264624277456648294, 0.3136994219653173599 ) ) ;
#828 = DIRECTION ( 'NONE',  ( 1.000000000000000000, 0.000000000000000000, 0.000000000000000000 ) ) ;
#829 = VERTEX_POINT ( 'NONE', #1199 ) ;
#830 = CIRCLE ( 'NONE', #1712, 1.030494233764364331 ) ;
#831 = AXIS2_PLACEMENT_3D ( 'NONE', #516, #210, #784 ) ;
#832 = AXIS2_PLACEMENT_3D ( 'NONE', #1431, #711, #1567 ) ;
#833 = CARTESIAN_POINT ( 'NONE',  ( 0.7490659992316384130, -3.251212185613892025, -0.6880377495806517807 ) ) ;
#834 = ORIENTED_EDGE ( 'NONE', *, *, #1475, .F. ) ;
#835 = TOROIDAL_SURFACE ( 'NONE', #108, 1.530494233764364109, 0.4999999999999999445 ) ;
#836 = CIRCLE ( 'NONE', #1393, 0.2380000000000000726 ) ;
#837 = EDGE_CURVE ( 'NONE', #320, #1297, #1764, .T. ) ;
#838 = CARTESIAN_POINT ( 'NONE',  ( 0.6695956694821955102, -5.792920880771062819, -0.7392772768380592163 ) ) ;
#839 = TOROIDAL_SURFACE ( 'NONE', #542, 1.530494233764364109, 0.4999999999999999445 ) ;
#840 = FACE_OUTER_BOUND ( 'NONE', #1185, .T. ) ;
#841 = CARTESIAN_POINT ( 'NONE',  ( 0.5000000000000000000, -1.232298219633978675, -3.213800578034681887 ) ) ;
#842 = CARTESIAN_POINT ( 'NONE',  ( 5.650000000000003020, -1.232298219633978675, -5.106300578034681514 ) ) ;
#843 = ORIENTED_EDGE ( 'NONE', *, *, #1264, .F. ) ;
#844 = CARTESIAN_POINT ( 'NONE',  ( 0.5000000000000000000, -3.026566545170900291, -0.2297254852682905080 ) ) ;
#845 = CARTESIAN_POINT ( 'NONE',  ( 0.7496519897907967245, -5.818178966726261336, -0.6877468285128828240 ) ) ;
#846 = EDGE_CURVE ( 'NONE', #1564, #1476, #447, .T. ) ;
#847 = CARTESIAN_POINT ( 'NONE',  ( 2.500000000000000000, -2.486880236721951576, 0.8072657544654054940 ) ) ;
#848 = ORIENTED_EDGE ( 'NONE', *, *, #1552, .T. ) ;
#849 = CARTESIAN_POINT ( 'NONE',  ( 5.025670429774159231, -1.819706178380103845, -4.213800578034682331 ) ) ;
#850 = ORIENTED_EDGE ( 'NONE', *, *, #273, .F. ) ;
#851 = DIRECTION ( 'NONE',  ( -1.000000000000000000, -0.000000000000000000, -0.000000000000000000 ) ) ;
#852 = CARTESIAN_POINT ( 'NONE',  ( 0.5000000000619354568, -5.905617990490412694, -1.051869791609244764 ) ) ;
#853 = ORIENTED_EDGE ( 'NONE', *, *, #456, .F. ) ;
#854 = CARTESIAN_POINT ( 'NONE',  ( 0.5000000000000000000, -2.804624277456648773, 0.3136994219653173599 ) ) ;
#855 = ORIENTED_EDGE ( 'NONE', *, *, #1561, .T. ) ;
#856 = EDGE_CURVE ( 'NONE', #216, #1258, #23, .T. ) ;
#857 = AXIS2_PLACEMENT_3D ( 'NONE', #1397, #371, #44 ) ;
#858 = DIRECTION ( 'NONE',  ( 1.000000000000000000, 0.000000000000000000, 0.000000000000000000 ) ) ;
#859 = ORIENTED_EDGE ( 'NONE', *, *, #209, .T. ) ;
#860 = CIRCLE ( 'NONE', #703, 0.2380000000000000726 ) ;
#861 = CIRCLE ( 'NONE', #730, 0.2700000000000014611 ) ;
#862 = DIRECTION ( 'NONE',  ( 0.000000000000000000, 0.000000000000000000, -1.000000000000000000 ) ) ;
#863 = AXIS2_PLACEMENT_3D ( 'NONE', #1629, #1030, #306 ) ;
#864 = CARTESIAN_POINT ( 'NONE',  ( -0.5000000000000000000, -3.126186933346140062, -1.751803966488677977 ) ) ;
#865 = CARTESIAN_POINT ( 'NONE',  ( 0.5557110476710240832, -3.154343009824884803, -0.6563791014787585532 ) ) ;
#866 = CIRCLE ( 'NONE', #771, 1.530494233764364331 ) ;
#867 = VECTOR ( 'NONE', #606, 100.0000000000000142 ) ;
#868 = ADVANCED_FACE ( 'NONE', ( #356, #71, #1087, #366, #510 ), #1662, .F. ) ;
#869 = SURFACE_SIDE_STYLE ('',( #1015 ) ) ;
#870 = ORIENTED_EDGE ( 'NONE', *, *, #1349, .F. ) ;
#871 = DIRECTION ( 'NONE',  ( -1.000000000000000000, 0.000000000000000000, -0.000000000000000000 ) ) ;
#872 = DIRECTION ( 'NONE',  ( 0.000000000000000000, 0.000000000000000000, 1.000000000000000000 ) ) ;
#873 = CARTESIAN_POINT ( 'NONE',  ( 0.9845236132401701257, -3.042946318212729651, -0.6890586413664487875 ) ) ;
#874 = EDGE_LOOP ( 'NONE', ( #293, #79, #647, #712, #1709, #1095, #1315 ) ) ;
#875 = FACE_OUTER_BOUND ( 'NONE', #493, .T. ) ;
#876 = CARTESIAN_POINT ( 'NONE',  ( 0.5000000000000000000, -7.119011952500420293, 1.583516062397812618 ) ) ;
#877 = ORIENTED_EDGE ( 'NONE', *, *, #129, .F. ) ;
#878 = CARTESIAN_POINT ( 'NONE',  ( 0.9946676872625114241, -5.949221678805767688, -0.6675506080498250228 ) ) ;
#879 = ADVANCED_FACE ( 'NONE', ( #1527 ), #1517, .F. ) ;
#880 = DIRECTION ( 'NONE',  ( -1.000000000000000000, 0.000000000000000000, -0.000000000000000000 ) ) ;
#881 = CARTESIAN_POINT ( 'NONE',  ( 0.9947026432601646651, -3.120321876047755794, -0.6674535950750066782 ) ) ;
#882 = ORIENTED_EDGE ( 'NONE', *, *, #498, .T. ) ;
#883 = CARTESIAN_POINT ( 'NONE',  ( 2.204602446683340489, -1.819706178380103845, -4.213800578034682331 ) ) ;
#884 = CARTESIAN_POINT ( 'NONE',  ( 0.8866183484950934668, -2.227349321876493260, 1.182674945382479637 ) ) ;
#885 = ORIENTED_EDGE ( 'NONE', *, *, #1141, .T. ) ;
#886 = AXIS2_PLACEMENT_3D ( 'NONE', #1668, #1780, #189 ) ;
#887 = DIRECTION ( 'NONE',  ( 0.000000000000000000, -1.000000000000000000, -1.870321806983080855E-16 ) ) ;
#888 = ADVANCED_FACE ( 'NONE', ( #1228 ), #250, .F. ) ;
#889 = STYLED_ITEM ( 'NONE', ( #580 ), #777 ) ;
#890 = CARTESIAN_POINT ( 'NONE',  ( 0.4999999999582442900, -3.291780998961710836, -1.071143884271620328 ) ) ;
#891 = CIRCLE ( 'NONE', #315, 3.200000000000000178 ) ;
#892 = ORIENTED_EDGE ( 'NONE', *, *, #511, .T. ) ;
#893 = CARTESIAN_POINT ( 'NONE',  ( 0.9999999999999998890, -6.834645776942219086, 1.172182884791380442 ) ) ;
#894 = LINE ( 'NONE', #173, #895 ) ;
#895 = VECTOR ( 'NONE', #1861, 100.0000000000000000 ) ;
#896 = PLANE ( 'NONE',  #1239 ) ;
#897 = VERTEX_POINT ( 'NONE', #1269 ) ;
#898 = CARTESIAN_POINT ( 'NONE',  ( 2.500000000000000000, -6.264624277456648294, 0.3136994219653173599 ) ) ;
#899 = ORIENTED_EDGE ( 'NONE', *, *, #1213, .T. ) ;
#900 = EDGE_LOOP ( 'NONE', ( #94, #1360, #1069, #1395 ) ) ;
#901 = CARTESIAN_POINT ( 'NONE',  ( 5.650000000000003020, -7.836950335279317947, -4.213800578034682331 ) ) ;
#902 = CARTESIAN_POINT ( 'NONE',  ( 0.4999999999216260815, -3.200092340243838152, -1.054989333966867893 ) ) ;
#903 = ORIENTED_EDGE ( 'NONE', *, *, #735, .T. ) ;
#904 = DIRECTION ( 'NONE',  ( 0.000000000000000000, -0.8225691253896820765, 0.5686651334095080834 ) ) ;
#905 = CARTESIAN_POINT ( 'NONE',  ( 0.000000000000000000, -6.264624277456648294, 0.5516994219653174047 ) ) ;
#906 = ADVANCED_FACE ( 'NONE', ( #521 ), #1558, .T. ) ;
#907 = DIRECTION ( 'NONE',  ( 0.000000000000000000, 0.000000000000000000, 1.000000000000000000 ) ) ;
#908 = ORIENTED_EDGE ( 'NONE', *, *, #1863, .F. ) ;
#909 = DIRECTION ( 'NONE',  ( 0.000000000000000000, 0.000000000000000000, -1.000000000000000000 ) ) ;
#910 = CARTESIAN_POINT ( 'NONE',  ( 4.755670429774157881, -1.819706178380103845, -5.106300578034681514 ) ) ;
#911 = ORIENTED_EDGE ( 'NONE', *, *, #1863, .T. ) ;
#912 = LINE ( 'NONE', #1208, #1270 ) ;
#913 = DIRECTION ( 'NONE',  ( -1.000000000000000000, -0.000000000000000000, -0.000000000000000000 ) ) ;
#914 = DIRECTION ( 'NONE',  ( 0.000000000000000000, 0.000000000000000000, -1.000000000000000000 ) ) ;
#915 = EDGE_CURVE ( 'NONE', #1032, #639, #621, .T. ) ;
#916 = CARTESIAN_POINT ( 'NONE',  ( 0.5000000000000000000, -1.232298219633980230, 2.313699421965317082 ) ) ;
#917 = ORIENTED_EDGE ( 'NONE', *, *, #1057, .T. ) ;
#918 = VECTOR ( 'NONE', #677, 100.0000000000000000 ) ;
#919 = DIRECTION ( 'NONE',  ( 1.000000000000000000, 0.000000000000000000, 0.000000000000000000 ) ) ;
#920 = CYLINDRICAL_SURFACE ( 'NONE', #1327, 0.2699999999999997402 ) ;
#921 = AXIS2_PLACEMENT_3D ( 'NONE', #24, #1333, #207 ) ;
#922 = LINE ( 'NONE', #676, #962 ) ;
#923 = DIRECTION ( 'NONE',  ( -1.000000000000000000, -0.000000000000000000, -0.000000000000000000 ) ) ;
#924 = VECTOR ( 'NONE', #1330, 100.0000000000000000 ) ;
#925 = CIRCLE ( 'NONE', #1053, 0.2699999999999997402 ) ;
#926 = DIRECTION ( 'NONE',  ( 0.000000000000000000, 0.000000000000000000, -1.000000000000000000 ) ) ;
#927 = AXIS2_PLACEMENT_3D ( 'NONE', #1504, #204, #354 ) ;
#928 = EDGE_CURVE ( 'NONE', #35, #829, #1418, .T. ) ;
#929 = DIRECTION ( 'NONE',  ( 0.000000000000000000, -0.5413016026144771287, -0.8408285051108809194 ) ) ;
#930 = EDGE_CURVE ( 'NONE', #1435, #1545, #988, .T. ) ;
#931 = CYLINDRICAL_SURFACE ( 'NONE', #1023, 0.3350000000000000200 ) ;
#932 = CARTESIAN_POINT ( 'NONE',  ( 0.5000000000000000000, -2.060284602144404786, 1.424332596467155820 ) ) ;
#933 = CYLINDRICAL_SURFACE ( 'NONE', #1543, 0.2380000000000000726 ) ;
#934 = ORIENTED_EDGE ( 'NONE', *, *, #148, .F. ) ;
#935 = CARTESIAN_POINT ( 'NONE',  ( 0.000000000000000000, -4.534624277456648755, 0.3136994219653173599 ) ) ;
#936 = EDGE_LOOP ( 'NONE', ( #102, #1485, #1665, #1692, #1135, #588, #594 ) ) ;
#937 = DIRECTION ( 'NONE',  ( -1.000000000000000000, 0.000000000000000000, -0.000000000000000000 ) ) ;
#938 = ORIENTED_EDGE ( 'NONE', *, *, #1425, .T. ) ;
#939 = DIRECTION ( 'NONE',  ( 0.000000000000000000, 0.000000000000000000, 1.000000000000000000 ) ) ;
#940 = DIRECTION ( 'NONE',  ( 0.000000000000000000, 0.000000000000000000, -1.000000000000000000 ) ) ;
#941 = DIRECTION ( 'NONE',  ( 0.000000000000000000, -1.000000000000000000, -1.870321806983080855E-16 ) ) ;
#942 = PLANE ( 'NONE',  #616 ) ;
#943 = EDGE_CURVE ( 'NONE', #1305, #1871, #1500, .T. ) ;
#944 = DIRECTION ( 'NONE',  ( 0.000000000000000000, 0.000000000000000000, 1.000000000000000000 ) ) ;
#945 = LINE ( 'NONE', #1691, #137 ) ;
#946 = ORIENTED_EDGE ( 'NONE', *, *, #1125, .F. ) ;
#947 = CYLINDRICAL_SURFACE ( 'NONE', #1176, 0.2700000000000014611 ) ;
#948 = ORIENTED_EDGE ( 'NONE', *, *, #1156, .F. ) ;
#949 = CARTESIAN_POINT ( 'NONE',  ( 0.9999999999999998890, -2.804624277456648773, 0.3136994219653173599 ) ) ;
#950 = EDGE_LOOP ( 'NONE', ( #1788, #1026, #317, #270, #397, #1632 ) ) ;
#951 = CARTESIAN_POINT ( 'NONE',  ( 0.9999999999999998890, -2.721251003639668653, -0.7134165710143670625 ) ) ;
#952 = DIRECTION ( 'NONE',  ( 1.000000000000000000, 0.000000000000000000, 0.000000000000000000 ) ) ;
#953 = CARTESIAN_POINT ( 'NONE',  ( 0.8707627243476177004, -5.839868528285481197, -0.6434967284417371092 ) ) ;
#954 = EDGE_CURVE ( 'NONE', #490, #1090, #1018, .T. ) ;
#955 = ORIENTED_EDGE ( 'NONE', *, *, #756, .T. ) ;
#956 = AXIS2_PLACEMENT_3D ( 'NONE', #360, #761, #1374 ) ;
#957 = PLANE ( 'NONE',  #1589 ) ;
#958 = VERTEX_POINT ( 'NONE', #313 ) ;
#959 = CIRCLE ( 'NONE', #133, 0.7000000000000002887 ) ;
#960 = VERTEX_POINT ( 'NONE', #463 ) ;
#961 = CIRCLE ( 'NONE', #1536, 0.4999999999999999445 ) ;
#962 = VECTOR ( 'NONE', #352, 100.0000000000000000 ) ;
#963 = CARTESIAN_POINT ( 'NONE',  ( 0.9999999999999998890, -3.222018931163207700, -0.6284789416574010357 ) ) ;
#964 = ORIENTED_EDGE ( 'NONE', *, *, #20, .T. ) ;
#965 = VECTOR ( 'NONE', #731, 100.0000000000000000 ) ;
#966 = DIRECTION ( 'NONE',  ( 1.000000000000000000, 0.000000000000000000, 0.000000000000000000 ) ) ;
#967 = LINE ( 'NONE', #977, #103 ) ;
#968 = PRODUCT_DEFINITION_CONTEXT ( 'detailed design', #436, 'design' ) ;
#969 = CARTESIAN_POINT ( 'NONE',  ( 0.5032372622626272163, -5.655962043606659329, -1.018694739178411801 ) ) ;
#970 = ORIENTED_EDGE ( 'NONE', *, *, #418, .F. ) ;
#971 = DIRECTION ( 'NONE',  ( 1.000000000000000000, -0.000000000000000000, 0.000000000000000000 ) ) ;
#972 = EDGE_LOOP ( 'NONE', ( #787, #190, #480, #569 ) ) ;
#973 = DIRECTION ( 'NONE',  ( 0.000000000000000000, 0.000000000000000000, -1.000000000000000000 ) ) ;
#974 = EDGE_CURVE ( 'NONE', #1290, #825, #1616, .T. ) ;
#975 = PLANE ( 'NONE',  #1417 ) ;
#976 = ORIENTED_EDGE ( 'NONE', *, *, #29, .F. ) ;
#977 = CARTESIAN_POINT ( 'NONE',  ( 0.5000000000000000000, -4.962916709493146783, -2.432615684727700067 ) ) ;
#978 = CARTESIAN_POINT ( 'NONE',  ( 0.9845236132402219731, -6.186831865673802611, -0.7140502894703154579 ) ) ;
#979 = DIRECTION ( 'NONE',  ( -0.000000000000000000, -0.000000000000000000, 1.000000000000000000 ) ) ;
#980 = EDGE_LOOP ( 'NONE', ( #1404, #120, #1215, #275 ) ) ;
#981 = ADVANCED_FACE ( 'NONE', ( #333 ), #627, .T. ) ;
#982 = LINE ( 'NONE', #1664, #1715 ) ;
#983 = ORIENTED_EDGE ( 'NONE', *, *, #713, .T. ) ;
#984 = CARTESIAN_POINT ( 'NONE',  ( 0.8237561540068787380, -5.833221015241869978, -0.6570586954091602871 ) ) ;
#985 = DIRECTION ( 'NONE',  ( 0.000000000000000000, 0.000000000000000000, -1.000000000000000000 ) ) ;
#986 = ORIENTED_EDGE ( 'NONE', *, *, #1042, .F. ) ;
#987 = AXIS2_PLACEMENT_3D ( 'NONE', #910, #1634, #200 ) ;
#988 = LINE ( 'NONE', #47, #1172 ) ;
#989 = VECTOR ( 'NONE', #851, 100.0000000000000000 ) ;
#990 = DIRECTION ( 'NONE',  ( 0.000000000000000000, 0.000000000000000000, -1.000000000000000000 ) ) ;
#991 = EDGE_LOOP ( 'NONE', ( #1387, #1601, #253, #1001 ) ) ;
#992 = EDGE_CURVE ( 'NONE', #1090, #1671, #912, .T. ) ;
#993 = AXIS2_PLACEMENT_3D ( 'NONE', #1786, #1478, #914 ) ;
#994 = CARTESIAN_POINT ( 'NONE',  ( 2.070000000000000284, 0.000000000000000000, 0.000000000000000000 ) ) ;
#995 = CARTESIAN_POINT ( 'NONE',  ( 0.5295672697851618871, -6.332120984560848598, -0.7149619157970664718 ) ) ;
#996 = EDGE_CURVE ( 'NONE', #667, #680, #1316, .T. ) ;
#997 = PRODUCT_DEFINITION_FORMATION_WITH_SPECIFIED_SOURCE ( 'ANY', '', #733, .NOT_KNOWN. ) ;
#998 = CARTESIAN_POINT ( 'NONE',  ( 0.9867740292443869521, -6.008439949031241234, -0.6846504418531987879 ) ) ;
#999 = VERTEX_POINT ( 'NONE', #162 ) ;
#1000 = DIRECTION ( 'NONE',  ( 0.000000000000000000, 0.000000000000000000, 1.000000000000000000 ) ) ;
#1001 = ORIENTED_EDGE ( 'NONE', *, *, #1874, .T. ) ;
#1002 = DIRECTION ( 'NONE',  ( -0.000000000000000000, -0.000000000000000000, -1.000000000000000000 ) ) ;
#1003 = DIRECTION ( 'NONE',  ( 0.000000000000000000, 0.000000000000000000, -1.000000000000000000 ) ) ;
#1004 = UNCERTAINTY_MEASURE_WITH_UNIT (LENGTH_MEASURE( 1.000000000000000082E-05 ), #153, 'distance_accuracy_value', 'NONE');
#1005 = CARTESIAN_POINT ( 'NONE',  ( 0.6025125855913145978, -6.163222150242601671, -0.7122393726046328810 ) ) ;
#1006 = ADVANCED_FACE ( 'NONE', ( #1178 ), #1335, .T. ) ;
#1007 = DIRECTION ( 'NONE',  ( -1.000000000000000000, -0.000000000000000000, -0.000000000000000000 ) ) ;
#1008 = ORIENTED_EDGE ( 'NONE', *, *, #335, .F. ) ;
#1009 = DIRECTION ( 'NONE',  ( 1.000000000000000000, 0.000000000000000000, 0.000000000000000000 ) ) ;
#1010 = ORIENTED_EDGE ( 'NONE', *, *, #785, .F. ) ;
#1011 = CARTESIAN_POINT ( 'NONE',  ( 0.5149095108858025016, -5.878145761149337289, -0.6415933063223232535 ) ) ;
#1012 = DIRECTION ( 'NONE',  ( 1.000000000000000000, -0.000000000000000000, -0.000000000000000000 ) ) ;
#1013 = DIRECTION ( 'NONE',  ( 1.000000000000000000, -0.000000000000000000, 0.000000000000000000 ) ) ;
#1014 = EDGE_CURVE ( 'NONE', #141, #1161, #1391, .T. ) ;
#1015 = SURFACE_STYLE_FILL_AREA ( #430 ) ;
#1016 = EDGE_LOOP ( 'NONE', ( #1519, #61 ) ) ;
#1017 = PRESENTATION_LAYER_ASSIGNMENT (  '', '', ( #889 ) ) ;
#1018 = CIRCLE ( 'NONE', #863, 0.2380000000000000726 ) ;
#1019 =( NAMED_UNIT ( * ) PLANE_ANGLE_UNIT ( ) SI_UNIT ( $, .RADIAN. ) );
#1020 = AXIS2_PLACEMENT_3D ( 'NONE', #1236, #240, #1803 ) ;
#1021 = DIRECTION ( 'NONE',  ( -0.000000000000000000, -0.000000000000000000, 1.000000000000000000 ) ) ;
#1022 = CARTESIAN_POINT ( 'NONE',  ( 0.5295672697850947186, -3.181636471581927417, -0.6457596750043168576 ) ) ;
#1023 = AXIS2_PLACEMENT_3D ( 'NONE', #369, #350, #1221 ) ;
#1024 = VERTEX_POINT ( 'NONE', #1346 ) ;
#1025 = CARTESIAN_POINT ( 'NONE',  ( 0.5317898656658179846, -7.018802474004435688, 1.438563931100465654 ) ) ;
#1026 = ORIENTED_EDGE ( 'NONE', *, *, #1707, .F. ) ;
#1027 = EDGE_CURVE ( 'NONE', #1704, #166, #535, .T. ) ;
#1028 = FACE_OUTER_BOUND ( 'NONE', #820, .T. ) ;
#1029 = ORIENTED_EDGE ( 'NONE', *, *, #954, .T. ) ;
#1030 = DIRECTION ( 'NONE',  ( 1.000000000000000000, 0.000000000000000000, 0.000000000000000000 ) ) ;
#1031 = CARTESIAN_POINT ( 'NONE',  ( 0.9669845690227558688, -2.234602777971080201, 1.172182884791380442 ) ) ;
#1032 = VERTEX_POINT ( 'NONE', #893 ) ;
#1033 = ADVANCED_FACE ( 'NONE', ( #1598 ), #1477, .T. ) ;
#1034 = CARTESIAN_POINT ( 'NONE',  ( 0.5000000000000000000, -4.534624277456648755, 0.3136994219653173599 ) ) ;
#1035 = DIRECTION ( 'NONE',  ( 1.000000000000000000, -0.000000000000000000, 0.000000000000000000 ) ) ;
#1036 = CARTESIAN_POINT ( 'NONE',  ( 5.650000000000003020, 0.000000000000000000, 0.000000000000000000 ) ) ;
#1037 = ORIENTED_EDGE ( 'NONE', *, *, #846, .T. ) ;
#1038 = DIRECTION ( 'NONE',  ( 0.000000000000000000, -0.5413016026144772397, 0.8408285051108808084 ) ) ;
#1039 = ORIENTED_EDGE ( 'NONE', *, *, #294, .F. ) ;
#1040 = DIRECTION ( 'NONE',  ( -0.000000000000000000, -0.000000000000000000, 1.000000000000000000 ) ) ;
#1041 = ORIENTED_EDGE ( 'NONE', *, *, #1099, .F. ) ;
#1042 = EDGE_CURVE ( 'NONE', #897, #750, #1652, .T. ) ;
#1043 = AXIS2_PLACEMENT_3D ( 'NONE', #1406, #536, #1003 ) ;
#1044 = B_SPLINE_CURVE_WITH_KNOTS ( 'NONE', 3,
 ( #876, #695, #122, #1877, #1296, #1304, #1025, #292, #269, #1153, #1289, #1444, #1853, #717, #558, #1143, #1600, #1846, #276, #1725 ),
 .UNSPECIFIED., .F., .F.,
 ( 4, 2, 2, 2, 2, 2, 2, 2, 2, 4 ),
 ( 3.576224061345498009E-18, 0.0009764035124723908403, 0.001464605268708598241, 0.001952807024944805750, 0.002929210537417215564, 0.003905614049889625378, 0.004882017562362035192, 0.005858421074834445005, 0.006834824587306854819, 0.007811228099779264633 ),
 .UNSPECIFIED. ) ;
#1045 = CIRCLE ( 'NONE', #1738, 1.799999999999999600 ) ;
#1046 = CYLINDRICAL_SURFACE ( 'NONE', #1656, 0.2699999999999994071 ) ;
#1047 = CARTESIAN_POINT ( 'NONE',  ( 0.4999999999380543292, -2.946656733173287801, -1.074250439999907991 ) ) ;
#1048 = EDGE_CURVE ( 'NONE', #1658, #635, #1216, .T. ) ;
#1049 = VECTOR ( 'NONE', #454, 100.0000000000000000 ) ;
#1050 = EDGE_LOOP ( 'NONE', ( #1070, #1254, #518, #885 ) ) ;
#1051 = DIRECTION ( 'NONE',  ( 1.000000000000000000, -0.000000000000000000, -0.000000000000000000 ) ) ;
#1052 = CARTESIAN_POINT ( 'NONE',  ( 0.9999999999999998890, -3.196291868038765749, -0.6394610389798496275 ) ) ;
#1053 = AXIS2_PLACEMENT_3D ( 'NONE', #33, #872, #720 ) ;
#1054 = CARTESIAN_POINT ( 'NONE',  ( 0.8237834090882483196, -2.216519005877427340, 1.198340902438140620 ) ) ;
#1055 = PLANE ( 'NONE',  #705 ) ;
#1056 = VERTEX_POINT ( 'NONE', #484 ) ;
#1057 = EDGE_CURVE ( 'NONE', #1355, #1032, #298, .T. ) ;
#1058 = CARTESIAN_POINT ( 'NONE',  ( -6.664681974310434853, -7.836950335279317947, -4.213800578034682331 ) ) ;
#1059 = CARTESIAN_POINT ( 'NONE',  ( 0.9999999999999998890, -6.388450603355452451, -1.211777434824182320 ) ) ;
#1060 = EDGE_CURVE ( 'NONE', #1332, #1056, #618, .T. ) ;
#1061 = ORIENTED_EDGE ( 'NONE', *, *, #928, .T. ) ;
#1062 = CARTESIAN_POINT ( 'NONE',  ( -0.5000000000000000000, -4.534624277456648755, 0.3136994219653173599 ) ) ;
#1063 = CARTESIAN_POINT ( 'NONE',  ( 4.755670429774157881, -1.819706178380103845, -5.213800578034682331 ) ) ;
#1064 = DIRECTION ( 'NONE',  ( 1.000000000000000000, -0.000000000000000000, 0.000000000000000000 ) ) ;
#1065 = CARTESIAN_POINT ( 'NONE',  ( 0.5000000000000000000, -6.264624277456648294, 0.07569942196531728729 ) ) ;
#1066 = ORIENTED_EDGE ( 'NONE', *, *, #785, .T. ) ;
#1067 = DIRECTION ( 'NONE',  ( 0.000000000000000000, 0.3780958564126959964, 0.9257664518460095859 ) ) ;
#1068 = LINE ( 'NONE', #482, #1530 ) ;
#1069 = ORIENTED_EDGE ( 'NONE', *, *, #174, .T. ) ;
#1070 = ORIENTED_EDGE ( 'NONE', *, *, #1179, .T. ) ;
#1071 = CARTESIAN_POINT ( 'NONE',  ( 2.500000000000000000, -3.222018931163207700, -0.6284789416574010357 ) ) ;
#1072 = CARTESIAN_POINT ( 'NONE',  ( 4.755670429774157881, -7.249542376533193000, -5.106300578034681514 ) ) ;
#1073 = ADVANCED_FACE ( 'NONE', ( #875 ), #723, .F. ) ;
#1074 = DIRECTION ( 'NONE',  ( 0.000000000000000000, -0.5686651334095083055, 0.8225691253896818544 ) ) ;
#1075 = CARTESIAN_POINT ( 'NONE',  ( 1.934602446683340471, -1.819706178380103845, -5.106300578034681514 ) ) ;
#1076 = VERTEX_POINT ( 'NONE', #1197 ) ;
#1077 = VECTOR ( 'NONE', #180, 99.99999999999998579 ) ;
#1078 = CARTESIAN_POINT ( 'NONE',  ( -0.5000000000000000000, -3.520549389697083420, -1.173463017721559476 ) ) ;
#1079 = FACE_OUTER_BOUND ( 'NONE', #455, .T. ) ;
#1080 = VECTOR ( 'NONE', #140, 100.0000000000000000 ) ;
#1081 = EDGE_LOOP ( 'NONE', ( #934, #151, #1675, #617, #1329, #336 ) ) ;
#1082 = DIRECTION ( 'NONE',  ( 1.000000000000000000, 0.000000000000000000, 0.000000000000000000 ) ) ;
#1083 = EDGE_LOOP ( 'NONE', ( #1560, #1523 ) ) ;
#1084 = DIRECTION ( 'NONE',  ( 1.000000000000000000, 0.000000000000000000, 0.000000000000000000 ) ) ;
#1085 = VERTEX_POINT ( 'NONE', #476 ) ;
#1086 = AXIS2_PLACEMENT_3D ( 'NONE', #235, #1642, #1067 ) ;
#1087 = FACE_BOUND ( 'NONE', #1461, .T. ) ;
#1088 = EDGE_CURVE ( 'NONE', #1681, #1189, #1762, .T. ) ;
#1089 = DIRECTION ( 'NONE',  ( 0.000000000000000000, 0.000000000000000000, -1.000000000000000000 ) ) ;
#1090 = VERTEX_POINT ( 'NONE', #225 ) ;
#1091 = CARTESIAN_POINT ( 'NONE',  ( 0.9945123816429229935, -2.803026208639610051, -0.7175977183294433015 ) ) ;
#1092 = CYLINDRICAL_SURFACE ( 'NONE', #1827, 1.000000000000000222 ) ;
#1093 = ORIENTED_EDGE ( 'NONE', *, *, #1462, .F. ) ;
#1094 = LINE ( 'NONE', #778, #381 ) ;
#1095 = ORIENTED_EDGE ( 'NONE', *, *, #661, .F. ) ;
#1096 = CARTESIAN_POINT ( 'NONE',  ( 2.070000000000000284, -6.582368318191346823, 0.8072657544654033845 ) ) ;
#1097 = DIRECTION ( 'NONE',  ( 1.000000000000000000, 0.000000000000000000, 0.000000000000000000 ) ) ;
#1098 = ORIENTED_EDGE ( 'NONE', *, *, #1328, .T. ) ;
#1099 = EDGE_CURVE ( 'NONE', #1105, #1297, #164, .T. ) ;
#1100 = CARTESIAN_POINT ( 'NONE',  ( 2.500000000000000000, -6.582368318191346823, 0.8072657544654033845 ) ) ;
#1101 = DIRECTION ( 'NONE',  ( -1.000000000000000000, -0.000000000000000000, -0.000000000000000000 ) ) ;
#1102 = CARTESIAN_POINT ( 'NONE',  ( 0.6234828695118730391, -5.772624226744768272, -0.7806856275472532358 ) ) ;
#1103 = ORIENTED_EDGE ( 'NONE', *, *, #591, .T. ) ;
#1104 = DIRECTION ( 'NONE',  ( 0.000000000000000000, 0.000000000000000000, -1.000000000000000000 ) ) ;
#1105 = VERTEX_POINT ( 'NONE', #1266 ) ;
#1106 = VERTEX_POINT ( 'NONE', #248 ) ;
#1107 = DIRECTION ( 'NONE',  ( 0.000000000000000000, -0.3780958564126934429, 0.9257664518460105851 ) ) ;
#1108 = CARTESIAN_POINT ( 'NONE',  ( 0.9343159989907706686, -3.223445845977177537, -0.6313900711949312905 ) ) ;
#1109 = ORIENTED_EDGE ( 'NONE', *, *, #1678, .T. ) ;
#1110 = DIRECTION ( 'NONE',  ( 1.000000000000000000, -0.000000000000000000, -0.000000000000000000 ) ) ;
#1111 = CARTESIAN_POINT ( 'NONE',  ( 0.5506975713477798573, -5.724704064616338961, -0.8784502579580059090 ) ) ;
#1112 = EDGE_CURVE ( 'NONE', #1114, #1658, #891, .T. ) ;
#1113 = DIRECTION ( 'NONE',  ( 0.000000000000000000, 1.000000000000000000, 0.000000000000000000 ) ) ;
#1114 = VERTEX_POINT ( 'NONE', #1680 ) ;
#1115 = VECTOR ( 'NONE', #218, 99.99999999999998579 ) ;
#1116 = AXIS2_PLACEMENT_3D ( 'NONE', #19, #27, #608 ) ;
#1117 = CARTESIAN_POINT ( 'NONE',  ( 2.204602446683341377, -7.249542376533193000, -4.213800578034682331 ) ) ;
#1118 = VERTEX_POINT ( 'NONE', #821 ) ;
#1119 = VECTOR ( 'NONE', #1164, 100.0000000000000000 ) ;
#1120 = AXIS2_PLACEMENT_3D ( 'NONE', #827, #547, #656 ) ;
#1121 = CARTESIAN_POINT ( 'NONE',  ( 2.070000000000000284, -2.804624277456648773, 0.3136994219653173599 ) ) ;
#1122 = CARTESIAN_POINT ( 'NONE',  ( 0.9869812623421798659, -6.206850024560052859, -0.7153699918683387171 ) ) ;
#1123 = CARTESIAN_POINT ( 'NONE',  ( 0.5000000000000000000, -1.950236602412878995, 1.583516062397813062 ) ) ;
#1124 = VERTEX_POINT ( 'NONE', #1550 ) ;
#1125 = EDGE_CURVE ( 'NONE', #1076, #1813, #195, .T. ) ;
#1126 = CARTESIAN_POINT ( 'NONE',  ( 0.9999999999999998890, -6.264624277456648294, 0.3136994219653173599 ) ) ;
#1127 = LINE ( 'NONE', #1260, #234 ) ;
#1128 = ORIENTED_EDGE ( 'NONE', *, *, #1587, .T. ) ;
#1129 = DIRECTION ( 'NONE',  ( 1.000000000000000000, 0.000000000000000000, 0.000000000000000000 ) ) ;
#1130 = CARTESIAN_POINT ( 'NONE',  ( 0.8865992958617474606, -5.841610562095846504, -0.6399427068343596092 ) ) ;
#1131 = CARTESIAN_POINT ( 'NONE',  ( 2.070000000000000284, -2.931286389354899935, 0.003567660596904241588 ) ) ;
#1132 = EDGE_LOOP ( 'NONE', ( #581, #811, #709, #1412 ) ) ;
#1133 = EDGE_CURVE ( 'NONE', #1400, #795, #1834, .T. ) ;
#1134 = CARTESIAN_POINT ( 'NONE',  ( -6.664681974310434853, -7.836950335279317947, -4.213800578034682331 ) ) ;
#1135 = ORIENTED_EDGE ( 'NONE', *, *, #294, .T. ) ;
#1136 = ADVANCED_FACE ( 'NONE', ( #1791 ), #1670, .T. ) ;
#1137 = UNCERTAINTY_MEASURE_WITH_UNIT (LENGTH_MEASURE( 1.000000000000000082E-05 ), #577, 'distance_accuracy_value', 'NONE');
#1138 = CARTESIAN_POINT ( 'NONE',  ( 0.4999999999999999445, -6.371812562560305260, -1.198055145196056381 ) ) ;
#1139 = CARTESIAN_POINT ( 'NONE',  ( 5.025670429774159231, -1.819706178380103845, -5.213800578034682331 ) ) ;
#1140 = VERTEX_POINT ( 'NONE', #362 ) ;
#1141 = EDGE_CURVE ( 'NONE', #667, #1597, #1094, .T. ) ;
#1142 = CIRCLE ( 'NONE', #800, 0.2699999999999994071 ) ;
#1143 = CARTESIAN_POINT ( 'NONE',  ( 0.8382980724194789568, -6.849292219683614569, 1.193368835692970364 ) ) ;
#1144 = VERTEX_POINT ( 'NONE', #342 ) ;
#1145 = CIRCLE ( 'NONE', #345, 1.799999999999999600 ) ;
#1146 = EDGE_CURVE ( 'NONE', #1658, #725, #1592, .T. ) ;
#1147 = FACE_OUTER_BOUND ( 'NONE', #197, .T. ) ;
#1148 = AXIS2_PLACEMENT_3D ( 'NONE', #692, #110, #828 ) ;
#1149 = LINE ( 'NONE', #278, #989 ) ;
#1150 = CARTESIAN_POINT ( 'NONE',  ( 0.4999999999289324593, -6.125700105506010296, -1.075106103053377060 ) ) ;
#1151 = CARTESIAN_POINT ( 'NONE',  ( 2.070000000000000284, -6.264624277456648294, 0.3136994219653173599 ) ) ;
#1152 = VERTEX_POINT ( 'NONE', #643 ) ;
#1153 = CARTESIAN_POINT ( 'NONE',  ( 0.6021729154917712101, -6.945761876158145220, 1.332911347253554979 ) ) ;
#1154 = ORIENTED_EDGE ( 'NONE', *, *, #774, .F. ) ;
#1155 = LINE ( 'NONE', #576, #1469 ) ;
#1156 = EDGE_CURVE ( 'NONE', #135, #1435, #922, .T. ) ;
#1157 = CARTESIAN_POINT ( 'NONE',  ( 0.5000000000435994574, -5.725974197552549327, -1.085770178299363620 ) ) ;
#1158 = CARTESIAN_POINT ( 'NONE',  ( 0.5000000000000000000, -5.943061621567157893, -1.751803966488678421 ) ) ;
#1159 = ORIENTED_EDGE ( 'NONE', *, *, #1187, .T. ) ;
#1160 = DIRECTION ( 'NONE',  ( 1.000000000000000000, 0.000000000000000000, 0.000000000000000000 ) ) ;
#1161 = VERTEX_POINT ( 'NONE', #1071 ) ;
#1162 = ADVANCED_BREP_SHAPE_REPRESENTATION ( 'throttle mount', ( #777, #1838 ), #1660 ) ;
#1163 = CARTESIAN_POINT ( 'NONE',  ( 0.9999999999999998890, -5.872956686874531762, -0.6394610389798500716 ) ) ;
#1164 = DIRECTION ( 'NONE',  ( 1.000000000000000000, -0.000000000000000000, -0.000000000000000000 ) ) ;
#1165 = CARTESIAN_POINT ( 'NONE',  ( 0.5000000000835046476, -2.787531213201224656, -1.138327375878172010 ) ) ;
#1166 = EDGE_CURVE ( 'NONE', #958, #1815, #1370, .T. ) ;
#1167 = LINE ( 'NONE', #1582, #1080 ) ;
#1168 = ORIENTED_EDGE ( 'NONE', *, *, #1390, .F. ) ;
#1169 = CIRCLE ( 'NONE', #261, 0.2700000000000001288 ) ;
#1170 = VECTOR ( 'NONE', #1808, 100.0000000000000000 ) ;
#1171 = PLANE ( 'NONE',  #163 ) ;
#1172 = VECTOR ( 'NONE', #1783, 100.0000000000000000 ) ;
#1173 = VECTOR ( 'NONE', #1313, 100.0000000000000000 ) ;
#1174 = FACE_BOUND ( 'NONE', #1016, .T. ) ;
#1175 = CARTESIAN_POINT ( 'NONE',  ( 0.5296423945171153669, -2.737171003145963510, -0.7149676341611239661 ) ) ;
#1176 = AXIS2_PLACEMENT_3D ( 'NONE', #1063, #48, #1084 ) ;
#1177 = ORIENTED_EDGE ( 'NONE', *, *, #539, .T. ) ;
#1178 = FACE_OUTER_BOUND ( 'NONE', #1132, .T. ) ;
#1179 = EDGE_CURVE ( 'NONE', #1597, #1400, #1503, .T. ) ;
#1180 = CARTESIAN_POINT ( 'NONE',  ( 0.8393881977074462153, -2.219693055376833257, 1.193749667689816940 ) ) ;
#1181 = ORIENTED_EDGE ( 'NONE', *, *, #1328, .F. ) ;
#1182 = CARTESIAN_POINT ( 'NONE',  ( 0.9999999999999998890, -6.264624277456648294, 0.3136994219653173599 ) ) ;
#1183 = FACE_OUTER_BOUND ( 'NONE', #91, .T. ) ;
#1184 = CARTESIAN_POINT ( 'NONE',  ( 0.5000000000068099970, -3.057197623119017660, -1.054208676756195340 ) ) ;
#1185 = EDGE_LOOP ( 'NONE', ( #219, #353, #1551, #187 ) ) ;
#1186 = DIRECTION ( 'NONE',  ( 0.000000000000000000, 0.000000000000000000, -1.000000000000000000 ) ) ;
#1187 = EDGE_CURVE ( 'NONE', #320, #239, #945, .T. ) ;
#1188 = FACE_BOUND ( 'NONE', #487, .T. ) ;
#1189 = VERTEX_POINT ( 'NONE', #786 ) ;
#1190 = ADVANCED_FACE ( 'NONE', ( #1377 ), #957, .F. ) ;
#1191 = CARTESIAN_POINT ( 'NONE',  ( -6.664681974310434853, -1.232298219633978675, -4.213800578034682331 ) ) ;
#1192 = ORIENTED_EDGE ( 'NONE', *, *, #672, .F. ) ;
#1193 = CARTESIAN_POINT ( 'NONE',  ( 0.5000000000000000000, -2.804624277456648773, 0.3136994219653173599 ) ) ;
#1194 = CARTESIAN_POINT ( 'NONE',  ( 0.4999999999999999445, -3.386330578469666452, -1.101938377384403811 ) ) ;
#1195 = CARTESIAN_POINT ( 'NONE',  ( 2.070000000000000284, -2.804624277456648773, 0.3136994219653181926 ) ) ;
#1196 = ORIENTED_EDGE ( 'NONE', *, *, #915, .T. ) ;
#1197 = CARTESIAN_POINT ( 'NONE',  ( 0.5000000000000000000, -6.337424077918100807, -2.330144915255796256 ) ) ;
#1198 = FACE_OUTER_BOUND ( 'NONE', #259, .T. ) ;
#1199 = CARTESIAN_POINT ( 'NONE',  ( 0.5000000000000001110, -6.137962165558396244, 0.003567660596903417594 ) ) ;
#1200 = CARTESIAN_POINT ( 'NONE',  ( 0.000000000000000000, -7.836950335279317947, 2.313699421965317082 ) ) ;
#1201 = ORIENTED_EDGE ( 'NONE', *, *, #756, .F. ) ;
#1202 = EDGE_CURVE ( 'NONE', #166, #85, #710, .T. ) ;
#1203 = AXIS2_PLACEMENT_3D ( 'NONE', #994, #1577, #1570 ) ;
#1204 = VECTOR ( 'NONE', #93, 100.0000000000000000 ) ;
#1205 = DIRECTION ( 'NONE',  ( 1.000000000000000000, 0.000000000000000000, 0.000000000000000000 ) ) ;
#1206 = DIRECTION ( 'NONE',  ( -1.000000000000000000, -0.000000000000000000, -0.000000000000000000 ) ) ;
#1207 = EDGE_LOOP ( 'NONE', ( #1609, #1037, #1103, #1293 ) ) ;
#1208 = CARTESIAN_POINT ( 'NONE',  ( 0.5000000000000000000, -6.264624277456648294, 0.5516994219653174047 ) ) ;
#1209 = DIRECTION ( 'NONE',  ( 0.000000000000000000, 0.000000000000000000, -1.000000000000000000 ) ) ;
#1210 = AXIS2_PLACEMENT_3D ( 'NONE', #1325, #742, #909 ) ;
#1211 = CARTESIAN_POINT ( 'NONE',  ( 0.5507079075996680340, -2.076378859017417255, 1.401052395128881578 ) ) ;
#1212 = LINE ( 'NONE', #1191, #1268 ) ;
#1213 = EDGE_CURVE ( 'NONE', #390, #1564, #738, .T. ) ;
#1214 = CARTESIAN_POINT ( 'NONE',  ( 0.9999999994709917184, -2.741563024280841088, -0.7150653425944685226 ) ) ;
#1215 = ORIENTED_EDGE ( 'NONE', *, *, #661, .T. ) ;
#1216 = LINE ( 'NONE', #1465, #42 ) ;
#1217 = DIRECTION ( 'NONE',  ( -5.692368725426780134E-15, -0.9967217276196307374, -0.08090610416364760193 ) ) ;
#1218 = CARTESIAN_POINT ( 'NONE',  ( 0.5000000000000000000, -4.534624277456648755, 0.3136994219653173599 ) ) ;
#1219 = DIRECTION ( 'NONE',  ( -1.000000000000000000, -0.000000000000000000, -0.000000000000000000 ) ) ;
#1220 = ORIENTED_EDGE ( 'NONE', *, *, #53, .F. ) ;
#1221 = DIRECTION ( 'NONE',  ( 0.000000000000000000, 0.000000000000000000, 1.000000000000000000 ) ) ;
#1222 = CARTESIAN_POINT ( 'NONE',  ( 2.500000000000000000, -2.234602777971080645, 1.172182884791381108 ) ) ;
#1223 = ORIENTED_EDGE ( 'NONE', *, *, #1828, .F. ) ;
#1224 = DIRECTION ( 'NONE',  ( 1.000000000000000000, -0.000000000000000000, 0.000000000000000000 ) ) ;
#1225 = ORIENTED_EDGE ( 'NONE', *, *, #311, .T. ) ;
#1226 = DIRECTION ( 'NONE',  ( 1.000000000000000000, 0.000000000000000000, 0.000000000000000000 ) ) ;
#1227 = ADVANCED_FACE ( 'NONE', ( #658 ), #1836, .F. ) ;
#1228 = FACE_OUTER_BOUND ( 'NONE', #1445, .T. ) ;
#1229 = DIRECTION ( 'NONE',  ( 0.000000000000000000, 0.8408285051108809194, -0.5413016026144771287 ) ) ;
#1230 = EDGE_LOOP ( 'NONE', ( #970, #1128, #983, #1168 ) ) ;
#1231 = B_SPLINE_CURVE_WITH_KNOTS ( 'NONE', 3,
 ( #199, #1798, #1789, #1676, #96, #673, #791, #1262, #481, #1091, #1667, #951 ),
 .UNSPECIFIED., .F., .F.,
 ( 4, 2, 2, 2, 2, 4 ),
 ( 0.000000000000000000, 0.001217101160833252479, 0.002434202321666504958, 0.003042752902083136618, 0.003651303482499767845, 0.004868404643333041140 ),
 .UNSPECIFIED. ) ;
#1232 = CARTESIAN_POINT ( 'NONE',  ( 0.4999999999999997780, -2.680797951557845948, -1.211777434824180544 ) ) ;
#1233 = CIRCLE ( 'NONE', #406, 3.200000000000000178 ) ;
#1234 = AXIS2_PLACEMENT_3D ( 'NONE', #450, #1569, #741 ) ;
#1235 = ORIENTED_EDGE ( 'NONE', *, *, #837, .F. ) ;
#1236 = CARTESIAN_POINT ( 'NONE',  ( 0.5000000000000000000, -3.126186933346140062, -1.751803966488677977 ) ) ;
#1237 = VERTEX_POINT ( 'NONE', #384 ) ;
#1238 = PLANE ( 'NONE',  #1806 ) ;
#1239 = AXIS2_PLACEMENT_3D ( 'NONE', #1617, #1467, #770 ) ;
#1240 = ORIENTED_EDGE ( 'NONE', *, *, #1510, .F. ) ;
#1241 = AXIS2_PLACEMENT_3D ( 'NONE', #1492, #880, #149 ) ;
#1242 = ADVANCED_FACE ( 'NONE', ( #840 ), #698, .F. ) ;
#1243 = VECTOR ( 'NONE', #1659, 100.0000000000000000 ) ;
#1244 = CARTESIAN_POINT ( 'NONE',  ( 0.5505808697529893658, -3.344634984975805025, -0.8786348812655790930 ) ) ;
#1245 = ORIENTED_EDGE ( 'NONE', *, *, #1599, .T. ) ;
#1246 = PLANE ( 'NONE',  #1086 ) ;
#1247 = DIRECTION ( 'NONE',  ( 0.000000000000000000, 0.3780958564126933874, -0.9257664518460105851 ) ) ;
#1248 = CARTESIAN_POINT ( 'NONE',  ( 0.9999999999999998890, -5.847229623750088479, -0.6284789416574017018 ) ) ;
#1249 = ORIENTED_EDGE ( 'NONE', *, *, #1436, .F. ) ;
#1250 = CARTESIAN_POINT ( 'NONE',  ( 0.5000000000000000000, -6.264624277456648294, 0.3136994219653173599 ) ) ;
#1251 = ORIENTED_EDGE ( 'NONE', *, *, #486, .F. ) ;
#1252 = EDGE_CURVE ( 'NONE', #1416, #748, #1415, .T. ) ;
#1253 = CARTESIAN_POINT ( 'NONE',  ( 0.6944721270343604536, -3.267315067440048626, -0.7208901486619214705 ) ) ;
#1254 = ORIENTED_EDGE ( 'NONE', *, *, #700, .F. ) ;
#1255 = DIRECTION ( 'NONE',  ( 1.000000000000000000, -0.000000000000000000, 0.000000000000000000 ) ) ;
#1256 = CARTESIAN_POINT ( 'NONE',  ( 0.9920776522859396929, -6.246990626994321616, -0.7168396491800111958 ) ) ;
#1257 = ORIENTED_EDGE ( 'NONE', *, *, #1146, .T. ) ;
#1258 = VERTEX_POINT ( 'NONE', #1123 ) ;
#1259 = ORIENTED_EDGE ( 'NONE', *, *, #1462, .T. ) ;
#1260 = CARTESIAN_POINT ( 'NONE',  ( 2.500000000000000000, -4.962916709493146783, -2.432615684727700067 ) ) ;
#1261 = ORIENTED_EDGE ( 'NONE', *, *, #301, .F. ) ;
#1262 = CARTESIAN_POINT ( 'NONE',  ( 0.9842933478192650298, -2.884470770336987844, -0.7138972921417915396 ) ) ;
#1263 = DIRECTION ( 'NONE',  ( 1.000000000000000000, 0.000000000000000000, 0.000000000000000000 ) ) ;
#1264 = EDGE_CURVE ( 'NONE', #1681, #545, #437, .T. ) ;
#1265 = CARTESIAN_POINT ( 'NONE',  ( 0.5672491951092667462, -6.284185405283064796, -0.7175053874927456166 ) ) ;
#1266 = CARTESIAN_POINT ( 'NONE',  ( 0.5000000000000000000, -6.388450603355452451, -1.211777434824181654 ) ) ;
#1267 = DIRECTION ( 'NONE',  ( 0.000000000000000000, 0.000000000000000000, -1.000000000000000000 ) ) ;
#1268 = VECTOR ( 'NONE', #1341, 100.0000000000000000 ) ;
#1269 = CARTESIAN_POINT ( 'NONE',  ( 1.934602446683340471, -1.819706178380103845, -4.213800578034682331 ) ) ;
#1270 = VECTOR ( 'NONE', #325, 100.0000000000000000 ) ;
#1271 = CARTESIAN_POINT ( 'NONE',  ( 5.650000000000003020, -1.232298219633978675, -5.106300578034681514 ) ) ;
#1272 = EDGE_LOOP ( 'NONE', ( #669, #1093, #773, #483 ) ) ;
#1273 = VECTOR ( 'NONE', #364, 100.0000000000000000 ) ;
#1274 = AXIS2_PLACEMENT_3D ( 'NONE', #1195, #1760, #461 ) ;
#1275 = DIRECTION ( 'NONE',  ( 0.000000000000000000, 0.000000000000000000, 1.000000000000000000 ) ) ;
#1276 = CARTESIAN_POINT ( 'NONE',  ( 0.6953199468878838996, -5.802213015225651915, -0.7203198682999718550 ) ) ;
#1277 = ADVANCED_FACE ( 'NONE', ( #256 ), #565, .F. ) ;
#1278 = DIRECTION ( 'NONE',  ( -0.000000000000000000, -0.000000000000000000, 1.000000000000000000 ) ) ;
#1279 = ORIENTED_EDGE ( 'NONE', *, *, #405, .F. ) ;
#1280 = ADVANCED_FACE ( 'NONE', ( #119 ), #1858, .F. ) ;
#1281 = CARTESIAN_POINT ( 'NONE',  ( 0.9669781866115476632, -3.222018931163208588, -0.6284789416574020349 ) ) ;
#1282 = EDGE_LOOP ( 'NONE', ( #1481, #1740, #582, #1768 ) ) ;
#1283 = DIRECTION ( 'NONE',  ( 0.000000000000000000, 0.000000000000000000, 1.000000000000000000 ) ) ;
#1284 = PRODUCT_DEFINITION_SHAPE ( 'NONE', 'NONE',  #1 ) ;
#1285 = PLANE ( 'NONE',  #202 ) ;
#1286 = LINE ( 'NONE', #412, #318 ) ;
#1287 = ORIENTED_EDGE ( 'NONE', *, *, #260, .F. ) ;
#1288 = ADVANCED_FACE ( 'NONE', ( #1699 ), #1307, .F. ) ;
#1289 = CARTESIAN_POINT ( 'NONE',  ( 0.6232693609217466735, -6.931129503384340751, 1.311745748436623060 ) ) ;
#1290 = VERTEX_POINT ( 'NONE', #393 ) ;
#1291 = CARTESIAN_POINT ( 'NONE',  ( 0.5000000000000000000, -6.445960314332498164, 0.5953769711774633544 ) ) ;
#1292 = DIRECTION ( 'NONE',  ( -1.000000000000000000, -0.000000000000000000, -0.000000000000000000 ) ) ;
#1293 = ORIENTED_EDGE ( 'NONE', *, *, #813, .F. ) ;
#1294 = ADVANCED_FACE ( 'NONE', ( #1585 ), #1713, .F. ) ;
#1295 = AXIS2_PLACEMENT_3D ( 'NONE', #1362, #1229, #1373 ) ;
#1296 = CARTESIAN_POINT ( 'NONE',  ( 0.5167041336204141189, -7.045530864288796380, 1.477226313102788069 ) ) ;
#1297 = VERTEX_POINT ( 'NONE', #288 ) ;
#1298 = AXIS2_PLACEMENT_3D ( 'NONE', #495, #1082, #1513 ) ;
#1299 = AXIS2_PLACEMENT_3D ( 'NONE', #1158, #1729, #426 ) ;
#1300 = CARTESIAN_POINT ( 'NONE',  ( 0.9920146745025304469, -5.968603267308093763, -0.6735711494721506876 ) ) ;
#1301 = VECTOR ( 'NONE', #923, 100.0000000000000000 ) ;
#1302 = DIRECTION ( 'NONE',  ( 1.000000000000000000, 0.000000000000000000, 0.000000000000000000 ) ) ;
#1303 = ORIENTED_EDGE ( 'NONE', *, *, #1179, .F. ) ;
#1304 = CARTESIAN_POINT ( 'NONE',  ( 0.5262100392626909429, -7.027676769186687267, 1.451400521208864314 ) ) ;
#1305 = VERTEX_POINT ( 'NONE', #847 ) ;
#1306 = CARTESIAN_POINT ( 'NONE',  ( 2.070000000000000284, -2.486880236721952020, 0.8072657544654054940 ) ) ;
#1307 = CYLINDRICAL_SURFACE ( 'NONE', #1148, 0.2700000000000001288 ) ;
#1308 = CARTESIAN_POINT ( 'NONE',  ( 0.9810237519644531279, -3.003722836426503395, -0.6975774404730283873 ) ) ;
#1309 = LINE ( 'NONE', #1590, #1352 ) ;
#1310 = ORIENTED_EDGE ( 'NONE', *, *, #672, .T. ) ;
#1311 = CARTESIAN_POINT ( 'NONE',  ( 0.9799389313499865528, -6.087127273912389391, -0.7015930734301683014 ) ) ;
#1312 = EDGE_CURVE ( 'NONE', #1525, #736, #1448, .T. ) ;
#1313 = DIRECTION ( 'NONE',  ( -0.000000000000000000, -1.000000000000000000, -0.000000000000000000 ) ) ;
#1314 = CARTESIAN_POINT ( 'NONE',  ( 0.9920146745025563151, -2.822740288368787986, -0.7168360843732389798 ) ) ;
#1315 = ORIENTED_EDGE ( 'NONE', *, *, #700, .T. ) ;
#1316 = LINE ( 'NONE', #1607, #681 ) ;
#1317 = CIRCLE ( 'NONE', #494, 0.2700000000000014611 ) ;
#1318 = CARTESIAN_POINT ( 'NONE',  ( 0.9999999999999998890, -2.234602777971080645, 1.172182884791381108 ) ) ;
#1319 = ORIENTED_EDGE ( 'NONE', *, *, #1340, .F. ) ;
#1320 = MECHANICAL_DESIGN_GEOMETRIC_PRESENTATION_REPRESENTATION (  '', ( #889 ), #1832 ) ;
#1321 = CYLINDRICAL_SURFACE ( 'NONE', #1234, 0.3350000000000001865 ) ;
#1322 =( BOUNDED_SURFACE ( )  B_SPLINE_SURFACE ( 3, 2, ( 
 ( #289, #452, #1194 ),
 ( #1605, #1334, #752 ),
 ( #310, #1022, #322 ),
 ( #881, #865, #890 ),
 ( #297, #304, #25 ),
 ( #721, #716, #902 ),
 ( #873, #150, #605 ),
 ( #1308, #597, #1451 ),
 ( #145, #159, #1184 ),
 ( #1759, #732, #459 ),
 ( #1345, #1752, #1047 ),
 ( #1326, #1730, #1626 ),
 ( #427, #1484, #1876 ),
 ( #1314, #34, #1165 ),
 ( #3, #585, #615 ),
 ( #1735, #1175, #1744 ),
 ( #1214, #775, #505 ),
 ( #792, #1773, #1232 ) ),
 .UNSPECIFIED., .F., .F., .T. ) 
 B_SPLINE_SURFACE_WITH_KNOTS ( ( 4, 2, 2, 2, 2, 2, 2, 2, 4 ),
 ( 3, 3 ),
 ( 0.008394258328422801035, 0.009292132942494984657, 0.01019000755656716828, 0.01108788217063935017, 0.01198575678471153379, 0.01288363139878371741, 0.01378150601285589930, 0.01467938062692808292, 0.01557725524100026654 ),
 ( 0.000000000000000000, 1.000000000000000000 ),
 .UNSPECIFIED. ) 
 GEOMETRIC_REPRESENTATION_ITEM ( )  RATIONAL_B_SPLINE_SURFACE ( (
 ( 1.000000000000000000, 0.7071067811865471286, 1.000000000000000000),
 ( 1.000000000000000000, 0.7177317099624325181, 1.000000000000000000),
 ( 1.000000000000000000, 0.7289294822961727149, 1.000000000000000000),
 ( 1.000000000000000000, 0.7505088755104425413, 1.000000000000000000),
 ( 1.000000000000000000, 0.7609160784592939875, 1.000000000000000000),
 ( 1.000000000000000000, 0.7789553436967407984, 1.000000000000000000),
 ( 1.000000000000000000, 0.7865627152573448910, 1.000000000000000000),
 ( 1.000000000000000000, 0.7970900777289335881, 1.000000000000000000),
 ( 1.000000000000000000, 0.7999813553217326456, 1.000000000000000000),
 ( 1.000000000000000000, 0.8001519988941844241, 1.000000000000000000),
 ( 1.000000000000000000, 0.7974272301621704306, 1.000000000000000000),
 ( 1.000000000000000000, 0.7870289486813993873, 1.000000000000000000),
 ( 1.000000000000000000, 0.7793573980633963227, 1.000000000000000000),
 ( 1.000000000000000000, 0.7611658624645629700, 1.000000000000000000),
 ( 1.000000000000000000, 0.7506723561363362052, 1.000000000000000000),
 ( 1.000000000000000000, 0.7289868412597315661, 1.000000000000000000),
 ( 1.000000000000000000, 0.7177947179577216508, 1.000000000000000000),
 ( 1.000000000000000000, 0.7071067811865487940, 1.000000000000000000) ) ) 
 REPRESENTATION_ITEM ( '' )  SURFACE ( )  );
#1323 = AXIS2_PLACEMENT_3D ( 'NONE', #883, #182, #8 ) ;
#1324 = CARTESIAN_POINT ( 'NONE',  ( 0.5000000000068060002, -6.089404204265775888, -1.066251224774634743 ) ) ;
#1325 = CARTESIAN_POINT ( 'NONE',  ( 0.5000000000000000000, -5.943061621567157893, -1.751803966488678421 ) ) ;
#1326 = CARTESIAN_POINT ( 'NONE',  ( 0.9843726014982335792, -2.883746516589428488, -0.7139530104256465171 ) ) ;
#1327 = AXIS2_PLACEMENT_3D ( 'NONE', #201, #776, #1627 ) ;
#1328 = EDGE_CURVE ( 'NONE', #1161, #740, #1286, .T. ) ;
#1329 = ORIENTED_EDGE ( 'NONE', *, *, #1602, .T. ) ;
#1330 = DIRECTION ( 'NONE',  ( -0.000000000000000000, -0.000000000000000000, 1.000000000000000000 ) ) ;
#1331 = EDGE_CURVE ( 'NONE', #999, #736, #548, .T. ) ;
#1332 = VERTEX_POINT ( 'NONE', #1579 ) ;
#1333 = DIRECTION ( 'NONE',  ( 0.000000000000000000, 0.000000000000000000, 1.000000000000000000 ) ) ;
#1334 = CARTESIAN_POINT ( 'NONE',  ( 0.5148213167288759884, -3.191133488859013045, -0.6415806932416784347 ) ) ;
#1335 = PLANE ( 'NONE',  #265 ) ;
#1336 = CARTESIAN_POINT ( 'NONE',  ( 0.5000000000000000000, -5.259251937899774632, -2.147951420777012732 ) ) ;
#1337 = EDGE_CURVE ( 'NONE', #639, #233, #429, .T. ) ;
#1338 = LINE ( 'NONE', #39, #75 ) ;
#1339 = ORIENTED_EDGE ( 'NONE', *, *, #1446, .F. ) ;
#1340 = EDGE_CURVE ( 'NONE', #1761, #1056, #112, .T. ) ;
#1341 = DIRECTION ( 'NONE',  ( 1.000000000000000000, 0.000000000000000000, 0.000000000000000000 ) ) ;
#1342 = EDGE_LOOP ( 'NONE', ( #753, #56, #556, #52 ) ) ;
#1343 = PRODUCT_CONTEXT ( 'NONE', #1420, 'mechanical' ) ;
#1344 = CARTESIAN_POINT ( 'NONE',  ( 0.9999999999999998890, -2.804624277456648773, 0.3136994219653173599 ) ) ;
#1345 = CARTESIAN_POINT ( 'NONE',  ( 0.9809073541748640768, -2.924127841505853365, -0.7100430987419095175 ) ) ;
#1346 = CARTESIAN_POINT ( 'NONE',  ( 5.650000000000003020, -7.836950335279317947, -4.213800578034682331 ) ) ;
#1347 = CARTESIAN_POINT ( 'NONE',  ( 2.070000000000000284, -6.042682009742398108, -0.2297254852682908965 ) ) ;
#1348 = DIRECTION ( 'NONE',  ( -1.000000000000000000, -0.000000000000000000, -0.000000000000000000 ) ) ;
#1349 = EDGE_CURVE ( 'NONE', #244, #1105, #502, .T. ) ;
#1350 = DIRECTION ( 'NONE',  ( 1.000000000000000000, 0.000000000000000000, 0.000000000000000000 ) ) ;
#1351 = ORIENTED_EDGE ( 'NONE', *, *, #514, .T. ) ;
#1352 = VECTOR ( 'NONE', #283, 100.0000000000000000 ) ;
#1353 = VECTOR ( 'NONE', #1219, 100.0000000000000000 ) ;
#1354 = LINE ( 'NONE', #1799, #1737 ) ;
#1355 = VERTEX_POINT ( 'NONE', #614 ) ;
#1356 = DIRECTION ( 'NONE',  ( 0.000000000000000000, -0.3800774208618005190, -0.9249546768091082560 ) ) ;
#1357 = FACE_OUTER_BOUND ( 'NONE', #1514, .T. ) ;
#1358 = VECTOR ( 'NONE', #1810, 100.0000000000000000 ) ;
#1359 = TOROIDAL_SURFACE ( 'NONE', #268, 1.530494233764364331, 0.4999999999999999445 ) ;
#1360 = ORIENTED_EDGE ( 'NONE', *, *, #5, .T. ) ;
#1361 = CARTESIAN_POINT ( 'NONE',  ( -0.5000000000000000000, -4.534624277456648755, 0.3136994219653173599 ) ) ;
#1362 = CARTESIAN_POINT ( 'NONE',  ( 2.070000000000000284, -2.125626264858165193, 1.368418050450630474 ) ) ;
#1363 = ORIENTED_EDGE ( 'NONE', *, *, #1602, .F. ) ;
#1364 = EDGE_CURVE ( 'NONE', #1114, #1813, #433, .T. ) ;
#1365 = DIRECTION ( 'NONE',  ( -1.000000000000000000, -0.000000000000000000, -0.000000000000000000 ) ) ;
#1366 = FACE_OUTER_BOUND ( 'NONE', #123, .T. ) ;
#1367 = EDGE_CURVE ( 'NONE', #1564, #390, #925, .T. ) ;
#1368 = CARTESIAN_POINT ( 'NONE',  ( 5.025670429774157455, -7.249542376533193000, -4.213800578034682331 ) ) ;
#1369 = VERTEX_POINT ( 'NONE', #188 ) ;
#1370 = LINE ( 'NONE', #373, #769 ) ;
#1371 = LINE ( 'NONE', #609, #1273 ) ;
#1372 = ORIENTED_EDGE ( 'NONE', *, *, #438, .F. ) ;
#1373 = DIRECTION ( 'NONE',  ( 0.000000000000000000, 0.5413016026144771287, 0.8408285051108809194 ) ) ;
#1374 = DIRECTION ( 'NONE',  ( 1.000000000000000000, 0.000000000000000000, 0.000000000000000000 ) ) ;
#1375 = EDGE_CURVE ( 'NONE', #115, #1758, #596, .T. ) ;
#1376 = ORIENTED_EDGE ( 'NONE', *, *, #1252, .F. ) ;
#1377 = FACE_OUTER_BOUND ( 'NONE', #1378, .T. ) ;
#1378 = EDGE_LOOP ( 'NONE', ( #782, #903, #1432, #513, #404, #859 ) ) ;
#1379 = DIRECTION ( 'NONE',  ( -0.000000000000000000, -0.000000000000000000, 1.000000000000000000 ) ) ;
#1380 = ORIENTED_EDGE ( 'NONE', *, *, #1375, .T. ) ;
#1381 = DIRECTION ( 'NONE',  ( 0.000000000000000000, 0.000000000000000000, -1.000000000000000000 ) ) ;
#1382 = ORIENTED_EDGE ( 'NONE', *, *, #458, .F. ) ;
#1383 = DIRECTION ( 'NONE',  ( 0.000000000000000000, 1.734723475976806601E-16, -1.000000000000000000 ) ) ;
#1384 = CYLINDRICAL_SURFACE ( 'NONE', #956, 0.2699999999999997402 ) ;
#1385 = CIRCLE ( 'NONE', #1765, 0.5869999999999997442 ) ;
#1386 = AXIS2_PLACEMENT_3D ( 'NONE', #1795, #60, #1778 ) ;
#1387 = ORIENTED_EDGE ( 'NONE', *, *, #1446, .T. ) ;
#1388 = CARTESIAN_POINT ( 'NONE',  ( 0.000000000000000000, -1.232298219633980230, 2.313699421965317082 ) ) ;
#1389 = ORIENTED_EDGE ( 'NONE', *, *, #1014, .T. ) ;
#1390 = EDGE_CURVE ( 'NONE', #1106, #1024, #604, .T. ) ;
#1391 = CIRCLE ( 'NONE', #1566, 1.030494233764364109 ) ;
#1392 = EDGE_LOOP ( 'NONE', ( #1319, #312 ) ) ;
#1393 = AXIS2_PLACEMENT_3D ( 'NONE', #751, #1205, #1772 ) ;
#1394 = CARTESIAN_POINT ( 'NONE',  ( 0.9999999999999998890, -6.347997551273627970, -0.7134165710143672845 ) ) ;
#1395 = ORIENTED_EDGE ( 'NONE', *, *, #1156, .T. ) ;
#1396 = LINE ( 'NONE', #86, #1694 ) ;
#1397 = CARTESIAN_POINT ( 'NONE',  ( 2.204602446683340489, -1.819706178380103845, -5.106300578034681514 ) ) ;
#1398 = CARTESIAN_POINT ( 'NONE',  ( 0.4999999999999999445, -6.388450603355452451, -1.211777434824181432 ) ) ;
#1399 = DIRECTION ( 'NONE',  ( -1.000000000000000000, 0.000000000000000000, -0.000000000000000000 ) ) ;
#1400 = VERTEX_POINT ( 'NONE', #330 ) ;
#1401 = ORIENTED_EDGE ( 'NONE', *, *, #1048, .F. ) ;
#1402 = ADVANCED_FACE ( 'NONE', ( #1633, #296, #1174, #1613, #472 ), #1457, .T. ) ;
#1403 = DIRECTION ( 'NONE',  ( 0.000000000000000000, 0.9249546768091082560, 0.3800774208618005190 ) ) ;
#1404 = ORIENTED_EDGE ( 'NONE', *, *, #358, .T. ) ;
#1405 = CARTESIAN_POINT ( 'NONE',  ( -0.5000000000000000000, -4.534624277456648755, 0.3136994219653173599 ) ) ;
#1406 = CARTESIAN_POINT ( 'NONE',  ( 0.000000000000000000, -5.943061621567157893, -1.751803966488678421 ) ) ;
#1407 = CARTESIAN_POINT ( 'NONE',  ( 2.500000000000000000, -4.962916709493146783, -2.432615684727700067 ) ) ;
#1408 = ORIENTED_EDGE ( 'NONE', *, *, #69, .F. ) ;
#1409 = DIRECTION ( 'NONE',  ( 1.000000000000000000, -0.000000000000000000, 0.000000000000000000 ) ) ;
#1410 = ORIENTED_EDGE ( 'NONE', *, *, #1337, .T. ) ;
#1411 = CARTESIAN_POINT ( 'NONE',  ( 0.5317833995336346264, -3.364620690512735823, -0.9194088483919770072 ) ) ;
#1412 = ORIENTED_EDGE ( 'NONE', *, *, #346, .T. ) ;
#1413 = EDGE_CURVE ( 'NONE', #631, #244, #623, .T. ) ;
#1414 = CARTESIAN_POINT ( 'NONE',  ( 0.7783598579903475700, -5.824937407980653958, -0.6739585506348237942 ) ) ;
#1415 = LINE ( 'NONE', #1139, #1421 ) ;
#1416 = VERTEX_POINT ( 'NONE', #442 ) ;
#1417 = AXIS2_PLACEMENT_3D ( 'NONE', #1674, #1381, #790 ) ;
#1418 = LINE ( 'NONE', #1565, #587 ) ;
#1419 = VECTOR ( 'NONE', #206, 100.0000000000000000 ) ;
#1420 = APPLICATION_CONTEXT ( 'automotive_design' ) ;
#1421 = VECTOR ( 'NONE', #979, 100.0000000000000000 ) ;
#1422 = CYLINDRICAL_SURFACE ( 'NONE', #583, 0.7000000000000002887 ) ;
#1423 = ORIENTED_EDGE ( 'NONE', *, *, #1060, .T. ) ;
#1424 = VECTOR ( 'NONE', #59, 100.0000000000000000 ) ;
#1425 = EDGE_CURVE ( 'NONE', #725, #1826, #1771, .T. ) ;
#1426 = DIRECTION ( 'NONE',  ( 0.000000000000000000, 0.000000000000000000, 1.000000000000000000 ) ) ;
#1427 = DIRECTION ( 'NONE',  ( -1.000000000000000000, -0.000000000000000000, -0.000000000000000000 ) ) ;
#1428 = EDGE_CURVE ( 'NONE', #166, #1369, #198, .T. ) ;
#1429 = CARTESIAN_POINT ( 'NONE',  ( 0.9799174987004184434, -6.087869715031284379, -0.7017220605281728751 ) ) ;
#1430 = EDGE_LOOP ( 'NONE', ( #1441, #1249 ) ) ;
#1431 = CARTESIAN_POINT ( 'NONE',  ( 4.755670429774157881, -7.249542376533193000, -4.213800578034682331 ) ) ;
#1432 = ORIENTED_EDGE ( 'NONE', *, *, #1057, .F. ) ;
#1433 = CARTESIAN_POINT ( 'NONE',  ( 1.500000000000000000, -7.836950335279317947, -4.213800578034682331 ) ) ;
#1434 = CARTESIAN_POINT ( 'NONE',  ( 0.9999999999999998890, -6.347997551273627970, -0.7134165710143672845 ) ) ;
#1435 = VERTEX_POINT ( 'NONE', #1464 ) ;
#1436 = EDGE_CURVE ( 'NONE', #1290, #1237, #348, .T. ) ;
#1437 = CARTESIAN_POINT ( 'NONE',  ( 0.5000000000000000000, -2.931286389354899935, 0.003567660596904241588 ) ) ;
#1438 = ORIENTED_EDGE ( 'NONE', *, *, #1364, .F. ) ;
#1439 = CARTESIAN_POINT ( 'NONE',  ( 0.9868598078818994201, -6.007770361593996356, -0.6844777594918912689 ) ) ;
#1440 = CARTESIAN_POINT ( 'NONE',  ( 0.9999999999999998890, -5.872956686874532650, -0.6394610389798500716 ) ) ;
#1441 = ORIENTED_EDGE ( 'NONE', *, *, #719, .F. ) ;
#1442 = CIRCLE ( 'NONE', #762, 1.000000000000000222 ) ;
#1443 = VECTOR ( 'NONE', #1009, 100.0000000000000000 ) ;
#1444 = CARTESIAN_POINT ( 'NONE',  ( 0.6693556191085344720, -6.904898431250031443, 1.273802732774330204 ) ) ;
#1445 = EDGE_LOOP ( 'NONE', ( #208, #1029, #284, #834 ) ) ;
#1446 = EDGE_CURVE ( 'NONE', #1568, #1525, #158, .T. ) ;
#1447 = VECTOR ( 'NONE', #1113, 100.0000000000000000 ) ;
#1448 = CIRCLE ( 'NONE', #78, 0.3349999999999999645 ) ;
#1449 = DIRECTION ( 'NONE',  ( 1.000000000000000000, -0.000000000000000000, 0.000000000000000000 ) ) ;
#1450 = DIRECTION ( 'NONE',  ( -1.000000000000000000, 0.000000000000000000, -0.000000000000000000 ) ) ;
#1451 = CARTESIAN_POINT ( 'NONE',  ( 0.4999999999289350683, -3.094467604426969665, -1.051610637210033783 ) ) ;
#1452 = CARTESIAN_POINT ( 'NONE',  ( 0.5000000000000000000, -6.264624277456648294, 0.3136994219653173599 ) ) ;
#1453 = SURFACE_STYLE_USAGE ( .BOTH. , #869 ) ;
#1454 = VERTEX_POINT ( 'NONE', #16 ) ;
#1455 = ADVANCED_FACE ( 'NONE', ( #1183 ), #1046, .F. ) ;
#1456 = CARTESIAN_POINT ( 'NONE',  ( 0.9999999994709132256, -5.891806179131885202, -0.6472065713625226868 ) ) ;
#1457 = PLANE ( 'NONE',  #1623 ) ;
#1458 = DIRECTION ( 'NONE',  ( 0.000000000000000000, 0.000000000000000000, 1.000000000000000000 ) ) ;
#1459 = ORIENTED_EDGE ( 'NONE', *, *, #526, .F. ) ;
#1460 = DIRECTION ( 'NONE',  ( -1.000000000000000000, -0.000000000000000000, -0.000000000000000000 ) ) ;
#1461 = EDGE_LOOP ( 'NONE', ( #899, #689 ) ) ;
#1462 = EDGE_CURVE ( 'NONE', #453, #216, #590, .T. ) ;
#1463 = CARTESIAN_POINT ( 'NONE',  ( 0.4999999999931938333, -6.015524639609698632, -1.054560949934603142 ) ) ;
#1464 = CARTESIAN_POINT ( 'NONE',  ( 0.5000000000000000000, -7.836950335279317947, 2.313699421965317082 ) ) ;
#1465 = CARTESIAN_POINT ( 'NONE',  ( -0.5000000000000000000, -2.731824476995198037, -2.330144915255796256 ) ) ;
#1466 = AXIS2_PLACEMENT_3D ( 'NONE', #1714, #413, #1267 ) ;
#1467 = DIRECTION ( 'NONE',  ( 1.000000000000000000, -0.000000000000000000, 0.000000000000000000 ) ) ;
#1468 = ORIENTED_EDGE ( 'NONE', *, *, #611, .T. ) ;
#1469 = VECTOR ( 'NONE', #1002, 100.0000000000000000 ) ;
#1470 = DIRECTION ( 'NONE',  ( -0.000000000000000000, -1.000000000000000000, -0.000000000000000000 ) ) ;
#1471 = AXIS2_PLACEMENT_3D ( 'NONE', #1062, #1051, #1186 ) ;
#1472 = AXIS2_PLACEMENT_3D ( 'NONE', #1405, #1110, #515 ) ;
#1473 = DIRECTION ( 'NONE',  ( 0.000000000000000000, 0.000000000000000000, -1.000000000000000000 ) ) ;
#1474 = AXIS2_PLACEMENT_3D ( 'NONE', #1742, #871, #1611 ) ;
#1475 = EDGE_CURVE ( 'NONE', #1557, #1671, #836, .T. ) ;
#1476 = VERTEX_POINT ( 'NONE', #470 ) ;
#1477 = PLANE ( 'NONE',  #649 ) ;
#1478 = DIRECTION ( 'NONE',  ( 1.000000000000000000, 0.000000000000000000, 0.000000000000000000 ) ) ;
#1479 = EDGE_LOOP ( 'NONE', ( #664, #1041, #421, #1724 ) ) ;
#1480 = CARTESIAN_POINT ( 'NONE',  ( 2.474602446683340951, -7.249542376533193000, -5.106300578034681514 ) ) ;
#1481 = ORIENTED_EDGE ( 'NONE', *, *, #646, .F. ) ;
#1482 = SHAPE_DEFINITION_REPRESENTATION ( #1284, #1162 ) ;
#1483 = DIRECTION ( 'NONE',  ( -0.000000000000000000, -0.000000000000000000, 1.000000000000000000 ) ) ;
#1484 = CARTESIAN_POINT ( 'NONE',  ( 0.5861961434756495226, -2.829706418644981181, -0.7172631029132279235 ) ) ;
#1485 = ORIENTED_EDGE ( 'NONE', *, *, #1141, .F. ) ;
#1486 = DIRECTION ( 'NONE',  ( 0.000000000000000000, -0.5686651334095079724, -0.8225691253896819655 ) ) ;
#1487 = CYLINDRICAL_SURFACE ( 'NONE', #468, 0.2699999999999994071 ) ;
#1488 = ADVANCED_FACE ( 'NONE', ( #1546 ), #1246, .F. ) ;
#1489 = CARTESIAN_POINT ( 'NONE',  ( 0.5662511930289172435, -2.092917524805232077, 1.377129360195070706 ) ) ;
#1490 = DIRECTION ( 'NONE',  ( 0.000000000000000000, 0.000000000000000000, 1.000000000000000000 ) ) ;
#1491 = ORIENTED_EDGE ( 'NONE', *, *, #194, .F. ) ;
#1492 = CARTESIAN_POINT ( 'NONE',  ( 0.000000000000000000, -4.534624277456648755, 0.3136994219653173599 ) ) ;
#1493 = DIRECTION ( 'NONE',  ( -1.135666750720515343E-15, 0.9967217276196305153, -0.08090610416364930890 ) ) ;
#1494 = DIRECTION ( 'NONE',  ( -0.000000000000000000, 0.8408285051108808084, 0.5413016026144772397 ) ) ;
#1495 = EDGE_CURVE ( 'NONE', #725, #85, #245, .T. ) ;
#1496 = VECTOR ( 'NONE', #492, 100.0000000000000000 ) ;
#1497 = CARTESIAN_POINT ( 'NONE',  ( 2.070000000000000284, -2.125626264858165193, 1.368418050450630474 ) ) ;
#1498 = VECTOR ( 'NONE', #1470, 100.0000000000000000 ) ;
#1499 = CARTESIAN_POINT ( 'NONE',  ( 1.934602446683341581, -7.249542376533193000, -5.106300578034681514 ) ) ;
#1500 = CIRCLE ( 'NONE', #801, 0.5869999999999997442 ) ;
#1501 = CARTESIAN_POINT ( 'NONE',  ( 0.000000000000000000, -6.264624277456648294, 0.3136994219653173599 ) ) ;
#1502 = VECTOR ( 'NONE', #1021, 100.0000000000000000 ) ;
#1503 = LINE ( 'NONE', #57, #1447 ) ;
#1504 = CARTESIAN_POINT ( 'NONE',  ( 0.000000000000000000, -2.804624277456648773, 0.3136994219653173599 ) ) ;
#1505 = ORIENTED_EDGE ( 'NONE', *, *, #428, .F. ) ;
#1506 = DIRECTION ( 'NONE',  ( 0.000000000000000000, 0.000000000000000000, -1.000000000000000000 ) ) ;
#1507 = DIRECTION ( 'NONE',  ( 0.000000000000000000, 0.000000000000000000, 1.000000000000000000 ) ) ;
#1508 = VERTEX_POINT ( 'NONE', #220 ) ;
#1509 = DIRECTION ( 'NONE',  ( 0.000000000000000000, 0.000000000000000000, 1.000000000000000000 ) ) ;
#1510 = EDGE_CURVE ( 'NONE', #1435, #1684, #665, .T. ) ;
#1511 = CYLINDRICAL_SURFACE ( 'NONE', #1472, 3.200000000000000178 ) ;
#1512 = PLANE ( 'NONE',  #831 ) ;
#1513 = DIRECTION ( 'NONE',  ( 0.000000000000000000, 0.000000000000000000, -1.000000000000000000 ) ) ;
#1514 = EDGE_LOOP ( 'NONE', ( #131, #1380, #1310, #1376 ) ) ;
#1515 = CARTESIAN_POINT ( 'NONE',  ( 0.000000000000000000, -7.836950335279317947, 2.313699421965317082 ) ) ;
#1516 = ORIENTED_EDGE ( 'NONE', *, *, #1213, .F. ) ;
#1517 = CYLINDRICAL_SURFACE ( 'NONE', #435, 3.200000000000000178 ) ;
#1518 = CARTESIAN_POINT ( 'NONE',  ( 0.5000000000000000000, -3.442195017893669107, -1.077672616895805957 ) ) ;
#1519 = ORIENTED_EDGE ( 'NONE', *, *, #308, .F. ) ;
#1520 = CARTESIAN_POINT ( 'NONE',  ( 0.5000000000000000000, -6.264624277456648294, 0.3136994219653173599 ) ) ;
#1521 = ADVANCED_FACE ( 'NONE', ( #504 ), #931, .F. ) ;
#1522 = CARTESIAN_POINT ( 'NONE',  ( 0.5000000000000000000, -3.520549389697083420, -1.173463017721559476 ) ) ;
#1523 = ORIENTED_EDGE ( 'NONE', *, *, #1475, .T. ) ;
#1524 = DIRECTION ( 'NONE',  ( 0.000000000000000000, 0.5686651334095083055, -0.8225691253896818544 ) ) ;
#1525 = VERTEX_POINT ( 'NONE', #654 ) ;
#1526 = CARTESIAN_POINT ( 'NONE',  ( 2.070000000000000284, -2.486880236721952020, 0.8072657544654054940 ) ) ;
#1527 = FACE_OUTER_BOUND ( 'NONE', #1646, .T. ) ;
#1528 = CARTESIAN_POINT ( 'NONE',  ( 0.5127485788364660735, -3.392282666871886843, -0.9758436093582604220 ) ) ;
#1529 = ORIENTED_EDGE ( 'NONE', *, *, #813, .T. ) ;
#1530 = VECTOR ( 'NONE', #1247, 100.0000000000000000 ) ;
#1531 = CARTESIAN_POINT ( 'NONE',  ( 0.000000000000000000, -6.264624277456648294, 0.07569942196531728729 ) ) ;
#1532 = FACE_BOUND ( 'NONE', #1873, .T. ) ;
#1533 = AXIS2_PLACEMENT_3D ( 'NONE', #1841, #1283, #1856 ) ;
#1534 = CARTESIAN_POINT ( 'NONE',  ( 0.9947026432601384638, -6.267113339062979627, -0.7169896781884742554 ) ) ;
#1535 = ADVANCED_FACE ( 'NONE', ( #524 ), #1511, .F. ) ;
#1536 = AXIS2_PLACEMENT_3D ( 'NONE', #72, #1403, #1825 ) ;
#1537 = CARTESIAN_POINT ( 'NONE',  ( 2.500000000000000000, -4.076150047128767717, -2.817956982338168270 ) ) ;
#1538 = EDGE_LOOP ( 'NONE', ( #843, #1154, #1847, #699 ) ) ;
#1539 = VECTOR ( 'NONE', #634, 100.0000000000000000 ) ;
#1540 = EDGE_CURVE ( 'NONE', #1090, #490, #1593, .T. ) ;
#1541 = AXIS2_PLACEMENT_3D ( 'NONE', #359, #941, #1383 ) ;
#1542 = CARTESIAN_POINT ( 'NONE',  ( -0.5000000000000000000, -4.534624277456648755, 0.3136994219653173599 ) ) ;
#1543 = AXIS2_PLACEMENT_3D ( 'NONE', #212, #64, #944 ) ;
#1544 = LINE ( 'NONE', #1271, #1204 ) ;
#1545 = VERTEX_POINT ( 'NONE', #62 ) ;
#1546 = FACE_OUTER_BOUND ( 'NONE', #1802, .T. ) ;
#1547 = DIRECTION ( 'NONE',  ( 0.000000000000000000, 0.000000000000000000, -1.000000000000000000 ) ) ;
#1548 = DIRECTION ( 'NONE',  ( 1.000000000000000000, -0.000000000000000000, 0.000000000000000000 ) ) ;
#1549 = VERTEX_POINT ( 'NONE', #1100 ) ;
#1550 = CARTESIAN_POINT ( 'NONE',  ( 0.000000000000000000, -6.337424077918100807, -2.330144915255796256 ) ) ;
#1551 = ORIENTED_EDGE ( 'NONE', *, *, #157, .T. ) ;
#1552 = EDGE_CURVE ( 'NONE', #1704, #453, #1231, .T. ) ;
#1553 = LINE ( 'NONE', #252, #1170 ) ;
#1554 = ORIENTED_EDGE ( 'NONE', *, *, #170, .T. ) ;
#1555 = CARTESIAN_POINT ( 'NONE',  ( 0.5929840060063163998, -6.215836317893369767, -0.7163694863248734057 ) ) ;
#1556 = CARTESIAN_POINT ( 'NONE',  ( 0.9946503362589238506, -6.267241725549654419, -0.7175674542342123097 ) ) ;
#1557 = VERTEX_POINT ( 'NONE', #1531 ) ;
#1558 = PLANE ( 'NONE',  #1739 ) ;
#1559 = CARTESIAN_POINT ( 'NONE',  ( 2.070000000000000284, -3.026566545170900291, -0.2297254852682905080 ) ) ;
#1560 = ORIENTED_EDGE ( 'NONE', *, *, #129, .T. ) ;
#1561 = EDGE_CURVE ( 'NONE', #1871, #1454, #340, .T. ) ;
#1562 = CARTESIAN_POINT ( 'NONE',  ( 0.000000000000000000, -4.534624277456648755, -1.486300578034682074 ) ) ;
#1563 = DIRECTION ( 'NONE',  ( 0.000000000000000000, 0.000000000000000000, 1.000000000000000000 ) ) ;
#1564 = VERTEX_POINT ( 'NONE', #1499 ) ;
#1565 = CARTESIAN_POINT ( 'NONE',  ( 2.070000000000000284, -6.137962165558396244, 0.003567660596903721171 ) ) ;
#1566 = AXIS2_PLACEMENT_3D ( 'NONE', #765, #36, #152 ) ;
#1567 = DIRECTION ( 'NONE',  ( 1.000000000000000000, 0.000000000000000000, 0.000000000000000000 ) ) ;
#1568 = VERTEX_POINT ( 'NONE', #380 ) ;
#1569 = DIRECTION ( 'NONE',  ( -1.000000000000000000, -0.000000000000000000, -0.000000000000000000 ) ) ;
#1570 = DIRECTION ( 'NONE',  ( 0.000000000000000000, 0.000000000000000000, -1.000000000000000000 ) ) ;
#1571 = EDGE_CURVE ( 'NONE', #1753, #960, #1717, .T. ) ;
#1572 = CARTESIAN_POINT ( 'NONE',  ( 0.5000000000417562651, -6.352439912486837592, -1.183359634979622044 ) ) ;
#1573 = DIRECTION ( 'NONE',  ( 0.000000000000000000, 0.000000000000000000, -1.000000000000000000 ) ) ;
#1574 = ORIENTED_EDGE ( 'NONE', *, *, #170, .F. ) ;
#1575 = DIRECTION ( 'NONE',  ( 0.000000000000000000, 0.000000000000000000, -1.000000000000000000 ) ) ;
#1576 = ORIENTED_EDGE ( 'NONE', *, *, #118, .T. ) ;
#1577 = DIRECTION ( 'NONE',  ( 1.000000000000000000, -0.000000000000000000, 0.000000000000000000 ) ) ;
#1578 = CARTESIAN_POINT ( 'NONE',  ( 0.6028068272823340346, -6.051699572457722276, -0.6950090547933168716 ) ) ;
#1579 = CARTESIAN_POINT ( 'NONE',  ( 4.485670429774158308, -7.249542376533193000, -5.106300578034681514 ) ) ;
#1580 = VERTEX_POINT ( 'NONE', #74 ) ;
#1581 = EDGE_CURVE ( 'NONE', #1826, #1818, #1396, .T. ) ;
#1582 = CARTESIAN_POINT ( 'NONE',  ( 2.500000000000000000, -6.582368318191346823, 0.8072657544654033845 ) ) ;
#1583 = ORIENTED_EDGE ( 'NONE', *, *, #1495, .T. ) ;
#1584 = CARTESIAN_POINT ( 'NONE',  ( 0.4999999999999994449, -5.872956686874531762, -0.6394610389798498495 ) ) ;
#1585 = FACE_OUTER_BOUND ( 'NONE', #671, .T. ) ;
#1586 = CARTESIAN_POINT ( 'NONE',  ( 2.500000000000000000, -2.349487706524496566, 1.151621310717117819 ) ) ;
#1587 = EDGE_CURVE ( 'NONE', #960, #329, #894, .T. ) ;
#1588 = CIRCLE ( 'NONE', #620, 0.2699999999999997402 ) ;
#1589 = AXIS2_PLACEMENT_3D ( 'NONE', #1537, #66, #1524 ) ;
#1590 = CARTESIAN_POINT ( 'NONE',  ( 0.5000000000000000000, -1.232298219633978675, -5.106300578034681514 ) ) ;
#1591 = EDGE_LOOP ( 'NONE', ( #533, #1109, #1622, #1279 ) ) ;
#1592 = CIRCLE ( 'NONE', #1770, 0.7000000000000002887 ) ;
#1593 = CIRCLE ( 'NONE', #466, 0.2380000000000000726 ) ;
#1594 = CARTESIAN_POINT ( 'NONE',  ( 0.9799983351679247834, -6.126936020412033557, -0.7077534557268445603 ) ) ;
#1595 = CARTESIAN_POINT ( 'NONE',  ( 4.485670429774156531, -1.819706178380103845, -5.213800578034682331 ) ) ;
#1596 = CARTESIAN_POINT ( 'NONE',  ( 4.755670429774157881, -1.819706178380103845, -4.213800578034682331 ) ) ;
#1597 = VERTEX_POINT ( 'NONE', #422 ) ;
#1598 = FACE_OUTER_BOUND ( 'NONE', #1081, .T. ) ;
#1599 = EDGE_CURVE ( 'NONE', #815, #244, #866, .T. ) ;
#1600 = CARTESIAN_POINT ( 'NONE',  ( 0.8697316291001943034, -6.843828855826041391, 1.185466127814489790 ) ) ;
#1601 = ORIENTED_EDGE ( 'NONE', *, *, #1638, .F. ) ;
#1602 = EDGE_CURVE ( 'NONE', #141, #216, #645, .T. ) ;
#1603 = CARTESIAN_POINT ( 'NONE',  ( 2.500000000000000000, -2.349487706524496566, 1.151621310717117819 ) ) ;
#1604 = CARTESIAN_POINT ( 'NONE',  ( -0.5000000000000000000, -4.534624277456648755, -2.886300578034682651 ) ) ;
#1605 = CARTESIAN_POINT ( 'NONE',  ( 0.9999999995316120049, -3.177552808473834478, -0.6471611929521340345 ) ) ;
#1606 = ORIENTED_EDGE ( 'NONE', *, *, #251, .T. ) ;
#1607 = CARTESIAN_POINT ( 'NONE',  ( 5.650000000000003020, -7.836950335279317947, -5.106300578034680626 ) ) ;
#1608 = CARTESIAN_POINT ( 'NONE',  ( 0.7496827629001698856, -2.197098531743384875, 1.226432447856642849 ) ) ;
#1609 = ORIENTED_EDGE ( 'NONE', *, *, #1367, .F. ) ;
#1610 = DIRECTION ( 'NONE',  ( -1.000000000000000000, -0.000000000000000000, -0.000000000000000000 ) ) ;
#1611 = DIRECTION ( 'NONE',  ( 0.000000000000000000, 0.000000000000000000, -1.000000000000000000 ) ) ;
#1612 = EDGE_CURVE ( 'NONE', #825, #1580, #592, .T. ) ;
#1613 = FACE_BOUND ( 'NONE', #1732, .T. ) ;
#1614 = PLANE ( 'NONE',  #4 ) ;
#1615 = EDGE_LOOP ( 'NONE', ( #49, #214 ) ) ;
#1616 = LINE ( 'NONE', #1775, #1862 ) ;
#1617 = CARTESIAN_POINT ( 'NONE',  ( 0.5000000000000000000, 0.000000000000000000, 0.000000000000000000 ) ) ;
#1618 = ORIENTED_EDGE ( 'NONE', *, *, #1495, .F. ) ;
#1619 = AXIS2_PLACEMENT_3D ( 'NONE', #1059, #1493, #807 ) ;
#1620 = VECTOR ( 'NONE', #1040, 100.0000000000000000 ) ;
#1621 = FACE_OUTER_BOUND ( 'NONE', #991, .T. ) ;
#1622 = ORIENTED_EDGE ( 'NONE', *, *, #1042, .T. ) ;
#1623 = AXIS2_PLACEMENT_3D ( 'NONE', #1058, #1875, #303 ) ;
#1624 = ADVANCED_FACE ( 'NONE', ( #485 ), #1672, .T. ) ;
#1625 = CARTESIAN_POINT ( 'NONE',  ( 4.755670429774157881, -7.249542376533193000, -5.213800578034682331 ) ) ;
#1626 = CARTESIAN_POINT ( 'NONE',  ( 0.5000000000619453377, -2.877737546491287990, -1.096378320939266349 ) ) ;
#1627 = DIRECTION ( 'NONE',  ( 1.000000000000000000, 0.000000000000000000, 0.000000000000000000 ) ) ;
#1628 = ORIENTED_EDGE ( 'NONE', *, *, #1581, .T. ) ;
#1629 = CARTESIAN_POINT ( 'NONE',  ( 0.5000000000000000000, -6.264624277456648294, 0.3136994219653173599 ) ) ;
#1630 = FACE_OUTER_BOUND ( 'NONE', #1272, .T. ) ;
#1631 = CARTESIAN_POINT ( 'NONE',  ( 0.6953514565583627238, -2.176483642511268801, 1.256251704233411148 ) ) ;
#1632 = ORIENTED_EDGE ( 'NONE', *, *, #1852, .T. ) ;
#1633 = FACE_BOUND ( 'NONE', #18, .T. ) ;
#1634 = DIRECTION ( 'NONE',  ( 0.000000000000000000, 0.000000000000000000, 1.000000000000000000 ) ) ;
#1635 = ORIENTED_EDGE ( 'NONE', *, *, #1540, .T. ) ;
#1636 = CARTESIAN_POINT ( 'NONE',  ( 2.500000000000000000, -2.804624277456648773, 0.3136994219653173599 ) ) ;
#1637 = FACE_OUTER_BOUND ( 'NONE', #789, .T. ) ;
#1638 = EDGE_CURVE ( 'NONE', #1140, #1525, #326, .T. ) ;
#1639 = FACE_OUTER_BOUND ( 'NONE', #900, .T. ) ;
#1640 = CARTESIAN_POINT ( 'NONE',  ( 0.9999999999999998890, -2.721251003639668653, -0.7134165710143670625 ) ) ;
#1641 = ORIENTED_EDGE ( 'NONE', *, *, #282, .T. ) ;
#1642 = DIRECTION ( 'NONE',  ( 0.000000000000000000, 0.9257664518460095859, -0.3780958564126959964 ) ) ;
#1643 = FACE_OUTER_BOUND ( 'NONE', #936, .T. ) ;
#1644 = DIRECTION ( 'NONE',  ( 0.000000000000000000, 0.5413016026144772397, -0.8408285051108808084 ) ) ;
#1645 = DIRECTION ( 'NONE',  ( 1.000000000000000000, -0.000000000000000000, 0.000000000000000000 ) ) ;
#1646 = EDGE_LOOP ( 'NONE', ( #1438, #850, #566, #541 ) ) ;
#1647 = ADVANCED_FACE ( 'NONE', ( #1637 ), #1238, .T. ) ;
#1648 = DIRECTION ( 'NONE',  ( 0.000000000000000000, -0.5686651334095083055, 0.8225691253896818544 ) ) ;
#1649 = EDGE_LOOP ( 'NONE', ( #908, #1628, #307, #394 ) ) ;
#1650 = CIRCLE ( 'NONE', #832, 0.2699999999999994071 ) ;
#1651 = CARTESIAN_POINT ( 'NONE',  ( 0.5000000000000000000, -7.836950335279317947, 2.313699421965317082 ) ) ;
#1652 = CIRCLE ( 'NONE', #1323, 0.2700000000000001288 ) ;
#1653 = DIRECTION ( 'NONE',  ( 0.000000000000000000, 1.870321806983080855E-16, 1.000000000000000000 ) ) ;
#1654 = CARTESIAN_POINT ( 'NONE',  ( 4.485670429774156531, -1.819706178380103845, -4.213800578034682331 ) ) ;
#1655 = ORIENTED_EDGE ( 'NONE', *, *, #346, .F. ) ;
#1656 = AXIS2_PLACEMENT_3D ( 'NONE', #1625, #1483, #1751 ) ;
#1657 = CARTESIAN_POINT ( 'NONE',  ( 2.500000000000000000, 0.000000000000000000, 0.000000000000000000 ) ) ;
#1658 = VERTEX_POINT ( 'NONE', #334 ) ;
#1659 = DIRECTION ( 'NONE',  ( -1.000000000000000000, -0.000000000000000000, -0.000000000000000000 ) ) ;
#1660 =( GEOMETRIC_REPRESENTATION_CONTEXT ( 3 ) GLOBAL_UNCERTAINTY_ASSIGNED_CONTEXT ( ( #1137 ) ) GLOBAL_UNIT_ASSIGNED_CONTEXT ( ( #577, #1019, #125 ) ) REPRESENTATION_CONTEXT ( 'NONE', 'WORKASPACE' ) );
#1661 = VERTEX_POINT ( 'NONE', #1526 ) ;
#1662 = PLANE ( 'NONE',  #499 ) ;
#1663 = EDGE_CURVE ( 'NONE', #1118, #1761, #1371, .T. ) ;
#1664 = CARTESIAN_POINT ( 'NONE',  ( 2.500000000000000000, -2.486880236721951576, 0.8072657544654054940 ) ) ;
#1665 = ORIENTED_EDGE ( 'NONE', *, *, #358, .F. ) ;
#1666 = EDGE_CURVE ( 'NONE', #1684, #1597, #628, .T. ) ;
#1667 = CARTESIAN_POINT ( 'NONE',  ( 0.9999999999999998890, -2.762386065477410835, -0.7167555948417804190 ) ) ;
#1668 = CARTESIAN_POINT ( 'NONE',  ( 0.5000000000000000000, -2.804624277456648773, 0.3136994219653173599 ) ) ;
#1669 = DIRECTION ( 'NONE',  ( 1.000000000000000000, 0.000000000000000000, 0.000000000000000000 ) ) ;
#1670 = PLANE ( 'NONE',  #707 ) ;
#1671 = VERTEX_POINT ( 'NONE', #905 ) ;
#1672 = PLANE ( 'NONE',  #685 ) ;
#1673 = CARTESIAN_POINT ( 'NONE',  ( 0.5000000000000000000, -7.836950335279318836, -5.106300578034681514 ) ) ;
#1674 = CARTESIAN_POINT ( 'NONE',  ( 0.5000000000000000000, -7.836950335279317947, 2.313699421965317082 ) ) ;
#1675 = ORIENTED_EDGE ( 'NONE', *, *, #550, .F. ) ;
#1676 = CARTESIAN_POINT ( 'NONE',  ( 0.9844973387376421137, -3.043577995673897085, -0.6895051142739312411 ) ) ;
#1677 = DIRECTION ( 'NONE',  ( 0.000000000000000000, 1.000000000000000000, -1.870321806983080855E-16 ) ) ;
#1678 = EDGE_CURVE ( 'NONE', #506, #897, #477, .T. ) ;
#1679 = FACE_OUTER_BOUND ( 'NONE', #950, .T. ) ;
#1680 = CARTESIAN_POINT ( 'NONE',  ( 0.000000000000000000, -4.534624277456648755, -2.886300578034682651 ) ) ;
#1681 = VERTEX_POINT ( 'NONE', #1096 ) ;
#1682 = ORIENTED_EDGE ( 'NONE', *, *, #1202, .F. ) ;
#1683 = CARTESIAN_POINT ( 'NONE',  ( 0.5167009339762866915, -3.385312075737938908, -0.9616225125237246596 ) ) ;
#1684 = VERTEX_POINT ( 'NONE', #1515 ) ;
#1685 = DIRECTION ( 'NONE',  ( 1.000000000000000000, -0.000000000000000000, -0.000000000000000000 ) ) ;
#1686 = DIRECTION ( 'NONE',  ( 0.000000000000000000, 1.000000000000000000, -0.000000000000000000 ) ) ;
#1687 = VECTOR ( 'NONE', #818, 100.0000000000000000 ) ;
#1688 = FACE_OUTER_BOUND ( 'NONE', #1706, .T. ) ;
#1689 = ADVANCED_FACE ( 'NONE', ( #1198 ), #1487, .F. ) ;
#1690 = AXIS2_PLACEMENT_3D ( 'NONE', #403, #858, #990 ) ;
#1691 = CARTESIAN_POINT ( 'NONE',  ( 0.5000000000000000000, -4.286265124358488166, -2.759376218744902687 ) ) ;
#1692 = ORIENTED_EDGE ( 'NONE', *, *, #713, .F. ) ;
#1693 = AXIS2_PLACEMENT_3D ( 'NONE', #1754, #1746, #1356 ) ;
#1694 = VECTOR ( 'NONE', #1685, 100.0000000000000000 ) ;
#1695 = CARTESIAN_POINT ( 'NONE',  ( 0.6693280680210211830, -3.276431066875831188, -0.7394882141959108202 ) ) ;
#1696 = ORIENTED_EDGE ( 'NONE', *, *, #273, .T. ) ;
#1697 = CARTESIAN_POINT ( 'NONE',  ( 2.204602446683340489, -1.819706178380103845, -5.106300578034681514 ) ) ;
#1698 = CARTESIAN_POINT ( 'NONE',  ( 0.5858018391205923603, -6.240663744192906037, -0.7172879493484759506 ) ) ;
#1699 = FACE_OUTER_BOUND ( 'NONE', #1591, .T. ) ;
#1700 = ORIENTED_EDGE ( 'NONE', *, *, #148, .T. ) ;
#1701 = DIRECTION ( 'NONE',  ( 1.000000000000000000, -0.000000000000000000, 0.000000000000000000 ) ) ;
#1702 = EDGE_CURVE ( 'NONE', #1118, #1332, #82, .T. ) ;
#1703 = CARTESIAN_POINT ( 'NONE',  ( 0.5000000000000000000, -2.731824476995198037, -2.330144915255796256 ) ) ;
#1704 = VERTEX_POINT ( 'NONE', #1052 ) ;
#1705 = CARTESIAN_POINT ( 'NONE',  ( 0.9800753616637905008, -6.147510155844683410, -0.7109083248549393774 ) ) ;
#1706 = EDGE_LOOP ( 'NONE', ( #917, #1196, #1410, #375, #797, #1223 ) ) ;
#1707 = EDGE_CURVE ( 'NONE', #545, #1152, #215, .T. ) ;
#1708 = DIRECTION ( 'NONE',  ( -1.000000000000000000, -0.000000000000000000, -0.000000000000000000 ) ) ;
#1709 = ORIENTED_EDGE ( 'NONE', *, *, #418, .T. ) ;
#1710 = FACE_OUTER_BOUND ( 'NONE', #58, .T. ) ;
#1711 = CARTESIAN_POINT ( 'NONE',  ( 0.9999999999999998890, -5.847229623750088479, -0.6284789416574017018 ) ) ;
#1712 = AXIS2_PLACEMENT_3D ( 'NONE', #1835, #1013, #1473 ) ;
#1713 = CYLINDRICAL_SURFACE ( 'NONE', #12, 0.5869999999999998552 ) ;
#1714 = CARTESIAN_POINT ( 'NONE',  ( 0.5000000000000000000, -3.126186933346140062, -1.751803966488677977 ) ) ;
#1715 = VECTOR ( 'NONE', #679, 100.0000000000000000 ) ;
#1716 = AXIS2_PLACEMENT_3D ( 'NONE', #1250, #1399, #1814 ) ;
#1717 = CIRCLE ( 'NONE', #1541, 1.000000000000000222 ) ;
#1718 = CARTESIAN_POINT ( 'NONE',  ( 0.9999999999999998890, -3.222018931163207700, -0.6284789416574010357 ) ) ;
#1719 = EDGE_LOOP ( 'NONE', ( #417, #1821, #1181, #1220, #855, #385 ) ) ;
#1720 = VECTOR ( 'NONE', #1379, 100.0000000000000000 ) ;
#1721 = ADVANCED_FACE ( 'NONE', ( #1357 ), #947, .F. ) ;
#1722 = CARTESIAN_POINT ( 'NONE',  ( 0.5558998563909416379, -5.915140711171749111, -0.6564674335098737989 ) ) ;
#1723 = DIRECTION ( 'NONE',  ( 1.000000000000000000, 0.000000000000000000, 0.000000000000000000 ) ) ;
#1724 = ORIENTED_EDGE ( 'NONE', *, *, #915, .F. ) ;
#1725 = CARTESIAN_POINT ( 'NONE',  ( 0.9999999999999998890, -6.834645776942219086, 1.172182884791380442 ) ) ;
#1726 = ORIENTED_EDGE ( 'NONE', *, *, #992, .F. ) ;
#1727 = CARTESIAN_POINT ( 'NONE',  ( 0.5296423945171279124, -5.887651722216368455, -0.6457783261719993728 ) ) ;
#1728 = ADVANCED_FACE ( 'NONE', ( #1630 ), #839, .F. ) ;
#1729 = DIRECTION ( 'NONE',  ( 1.000000000000000000, 0.000000000000000000, 0.000000000000000000 ) ) ;
#1730 = CARTESIAN_POINT ( 'NONE',  ( 0.5934177454194710100, -2.855084611132977290, -0.7162879911568463820 ) ) ;
#1731 = FILL_AREA_STYLE_COLOUR ( '', #263 ) ;
#1732 = EDGE_LOOP ( 'NONE', ( #1372, #986 ) ) ;
#1733 = CARTESIAN_POINT ( 'NONE',  ( 0.4999999999564001540, -5.777885049620453017, -1.071036270645661759 ) ) ;
#1734 = CARTESIAN_POINT ( 'NONE',  ( 0.5000000000000000000, -2.125626264858165193, 1.368418050450630474 ) ) ;
#1735 = CARTESIAN_POINT ( 'NONE',  ( 0.9986617364968132238, -2.761857134111994849, -0.7161070608704550589 ) ) ;
#1736 = EDGE_CURVE ( 'NONE', #829, #1152, #183, .T. ) ;
#1737 = VECTOR ( 'NONE', #1101, 100.0000000000000000 ) ;
#1738 = AXIS2_PLACEMENT_3D ( 'NONE', #1034, #101, #1089 ) ;
#1739 = AXIS2_PLACEMENT_3D ( 'NONE', #1837, #543, #1107 ) ;
#1740 = ORIENTED_EDGE ( 'NONE', *, *, #1428, .F. ) ;
#1741 = VECTOR ( 'NONE', #1007, 100.0000000000000000 ) ;
#1742 = CARTESIAN_POINT ( 'NONE',  ( 0.000000000000000000, -4.534624277456648755, 0.3136994219653173599 ) ) ;
#1743 = DIRECTION ( 'NONE',  ( 0.000000000000000000, 0.000000000000000000, -1.000000000000000000 ) ) ;
#1744 = CARTESIAN_POINT ( 'NONE',  ( 0.5000000000436004566, -2.716901368071042988, -1.183285468344100311 ) ) ;
#1745 = ORIENTED_EDGE ( 'NONE', *, *, #1587, .F. ) ;
#1746 = DIRECTION ( 'NONE',  ( 1.318658449315365317E-16, -0.9249546768091082560, 0.3800774208618005190 ) ) ;
#1747 = CARTESIAN_POINT ( 'NONE',  ( 0.7783897002737629744, -2.205824425736656824, 1.213810518765873425 ) ) ;
#1748 = ORIENTED_EDGE ( 'NONE', *, *, #798, .F. ) ;
#1749 = EDGE_CURVE ( 'NONE', #453, #1085, #242, .T. ) ;
#1750 = CARTESIAN_POINT ( 'NONE',  ( 0.9843726014982336903, -6.027598699852843467, -0.6893702296970358745 ) ) ;
#1751 = DIRECTION ( 'NONE',  ( 1.000000000000000000, 0.000000000000000000, 0.000000000000000000 ) ) ;
#1752 = CARTESIAN_POINT ( 'NONE',  ( 0.6028068272822566520, -2.908420952959075212, -0.7119983752626665163 ) ) ;
#1753 = VERTEX_POINT ( 'NONE', #343 ) ;
#1754 = CARTESIAN_POINT ( 'NONE',  ( 0.9999999999999998890, -3.386330578469666008, -1.101938377384403811 ) ) ;
#1755 = EDGE_LOOP ( 'NONE', ( #1809, #549 ) ) ;
#1756 = ADVANCED_FACE ( 'NONE', ( #474 ), #920, .F. ) ;
#1757 = CYLINDRICAL_SURFACE ( 'NONE', #314, 0.2380000000000000726 ) ;
#1758 = VERTEX_POINT ( 'NONE', #1654 ) ;
#1759 = CARTESIAN_POINT ( 'NONE',  ( 0.9799389313499865528, -2.944173489375098818, -0.7075008791149941523 ) ) ;
#1760 = DIRECTION ( 'NONE',  ( -1.000000000000000000, 0.000000000000000000, -0.000000000000000000 ) ) ;
#1761 = VERTEX_POINT ( 'NONE', #1368 ) ;
#1762 = LINE ( 'NONE', #519, #734 ) ;
#1763 = DIRECTION ( 'NONE',  ( 0.000000000000000000, 0.000000000000000000, 1.000000000000000000 ) ) ;
#1764 = LINE ( 'NONE', #488, #564 ) ;
#1765 = AXIS2_PLACEMENT_3D ( 'NONE', #1121, #1255, #1547 ) ;
#1766 = CIRCLE ( 'NONE', #921, 0.2700000000000001288 ) ;
#1767 = FACE_OUTER_BOUND ( 'NONE', #1538, .T. ) ;
#1768 = ORIENTED_EDGE ( 'NONE', *, *, #633, .F. ) ;
#1769 = ADVANCED_FACE ( 'NONE', ( #55 ), #933, .F. ) ;
#1770 = AXIS2_PLACEMENT_3D ( 'NONE', #796, #1409, #99 ) ;
#1771 = CIRCLE ( 'NONE', #1241, 1.799999999999999600 ) ;
#1772 = DIRECTION ( 'NONE',  ( 0.000000000000000000, 0.000000000000000000, -1.000000000000000000 ) ) ;
#1773 = CARTESIAN_POINT ( 'NONE',  ( 0.5000000000000015543, -2.721251003639669541, -0.7134165710143671735 ) ) ;
#1774 = VERTEX_POINT ( 'NONE', #641 ) ;
#1775 = CARTESIAN_POINT ( 'NONE',  ( 0.5000000000000000000, -2.804624277456648773, 0.07569942196531728729 ) ) ;
#1776 = CARTESIAN_POINT ( 'NONE',  ( 0.000000000000000000, -7.836950335279317947, 2.313699421965317082 ) ) ;
#1777 = CARTESIAN_POINT ( 'NONE',  ( 0.5257472244752368074, -2.042191798878905118, 1.450503677624740639 ) ) ;
#1778 = DIRECTION ( 'NONE',  ( 0.000000000000000000, 0.000000000000000000, -1.000000000000000000 ) ) ;
#1779 = ORIENTED_EDGE ( 'NONE', *, *, #471, .T. ) ;
#1780 = DIRECTION ( 'NONE',  ( -1.000000000000000000, 0.000000000000000000, -0.000000000000000000 ) ) ;
#1781 = EDGE_CURVE ( 'NONE', #1416, #115, #415, .T. ) ;
#1782 = ORIENTED_EDGE ( 'NONE', *, *, #1561, .F. ) ;
#1783 = DIRECTION ( 'NONE',  ( 0.000000000000000000, -1.870321806983080855E-16, -1.000000000000000000 ) ) ;
#1784 = DIRECTION ( 'NONE',  ( 0.000000000000000000, 0.08090610416364787949, -0.9967217276196306264 ) ) ;
#1785 = EDGE_LOOP ( 'NONE', ( #626, #964, #1225, #228, #1618, #300 ) ) ;
#1786 = CARTESIAN_POINT ( 'NONE',  ( 0.5000000000000000000, -4.534624277456648755, 0.3136994219653173599 ) ) ;
#1787 = LINE ( 'NONE', #1497, #534 ) ;
#1788 = ORIENTED_EDGE ( 'NONE', *, *, #223, .F. ) ;
#1789 = CARTESIAN_POINT ( 'NONE',  ( 0.9946503362589241837, -3.120619828540577512, -0.6679649976180853654 ) ) ;
#1790 = DIRECTION ( 'NONE',  ( 0.000000000000000000, 0.000000000000000000, -1.000000000000000000 ) ) ;
#1791 = FACE_OUTER_BOUND ( 'NONE', #462, .T. ) ;
#1792 = ORIENTED_EDGE ( 'NONE', *, *, #139, .T. ) ;
#1793 = DIRECTION ( 'NONE',  ( 1.000000000000000000, 0.000000000000000000, 0.000000000000000000 ) ) ;
#1794 = EDGE_CURVE ( 'NONE', #1305, #141, #361, .T. ) ;
#1795 = CARTESIAN_POINT ( 'NONE',  ( 2.070000000000000284, -6.264624277456648294, 0.3136994219653173599 ) ) ;
#1796 = ORIENTED_EDGE ( 'NONE', *, *, #539, .F. ) ;
#1797 = CIRCLE ( 'NONE', #1690, 0.2380000000000000726 ) ;
#1798 = CARTESIAN_POINT ( 'NONE',  ( 0.9999999999999998890, -3.158754420568008481, -0.6548857258084399557 ) ) ;
#1799 = CARTESIAN_POINT ( 'NONE',  ( 2.070000000000000284, -6.582368318191345047, 0.8072657544654027184 ) ) ;
#1800 = DIRECTION ( 'NONE',  ( 0.000000000000000000, 0.000000000000000000, 1.000000000000000000 ) ) ;
#1801 = AXIS2_PLACEMENT_3D ( 'NONE', #134, #708, #1302 ) ;
#1802 = EDGE_LOOP ( 'NONE', ( #687, #92, #1201, #26 ) ) ;
#1803 = DIRECTION ( 'NONE',  ( 0.000000000000000000, 0.000000000000000000, -1.000000000000000000 ) ) ;
#1804 = ORIENTED_EDGE ( 'NONE', *, *, #69, .T. ) ;
#1805 = CARTESIAN_POINT ( 'NONE',  ( 2.070000000000000284, 0.000000000000000000, 0.000000000000000000 ) ) ;
#1806 = AXIS2_PLACEMENT_3D ( 'NONE', #1805, #1645, #509 ) ;
#1807 = EDGE_CURVE ( 'NONE', #1140, #999, #503, .T. ) ;
#1808 = DIRECTION ( 'NONE',  ( 1.000000000000000000, -0.000000000000000000, -0.000000000000000000 ) ) ;
#1809 = ORIENTED_EDGE ( 'NONE', *, *, #1702, .T. ) ;
#1810 = DIRECTION ( 'NONE',  ( 1.000000000000000000, -0.000000000000000000, -0.000000000000000000 ) ) ;
#1811 = CARTESIAN_POINT ( 'NONE',  ( 0.5000000000000000000, -1.232298219633980230, 2.313699421965317082 ) ) ;
#1812 = DIRECTION ( 'NONE',  ( 0.000000000000000000, 0.000000000000000000, -1.000000000000000000 ) ) ;
#1813 = VERTEX_POINT ( 'NONE', #77 ) ;
#1814 = DIRECTION ( 'NONE',  ( 0.000000000000000000, 0.000000000000000000, -1.000000000000000000 ) ) ;
#1815 = VERTEX_POINT ( 'NONE', #1248 ) ;
#1816 = DIRECTION ( 'NONE',  ( 0.000000000000000000, 0.000000000000000000, 1.000000000000000000 ) ) ;
#1817 = CARTESIAN_POINT ( 'NONE',  ( 0.7781532528607523203, -3.244362755904081741, -0.6740638410135372238 ) ) ;
#1818 = VERTEX_POINT ( 'NONE', #272 ) ;
#1819 = ADVANCED_FACE ( 'NONE', ( #1688 ), #88, .T. ) ;
#1820 = CARTESIAN_POINT ( 'NONE',  ( 0.5662353266954702757, -5.737506494265212531, -0.8523312978504128390 ) ) ;
#1821 = ORIENTED_EDGE ( 'NONE', *, *, #646, .T. ) ;
#1822 = CARTESIAN_POINT ( 'NONE',  ( 0.9999999999999998890, -6.264624277456648294, 0.3136994219653173599 ) ) ;
#1823 = ORIENTED_EDGE ( 'NONE', *, *, #1612, .T. ) ;
#1824 = ORIENTED_EDGE ( 'NONE', *, *, #1702, .F. ) ;
#1825 = DIRECTION ( 'NONE',  ( 0.000000000000000000, -0.3800774208618005190, 0.9249546768091082560 ) ) ;
#1826 = VERTEX_POINT ( 'NONE', #1562 ) ;
#1827 = AXIS2_PLACEMENT_3D ( 'NONE', #97, #1686, #1426 ) ;
#1828 = EDGE_CURVE ( 'NONE', #1355, #958, #386, .T. ) ;
#1829 = DIRECTION ( 'NONE',  ( 1.000000000000000000, -0.000000000000000000, 0.000000000000000000 ) ) ;
#1830 = VECTOR ( 'NONE', #423, 100.0000000000000000 ) ;
#1831 = DIRECTION ( 'NONE',  ( -0.000000000000000000, 0.8979340673709511611, 0.4401299929051189497 ) ) ;
#1832 =( GEOMETRIC_REPRESENTATION_CONTEXT ( 3 ) GLOBAL_UNCERTAINTY_ASSIGNED_CONTEXT ( ( #1004 ) ) GLOBAL_UNIT_ASSIGNED_CONTEXT ( ( #153, #165, #316 ) ) REPRESENTATION_CONTEXT ( 'NONE', 'WORKASPACE' ) );
#1833 = ADVANCED_FACE ( 'NONE', ( #398 ), #517, .T. ) ;
#1834 = LINE ( 'NONE', #1388, #1539 ) ;
#1835 = CARTESIAN_POINT ( 'NONE',  ( 0.9999999999999998890, -6.264624277456648294, 0.3136994219653173599 ) ) ;
#1836 = TOROIDAL_SURFACE ( 'NONE', #804, 1.530494233764364331, 0.4999999999999999445 ) ;
#1837 = CARTESIAN_POINT ( 'NONE',  ( 2.070000000000000284, -5.259251937899774632, -2.147951420777012732 ) ) ;
#1838 = AXIS2_PLACEMENT_3D ( 'NONE', #563, #1509, #469 ) ;
#1839 = CARTESIAN_POINT ( 'NONE',  ( -0.5000000000000000000, -5.943061621567157893, -1.751803966488678421 ) ) ;
#1840 = ORIENTED_EDGE ( 'NONE', *, *, #335, .T. ) ;
#1841 = CARTESIAN_POINT ( 'NONE',  ( 2.204602446683341377, -7.249542376533193000, -4.213800578034682331 ) ) ;
#1842 = CARTESIAN_POINT ( 'NONE',  ( 0.9999999995316120049, -6.327804531775865549, -0.7150556830088115046 ) ) ;
#1843 = CARTESIAN_POINT ( 'NONE',  ( 4.755670429774157881, -1.819706178380103845, -5.213800578034682331 ) ) ;
#1844 = ORIENTED_EDGE ( 'NONE', *, *, #1099, .T. ) ;
#1845 = ADVANCED_FACE ( 'NONE', ( #1679 ), #1285, .T. ) ;
#1846 = CARTESIAN_POINT ( 'NONE',  ( 0.9343287559137745113, -6.836487641191110853, 1.174847125264877556 ) ) ;
#1847 = ORIENTED_EDGE ( 'NONE', *, *, #746, .T. ) ;
#1848 = DIRECTION ( 'NONE',  ( 0.000000000000000000, 0.000000000000000000, -1.000000000000000000 ) ) ;
#1849 = CARTESIAN_POINT ( 'NONE',  ( 0.5148213167289523717, -6.342438934252331073, -0.7138677769062747869 ) ) ;
#1850 = CARTESIAN_POINT ( 'NONE',  ( 0.9808605805069515737, -6.068000367672337525, -0.6980661177572748954 ) ) ;
#1851 = LINE ( 'NONE', #841, #918 ) ;
#1852 = EDGE_CURVE ( 'NONE', #1815, #815, #816, .T. ) ;
#1853 = CARTESIAN_POINT ( 'NONE',  ( 0.6945019186215082296, -6.893126455510328654, 1.256774673166986211 ) ) ;
#1854 = ORIENTED_EDGE ( 'NONE', *, *, #1663, .F. ) ;
#1855 = ADVANCED_FACE ( 'NONE', ( #372 ), #410, .F. ) ;
#1856 = DIRECTION ( 'NONE',  ( 1.000000000000000000, 0.000000000000000000, 0.000000000000000000 ) ) ;
#1857 = CARTESIAN_POINT ( 'NONE',  ( 0.4999999999999999445, -5.703064885764832503, -1.093873493023309829 ) ) ;
#1858 = CYLINDRICAL_SURFACE ( 'NONE', #383, 0.2700000000000014611 ) ;
#1859 = ORIENTED_EDGE ( 'NONE', *, *, #1807, .T. ) ;
#1860 = AXIS2_PLACEMENT_3D ( 'NONE', #898, #31, #907 ) ;
#1861 = DIRECTION ( 'NONE',  ( -0.000000000000000000, -1.000000000000000000, 0.000000000000000000 ) ) ;
#1862 = VECTOR ( 'NONE', #1460, 100.0000000000000000 ) ;
#1863 = EDGE_CURVE ( 'NONE', #1826, #1508, #805, .T. ) ;
#1864 = AXIS2_PLACEMENT_3D ( 'NONE', #1344, #1035, #179 ) ;
#1865 = CARTESIAN_POINT ( 'NONE',  ( 4.755670429774157881, -1.819706178380103845, -4.213800578034682331 ) ) ;
#1866 = ORIENTED_EDGE ( 'NONE', *, *, #1425, .F. ) ;
#1867 = VECTOR ( 'NONE', #913, 100.0000000000000000 ) ;
#1868 = ADVANCED_FACE ( 'NONE', ( #595 ), #1359, .F. ) ;
#1869 = CARTESIAN_POINT ( 'NONE',  ( 0.5861961434756614020, -5.975109899253074452, -0.6760956408249518823 ) ) ;
#1870 = DIRECTION ( 'NONE',  ( 1.000000000000000000, -0.000000000000000000, 0.000000000000000000 ) ) ;
#1871 = VERTEX_POINT ( 'NONE', #285 ) ;
#1872 = DIRECTION ( 'NONE',  ( 1.000000000000000000, -0.000000000000000000, 0.000000000000000000 ) ) ;
#1873 = EDGE_LOOP ( 'NONE', ( #1554, #1823 ) ) ;
#1874 = EDGE_CURVE ( 'NONE', #1661, #1568, #143, .T. ) ;
#1875 = DIRECTION ( 'NONE',  ( 0.000000000000000000, 0.000000000000000000, 1.000000000000000000 ) ) ;
#1876 = CARTESIAN_POINT ( 'NONE',  ( 0.4999999999164951858, -2.845406507805373852, -1.109773145166435437 ) ) ;
#1877 = CARTESIAN_POINT ( 'NONE',  ( 0.5127509614234108115, -7.054535367415796898, 1.490251247860682859 ) ) ;
#1878 = ORIENTED_EDGE ( 'NONE', *, *, #1364, .T. ) ;
ENDSEC;
END-ISO-10303-21;
